2026-08-20 15:40:52,596 INFO o.a.j.u.JMeterUtils: Setting Locale to en_EN
2026-08-20 15:40:52,745 INFO o.a.j.JMeter: Loading user properties from: D:\apache-jmeter-5.6.3\bin\user.properties
2026-08-20 15:40:52,777 INFO o.a.j.JMeter: Loading system properties from: D:\apache-jmeter-5.6.3\bin\system.properties
2026-08-20 15:40:52,777 INFO o.a.j.JMeter: Setting JMeter property: jmeter.save.saveservice.autoflush=true
2026-08-20 15:40:52,777 INFO o.a.j.JMeter: Setting JMeter property: summariser.interval=3
2026-08-20 15:40:52,793 INFO o.a.j.JMeter: Copyright (c) 1998-2024 The Apache Software Foundation
2026-08-20 15:40:52,793 INFO o.a.j.JMeter: Version 5.6.3
2026-08-20 15:40:52,794 INFO o.a.j.JMeter: java.version=17.0.12
2026-08-20 15:40:52,794 INFO o.a.j.JMeter: java.vm.name=Java HotSpot(TM) 64-Bit Server VM
2026-08-20 15:40:52,794 INFO o.a.j.JMeter: os.name=Windows 11
2026-08-20 15:40:52,794 INFO o.a.j.JMeter: os.arch=amd64
2026-08-20 15:40:52,794 INFO o.a.j.JMeter: os.version=10.0
2026-08-20 15:40:52,794 INFO o.a.j.JMeter: file.encoding=Cp1252
2026-08-20 15:40:52,794 INFO o.a.j.JMeter: java.awt.headless=true
2026-08-20 15:40:52,795 INFO o.a.j.JMeter: Max memory     =1073741824
2026-08-20 15:40:52,795 INFO o.a.j.JMeter: Available Processors =14
2026-08-20 15:40:52,814 INFO o.a.j.JMeter: Default Locale=English (EN)
2026-08-20 15:40:52,814 INFO o.a.j.JMeter: JMeter  Locale=English (EN)
2026-08-20 15:40:52,814 INFO o.a.j.JMeter: JMeterHome=D:\apache-jmeter-5.6.3
2026-08-20 15:40:52,815 INFO o.a.j.JMeter: user.dir  =D:\BlazemeterMCPZIP\PerfPilot
2026-08-20 15:40:52,815 INFO o.a.j.JMeter: PWD       =D:\BlazemeterMCPZIP\PerfPilot
2026-08-20 15:40:52,829 INFO o.a.j.JMeter: IP: 192.168.128.232 Name: AICPL-L224 FullName: AICPL-L224
2026-08-20 15:40:52,868 INFO o.a.j.s.FileServer: Default base='D:\BlazemeterMCPZIP\PerfPilot'
2026-08-20 15:40:52,874 INFO o.a.j.s.FileServer: Set new base='D:\BlazemeterMCPZIP\PerfPilot\Tests'
2026-08-20 15:40:53,157 INFO o.a.j.s.SaveService: Testplan (JMX) version: 2.2. Testlog (JTL) version: 2.2
2026-08-20 15:40:53,267 INFO o.a.j.s.SaveService: Using SaveService properties version 5.0
2026-08-20 15:40:53,278 INFO o.a.j.s.SaveService: Using SaveService properties file encoding UTF-8
2026-08-20 15:40:53,288 INFO o.a.j.s.SaveService: Loading file: D:\BlazemeterMCPZIP\PerfPilot\Tests\JPetStore_MultiUserStories.jmx
2026-08-20 15:40:53,398 INFO o.a.j.p.h.c.CookieManager: Settings: Delete null: true Check: true Allow variable: true Save: false Prefix: COOKIE_
2026-08-20 15:40:53,464 INFO o.a.j.p.h.s.HTTPSamplerBase: Parser for text/html is org.apache.jmeter.protocol.http.parser.LagartoBasedHtmlParser
2026-08-20 15:40:53,464 INFO o.a.j.p.h.s.HTTPSamplerBase: Parser for application/xhtml+xml is org.apache.jmeter.protocol.http.parser.LagartoBasedHtmlParser
2026-08-20 15:40:53,464 INFO o.a.j.p.h.s.HTTPSamplerBase: Parser for application/xml is org.apache.jmeter.protocol.http.parser.LagartoBasedHtmlParser
2026-08-20 15:40:53,464 INFO o.a.j.p.h.s.HTTPSamplerBase: Parser for text/xml is org.apache.jmeter.protocol.http.parser.LagartoBasedHtmlParser
2026-08-20 15:40:53,464 INFO o.a.j.p.h.s.HTTPSamplerBase: Parser for text/vnd.wap.wml is org.apache.jmeter.protocol.http.parser.RegexpHTMLParser
2026-08-20 15:40:53,464 INFO o.a.j.p.h.s.HTTPSamplerBase: Parser for text/css is org.apache.jmeter.protocol.http.parser.CssParser
2026-08-20 15:40:53,499 INFO o.a.j.JMeter: Creating summariser <summary>
2026-08-20 15:40:53,530 INFO o.a.j.e.StandardJMeterEngine: Running the test!
2026-08-20 15:40:53,532 INFO o.a.j.s.SampleEvent: List of sample_variables: []
2026-08-20 15:40:53,532 INFO o.a.j.s.SampleEvent: List of sample_variables: []
2026-08-20 15:40:53,546 INFO o.a.j.e.u.CompoundVariable: Note: Function class names must contain the string: '.functions.'
2026-08-20 15:40:53,547 INFO o.a.j.e.u.CompoundVariable: Note: Function class names must not contain the string: '.gui.'
2026-08-20 15:40:53,649 INFO o.a.j.r.ClassFinder: Will scan jar D:\apache-jmeter-5.6.3\lib\ext\jmeter-plugins-manager-1.12.jar with filter ExtendsClassFilter [parents=[interface org.apache.jmeter.functions.Function], inner=false, contains=null, notContains=null]. Consider exposing JMeter plugins via META-INF/services, and add JMeter-Skip-Class-Scanning=true manifest attribute so JMeter can skip classfile scanning
2026-08-20 15:40:53,801 INFO o.a.j.r.ClassFinder: Will scan jar D:\apache-jmeter-5.6.3\lib\ext\jmeter-parallel-0.12.jar with filter ExtendsClassFilter [parents=[interface org.apache.jmeter.functions.Function], inner=false, contains=null, notContains=null]. Consider exposing JMeter plugins via META-INF/services, and add JMeter-Skip-Class-Scanning=true manifest attribute so JMeter can skip classfile scanning
2026-08-20 15:40:53,811 INFO o.a.j.r.ClassFinder: Will scan jar D:\apache-jmeter-5.6.3\lib\ext\jmeter-plugins-senseuploader-3.5.jar with filter ExtendsClassFilter [parents=[interface org.apache.jmeter.functions.Function], inner=false, contains=null, notContains=null]. Consider exposing JMeter plugins via META-INF/services, and add JMeter-Skip-Class-Scanning=true manifest attribute so JMeter can skip classfile scanning
2026-08-20 15:40:53,963 INFO o.a.j.JMeter: Running test (1787220653963)
2026-08-20 15:40:53,999 INFO o.a.j.e.StandardJMeterEngine: Starting ThreadGroup: 1 : US01_Browse_Catalog
2026-08-20 15:40:53,999 INFO o.a.j.e.StandardJMeterEngine: Starting 5 threads for group US01_Browse_Catalog.
2026-08-20 15:40:53,999 INFO o.a.j.e.StandardJMeterEngine: Thread will continue on error
2026-08-20 15:40:53,999 INFO o.a.j.t.ThreadGroup: Starting thread group... number=1 threads=5 ramp-up=5 delayedStart=false
2026-08-20 15:40:54,013 INFO o.a.j.t.ThreadGroup: Started thread group number 1
2026-08-20 15:40:54,013 INFO o.a.j.e.StandardJMeterEngine: Starting ThreadGroup: 2 : US02_Add_To_Cart
2026-08-20 15:40:54,013 INFO o.a.j.e.StandardJMeterEngine: Starting 5 threads for group US02_Add_To_Cart.
2026-08-20 15:40:54,014 INFO o.a.j.e.StandardJMeterEngine: Thread will continue on error
2026-08-20 15:40:54,014 INFO o.a.j.t.ThreadGroup: Starting thread group... number=2 threads=5 ramp-up=5 delayedStart=false
2026-08-20 15:40:54,019 INFO o.a.j.s.SampleResult: Note: Sample TimeStamps are START times
2026-08-20 15:40:54,020 INFO o.a.j.s.SampleResult: sampleresult.default.encoding is set to UTF-8
2026-08-20 15:40:54,020 INFO o.a.j.s.SampleResult: sampleresult.useNanoTime=true
2026-08-20 15:40:54,021 INFO o.a.j.s.SampleResult: sampleresult.nanoThreadSleep=5000
2026-08-20 15:40:54,022 INFO o.a.j.t.ThreadGroup: Started thread group number 2
2026-08-20 15:40:54,022 INFO o.a.j.e.StandardJMeterEngine: Starting ThreadGroup: 3 : US03_Search_Products
2026-08-20 15:40:54,022 INFO o.a.j.e.StandardJMeterEngine: Starting 1 threads for group US03_Search_Products.
2026-08-20 15:40:54,022 INFO o.a.j.e.StandardJMeterEngine: Thread will continue on error
2026-08-20 15:40:54,022 INFO o.a.j.t.ThreadGroup: Starting thread group... number=3 threads=1 ramp-up=5 delayedStart=false
2026-08-20 15:40:54,024 INFO o.a.j.t.JMeterThread: Thread started: US01_Browse_Catalog 1-1
2026-08-20 15:40:54,025 INFO o.a.j.t.JMeterThread: Thread started: US02_Add_To_Cart 2-1
2026-08-20 15:40:54,027 INFO o.a.j.t.ThreadGroup: Started thread group number 3
2026-08-20 15:40:54,027 INFO o.a.j.e.StandardJMeterEngine: Starting ThreadGroup: 4 : US04_User_Sign_In
2026-08-20 15:40:54,028 INFO o.a.j.e.StandardJMeterEngine: Starting 5 threads for group US04_User_Sign_In.
2026-08-20 15:40:54,028 INFO o.a.j.e.StandardJMeterEngine: Thread will continue on error
2026-08-20 15:40:54,028 INFO o.a.j.t.ThreadGroup: Starting thread group... number=4 threads=5 ramp-up=5 delayedStart=false
2026-08-20 15:40:54,030 INFO o.a.j.t.JMeterThread: Thread started: US03_Search_Products 3-1
2026-08-20 15:40:54,031 INFO o.a.j.t.JMeterThread: Thread started: US04_User_Sign_In 4-1
2026-08-20 15:40:54,034 INFO o.a.j.t.ThreadGroup: Started thread group number 4
2026-08-20 15:40:54,034 INFO o.a.j.e.StandardJMeterEngine: All thread groups have been started
2026-08-20 15:40:54,063 INFO o.a.j.p.h.s.HTTPHCAbstractImpl: Local host = AICPL-L224
2026-08-20 15:40:54,073 INFO o.a.j.p.h.s.HTTPHC4Impl: HTTP request retry count = 0
2026-08-20 15:40:54,218 INFO o.a.j.p.h.s.h.LazyLayeredConnectionSocketFactory: Setting up HTTPS TrustAll Socket Factory
2026-08-20 15:40:54,236 INFO o.a.j.u.JsseSSLManager: Using default SSL protocol: TLS
2026-08-20 15:40:54,237 INFO o.a.j.u.JsseSSLManager: SSL session context: per-thread
2026-08-20 15:40:54,671 INFO o.a.j.u.SSLManager: JmeterKeyStore Location:  type JKS
2026-08-20 15:40:54,679 INFO o.a.j.u.SSLManager: KeyStore created OK
2026-08-20 15:40:54,680 WARN o.a.j.u.SSLManager: Keystore file not found, loading empty keystore
2026-08-20 15:40:55,018 INFO o.a.j.t.JMeterThread: Thread started: US01_Browse_Catalog 1-2
2026-08-20 15:40:55,034 INFO o.a.j.t.JMeterThread: Thread started: US02_Add_To_Cart 2-2
2026-08-20 15:40:55,034 INFO o.a.j.t.JMeterThread: Thread started: US04_User_Sign_In 4-2
2026-08-20 15:40:56,019 INFO o.a.j.t.JMeterThread: Thread started: US01_Browse_Catalog 1-3
2026-08-20 15:40:56,035 INFO o.a.j.t.JMeterThread: Thread started: US02_Add_To_Cart 2-3
2026-08-20 15:40:56,037 INFO o.a.j.t.JMeterThread: Thread started: US04_User_Sign_In 4-3
2026-08-20 15:40:56,206 INFO o.a.j.r.Summariser: summary +      1 in 00:00:02 =    0.5/s Avg:  2031 Min:  2031 Max:  2031 Err:     0 (0.00%) Active: 10 Started: 10 Finished: 0
2026-08-20 15:40:56,390 WARN o.a.j.p.h.s.HTTPSamplerBase: Existing CookieManager HTTP Cookie Manager superseded by HTTP Cookie Manager
2026-08-20 15:40:56,407 WARN o.a.j.p.h.s.HTTPSamplerBase: Existing CookieManager HTTP Cookie Manager superseded by HTTP Cookie Manager
2026-08-20 15:40:56,407 WARN o.a.j.p.h.s.HTTPSamplerBase: Existing CookieManager HTTP Cookie Manager superseded by HTTP Cookie Manager
2026-08-20 15:40:56,565 WARN o.a.j.p.h.s.HTTPSamplerBase: Existing CookieManager HTTP Cookie Manager superseded by HTTP Cookie Manager
2026-08-20 15:40:56,567 WARN o.a.j.p.h.s.HTTPSamplerBase: Existing CookieManager HTTP Cookie Manager superseded by HTTP Cookie Manager
2026-08-20 15:40:56,568 WARN o.a.j.p.h.s.HTTPSamplerBase: Existing CookieManager HTTP Cookie Manager superseded by HTTP Cookie Manager
2026-08-20 15:40:56,592 WARN o.a.j.p.h.s.HTTPSamplerBase: Existing CookieManager HTTP Cookie Manager superseded by HTTP Cookie Manager
2026-08-20 15:40:56,777 WARN o.a.j.p.h.s.HTTPSamplerBase: Existing CookieManager HTTP Cookie Manager superseded by HTTP Cookie Manager
2026-08-20 15:40:56,777 WARN o.a.j.p.h.s.HTTPSamplerBase: Existing CookieManager HTTP Cookie Manager superseded by HTTP Cookie Manager
2026-08-20 15:40:56,807 WARN o.a.j.p.h.s.HTTPSamplerBase: Existing CookieManager HTTP Cookie Manager superseded by HTTP Cookie Manager
2026-08-20 15:40:56,946 WARN o.a.j.p.h.s.HTTPSamplerBase: Existing CookieManager HTTP Cookie Manager superseded by HTTP Cookie Manager
2026-08-20 15:40:57,016 INFO o.a.j.t.JMeterThread: Thread started: US01_Browse_Catalog 1-4
2026-08-20 15:40:57,036 INFO o.a.j.t.JMeterThread: Thread started: US02_Add_To_Cart 2-4
2026-08-20 15:40:57,047 INFO o.a.j.t.JMeterThread: Thread started: US04_User_Sign_In 4-4
2026-08-20 15:40:57,101 WARN o.a.j.p.h.s.HTTPSamplerBase: Existing CookieManager HTTP Cookie Manager superseded by HTTP Cookie Manager
2026-08-20 15:40:57,101 WARN o.a.j.p.h.s.HTTPSamplerBase: Existing CookieManager HTTP Cookie Manager superseded by HTTP Cookie Manager
2026-08-20 15:40:57,102 WARN o.a.j.p.h.s.HTTPSamplerBase: Existing CookieManager HTTP Cookie Manager superseded by HTTP Cookie Manager
2026-08-20 15:40:57,109 WARN o.a.j.p.h.s.HTTPSamplerBase: Existing CookieManager HTTP Cookie Manager superseded by HTTP Cookie Manager
2026-08-20 15:40:57,138 WARN o.a.j.p.h.s.HTTPSamplerBase: Existing CookieManager HTTP Cookie Manager superseded by HTTP Cookie Manager
2026-08-20 15:40:57,141 WARN o.a.j.p.h.s.HTTPSamplerBase: Existing CookieManager HTTP Cookie Manager superseded by HTTP Cookie Manager
2026-08-20 15:40:57,144 WARN o.a.j.p.h.s.HTTPSamplerBase: Existing CookieManager HTTP Cookie Manager superseded by HTTP Cookie Manager
2026-08-20 15:40:57,203 WARN o.a.j.p.h.s.HTTPSamplerBase: Existing CookieManager HTTP Cookie Manager superseded by HTTP Cookie Manager
2026-08-20 15:40:57,203 WARN o.a.j.p.h.s.HTTPSamplerBase: Existing CookieManager HTTP Cookie Manager superseded by HTTP Cookie Manager
2026-08-20 15:40:57,299 WARN o.a.j.p.h.s.HTTPSamplerBase: Existing CookieManager HTTP Cookie Manager superseded by HTTP Cookie Manager
2026-08-20 15:40:57,508 WARN o.a.j.p.h.s.HTTPSamplerBase: Existing CookieManager HTTP Cookie Manager superseded by HTTP Cookie Manager
2026-08-20 15:40:57,524 WARN o.a.j.p.h.s.HTTPSamplerBase: Existing CookieManager HTTP Cookie Manager superseded by HTTP Cookie Manager
2026-08-20 15:40:57,608 WARN o.a.j.p.h.s.HTTPSamplerBase: Existing CookieManager HTTP Cookie Manager superseded by HTTP Cookie Manager
2026-08-20 15:40:57,637 WARN o.a.j.p.h.s.HTTPSamplerBase: Existing CookieManager HTTP Cookie Manager superseded by HTTP Cookie Manager
2026-08-20 15:40:57,637 WARN o.a.j.p.h.s.HTTPSamplerBase: Existing CookieManager HTTP Cookie Manager superseded by HTTP Cookie Manager
2026-08-20 15:40:57,641 WARN o.a.j.p.h.s.HTTPSamplerBase: Existing CookieManager HTTP Cookie Manager superseded by HTTP Cookie Manager
2026-08-20 15:40:57,657 WARN o.a.j.p.h.s.HTTPSamplerBase: Existing CookieManager HTTP Cookie Manager superseded by HTTP Cookie Manager
2026-08-20 15:40:57,660 WARN o.a.j.p.h.s.HTTPSamplerBase: Existing CookieManager HTTP Cookie Manager superseded by HTTP Cookie Manager
2026-08-20 15:40:57,679 WARN o.a.j.p.h.s.HTTPSamplerBase: Existing CookieManager HTTP Cookie Manager superseded by HTTP Cookie Manager
2026-08-20 15:40:57,780 WARN o.a.j.p.h.s.HTTPSamplerBase: Existing CookieManager HTTP Cookie Manager superseded by HTTP Cookie Manager
2026-08-20 15:40:57,908 WARN o.a.j.p.h.s.HTTPSamplerBase: Existing CookieManager HTTP Cookie Manager superseded by HTTP Cookie Manager
2026-08-20 15:40:57,908 WARN o.a.j.p.h.s.HTTPSamplerBase: Existing CookieManager HTTP Cookie Manager superseded by HTTP Cookie Manager
2026-08-20 15:40:57,997 WARN o.a.j.p.h.s.HTTPSamplerBase: Existing CookieManager HTTP Cookie Manager superseded by HTTP Cookie Manager
2026-08-20 15:40:58,005 WARN o.a.j.p.h.s.HTTPSamplerBase: Existing CookieManager HTTP Cookie Manager superseded by HTTP Cookie Manager
2026-08-20 15:40:58,016 INFO o.a.j.t.JMeterThread: Thread started: US01_Browse_Catalog 1-5
2026-08-20 15:40:58,025 WARN o.a.j.p.h.s.HTTPSamplerBase: Existing CookieManager HTTP Cookie Manager superseded by HTTP Cookie Manager
2026-08-20 15:40:58,032 INFO o.a.j.t.JMeterThread: Thread started: US02_Add_To_Cart 2-5
2026-08-20 15:40:58,047 INFO o.a.j.t.JMeterThread: Thread started: US04_User_Sign_In 4-5
2026-08-20 15:40:58,122 WARN o.a.j.p.h.s.HTTPSamplerBase: Existing CookieManager HTTP Cookie Manager superseded by HTTP Cookie Manager
2026-08-20 15:40:58,122 WARN o.a.j.p.h.s.HTTPSamplerBase: Existing CookieManager HTTP Cookie Manager superseded by HTTP Cookie Manager
2026-08-20 15:40:58,186 WARN o.a.j.p.h.s.HTTPSamplerBase: Existing CookieManager HTTP Cookie Manager superseded by HTTP Cookie Manager
2026-08-20 15:40:58,188 WARN o.a.j.p.h.s.HTTPSamplerBase: Existing CookieManager HTTP Cookie Manager superseded by HTTP Cookie Manager
2026-08-20 15:40:58,191 WARN o.a.j.p.h.s.HTTPSamplerBase: Existing CookieManager HTTP Cookie Manager superseded by HTTP Cookie Manager
2026-08-20 15:40:58,218 WARN o.a.j.p.h.s.HTTPSamplerBase: Existing CookieManager HTTP Cookie Manager superseded by HTTP Cookie Manager
2026-08-20 15:40:58,221 WARN o.a.j.p.h.s.HTTPSamplerBase: Existing CookieManager HTTP Cookie Manager superseded by HTTP Cookie Manager
2026-08-20 15:40:58,267 WARN o.a.j.p.h.s.HTTPSamplerBase: Existing CookieManager HTTP Cookie Manager superseded by HTTP Cookie Manager
2026-08-20 15:40:58,281 WARN o.a.j.p.h.s.HTTPSamplerBase: Existing CookieManager HTTP Cookie Manager superseded by HTTP Cookie Manager
2026-08-20 15:40:58,358 WARN o.a.j.p.h.s.HTTPSamplerBase: Existing CookieManager HTTP Cookie Manager superseded by HTTP Cookie Manager
2026-08-20 15:40:58,380 WARN o.a.j.p.h.s.HTTPSamplerBase: Existing CookieManager HTTP Cookie Manager superseded by HTTP Cookie Manager
2026-08-20 15:40:58,381 WARN o.a.j.p.h.s.HTTPSamplerBase: Existing CookieManager HTTP Cookie Manager superseded by HTTP Cookie Manager
2026-08-20 15:40:58,405 WARN o.a.j.p.h.s.HTTPSamplerBase: Existing CookieManager HTTP Cookie Manager superseded by HTTP Cookie Manager
2026-08-20 15:40:58,624 WARN o.a.j.p.h.s.HTTPSamplerBase: Existing CookieManager HTTP Cookie Manager superseded by HTTP Cookie Manager
2026-08-20 15:40:58,663 WARN o.a.j.p.h.s.HTTPSamplerBase: Existing CookieManager HTTP Cookie Manager superseded by HTTP Cookie Manager
2026-08-20 15:40:58,671 WARN o.a.j.p.h.s.HTTPSamplerBase: Existing CookieManager HTTP Cookie Manager superseded by HTTP Cookie Manager
2026-08-20 15:40:58,691 WARN o.a.j.p.h.s.HTTPSamplerBase: Existing CookieManager HTTP Cookie Manager superseded by HTTP Cookie Manager
2026-08-20 15:40:58,716 WARN o.a.j.p.h.s.HTTPSamplerBase: Existing CookieManager HTTP Cookie Manager superseded by HTTP Cookie Manager
2026-08-20 15:40:58,718 WARN o.a.j.p.h.s.HTTPSamplerBase: Existing CookieManager HTTP Cookie Manager superseded by HTTP Cookie Manager
2026-08-20 15:40:58,725 WARN o.a.j.p.h.s.HTTPSamplerBase: Existing CookieManager HTTP Cookie Manager superseded by HTTP Cookie Manager
2026-08-20 15:40:58,730 WARN o.a.j.p.h.s.HTTPSamplerBase: Existing CookieManager HTTP Cookie Manager superseded by HTTP Cookie Manager
2026-08-20 15:40:58,752 WARN o.a.j.p.h.s.HTTPSamplerBase: Existing CookieManager HTTP Cookie Manager superseded by HTTP Cookie Manager
2026-08-20 15:40:58,786 WARN o.a.j.p.h.s.HTTPSamplerBase: Existing CookieManager HTTP Cookie Manager superseded by HTTP Cookie Manager
2026-08-20 15:40:58,786 WARN o.a.j.p.h.s.HTTPSamplerBase: Existing CookieManager HTTP Cookie Manager superseded by HTTP Cookie Manager
2026-08-20 15:40:58,797 WARN o.a.j.p.h.s.HTTPSamplerBase: Existing CookieManager HTTP Cookie Manager superseded by HTTP Cookie Manager
2026-08-20 15:40:58,928 WARN o.a.j.p.h.s.HTTPSamplerBase: Existing CookieManager HTTP Cookie Manager superseded by HTTP Cookie Manager
2026-08-20 15:40:58,972 WARN o.a.j.p.h.s.HTTPSamplerBase: Existing CookieManager HTTP Cookie Manager superseded by HTTP Cookie Manager
2026-08-20 15:40:59,005 WARN o.a.j.p.h.s.HTTPSamplerBase: Existing CookieManager HTTP Cookie Manager superseded by HTTP Cookie Manager
2026-08-20 15:40:59,037 WARN o.a.j.p.h.s.HTTPSamplerBase: Existing CookieManager HTTP Cookie Manager superseded by HTTP Cookie Manager
2026-08-20 15:40:59,074 WARN o.a.j.p.h.s.HTTPSamplerBase: Existing CookieManager HTTP Cookie Manager superseded by HTTP Cookie Manager
2026-08-20 15:40:59,101 WARN o.a.j.p.h.s.HTTPSamplerBase: Existing CookieManager HTTP Cookie Manager superseded by HTTP Cookie Manager
2026-08-20 15:40:59,101 WARN o.a.j.p.h.s.HTTPSamplerBase: Existing CookieManager HTTP Cookie Manager superseded by HTTP Cookie Manager
2026-08-20 15:40:59,123 WARN o.a.j.p.h.s.HTTPSamplerBase: Existing CookieManager HTTP Cookie Manager superseded by HTTP Cookie Manager
2026-08-20 15:40:59,180 WARN o.a.j.p.h.s.HTTPSamplerBase: Existing CookieManager HTTP Cookie Manager superseded by HTTP Cookie Manager
2026-08-20 15:40:59,198 WARN o.a.j.p.h.s.HTTPSamplerBase: Existing CookieManager HTTP Cookie Manager superseded by HTTP Cookie Manager
2026-08-20 15:40:59,232 WARN o.a.j.p.h.s.HTTPSamplerBase: Existing CookieManager HTTP Cookie Manager superseded by HTTP Cookie Manager
2026-08-20 15:40:59,244 WARN o.a.j.p.h.s.HTTPSamplerBase: Existing CookieManager HTTP Cookie Manager superseded by HTTP Cookie Manager
2026-08-20 15:40:59,246 WARN o.a.j.p.h.s.HTTPSamplerBase: Existing CookieManager HTTP Cookie Manager superseded by HTTP Cookie Manager
2026-08-20 15:40:59,262 WARN o.a.j.p.h.s.HTTPSamplerBase: Existing CookieManager HTTP Cookie Manager superseded by HTTP Cookie Manager
2026-08-20 15:40:59,324 WARN o.a.j.p.h.s.HTTPSamplerBase: Existing CookieManager HTTP Cookie Manager superseded by HTTP Cookie Manager
2026-08-20 15:40:59,324 WARN o.a.j.p.h.s.HTTPSamplerBase: Existing CookieManager HTTP Cookie Manager superseded by HTTP Cookie Manager
2026-08-20 15:40:59,328 WARN o.a.j.p.h.s.HTTPSamplerBase: Existing CookieManager HTTP Cookie Manager superseded by HTTP Cookie Manager
2026-08-20 15:40:59,363 WARN o.a.j.p.h.s.HTTPSamplerBase: Existing CookieManager HTTP Cookie Manager superseded by HTTP Cookie Manager
2026-08-20 15:40:59,405 WARN o.a.j.p.h.s.HTTPSamplerBase: Existing CookieManager HTTP Cookie Manager superseded by HTTP Cookie Manager
2026-08-20 15:40:59,441 WARN o.a.j.p.h.s.HTTPSamplerBase: Existing CookieManager HTTP Cookie Manager superseded by HTTP Cookie Manager
2026-08-20 15:40:59,497 WARN o.a.j.p.h.s.HTTPSamplerBase: Existing CookieManager HTTP Cookie Manager superseded by HTTP Cookie Manager
2026-08-20 15:40:59,515 WARN o.a.j.p.h.s.HTTPSamplerBase: Existing CookieManager HTTP Cookie Manager superseded by HTTP Cookie Manager
2026-08-20 15:40:59,565 WARN o.a.j.p.h.s.HTTPSamplerBase: Existing CookieManager HTTP Cookie Manager superseded by HTTP Cookie Manager
2026-08-20 15:40:59,624 WARN o.a.j.p.h.s.HTTPSamplerBase: Existing CookieManager HTTP Cookie Manager superseded by HTTP Cookie Manager
2026-08-20 15:40:59,635 WARN o.a.j.p.h.s.HTTPSamplerBase: Existing CookieManager HTTP Cookie Manager superseded by HTTP Cookie Manager
2026-08-20 15:40:59,687 WARN o.a.j.p.h.s.HTTPSamplerBase: Existing CookieManager HTTP Cookie Manager superseded by HTTP Cookie Manager
2026-08-20 15:40:59,721 WARN o.a.j.p.h.s.HTTPSamplerBase: Existing CookieManager HTTP Cookie Manager superseded by HTTP Cookie Manager
2026-08-20 15:40:59,723 WARN o.a.j.p.h.s.HTTPSamplerBase: Existing CookieManager HTTP Cookie Manager superseded by HTTP Cookie Manager
2026-08-20 15:40:59,781 WARN o.a.j.p.h.s.HTTPSamplerBase: Existing CookieManager HTTP Cookie Manager superseded by HTTP Cookie Manager
2026-08-20 15:40:59,781 WARN o.a.j.p.h.s.HTTPSamplerBase: Existing CookieManager HTTP Cookie Manager superseded by HTTP Cookie Manager
2026-08-20 15:40:59,781 WARN o.a.j.p.h.s.HTTPSamplerBase: Existing CookieManager HTTP Cookie Manager superseded by HTTP Cookie Manager
2026-08-20 15:40:59,789 WARN o.a.j.p.h.s.HTTPSamplerBase: Existing CookieManager HTTP Cookie Manager superseded by HTTP Cookie Manager
2026-08-20 15:40:59,794 WARN o.a.j.p.h.s.HTTPSamplerBase: Existing CookieManager HTTP Cookie Manager superseded by HTTP Cookie Manager
2026-08-20 15:40:59,800 WARN o.a.j.p.h.s.HTTPSamplerBase: Existing CookieManager HTTP Cookie Manager superseded by HTTP Cookie Manager
2026-08-20 15:40:59,862 WARN o.a.j.p.h.s.HTTPSamplerBase: Existing CookieManager HTTP Cookie Manager superseded by HTTP Cookie Manager
2026-08-20 15:40:59,866 WARN o.a.j.p.h.s.HTTPSamplerBase: Existing CookieManager HTTP Cookie Manager superseded by HTTP Cookie Manager
2026-08-20 15:40:59,872 WARN o.a.j.p.h.s.HTTPSamplerBase: Existing CookieManager HTTP Cookie Manager superseded by HTTP Cookie Manager
2026-08-20 15:40:59,952 WARN o.a.j.p.h.s.HTTPSamplerBase: Existing CookieManager HTTP Cookie Manager superseded by HTTP Cookie Manager
2026-08-20 15:41:00,037 WARN o.a.j.p.h.s.HTTPSamplerBase: Existing CookieManager HTTP Cookie Manager superseded by HTTP Cookie Manager
2026-08-20 15:41:00,101 WARN o.a.j.p.h.s.HTTPSamplerBase: Existing CookieManager HTTP Cookie Manager superseded by HTTP Cookie Manager
2026-08-20 15:41:00,124 WARN o.a.j.p.h.s.HTTPSamplerBase: Existing CookieManager HTTP Cookie Manager superseded by HTTP Cookie Manager
2026-08-20 15:41:00,148 WARN o.a.j.p.h.s.HTTPSamplerBase: Existing CookieManager HTTP Cookie Manager superseded by HTTP Cookie Manager
2026-08-20 15:41:00,148 WARN o.a.j.p.h.s.HTTPSamplerBase: Existing CookieManager HTTP Cookie Manager superseded by HTTP Cookie Manager
2026-08-20 15:41:00,152 WARN o.a.j.p.h.s.HTTPSamplerBase: Existing CookieManager HTTP Cookie Manager superseded by HTTP Cookie Manager
2026-08-20 15:41:00,175 WARN o.a.j.p.h.s.HTTPSamplerBase: Existing CookieManager HTTP Cookie Manager superseded by HTTP Cookie Manager
2026-08-20 15:41:00,253 WARN o.a.j.p.h.s.HTTPSamplerBase: Existing CookieManager HTTP Cookie Manager superseded by HTTP Cookie Manager
2026-08-20 15:41:00,260 WARN o.a.j.p.h.s.HTTPSamplerBase: Existing CookieManager HTTP Cookie Manager superseded by HTTP Cookie Manager
2026-08-20 15:41:00,319 WARN o.a.j.p.h.s.HTTPSamplerBase: Existing CookieManager HTTP Cookie Manager superseded by HTTP Cookie Manager
2026-08-20 15:41:00,324 WARN o.a.j.p.h.s.HTTPSamplerBase: Existing CookieManager HTTP Cookie Manager superseded by HTTP Cookie Manager
2026-08-20 15:41:00,328 WARN o.a.j.p.h.s.HTTPSamplerBase: Existing CookieManager HTTP Cookie Manager superseded by HTTP Cookie Manager
2026-08-20 15:41:00,350 WARN o.a.j.p.h.s.HTTPSamplerBase: Existing CookieManager HTTP Cookie Manager superseded by HTTP Cookie Manager
2026-08-20 15:41:00,351 WARN o.a.j.p.h.s.HTTPSamplerBase: Existing CookieManager HTTP Cookie Manager superseded by HTTP Cookie Manager
2026-08-20 15:41:00,411 WARN o.a.j.p.h.s.HTTPSamplerBase: Existing CookieManager HTTP Cookie Manager superseded by HTTP Cookie Manager
2026-08-20 15:41:00,420 WARN o.a.j.p.h.s.HTTPSamplerBase: Existing CookieManager HTTP Cookie Manager superseded by HTTP Cookie Manager
2026-08-20 15:41:00,426 WARN o.a.j.p.h.s.HTTPSamplerBase: Existing CookieManager HTTP Cookie Manager superseded by HTTP Cookie Manager
2026-08-20 15:41:00,467 WARN o.a.j.p.h.s.HTTPSamplerBase: Existing CookieManager HTTP Cookie Manager superseded by HTTP Cookie Manager
2026-08-20 15:41:00,494 WARN o.a.j.p.h.s.HTTPSamplerBase: Existing CookieManager HTTP Cookie Manager superseded by HTTP Cookie Manager
2026-08-20 15:41:00,532 WARN o.a.j.p.h.s.HTTPSamplerBase: Existing CookieManager HTTP Cookie Manager superseded by HTTP Cookie Manager
2026-08-20 15:41:00,621 WARN o.a.j.p.h.s.HTTPSamplerBase: Existing CookieManager HTTP Cookie Manager superseded by HTTP Cookie Manager
2026-08-20 15:41:00,684 WARN o.a.j.p.h.s.HTTPSamplerBase: Existing CookieManager HTTP Cookie Manager superseded by HTTP Cookie Manager
2026-08-20 15:41:00,694 WARN o.a.j.p.h.s.HTTPSamplerBase: Existing CookieManager HTTP Cookie Manager superseded by HTTP Cookie Manager
2026-08-20 15:41:00,709 WARN o.a.j.p.h.s.HTTPSamplerBase: Existing CookieManager HTTP Cookie Manager superseded by HTTP Cookie Manager
2026-08-20 15:41:00,734 WARN o.a.j.p.h.s.HTTPSamplerBase: Existing CookieManager HTTP Cookie Manager superseded by HTTP Cookie Manager
2026-08-20 15:41:00,775 WARN o.a.j.p.h.s.HTTPSamplerBase: Existing CookieManager HTTP Cookie Manager superseded by HTTP Cookie Manager
2026-08-20 15:41:00,811 WARN o.a.j.p.h.s.HTTPSamplerBase: Existing CookieManager HTTP Cookie Manager superseded by HTTP Cookie Manager
2026-08-20 15:41:00,839 WARN o.a.j.p.h.s.HTTPSamplerBase: Existing CookieManager HTTP Cookie Manager superseded by HTTP Cookie Manager
2026-08-20 15:41:00,855 WARN o.a.j.p.h.s.HTTPSamplerBase: Existing CookieManager HTTP Cookie Manager superseded by HTTP Cookie Manager
2026-08-20 15:41:00,857 WARN o.a.j.p.h.s.HTTPSamplerBase: Existing CookieManager HTTP Cookie Manager superseded by HTTP Cookie Manager
2026-08-20 15:41:00,865 WARN o.a.j.p.h.s.HTTPSamplerBase: Existing CookieManager HTTP Cookie Manager superseded by HTTP Cookie Manager
2026-08-20 15:41:00,865 WARN o.a.j.p.h.s.HTTPSamplerBase: Existing CookieManager HTTP Cookie Manager superseded by HTTP Cookie Manager
2026-08-20 15:41:00,888 WARN o.a.j.p.h.s.HTTPSamplerBase: Existing CookieManager HTTP Cookie Manager superseded by HTTP Cookie Manager
2026-08-20 15:41:00,900 WARN o.a.j.p.h.s.HTTPSamplerBase: Existing CookieManager HTTP Cookie Manager superseded by HTTP Cookie Manager
2026-08-20 15:41:00,950 WARN o.a.j.p.h.s.HTTPSamplerBase: Existing CookieManager HTTP Cookie Manager superseded by HTTP Cookie Manager
2026-08-20 15:41:00,966 WARN o.a.j.p.h.s.HTTPSamplerBase: Existing CookieManager HTTP Cookie Manager superseded by HTTP Cookie Manager
2026-08-20 15:41:00,996 WARN o.a.j.p.h.s.HTTPSamplerBase: Existing CookieManager HTTP Cookie Manager superseded by HTTP Cookie Manager
2026-08-20 15:41:01,124 WARN o.a.j.p.h.s.HTTPSamplerBase: Existing CookieManager HTTP Cookie Manager superseded by HTTP Cookie Manager
2026-08-20 15:41:01,124 WARN o.a.j.p.h.s.HTTPSamplerBase: Existing CookieManager HTTP Cookie Manager superseded by HTTP Cookie Manager
2026-08-20 15:41:01,195 WARN o.a.j.p.h.s.HTTPSamplerBase: Existing CookieManager HTTP Cookie Manager superseded by HTTP Cookie Manager
2026-08-20 15:41:01,273 WARN o.a.j.p.h.s.HTTPSamplerBase: Existing CookieManager HTTP Cookie Manager superseded by HTTP Cookie Manager
2026-08-20 15:41:01,273 WARN o.a.j.p.h.s.HTTPSamplerBase: Existing CookieManager HTTP Cookie Manager superseded by HTTP Cookie Manager
2026-08-20 15:41:01,285 WARN o.a.j.p.h.s.HTTPSamplerBase: Existing CookieManager HTTP Cookie Manager superseded by HTTP Cookie Manager
2026-08-20 15:41:01,301 WARN o.a.j.p.h.s.HTTPSamplerBase: Existing CookieManager HTTP Cookie Manager superseded by HTTP Cookie Manager
2026-08-20 15:41:01,308 WARN o.a.j.p.h.s.HTTPSamplerBase: Existing CookieManager HTTP Cookie Manager superseded by HTTP Cookie Manager
2026-08-20 15:41:01,357 WARN o.a.j.p.h.s.HTTPSamplerBase: Existing CookieManager HTTP Cookie Manager superseded by HTTP Cookie Manager
2026-08-20 15:41:01,381 WARN o.a.j.p.h.s.HTTPSamplerBase: Existing CookieManager HTTP Cookie Manager superseded by HTTP Cookie Manager
2026-08-20 15:41:01,457 WARN o.a.j.p.h.s.HTTPSamplerBase: Existing CookieManager HTTP Cookie Manager superseded by HTTP Cookie Manager
2026-08-20 15:41:01,457 WARN o.a.j.p.h.s.HTTPSamplerBase: Existing CookieManager HTTP Cookie Manager superseded by HTTP Cookie Manager
2026-08-20 15:41:01,467 WARN o.a.j.p.h.s.HTTPSamplerBase: Existing CookieManager HTTP Cookie Manager superseded by HTTP Cookie Manager
2026-08-20 15:41:01,468 WARN o.a.j.p.h.s.HTTPSamplerBase: Existing CookieManager HTTP Cookie Manager superseded by HTTP Cookie Manager
2026-08-20 15:41:01,485 WARN o.a.j.p.h.s.HTTPSamplerBase: Existing CookieManager HTTP Cookie Manager superseded by HTTP Cookie Manager
2026-08-20 15:41:01,485 WARN o.a.j.p.h.s.HTTPSamplerBase: Existing CookieManager HTTP Cookie Manager superseded by HTTP Cookie Manager
2026-08-20 15:41:01,509 WARN o.a.j.p.h.s.HTTPSamplerBase: Existing CookieManager HTTP Cookie Manager superseded by HTTP Cookie Manager
2026-08-20 15:41:01,542 WARN o.a.j.p.h.s.HTTPSamplerBase: Existing CookieManager HTTP Cookie Manager superseded by HTTP Cookie Manager
2026-08-20 15:41:01,569 WARN o.a.j.p.h.s.HTTPSamplerBase: Existing CookieManager HTTP Cookie Manager superseded by HTTP Cookie Manager
2026-08-20 15:41:01,669 WARN o.a.j.p.h.s.HTTPSamplerBase: Existing CookieManager HTTP Cookie Manager superseded by HTTP Cookie Manager
2026-08-20 15:41:01,675 WARN o.a.j.p.h.s.HTTPSamplerBase: Existing CookieManager HTTP Cookie Manager superseded by HTTP Cookie Manager
2026-08-20 15:41:01,755 WARN o.a.j.p.h.s.HTTPSamplerBase: Existing CookieManager HTTP Cookie Manager superseded by HTTP Cookie Manager
2026-08-20 15:41:01,843 WARN o.a.j.p.h.s.HTTPSamplerBase: Existing CookieManager HTTP Cookie Manager superseded by HTTP Cookie Manager
2026-08-20 15:41:01,845 WARN o.a.j.p.h.s.HTTPSamplerBase: Existing CookieManager HTTP Cookie Manager superseded by HTTP Cookie Manager
2026-08-20 15:41:01,855 WARN o.a.j.p.h.s.HTTPSamplerBase: Existing CookieManager HTTP Cookie Manager superseded by HTTP Cookie Manager
2026-08-20 15:41:01,909 WARN o.a.j.p.h.s.HTTPSamplerBase: Existing CookieManager HTTP Cookie Manager superseded by HTTP Cookie Manager
2026-08-20 15:41:01,919 WARN o.a.j.p.h.s.HTTPSamplerBase: Existing CookieManager HTTP Cookie Manager superseded by HTTP Cookie Manager
2026-08-20 15:41:01,919 WARN o.a.j.p.h.s.HTTPSamplerBase: Existing CookieManager HTTP Cookie Manager superseded by HTTP Cookie Manager
2026-08-20 15:41:01,932 WARN o.a.j.p.h.s.HTTPSamplerBase: Existing CookieManager HTTP Cookie Manager superseded by HTTP Cookie Manager
2026-08-20 15:41:02,027 INFO o.a.j.r.Summariser: summary +    430 in 00:00:06 =   73.6/s Avg:   215 Min:   170 Max:  2032 Err:     0 (0.00%) Active: 16 Started: 16 Finished: 0
2026-08-20 15:41:02,029 INFO o.a.j.r.Summariser: summary =    431 in 00:00:08 =   53.5/s Avg:   219 Min:   170 Max:  2032 Err:     0 (0.00%)
2026-08-20 15:41:02,032 WARN o.a.j.p.h.s.HTTPSamplerBase: Existing CookieManager HTTP Cookie Manager superseded by HTTP Cookie Manager
2026-08-20 15:41:02,040 WARN o.a.j.p.h.s.HTTPSamplerBase: Existing CookieManager HTTP Cookie Manager superseded by HTTP Cookie Manager
2026-08-20 15:41:02,040 WARN o.a.j.p.h.s.HTTPSamplerBase: Existing CookieManager HTTP Cookie Manager superseded by HTTP Cookie Manager
2026-08-20 15:41:02,042 WARN o.a.j.p.h.s.HTTPSamplerBase: Existing CookieManager HTTP Cookie Manager superseded by HTTP Cookie Manager
2026-08-20 15:41:02,042 WARN o.a.j.p.h.s.HTTPSamplerBase: Existing CookieManager HTTP Cookie Manager superseded by HTTP Cookie Manager
2026-08-20 15:41:02,043 WARN o.a.j.p.h.s.HTTPSamplerBase: Existing CookieManager HTTP Cookie Manager superseded by HTTP Cookie Manager
2026-08-20 15:41:02,088 WARN o.a.j.p.h.s.HTTPSamplerBase: Existing CookieManager HTTP Cookie Manager superseded by HTTP Cookie Manager
2026-08-20 15:41:02,099 WARN o.a.j.p.h.s.HTTPSamplerBase: Existing CookieManager HTTP Cookie Manager superseded by HTTP Cookie Manager
2026-08-20 15:41:02,125 WARN o.a.j.p.h.s.HTTPSamplerBase: Existing CookieManager HTTP Cookie Manager superseded by HTTP Cookie Manager
2026-08-20 15:41:02,217 WARN o.a.j.p.h.s.HTTPSamplerBase: Existing CookieManager HTTP Cookie Manager superseded by HTTP Cookie Manager
2026-08-20 15:41:02,294 WARN o.a.j.p.h.s.HTTPSamplerBase: Existing CookieManager HTTP Cookie Manager superseded by HTTP Cookie Manager
2026-08-20 15:41:02,308 WARN o.a.j.p.h.s.HTTPSamplerBase: Existing CookieManager HTTP Cookie Manager superseded by HTTP Cookie Manager
2026-08-20 15:41:02,377 WARN o.a.j.p.h.s.HTTPSamplerBase: Existing CookieManager HTTP Cookie Manager superseded by HTTP Cookie Manager
2026-08-20 15:41:02,381 WARN o.a.j.p.h.s.HTTPSamplerBase: Existing CookieManager HTTP Cookie Manager superseded by HTTP Cookie Manager
2026-08-20 15:41:02,413 WARN o.a.j.p.h.s.HTTPSamplerBase: Existing CookieManager HTTP Cookie Manager superseded by HTTP Cookie Manager
2026-08-20 15:41:02,435 WARN o.a.j.p.h.s.HTTPSamplerBase: Existing CookieManager HTTP Cookie Manager superseded by HTTP Cookie Manager
2026-08-20 15:41:02,490 WARN o.a.j.p.h.s.HTTPSamplerBase: Existing CookieManager HTTP Cookie Manager superseded by HTTP Cookie Manager
2026-08-20 15:41:02,492 WARN o.a.j.p.h.s.HTTPSamplerBase: Existing CookieManager HTTP Cookie Manager superseded by HTTP Cookie Manager
2026-08-20 15:41:02,499 WARN o.a.j.p.h.s.HTTPSamplerBase: Existing CookieManager HTTP Cookie Manager superseded by HTTP Cookie Manager
2026-08-20 15:41:02,584 WARN o.a.j.p.h.s.HTTPSamplerBase: Existing CookieManager HTTP Cookie Manager superseded by HTTP Cookie Manager
2026-08-20 15:41:02,584 WARN o.a.j.p.h.s.HTTPSamplerBase: Existing CookieManager HTTP Cookie Manager superseded by HTTP Cookie Manager
2026-08-20 15:41:02,584 WARN o.a.j.p.h.s.HTTPSamplerBase: Existing CookieManager HTTP Cookie Manager superseded by HTTP Cookie Manager
2026-08-20 15:41:02,585 WARN o.a.j.p.h.s.HTTPSamplerBase: Existing CookieManager HTTP Cookie Manager superseded by HTTP Cookie Manager
2026-08-20 15:41:02,589 WARN o.a.j.p.h.s.HTTPSamplerBase: Existing CookieManager HTTP Cookie Manager superseded by HTTP Cookie Manager
2026-08-20 15:41:02,597 WARN o.a.j.p.h.s.HTTPSamplerBase: Existing CookieManager HTTP Cookie Manager superseded by HTTP Cookie Manager
2026-08-20 15:41:02,640 WARN o.a.j.p.h.s.HTTPSamplerBase: Existing CookieManager HTTP Cookie Manager superseded by HTTP Cookie Manager
2026-08-20 15:41:02,664 WARN o.a.j.p.h.s.HTTPSamplerBase: Existing CookieManager HTTP Cookie Manager superseded by HTTP Cookie Manager
2026-08-20 15:41:02,693 WARN o.a.j.p.h.s.HTTPSamplerBase: Existing CookieManager HTTP Cookie Manager superseded by HTTP Cookie Manager
2026-08-20 15:41:02,734 WARN o.a.j.p.h.s.HTTPSamplerBase: Existing CookieManager HTTP Cookie Manager superseded by HTTP Cookie Manager
2026-08-20 15:41:02,862 WARN o.a.j.p.h.s.HTTPSamplerBase: Existing CookieManager HTTP Cookie Manager superseded by HTTP Cookie Manager
2026-08-20 15:41:02,872 WARN o.a.j.p.h.s.HTTPSamplerBase: Existing CookieManager HTTP Cookie Manager superseded by HTTP Cookie Manager
2026-08-20 15:41:02,927 WARN o.a.j.p.h.s.HTTPSamplerBase: Existing CookieManager HTTP Cookie Manager superseded by HTTP Cookie Manager
2026-08-20 15:41:03,183 WARN o.a.j.p.h.s.HTTPSamplerBase: Existing CookieManager HTTP Cookie Manager superseded by HTTP Cookie Manager
2026-08-20 15:41:03,186 WARN o.a.j.p.h.s.HTTPSamplerBase: Existing CookieManager HTTP Cookie Manager superseded by HTTP Cookie Manager
2026-08-20 15:41:03,186 WARN o.a.j.p.h.s.HTTPSamplerBase: Existing CookieManager HTTP Cookie Manager superseded by HTTP Cookie Manager
2026-08-20 15:41:03,194 WARN o.a.j.p.h.s.HTTPSamplerBase: Existing CookieManager HTTP Cookie Manager superseded by HTTP Cookie Manager
2026-08-20 15:41:03,195 WARN o.a.j.p.h.s.HTTPSamplerBase: Existing CookieManager HTTP Cookie Manager superseded by HTTP Cookie Manager
2026-08-20 15:41:03,201 WARN o.a.j.p.h.s.HTTPSamplerBase: Existing CookieManager HTTP Cookie Manager superseded by HTTP Cookie Manager
2026-08-20 15:41:03,201 WARN o.a.j.p.h.s.HTTPSamplerBase: Existing CookieManager HTTP Cookie Manager superseded by HTTP Cookie Manager
2026-08-20 15:41:03,374 WARN o.a.j.p.h.s.HTTPSamplerBase: Existing CookieManager HTTP Cookie Manager superseded by HTTP Cookie Manager
2026-08-20 15:41:03,375 WARN o.a.j.p.h.s.HTTPSamplerBase: Existing CookieManager HTTP Cookie Manager superseded by HTTP Cookie Manager
2026-08-20 15:41:03,376 WARN o.a.j.p.h.s.HTTPSamplerBase: Existing CookieManager HTTP Cookie Manager superseded by HTTP Cookie Manager
2026-08-20 15:41:03,382 WARN o.a.j.p.h.s.HTTPSamplerBase: Existing CookieManager HTTP Cookie Manager superseded by HTTP Cookie Manager
2026-08-20 15:41:03,382 WARN o.a.j.p.h.s.HTTPSamplerBase: Existing CookieManager HTTP Cookie Manager superseded by HTTP Cookie Manager
2026-08-20 15:41:03,382 WARN o.a.j.p.h.s.HTTPSamplerBase: Existing CookieManager HTTP Cookie Manager superseded by HTTP Cookie Manager
2026-08-20 15:41:03,403 WARN o.a.j.p.h.s.HTTPSamplerBase: Existing CookieManager HTTP Cookie Manager superseded by HTTP Cookie Manager
2026-08-20 15:41:03,403 WARN o.a.j.p.h.s.HTTPSamplerBase: Existing CookieManager HTTP Cookie Manager superseded by HTTP Cookie Manager
2026-08-20 15:41:03,567 WARN o.a.j.p.h.s.HTTPSamplerBase: Existing CookieManager HTTP Cookie Manager superseded by HTTP Cookie Manager
2026-08-20 15:41:03,569 WARN o.a.j.p.h.s.HTTPSamplerBase: Existing CookieManager HTTP Cookie Manager superseded by HTTP Cookie Manager
2026-08-20 15:41:03,572 WARN o.a.j.p.h.s.HTTPSamplerBase: Existing CookieManager HTTP Cookie Manager superseded by HTTP Cookie Manager
2026-08-20 15:41:03,578 WARN o.a.j.p.h.s.HTTPSamplerBase: Existing CookieManager HTTP Cookie Manager superseded by HTTP Cookie Manager
2026-08-20 15:41:03,608 WARN o.a.j.p.h.s.HTTPSamplerBase: Existing CookieManager HTTP Cookie Manager superseded by HTTP Cookie Manager
2026-08-20 15:41:03,743 WARN o.a.j.p.h.s.HTTPSamplerBase: Existing CookieManager HTTP Cookie Manager superseded by HTTP Cookie Manager
2026-08-20 15:41:03,755 WARN o.a.j.p.h.s.HTTPSamplerBase: Existing CookieManager HTTP Cookie Manager superseded by HTTP Cookie Manager
2026-08-20 15:41:03,777 WARN o.a.j.p.h.s.HTTPSamplerBase: Existing CookieManager HTTP Cookie Manager superseded by HTTP Cookie Manager
2026-08-20 15:41:03,780 WARN o.a.j.p.h.s.HTTPSamplerBase: Existing CookieManager HTTP Cookie Manager superseded by HTTP Cookie Manager
2026-08-20 15:41:03,817 WARN o.a.j.p.h.s.HTTPSamplerBase: Existing CookieManager HTTP Cookie Manager superseded by HTTP Cookie Manager
2026-08-20 15:41:03,917 WARN o.a.j.p.h.s.HTTPSamplerBase: Existing CookieManager HTTP Cookie Manager superseded by HTTP Cookie Manager
2026-08-20 15:41:03,923 WARN o.a.j.p.h.s.HTTPSamplerBase: Existing CookieManager HTTP Cookie Manager superseded by HTTP Cookie Manager
2026-08-20 15:41:03,926 WARN o.a.j.p.h.s.HTTPSamplerBase: Existing CookieManager HTTP Cookie Manager superseded by HTTP Cookie Manager
2026-08-20 15:41:03,929 WARN o.a.j.p.h.s.HTTPSamplerBase: Existing CookieManager HTTP Cookie Manager superseded by HTTP Cookie Manager
2026-08-20 15:41:03,929 WARN o.a.j.p.h.s.HTTPSamplerBase: Existing CookieManager HTTP Cookie Manager superseded by HTTP Cookie Manager
2026-08-20 15:41:03,932 WARN o.a.j.p.h.s.HTTPSamplerBase: Existing CookieManager HTTP Cookie Manager superseded by HTTP Cookie Manager
2026-08-20 15:41:03,932 WARN o.a.j.p.h.s.HTTPSamplerBase: Existing CookieManager HTTP Cookie Manager superseded by HTTP Cookie Manager
2026-08-20 15:41:03,932 WARN o.a.j.p.h.s.HTTPSamplerBase: Existing CookieManager HTTP Cookie Manager superseded by HTTP Cookie Manager
2026-08-20 15:41:03,944 WARN o.a.j.p.h.s.HTTPSamplerBase: Existing CookieManager HTTP Cookie Manager superseded by HTTP Cookie Manager
2026-08-20 15:41:04,006 WARN o.a.j.p.h.s.HTTPSamplerBase: Existing CookieManager HTTP Cookie Manager superseded by HTTP Cookie Manager
2026-08-20 15:41:04,087 WARN o.a.j.p.h.s.HTTPSamplerBase: Existing CookieManager HTTP Cookie Manager superseded by HTTP Cookie Manager
2026-08-20 15:41:04,143 WARN o.a.j.p.h.s.HTTPSamplerBase: Existing CookieManager HTTP Cookie Manager superseded by HTTP Cookie Manager
2026-08-20 15:41:04,167 WARN o.a.j.p.h.s.HTTPSamplerBase: Existing CookieManager HTTP Cookie Manager superseded by HTTP Cookie Manager
2026-08-20 15:41:04,270 WARN o.a.j.p.h.s.HTTPSamplerBase: Existing CookieManager HTTP Cookie Manager superseded by HTTP Cookie Manager
2026-08-20 15:41:04,270 WARN o.a.j.p.h.s.HTTPSamplerBase: Existing CookieManager HTTP Cookie Manager superseded by HTTP Cookie Manager
2026-08-20 15:41:04,281 WARN o.a.j.p.h.s.HTTPSamplerBase: Existing CookieManager HTTP Cookie Manager superseded by HTTP Cookie Manager
2026-08-20 15:41:04,295 WARN o.a.j.p.h.s.HTTPSamplerBase: Existing CookieManager HTTP Cookie Manager superseded by HTTP Cookie Manager
2026-08-20 15:41:04,298 WARN o.a.j.p.h.s.HTTPSamplerBase: Existing CookieManager HTTP Cookie Manager superseded by HTTP Cookie Manager
2026-08-20 15:41:04,390 WARN o.a.j.p.h.s.HTTPSamplerBase: Existing CookieManager HTTP Cookie Manager superseded by HTTP Cookie Manager
2026-08-20 15:41:04,390 WARN o.a.j.p.h.s.HTTPSamplerBase: Existing CookieManager HTTP Cookie Manager superseded by HTTP Cookie Manager
2026-08-20 15:41:04,447 WARN o.a.j.p.h.s.HTTPSamplerBase: Existing CookieManager HTTP Cookie Manager superseded by HTTP Cookie Manager
2026-08-20 15:41:04,453 WARN o.a.j.p.h.s.HTTPSamplerBase: Existing CookieManager HTTP Cookie Manager superseded by HTTP Cookie Manager
2026-08-20 15:41:04,477 WARN o.a.j.p.h.s.HTTPSamplerBase: Existing CookieManager HTTP Cookie Manager superseded by HTTP Cookie Manager
2026-08-20 15:41:04,477 WARN o.a.j.p.h.s.HTTPSamplerBase: Existing CookieManager HTTP Cookie Manager superseded by HTTP Cookie Manager
2026-08-20 15:41:04,477 WARN o.a.j.p.h.s.HTTPSamplerBase: Existing CookieManager HTTP Cookie Manager superseded by HTTP Cookie Manager
2026-08-20 15:41:04,505 WARN o.a.j.p.h.s.HTTPSamplerBase: Existing CookieManager HTTP Cookie Manager superseded by HTTP Cookie Manager
2026-08-20 15:41:04,514 WARN o.a.j.p.h.s.HTTPSamplerBase: Existing CookieManager HTTP Cookie Manager superseded by HTTP Cookie Manager
2026-08-20 15:41:04,540 WARN o.a.j.p.h.s.HTTPSamplerBase: Existing CookieManager HTTP Cookie Manager superseded by HTTP Cookie Manager
2026-08-20 15:41:04,615 WARN o.a.j.p.h.s.HTTPSamplerBase: Existing CookieManager HTTP Cookie Manager superseded by HTTP Cookie Manager
2026-08-20 15:41:04,626 WARN o.a.j.p.h.s.HTTPSamplerBase: Existing CookieManager HTTP Cookie Manager superseded by HTTP Cookie Manager
2026-08-20 15:41:04,651 WARN o.a.j.p.h.s.HTTPSamplerBase: Existing CookieManager HTTP Cookie Manager superseded by HTTP Cookie Manager
2026-08-20 15:41:04,680 WARN o.a.j.p.h.s.HTTPSamplerBase: Existing CookieManager HTTP Cookie Manager superseded by HTTP Cookie Manager
2026-08-20 15:41:04,783 WARN o.a.j.p.h.s.HTTPSamplerBase: Existing CookieManager HTTP Cookie Manager superseded by HTTP Cookie Manager
2026-08-20 15:41:04,806 WARN o.a.j.p.h.s.HTTPSamplerBase: Existing CookieManager HTTP Cookie Manager superseded by HTTP Cookie Manager
2026-08-20 15:41:04,841 WARN o.a.j.p.h.s.HTTPSamplerBase: Existing CookieManager HTTP Cookie Manager superseded by HTTP Cookie Manager
2026-08-20 15:41:04,881 WARN o.a.j.p.h.s.HTTPSamplerBase: Existing CookieManager HTTP Cookie Manager superseded by HTTP Cookie Manager
2026-08-20 15:41:04,915 WARN o.a.j.p.h.s.HTTPSamplerBase: Existing CookieManager HTTP Cookie Manager superseded by HTTP Cookie Manager
2026-08-20 15:41:04,973 WARN o.a.j.p.h.s.HTTPSamplerBase: Existing CookieManager HTTP Cookie Manager superseded by HTTP Cookie Manager
2026-08-20 15:41:04,982 WARN o.a.j.p.h.s.HTTPSamplerBase: Existing CookieManager HTTP Cookie Manager superseded by HTTP Cookie Manager
2026-08-20 15:41:04,983 WARN o.a.j.p.h.s.HTTPSamplerBase: Existing CookieManager HTTP Cookie Manager superseded by HTTP Cookie Manager
2026-08-20 15:41:04,989 WARN o.a.j.p.h.s.HTTPSamplerBase: Existing CookieManager HTTP Cookie Manager superseded by HTTP Cookie Manager
2026-08-20 15:41:05,016 WARN o.a.j.p.h.s.HTTPSamplerBase: Existing CookieManager HTTP Cookie Manager superseded by HTTP Cookie Manager
2026-08-20 15:41:05,016 WARN o.a.j.p.h.s.HTTPSamplerBase: Existing CookieManager HTTP Cookie Manager superseded by HTTP Cookie Manager
2026-08-20 15:41:05,016 WARN o.a.j.p.h.s.HTTPSamplerBase: Existing CookieManager HTTP Cookie Manager superseded by HTTP Cookie Manager
2026-08-20 15:41:05,016 WARN o.a.j.p.h.s.HTTPSamplerBase: Existing CookieManager HTTP Cookie Manager superseded by HTTP Cookie Manager
2026-08-20 15:41:05,041 WARN o.a.j.p.h.s.HTTPSamplerBase: Existing CookieManager HTTP Cookie Manager superseded by HTTP Cookie Manager
2026-08-20 15:41:05,044 WARN o.a.j.p.h.s.HTTPSamplerBase: Existing CookieManager HTTP Cookie Manager superseded by HTTP Cookie Manager
2026-08-20 15:41:05,132 WARN o.a.j.p.h.s.HTTPSamplerBase: Existing CookieManager HTTP Cookie Manager superseded by HTTP Cookie Manager
2026-08-20 15:41:05,186 WARN o.a.j.p.h.s.HTTPSamplerBase: Existing CookieManager HTTP Cookie Manager superseded by HTTP Cookie Manager
2026-08-20 15:41:05,252 WARN o.a.j.p.h.s.HTTPSamplerBase: Existing CookieManager HTTP Cookie Manager superseded by HTTP Cookie Manager
2026-08-20 15:41:05,318 WARN o.a.j.p.h.s.HTTPSamplerBase: Existing CookieManager HTTP Cookie Manager superseded by HTTP Cookie Manager
2026-08-20 15:41:05,346 WARN o.a.j.p.h.s.HTTPSamplerBase: Existing CookieManager HTTP Cookie Manager superseded by HTTP Cookie Manager
2026-08-20 15:41:05,348 WARN o.a.j.p.h.s.HTTPSamplerBase: Existing CookieManager HTTP Cookie Manager superseded by HTTP Cookie Manager
2026-08-20 15:41:05,444 WARN o.a.j.p.h.s.HTTPSamplerBase: Existing CookieManager HTTP Cookie Manager superseded by HTTP Cookie Manager
2026-08-20 15:41:05,444 WARN o.a.j.p.h.s.HTTPSamplerBase: Existing CookieManager HTTP Cookie Manager superseded by HTTP Cookie Manager
2026-08-20 15:41:05,446 WARN o.a.j.p.h.s.HTTPSamplerBase: Existing CookieManager HTTP Cookie Manager superseded by HTTP Cookie Manager
2026-08-20 15:41:05,524 WARN o.a.j.p.h.s.HTTPSamplerBase: Existing CookieManager HTTP Cookie Manager superseded by HTTP Cookie Manager
2026-08-20 15:41:05,606 WARN o.a.j.p.h.s.HTTPSamplerBase: Existing CookieManager HTTP Cookie Manager superseded by HTTP Cookie Manager
2026-08-20 15:41:05,654 WARN o.a.j.p.h.s.HTTPSamplerBase: Existing CookieManager HTTP Cookie Manager superseded by HTTP Cookie Manager
2026-08-20 15:41:05,656 WARN o.a.j.p.h.s.HTTPSamplerBase: Existing CookieManager HTTP Cookie Manager superseded by HTTP Cookie Manager
2026-08-20 15:41:05,657 WARN o.a.j.p.h.s.HTTPSamplerBase: Existing CookieManager HTTP Cookie Manager superseded by HTTP Cookie Manager
2026-08-20 15:41:05,660 WARN o.a.j.p.h.s.HTTPSamplerBase: Existing CookieManager HTTP Cookie Manager superseded by HTTP Cookie Manager
2026-08-20 15:41:05,663 WARN o.a.j.p.h.s.HTTPSamplerBase: Existing CookieManager HTTP Cookie Manager superseded by HTTP Cookie Manager
2026-08-20 15:41:05,667 WARN o.a.j.p.h.s.HTTPSamplerBase: Existing CookieManager HTTP Cookie Manager superseded by HTTP Cookie Manager
2026-08-20 15:41:05,669 WARN o.a.j.p.h.s.HTTPSamplerBase: Existing CookieManager HTTP Cookie Manager superseded by HTTP Cookie Manager
2026-08-20 15:41:05,674 WARN o.a.j.p.h.s.HTTPSamplerBase: Existing CookieManager HTTP Cookie Manager superseded by HTTP Cookie Manager
2026-08-20 15:41:05,688 WARN o.a.j.p.h.s.HTTPSamplerBase: Existing CookieManager HTTP Cookie Manager superseded by HTTP Cookie Manager
2026-08-20 15:41:05,698 WARN o.a.j.p.h.s.HTTPSamplerBase: Existing CookieManager HTTP Cookie Manager superseded by HTTP Cookie Manager
2026-08-20 15:41:05,830 WARN o.a.j.p.h.s.HTTPSamplerBase: Existing CookieManager HTTP Cookie Manager superseded by HTTP Cookie Manager
2026-08-20 15:41:05,836 WARN o.a.j.p.h.s.HTTPSamplerBase: Existing CookieManager HTTP Cookie Manager superseded by HTTP Cookie Manager
2026-08-20 15:41:05,874 WARN o.a.j.p.h.s.HTTPSamplerBase: Existing CookieManager HTTP Cookie Manager superseded by HTTP Cookie Manager
2026-08-20 15:41:06,014 WARN o.a.j.p.h.s.HTTPSamplerBase: Existing CookieManager HTTP Cookie Manager superseded by HTTP Cookie Manager
2026-08-20 15:41:06,029 WARN o.a.j.p.h.s.HTTPSamplerBase: Existing CookieManager HTTP Cookie Manager superseded by HTTP Cookie Manager
2026-08-20 15:41:06,047 WARN o.a.j.p.h.s.HTTPSamplerBase: Existing CookieManager HTTP Cookie Manager superseded by HTTP Cookie Manager
2026-08-20 15:41:06,048 WARN o.a.j.p.h.s.HTTPSamplerBase: Existing CookieManager HTTP Cookie Manager superseded by HTTP Cookie Manager
2026-08-20 15:41:06,060 WARN o.a.j.p.h.s.HTTPSamplerBase: Existing CookieManager HTTP Cookie Manager superseded by HTTP Cookie Manager
2026-08-20 15:41:06,067 WARN o.a.j.p.h.s.HTTPSamplerBase: Existing CookieManager HTTP Cookie Manager superseded by HTTP Cookie Manager
2026-08-20 15:41:06,140 WARN o.a.j.p.h.s.HTTPSamplerBase: Existing CookieManager HTTP Cookie Manager superseded by HTTP Cookie Manager
2026-08-20 15:41:06,179 WARN o.a.j.p.h.s.HTTPSamplerBase: Existing CookieManager HTTP Cookie Manager superseded by HTTP Cookie Manager
2026-08-20 15:41:06,188 WARN o.a.j.p.h.s.HTTPSamplerBase: Existing CookieManager HTTP Cookie Manager superseded by HTTP Cookie Manager
2026-08-20 15:41:06,192 WARN o.a.j.p.h.s.HTTPSamplerBase: Existing CookieManager HTTP Cookie Manager superseded by HTTP Cookie Manager
2026-08-20 15:41:06,193 WARN o.a.j.p.h.s.HTTPSamplerBase: Existing CookieManager HTTP Cookie Manager superseded by HTTP Cookie Manager
2026-08-20 15:41:06,193 WARN o.a.j.p.h.s.HTTPSamplerBase: Existing CookieManager HTTP Cookie Manager superseded by HTTP Cookie Manager
2026-08-20 15:41:06,196 WARN o.a.j.p.h.s.HTTPSamplerBase: Existing CookieManager HTTP Cookie Manager superseded by HTTP Cookie Manager
2026-08-20 15:41:06,196 WARN o.a.j.p.h.s.HTTPSamplerBase: Existing CookieManager HTTP Cookie Manager superseded by HTTP Cookie Manager
2026-08-20 15:41:06,278 WARN o.a.j.p.h.s.HTTPSamplerBase: Existing CookieManager HTTP Cookie Manager superseded by HTTP Cookie Manager
2026-08-20 15:41:06,399 WARN o.a.j.p.h.s.HTTPSamplerBase: Existing CookieManager HTTP Cookie Manager superseded by HTTP Cookie Manager
2026-08-20 15:41:06,429 WARN o.a.j.p.h.s.HTTPSamplerBase: Existing CookieManager HTTP Cookie Manager superseded by HTTP Cookie Manager
2026-08-20 15:41:06,433 WARN o.a.j.p.h.s.HTTPSamplerBase: Existing CookieManager HTTP Cookie Manager superseded by HTTP Cookie Manager
2026-08-20 15:41:06,453 WARN o.a.j.p.h.s.HTTPSamplerBase: Existing CookieManager HTTP Cookie Manager superseded by HTTP Cookie Manager
2026-08-20 15:41:06,470 WARN o.a.j.p.h.s.HTTPSamplerBase: Existing CookieManager HTTP Cookie Manager superseded by HTTP Cookie Manager
2026-08-20 15:41:06,568 WARN o.a.j.p.h.s.HTTPSamplerBase: Existing CookieManager HTTP Cookie Manager superseded by HTTP Cookie Manager
2026-08-20 15:41:06,573 WARN o.a.j.p.h.s.HTTPSamplerBase: Existing CookieManager HTTP Cookie Manager superseded by HTTP Cookie Manager
2026-08-20 15:41:06,573 WARN o.a.j.p.h.s.HTTPSamplerBase: Existing CookieManager HTTP Cookie Manager superseded by HTTP Cookie Manager
2026-08-20 15:41:06,620 WARN o.a.j.p.h.s.HTTPSamplerBase: Existing CookieManager HTTP Cookie Manager superseded by HTTP Cookie Manager
2026-08-20 15:41:06,667 WARN o.a.j.p.h.s.HTTPSamplerBase: Existing CookieManager HTTP Cookie Manager superseded by HTTP Cookie Manager
2026-08-20 15:41:06,733 WARN o.a.j.p.h.s.HTTPSamplerBase: Existing CookieManager HTTP Cookie Manager superseded by HTTP Cookie Manager
2026-08-20 15:41:06,738 WARN o.a.j.p.h.s.HTTPSamplerBase: Existing CookieManager HTTP Cookie Manager superseded by HTTP Cookie Manager
2026-08-20 15:41:06,753 WARN o.a.j.p.h.s.HTTPSamplerBase: Existing CookieManager HTTP Cookie Manager superseded by HTTP Cookie Manager
2026-08-20 15:41:06,754 WARN o.a.j.p.h.s.HTTPSamplerBase: Existing CookieManager HTTP Cookie Manager superseded by HTTP Cookie Manager
2026-08-20 15:41:06,754 WARN o.a.j.p.h.s.HTTPSamplerBase: Existing CookieManager HTTP Cookie Manager superseded by HTTP Cookie Manager
2026-08-20 15:41:06,765 WARN o.a.j.p.h.s.HTTPSamplerBase: Existing CookieManager HTTP Cookie Manager superseded by HTTP Cookie Manager
2026-08-20 15:41:06,774 WARN o.a.j.p.h.s.HTTPSamplerBase: Existing CookieManager HTTP Cookie Manager superseded by HTTP Cookie Manager
2026-08-20 15:41:06,820 WARN o.a.j.p.h.s.HTTPSamplerBase: Existing CookieManager HTTP Cookie Manager superseded by HTTP Cookie Manager
2026-08-20 15:41:06,845 WARN o.a.j.p.h.s.HTTPSamplerBase: Existing CookieManager HTTP Cookie Manager superseded by HTTP Cookie Manager
2026-08-20 15:41:06,856 WARN o.a.j.p.h.s.HTTPSamplerBase: Existing CookieManager HTTP Cookie Manager superseded by HTTP Cookie Manager
2026-08-20 15:41:06,916 WARN o.a.j.p.h.s.HTTPSamplerBase: Existing CookieManager HTTP Cookie Manager superseded by HTTP Cookie Manager
2026-08-20 15:41:06,940 WARN o.a.j.p.h.s.HTTPSamplerBase: Existing CookieManager HTTP Cookie Manager superseded by HTTP Cookie Manager
2026-08-20 15:41:06,953 WARN o.a.j.p.h.s.HTTPSamplerBase: Existing CookieManager HTTP Cookie Manager superseded by HTTP Cookie Manager
2026-08-20 15:41:07,117 WARN o.a.j.p.h.s.HTTPSamplerBase: Existing CookieManager HTTP Cookie Manager superseded by HTTP Cookie Manager
2026-08-20 15:41:07,127 WARN o.a.j.p.h.s.HTTPSamplerBase: Existing CookieManager HTTP Cookie Manager superseded by HTTP Cookie Manager
2026-08-20 15:41:07,139 WARN o.a.j.p.h.s.HTTPSamplerBase: Existing CookieManager HTTP Cookie Manager superseded by HTTP Cookie Manager
2026-08-20 15:41:07,165 WARN o.a.j.p.h.s.HTTPSamplerBase: Existing CookieManager HTTP Cookie Manager superseded by HTTP Cookie Manager
2026-08-20 15:41:07,192 WARN o.a.j.p.h.s.HTTPSamplerBase: Existing CookieManager HTTP Cookie Manager superseded by HTTP Cookie Manager
2026-08-20 15:41:07,195 WARN o.a.j.p.h.s.HTTPSamplerBase: Existing CookieManager HTTP Cookie Manager superseded by HTTP Cookie Manager
2026-08-20 15:41:07,250 WARN o.a.j.p.h.s.HTTPSamplerBase: Existing CookieManager HTTP Cookie Manager superseded by HTTP Cookie Manager
2026-08-20 15:41:07,250 WARN o.a.j.p.h.s.HTTPSamplerBase: Existing CookieManager HTTP Cookie Manager superseded by HTTP Cookie Manager
2026-08-20 15:41:07,264 WARN o.a.j.p.h.s.HTTPSamplerBase: Existing CookieManager HTTP Cookie Manager superseded by HTTP Cookie Manager
2026-08-20 15:41:07,266 WARN o.a.j.p.h.s.HTTPSamplerBase: Existing CookieManager HTTP Cookie Manager superseded by HTTP Cookie Manager
2026-08-20 15:41:07,294 WARN o.a.j.p.h.s.HTTPSamplerBase: Existing CookieManager HTTP Cookie Manager superseded by HTTP Cookie Manager
2026-08-20 15:41:07,295 WARN o.a.j.p.h.s.HTTPSamplerBase: Existing CookieManager HTTP Cookie Manager superseded by HTTP Cookie Manager
2026-08-20 15:41:07,296 WARN o.a.j.p.h.s.HTTPSamplerBase: Existing CookieManager HTTP Cookie Manager superseded by HTTP Cookie Manager
2026-08-20 15:41:07,296 WARN o.a.j.p.h.s.HTTPSamplerBase: Existing CookieManager HTTP Cookie Manager superseded by HTTP Cookie Manager
2026-08-20 15:41:07,412 WARN o.a.j.p.h.s.HTTPSamplerBase: Existing CookieManager HTTP Cookie Manager superseded by HTTP Cookie Manager
2026-08-20 15:41:07,488 WARN o.a.j.p.h.s.HTTPSamplerBase: Existing CookieManager HTTP Cookie Manager superseded by HTTP Cookie Manager
2026-08-20 15:41:07,497 WARN o.a.j.p.h.s.HTTPSamplerBase: Existing CookieManager HTTP Cookie Manager superseded by HTTP Cookie Manager
2026-08-20 15:41:07,514 WARN o.a.j.p.h.s.HTTPSamplerBase: Existing CookieManager HTTP Cookie Manager superseded by HTTP Cookie Manager
2026-08-20 15:41:07,562 WARN o.a.j.p.h.s.HTTPSamplerBase: Existing CookieManager HTTP Cookie Manager superseded by HTTP Cookie Manager
2026-08-20 15:41:07,612 WARN o.a.j.p.h.s.HTTPSamplerBase: Existing CookieManager HTTP Cookie Manager superseded by HTTP Cookie Manager
2026-08-20 15:41:07,632 WARN o.a.j.p.h.s.HTTPSamplerBase: Existing CookieManager HTTP Cookie Manager superseded by HTTP Cookie Manager
2026-08-20 15:41:07,650 WARN o.a.j.p.h.s.HTTPSamplerBase: Existing CookieManager HTTP Cookie Manager superseded by HTTP Cookie Manager
2026-08-20 15:41:07,675 WARN o.a.j.p.h.s.HTTPSamplerBase: Existing CookieManager HTTP Cookie Manager superseded by HTTP Cookie Manager
2026-08-20 15:41:07,718 WARN o.a.j.p.h.s.HTTPSamplerBase: Existing CookieManager HTTP Cookie Manager superseded by HTTP Cookie Manager
2026-08-20 15:41:07,731 WARN o.a.j.p.h.s.HTTPSamplerBase: Existing CookieManager HTTP Cookie Manager superseded by HTTP Cookie Manager
2026-08-20 15:41:07,829 WARN o.a.j.p.h.s.HTTPSamplerBase: Existing CookieManager HTTP Cookie Manager superseded by HTTP Cookie Manager
2026-08-20 15:41:07,836 WARN o.a.j.p.h.s.HTTPSamplerBase: Existing CookieManager HTTP Cookie Manager superseded by HTTP Cookie Manager
2026-08-20 15:41:07,836 WARN o.a.j.p.h.s.HTTPSamplerBase: Existing CookieManager HTTP Cookie Manager superseded by HTTP Cookie Manager
2026-08-20 15:41:07,854 WARN o.a.j.p.h.s.HTTPSamplerBase: Existing CookieManager HTTP Cookie Manager superseded by HTTP Cookie Manager
2026-08-20 15:41:07,864 WARN o.a.j.p.h.s.HTTPSamplerBase: Existing CookieManager HTTP Cookie Manager superseded by HTTP Cookie Manager
2026-08-20 15:41:07,864 WARN o.a.j.p.h.s.HTTPSamplerBase: Existing CookieManager HTTP Cookie Manager superseded by HTTP Cookie Manager
2026-08-20 15:41:07,902 WARN o.a.j.p.h.s.HTTPSamplerBase: Existing CookieManager HTTP Cookie Manager superseded by HTTP Cookie Manager
2026-08-20 15:41:07,963 WARN o.a.j.p.h.s.HTTPSamplerBase: Existing CookieManager HTTP Cookie Manager superseded by HTTP Cookie Manager
2026-08-20 15:41:08,005 INFO o.a.j.r.Summariser: summary +    499 in 00:00:06 =   83.5/s Avg:   190 Min:   170 Max:   359 Err:     0 (0.00%) Active: 16 Started: 16 Finished: 0
2026-08-20 15:41:08,006 INFO o.a.j.r.Summariser: summary =    930 in 00:00:14 =   66.2/s Avg:   204 Min:   170 Max:  2032 Err:     0 (0.00%)
2026-08-20 15:41:08,014 WARN o.a.j.p.h.s.HTTPSamplerBase: Existing CookieManager HTTP Cookie Manager superseded by HTTP Cookie Manager
2026-08-20 15:41:08,018 WARN o.a.j.p.h.s.HTTPSamplerBase: Existing CookieManager HTTP Cookie Manager superseded by HTTP Cookie Manager
2026-08-20 15:41:08,030 WARN o.a.j.p.h.s.HTTPSamplerBase: Existing CookieManager HTTP Cookie Manager superseded by HTTP Cookie Manager
2026-08-20 15:41:08,040 WARN o.a.j.p.h.s.HTTPSamplerBase: Existing CookieManager HTTP Cookie Manager superseded by HTTP Cookie Manager
2026-08-20 15:41:08,048 WARN o.a.j.p.h.s.HTTPSamplerBase: Existing CookieManager HTTP Cookie Manager superseded by HTTP Cookie Manager
2026-08-20 15:41:08,197 WARN o.a.j.p.h.s.HTTPSamplerBase: Existing CookieManager HTTP Cookie Manager superseded by HTTP Cookie Manager
2026-08-20 15:41:08,206 WARN o.a.j.p.h.s.HTTPSamplerBase: Existing CookieManager HTTP Cookie Manager superseded by HTTP Cookie Manager
2026-08-20 15:41:08,256 WARN o.a.j.p.h.s.HTTPSamplerBase: Existing CookieManager HTTP Cookie Manager superseded by HTTP Cookie Manager
2026-08-20 15:41:08,266 WARN o.a.j.p.h.s.HTTPSamplerBase: Existing CookieManager HTTP Cookie Manager superseded by HTTP Cookie Manager
2026-08-20 15:41:08,318 WARN o.a.j.p.h.s.HTTPSamplerBase: Existing CookieManager HTTP Cookie Manager superseded by HTTP Cookie Manager
2026-08-20 15:41:08,333 WARN o.a.j.p.h.s.HTTPSamplerBase: Existing CookieManager HTTP Cookie Manager superseded by HTTP Cookie Manager
2026-08-20 15:41:08,356 WARN o.a.j.p.h.s.HTTPSamplerBase: Existing CookieManager HTTP Cookie Manager superseded by HTTP Cookie Manager
2026-08-20 15:41:08,369 WARN o.a.j.p.h.s.HTTPSamplerBase: Existing CookieManager HTTP Cookie Manager superseded by HTTP Cookie Manager
2026-08-20 15:41:08,369 WARN o.a.j.p.h.s.HTTPSamplerBase: Existing CookieManager HTTP Cookie Manager superseded by HTTP Cookie Manager
2026-08-20 15:41:08,386 WARN o.a.j.p.h.s.HTTPSamplerBase: Existing CookieManager HTTP Cookie Manager superseded by HTTP Cookie Manager
2026-08-20 15:41:08,398 WARN o.a.j.p.h.s.HTTPSamplerBase: Existing CookieManager HTTP Cookie Manager superseded by HTTP Cookie Manager
2026-08-20 15:41:08,416 WARN o.a.j.p.h.s.HTTPSamplerBase: Existing CookieManager HTTP Cookie Manager superseded by HTTP Cookie Manager
2026-08-20 15:41:08,418 WARN o.a.j.p.h.s.HTTPSamplerBase: Existing CookieManager HTTP Cookie Manager superseded by HTTP Cookie Manager
2026-08-20 15:41:08,436 WARN o.a.j.p.h.s.HTTPSamplerBase: Existing CookieManager HTTP Cookie Manager superseded by HTTP Cookie Manager
2026-08-20 15:41:08,560 WARN o.a.j.p.h.s.HTTPSamplerBase: Existing CookieManager HTTP Cookie Manager superseded by HTTP Cookie Manager
2026-08-20 15:41:08,560 WARN o.a.j.p.h.s.HTTPSamplerBase: Existing CookieManager HTTP Cookie Manager superseded by HTTP Cookie Manager
2026-08-20 15:41:08,647 WARN o.a.j.p.h.s.HTTPSamplerBase: Existing CookieManager HTTP Cookie Manager superseded by HTTP Cookie Manager
2026-08-20 15:41:08,657 WARN o.a.j.p.h.s.HTTPSamplerBase: Existing CookieManager HTTP Cookie Manager superseded by HTTP Cookie Manager
2026-08-20 15:41:08,708 WARN o.a.j.p.h.s.HTTPSamplerBase: Existing CookieManager HTTP Cookie Manager superseded by HTTP Cookie Manager
2026-08-20 15:41:08,729 WARN o.a.j.p.h.s.HTTPSamplerBase: Existing CookieManager HTTP Cookie Manager superseded by HTTP Cookie Manager
2026-08-20 15:41:08,743 WARN o.a.j.p.h.s.HTTPSamplerBase: Existing CookieManager HTTP Cookie Manager superseded by HTTP Cookie Manager
2026-08-20 15:41:08,821 WARN o.a.j.p.h.s.HTTPSamplerBase: Existing CookieManager HTTP Cookie Manager superseded by HTTP Cookie Manager
2026-08-20 15:41:08,821 WARN o.a.j.p.h.s.HTTPSamplerBase: Existing CookieManager HTTP Cookie Manager superseded by HTTP Cookie Manager
2026-08-20 15:41:08,882 WARN o.a.j.p.h.s.HTTPSamplerBase: Existing CookieManager HTTP Cookie Manager superseded by HTTP Cookie Manager
2026-08-20 15:41:08,882 WARN o.a.j.p.h.s.HTTPSamplerBase: Existing CookieManager HTTP Cookie Manager superseded by HTTP Cookie Manager
2026-08-20 15:41:08,937 WARN o.a.j.p.h.s.HTTPSamplerBase: Existing CookieManager HTTP Cookie Manager superseded by HTTP Cookie Manager
2026-08-20 15:41:08,937 WARN o.a.j.p.h.s.HTTPSamplerBase: Existing CookieManager HTTP Cookie Manager superseded by HTTP Cookie Manager
2026-08-20 15:41:08,938 WARN o.a.j.p.h.s.HTTPSamplerBase: Existing CookieManager HTTP Cookie Manager superseded by HTTP Cookie Manager
2026-08-20 15:41:08,939 WARN o.a.j.p.h.s.HTTPSamplerBase: Existing CookieManager HTTP Cookie Manager superseded by HTTP Cookie Manager
2026-08-20 15:41:09,040 WARN o.a.j.p.h.s.HTTPSamplerBase: Existing CookieManager HTTP Cookie Manager superseded by HTTP Cookie Manager
2026-08-20 15:41:09,042 WARN o.a.j.p.h.s.HTTPSamplerBase: Existing CookieManager HTTP Cookie Manager superseded by HTTP Cookie Manager
2026-08-20 15:41:09,043 WARN o.a.j.p.h.s.HTTPSamplerBase: Existing CookieManager HTTP Cookie Manager superseded by HTTP Cookie Manager
2026-08-20 15:41:09,102 WARN o.a.j.p.h.s.HTTPSamplerBase: Existing CookieManager HTTP Cookie Manager superseded by HTTP Cookie Manager
2026-08-20 15:41:09,127 WARN o.a.j.p.h.s.HTTPSamplerBase: Existing CookieManager HTTP Cookie Manager superseded by HTTP Cookie Manager
2026-08-20 15:41:09,128 WARN o.a.j.p.h.s.HTTPSamplerBase: Existing CookieManager HTTP Cookie Manager superseded by HTTP Cookie Manager
2026-08-20 15:41:09,228 WARN o.a.j.p.h.s.HTTPSamplerBase: Existing CookieManager HTTP Cookie Manager superseded by HTTP Cookie Manager
2026-08-20 15:41:09,266 WARN o.a.j.p.h.s.HTTPSamplerBase: Existing CookieManager HTTP Cookie Manager superseded by HTTP Cookie Manager
2026-08-20 15:41:09,268 WARN o.a.j.p.h.s.HTTPSamplerBase: Existing CookieManager HTTP Cookie Manager superseded by HTTP Cookie Manager
2026-08-20 15:41:09,307 WARN o.a.j.p.h.s.HTTPSamplerBase: Existing CookieManager HTTP Cookie Manager superseded by HTTP Cookie Manager
2026-08-20 15:41:09,312 WARN o.a.j.p.h.s.HTTPSamplerBase: Existing CookieManager HTTP Cookie Manager superseded by HTTP Cookie Manager
2026-08-20 15:41:09,393 WARN o.a.j.p.h.s.HTTPSamplerBase: Existing CookieManager HTTP Cookie Manager superseded by HTTP Cookie Manager
2026-08-20 15:41:09,414 WARN o.a.j.p.h.s.HTTPSamplerBase: Existing CookieManager HTTP Cookie Manager superseded by HTTP Cookie Manager
2026-08-20 15:41:09,447 WARN o.a.j.p.h.s.HTTPSamplerBase: Existing CookieManager HTTP Cookie Manager superseded by HTTP Cookie Manager
2026-08-20 15:41:09,500 WARN o.a.j.p.h.s.HTTPSamplerBase: Existing CookieManager HTTP Cookie Manager superseded by HTTP Cookie Manager
2026-08-20 15:41:09,504 WARN o.a.j.p.h.s.HTTPSamplerBase: Existing CookieManager HTTP Cookie Manager superseded by HTTP Cookie Manager
2026-08-20 15:41:09,504 WARN o.a.j.p.h.s.HTTPSamplerBase: Existing CookieManager HTTP Cookie Manager superseded by HTTP Cookie Manager
2026-08-20 15:41:09,504 WARN o.a.j.p.h.s.HTTPSamplerBase: Existing CookieManager HTTP Cookie Manager superseded by HTTP Cookie Manager
2026-08-20 15:41:09,505 WARN o.a.j.p.h.s.HTTPSamplerBase: Existing CookieManager HTTP Cookie Manager superseded by HTTP Cookie Manager
2026-08-20 15:41:09,573 WARN o.a.j.p.h.s.HTTPSamplerBase: Existing CookieManager HTTP Cookie Manager superseded by HTTP Cookie Manager
2026-08-20 15:41:09,577 WARN o.a.j.p.h.s.HTTPSamplerBase: Existing CookieManager HTTP Cookie Manager superseded by HTTP Cookie Manager
2026-08-20 15:41:09,587 WARN o.a.j.p.h.s.HTTPSamplerBase: Existing CookieManager HTTP Cookie Manager superseded by HTTP Cookie Manager
2026-08-20 15:41:09,660 WARN o.a.j.p.h.s.HTTPSamplerBase: Existing CookieManager HTTP Cookie Manager superseded by HTTP Cookie Manager
2026-08-20 15:41:09,660 WARN o.a.j.p.h.s.HTTPSamplerBase: Existing CookieManager HTTP Cookie Manager superseded by HTTP Cookie Manager
2026-08-20 15:41:09,677 WARN o.a.j.p.h.s.HTTPSamplerBase: Existing CookieManager HTTP Cookie Manager superseded by HTTP Cookie Manager
2026-08-20 15:41:09,785 WARN o.a.j.p.h.s.HTTPSamplerBase: Existing CookieManager HTTP Cookie Manager superseded by HTTP Cookie Manager
2026-08-20 15:41:09,832 WARN o.a.j.p.h.s.HTTPSamplerBase: Existing CookieManager HTTP Cookie Manager superseded by HTTP Cookie Manager
2026-08-20 15:41:09,860 WARN o.a.j.p.h.s.HTTPSamplerBase: Existing CookieManager HTTP Cookie Manager superseded by HTTP Cookie Manager
2026-08-20 15:41:09,876 WARN o.a.j.p.h.s.HTTPSamplerBase: Existing CookieManager HTTP Cookie Manager superseded by HTTP Cookie Manager
2026-08-20 15:41:09,883 WARN o.a.j.p.h.s.HTTPSamplerBase: Existing CookieManager HTTP Cookie Manager superseded by HTTP Cookie Manager
2026-08-20 15:41:09,933 WARN o.a.j.p.h.s.HTTPSamplerBase: Existing CookieManager HTTP Cookie Manager superseded by HTTP Cookie Manager
2026-08-20 15:41:09,959 WARN o.a.j.p.h.s.HTTPSamplerBase: Existing CookieManager HTTP Cookie Manager superseded by HTTP Cookie Manager
2026-08-20 15:41:09,970 WARN o.a.j.p.h.s.HTTPSamplerBase: Existing CookieManager HTTP Cookie Manager superseded by HTTP Cookie Manager
2026-08-20 15:41:10,026 WARN o.a.j.p.h.s.HTTPSamplerBase: Existing CookieManager HTTP Cookie Manager superseded by HTTP Cookie Manager
2026-08-20 15:41:10,026 WARN o.a.j.p.h.s.HTTPSamplerBase: Existing CookieManager HTTP Cookie Manager superseded by HTTP Cookie Manager
2026-08-20 15:41:10,035 WARN o.a.j.p.h.s.HTTPSamplerBase: Existing CookieManager HTTP Cookie Manager superseded by HTTP Cookie Manager
2026-08-20 15:41:10,040 WARN o.a.j.p.h.s.HTTPSamplerBase: Existing CookieManager HTTP Cookie Manager superseded by HTTP Cookie Manager
2026-08-20 15:41:10,054 WARN o.a.j.p.h.s.HTTPSamplerBase: Existing CookieManager HTTP Cookie Manager superseded by HTTP Cookie Manager
2026-08-20 15:41:10,114 WARN o.a.j.p.h.s.HTTPSamplerBase: Existing CookieManager HTTP Cookie Manager superseded by HTTP Cookie Manager
2026-08-20 15:41:10,117 WARN o.a.j.p.h.s.HTTPSamplerBase: Existing CookieManager HTTP Cookie Manager superseded by HTTP Cookie Manager
2026-08-20 15:41:10,166 WARN o.a.j.p.h.s.HTTPSamplerBase: Existing CookieManager HTTP Cookie Manager superseded by HTTP Cookie Manager
2026-08-20 15:41:10,183 WARN o.a.j.p.h.s.HTTPSamplerBase: Existing CookieManager HTTP Cookie Manager superseded by HTTP Cookie Manager
2026-08-20 15:41:10,209 WARN o.a.j.p.h.s.HTTPSamplerBase: Existing CookieManager HTTP Cookie Manager superseded by HTTP Cookie Manager
2026-08-20 15:41:10,248 WARN o.a.j.p.h.s.HTTPSamplerBase: Existing CookieManager HTTP Cookie Manager superseded by HTTP Cookie Manager
2026-08-20 15:41:10,327 WARN o.a.j.p.h.s.HTTPSamplerBase: Existing CookieManager HTTP Cookie Manager superseded by HTTP Cookie Manager
2026-08-20 15:41:10,372 WARN o.a.j.p.h.s.HTTPSamplerBase: Existing CookieManager HTTP Cookie Manager superseded by HTTP Cookie Manager
2026-08-20 15:41:10,397 WARN o.a.j.p.h.s.HTTPSamplerBase: Existing CookieManager HTTP Cookie Manager superseded by HTTP Cookie Manager
2026-08-20 15:41:10,425 WARN o.a.j.p.h.s.HTTPSamplerBase: Existing CookieManager HTTP Cookie Manager superseded by HTTP Cookie Manager
2026-08-20 15:41:10,437 WARN o.a.j.p.h.s.HTTPSamplerBase: Existing CookieManager HTTP Cookie Manager superseded by HTTP Cookie Manager
2026-08-20 15:41:10,459 WARN o.a.j.p.h.s.HTTPSamplerBase: Existing CookieManager HTTP Cookie Manager superseded by HTTP Cookie Manager
2026-08-20 15:41:10,510 WARN o.a.j.p.h.s.HTTPSamplerBase: Existing CookieManager HTTP Cookie Manager superseded by HTTP Cookie Manager
2026-08-20 15:41:10,533 WARN o.a.j.p.h.s.HTTPSamplerBase: Existing CookieManager HTTP Cookie Manager superseded by HTTP Cookie Manager
2026-08-20 15:41:10,558 WARN o.a.j.p.h.s.HTTPSamplerBase: Existing CookieManager HTTP Cookie Manager superseded by HTTP Cookie Manager
2026-08-20 15:41:10,558 WARN o.a.j.p.h.s.HTTPSamplerBase: Existing CookieManager HTTP Cookie Manager superseded by HTTP Cookie Manager
2026-08-20 15:41:10,560 WARN o.a.j.p.h.s.HTTPSamplerBase: Existing CookieManager HTTP Cookie Manager superseded by HTTP Cookie Manager
2026-08-20 15:41:10,608 WARN o.a.j.p.h.s.HTTPSamplerBase: Existing CookieManager HTTP Cookie Manager superseded by HTTP Cookie Manager
2026-08-20 15:41:10,618 WARN o.a.j.p.h.s.HTTPSamplerBase: Existing CookieManager HTTP Cookie Manager superseded by HTTP Cookie Manager
2026-08-20 15:41:10,644 WARN o.a.j.p.h.s.HTTPSamplerBase: Existing CookieManager HTTP Cookie Manager superseded by HTTP Cookie Manager
2026-08-20 15:41:10,658 WARN o.a.j.p.h.s.HTTPSamplerBase: Existing CookieManager HTTP Cookie Manager superseded by HTTP Cookie Manager
2026-08-20 15:41:10,689 WARN o.a.j.p.h.s.HTTPSamplerBase: Existing CookieManager HTTP Cookie Manager superseded by HTTP Cookie Manager
2026-08-20 15:41:10,722 WARN o.a.j.p.h.s.HTTPSamplerBase: Existing CookieManager HTTP Cookie Manager superseded by HTTP Cookie Manager
2026-08-20 15:41:10,757 WARN o.a.j.p.h.s.HTTPSamplerBase: Existing CookieManager HTTP Cookie Manager superseded by HTTP Cookie Manager
2026-08-20 15:41:10,847 WARN o.a.j.p.h.s.HTTPSamplerBase: Existing CookieManager HTTP Cookie Manager superseded by HTTP Cookie Manager
2026-08-20 15:41:10,943 WARN o.a.j.p.h.s.HTTPSamplerBase: Existing CookieManager HTTP Cookie Manager superseded by HTTP Cookie Manager
2026-08-20 15:41:10,961 WARN o.a.j.p.h.s.HTTPSamplerBase: Existing CookieManager HTTP Cookie Manager superseded by HTTP Cookie Manager
2026-08-20 15:41:10,995 WARN o.a.j.p.h.s.HTTPSamplerBase: Existing CookieManager HTTP Cookie Manager superseded by HTTP Cookie Manager
2026-08-20 15:41:11,000 WARN o.a.j.p.h.s.HTTPSamplerBase: Existing CookieManager HTTP Cookie Manager superseded by HTTP Cookie Manager
2026-08-20 15:41:11,012 WARN o.a.j.p.h.s.HTTPSamplerBase: Existing CookieManager HTTP Cookie Manager superseded by HTTP Cookie Manager
2026-08-20 15:41:11,013 WARN o.a.j.p.h.s.HTTPSamplerBase: Existing CookieManager HTTP Cookie Manager superseded by HTTP Cookie Manager
2026-08-20 15:41:11,096 WARN o.a.j.p.h.s.HTTPSamplerBase: Existing CookieManager HTTP Cookie Manager superseded by HTTP Cookie Manager
2026-08-20 15:41:11,097 WARN o.a.j.p.h.s.HTTPSamplerBase: Existing CookieManager HTTP Cookie Manager superseded by HTTP Cookie Manager
2026-08-20 15:41:11,109 WARN o.a.j.p.h.s.HTTPSamplerBase: Existing CookieManager HTTP Cookie Manager superseded by HTTP Cookie Manager
2026-08-20 15:41:11,110 WARN o.a.j.p.h.s.HTTPSamplerBase: Existing CookieManager HTTP Cookie Manager superseded by HTTP Cookie Manager
2026-08-20 15:41:11,172 WARN o.a.j.p.h.s.HTTPSamplerBase: Existing CookieManager HTTP Cookie Manager superseded by HTTP Cookie Manager
2026-08-20 15:41:11,182 WARN o.a.j.p.h.s.HTTPSamplerBase: Existing CookieManager HTTP Cookie Manager superseded by HTTP Cookie Manager
2026-08-20 15:41:11,241 WARN o.a.j.p.h.s.HTTPSamplerBase: Existing CookieManager HTTP Cookie Manager superseded by HTTP Cookie Manager
2026-08-20 15:41:11,285 WARN o.a.j.p.h.s.HTTPSamplerBase: Existing CookieManager HTTP Cookie Manager superseded by HTTP Cookie Manager
2026-08-20 15:41:11,296 WARN o.a.j.p.h.s.HTTPSamplerBase: Existing CookieManager HTTP Cookie Manager superseded by HTTP Cookie Manager
2026-08-20 15:41:11,344 WARN o.a.j.p.h.s.HTTPSamplerBase: Existing CookieManager HTTP Cookie Manager superseded by HTTP Cookie Manager
2026-08-20 15:41:11,350 WARN o.a.j.p.h.s.HTTPSamplerBase: Existing CookieManager HTTP Cookie Manager superseded by HTTP Cookie Manager
2026-08-20 15:41:11,375 WARN o.a.j.p.h.s.HTTPSamplerBase: Existing CookieManager HTTP Cookie Manager superseded by HTTP Cookie Manager
2026-08-20 15:41:11,431 WARN o.a.j.p.h.s.HTTPSamplerBase: Existing CookieManager HTTP Cookie Manager superseded by HTTP Cookie Manager
2026-08-20 15:41:11,464 WARN o.a.j.p.h.s.HTTPSamplerBase: Existing CookieManager HTTP Cookie Manager superseded by HTTP Cookie Manager
2026-08-20 15:41:11,464 WARN o.a.j.p.h.s.HTTPSamplerBase: Existing CookieManager HTTP Cookie Manager superseded by HTTP Cookie Manager
2026-08-20 15:41:11,545 WARN o.a.j.p.h.s.HTTPSamplerBase: Existing CookieManager HTTP Cookie Manager superseded by HTTP Cookie Manager
2026-08-20 15:41:11,593 WARN o.a.j.p.h.s.HTTPSamplerBase: Existing CookieManager HTTP Cookie Manager superseded by HTTP Cookie Manager
2026-08-20 15:41:11,632 WARN o.a.j.p.h.s.HTTPSamplerBase: Existing CookieManager HTTP Cookie Manager superseded by HTTP Cookie Manager
2026-08-20 15:41:11,639 WARN o.a.j.p.h.s.HTTPSamplerBase: Existing CookieManager HTTP Cookie Manager superseded by HTTP Cookie Manager
2026-08-20 15:41:11,660 WARN o.a.j.p.h.s.HTTPSamplerBase: Existing CookieManager HTTP Cookie Manager superseded by HTTP Cookie Manager
2026-08-20 15:41:11,725 WARN o.a.j.p.h.s.HTTPSamplerBase: Existing CookieManager HTTP Cookie Manager superseded by HTTP Cookie Manager
2026-08-20 15:41:11,726 WARN o.a.j.p.h.s.HTTPSamplerBase: Existing CookieManager HTTP Cookie Manager superseded by HTTP Cookie Manager
2026-08-20 15:41:11,726 WARN o.a.j.p.h.s.HTTPSamplerBase: Existing CookieManager HTTP Cookie Manager superseded by HTTP Cookie Manager
2026-08-20 15:41:11,755 WARN o.a.j.p.h.s.HTTPSamplerBase: Existing CookieManager HTTP Cookie Manager superseded by HTTP Cookie Manager
2026-08-20 15:41:11,761 WARN o.a.j.p.h.s.HTTPSamplerBase: Existing CookieManager HTTP Cookie Manager superseded by HTTP Cookie Manager
2026-08-20 15:41:11,800 WARN o.a.j.p.h.s.HTTPSamplerBase: Existing CookieManager HTTP Cookie Manager superseded by HTTP Cookie Manager
2026-08-20 15:41:11,808 WARN o.a.j.p.h.s.HTTPSamplerBase: Existing CookieManager HTTP Cookie Manager superseded by HTTP Cookie Manager
2026-08-20 15:41:11,811 WARN o.a.j.p.h.s.HTTPSamplerBase: Existing CookieManager HTTP Cookie Manager superseded by HTTP Cookie Manager
2026-08-20 15:41:11,842 WARN o.a.j.p.h.s.HTTPSamplerBase: Existing CookieManager HTTP Cookie Manager superseded by HTTP Cookie Manager
2026-08-20 15:41:11,845 WARN o.a.j.p.h.s.HTTPSamplerBase: Existing CookieManager HTTP Cookie Manager superseded by HTTP Cookie Manager
2026-08-20 15:41:11,902 WARN o.a.j.p.h.s.HTTPSamplerBase: Existing CookieManager HTTP Cookie Manager superseded by HTTP Cookie Manager
2026-08-20 15:41:12,076 WARN o.a.j.p.h.s.HTTPSamplerBase: Existing CookieManager HTTP Cookie Manager superseded by HTTP Cookie Manager
2026-08-20 15:41:12,082 WARN o.a.j.p.h.s.HTTPSamplerBase: Existing CookieManager HTTP Cookie Manager superseded by HTTP Cookie Manager
2026-08-20 15:41:12,122 WARN o.a.j.p.h.s.HTTPSamplerBase: Existing CookieManager HTTP Cookie Manager superseded by HTTP Cookie Manager
2026-08-20 15:41:12,126 WARN o.a.j.p.h.s.HTTPSamplerBase: Existing CookieManager HTTP Cookie Manager superseded by HTTP Cookie Manager
2026-08-20 15:41:12,135 WARN o.a.j.p.h.s.HTTPSamplerBase: Existing CookieManager HTTP Cookie Manager superseded by HTTP Cookie Manager
2026-08-20 15:41:12,157 WARN o.a.j.p.h.s.HTTPSamplerBase: Existing CookieManager HTTP Cookie Manager superseded by HTTP Cookie Manager
2026-08-20 15:41:12,158 WARN o.a.j.p.h.s.HTTPSamplerBase: Existing CookieManager HTTP Cookie Manager superseded by HTTP Cookie Manager
2026-08-20 15:41:12,179 WARN o.a.j.p.h.s.HTTPSamplerBase: Existing CookieManager HTTP Cookie Manager superseded by HTTP Cookie Manager
2026-08-20 15:41:12,192 WARN o.a.j.p.h.s.HTTPSamplerBase: Existing CookieManager HTTP Cookie Manager superseded by HTTP Cookie Manager
2026-08-20 15:41:12,198 WARN o.a.j.p.h.s.HTTPSamplerBase: Existing CookieManager HTTP Cookie Manager superseded by HTTP Cookie Manager
2026-08-20 15:41:12,211 WARN o.a.j.p.h.s.HTTPSamplerBase: Existing CookieManager HTTP Cookie Manager superseded by HTTP Cookie Manager
2026-08-20 15:41:12,257 WARN o.a.j.p.h.s.HTTPSamplerBase: Existing CookieManager HTTP Cookie Manager superseded by HTTP Cookie Manager
2026-08-20 15:41:12,265 WARN o.a.j.p.h.s.HTTPSamplerBase: Existing CookieManager HTTP Cookie Manager superseded by HTTP Cookie Manager
2026-08-20 15:41:12,340 WARN o.a.j.p.h.s.HTTPSamplerBase: Existing CookieManager HTTP Cookie Manager superseded by HTTP Cookie Manager
2026-08-20 15:41:12,382 WARN o.a.j.p.h.s.HTTPSamplerBase: Existing CookieManager HTTP Cookie Manager superseded by HTTP Cookie Manager
2026-08-20 15:41:12,426 WARN o.a.j.p.h.s.HTTPSamplerBase: Existing CookieManager HTTP Cookie Manager superseded by HTTP Cookie Manager
2026-08-20 15:41:12,426 WARN o.a.j.p.h.s.HTTPSamplerBase: Existing CookieManager HTTP Cookie Manager superseded by HTTP Cookie Manager
2026-08-20 15:41:12,491 WARN o.a.j.p.h.s.HTTPSamplerBase: Existing CookieManager HTTP Cookie Manager superseded by HTTP Cookie Manager
2026-08-20 15:41:12,517 WARN o.a.j.p.h.s.HTTPSamplerBase: Existing CookieManager HTTP Cookie Manager superseded by HTTP Cookie Manager
2026-08-20 15:41:12,517 WARN o.a.j.p.h.s.HTTPSamplerBase: Existing CookieManager HTTP Cookie Manager superseded by HTTP Cookie Manager
2026-08-20 15:41:12,558 WARN o.a.j.p.h.s.HTTPSamplerBase: Existing CookieManager HTTP Cookie Manager superseded by HTTP Cookie Manager
2026-08-20 15:41:12,583 WARN o.a.j.p.h.s.HTTPSamplerBase: Existing CookieManager HTTP Cookie Manager superseded by HTTP Cookie Manager
2026-08-20 15:41:12,658 WARN o.a.j.p.h.s.HTTPSamplerBase: Existing CookieManager HTTP Cookie Manager superseded by HTTP Cookie Manager
2026-08-20 15:41:12,658 WARN o.a.j.p.h.s.HTTPSamplerBase: Existing CookieManager HTTP Cookie Manager superseded by HTTP Cookie Manager
2026-08-20 15:41:12,729 WARN o.a.j.p.h.s.HTTPSamplerBase: Existing CookieManager HTTP Cookie Manager superseded by HTTP Cookie Manager
2026-08-20 15:41:12,743 WARN o.a.j.p.h.s.HTTPSamplerBase: Existing CookieManager HTTP Cookie Manager superseded by HTTP Cookie Manager
2026-08-20 15:41:12,808 WARN o.a.j.p.h.s.HTTPSamplerBase: Existing CookieManager HTTP Cookie Manager superseded by HTTP Cookie Manager
2026-08-20 15:41:12,819 WARN o.a.j.p.h.s.HTTPSamplerBase: Existing CookieManager HTTP Cookie Manager superseded by HTTP Cookie Manager
2026-08-20 15:41:12,819 WARN o.a.j.p.h.s.HTTPSamplerBase: Existing CookieManager HTTP Cookie Manager superseded by HTTP Cookie Manager
2026-08-20 15:41:12,864 WARN o.a.j.p.h.s.HTTPSamplerBase: Existing CookieManager HTTP Cookie Manager superseded by HTTP Cookie Manager
2026-08-20 15:41:12,906 WARN o.a.j.p.h.s.HTTPSamplerBase: Existing CookieManager HTTP Cookie Manager superseded by HTTP Cookie Manager
2026-08-20 15:41:12,934 WARN o.a.j.p.h.s.HTTPSamplerBase: Existing CookieManager HTTP Cookie Manager superseded by HTTP Cookie Manager
2026-08-20 15:41:12,934 WARN o.a.j.p.h.s.HTTPSamplerBase: Existing CookieManager HTTP Cookie Manager superseded by HTTP Cookie Manager
2026-08-20 15:41:12,934 WARN o.a.j.p.h.s.HTTPSamplerBase: Existing CookieManager HTTP Cookie Manager superseded by HTTP Cookie Manager
2026-08-20 15:41:12,935 WARN o.a.j.p.h.s.HTTPSamplerBase: Existing CookieManager HTTP Cookie Manager superseded by HTTP Cookie Manager
2026-08-20 15:41:12,941 WARN o.a.j.p.h.s.HTTPSamplerBase: Existing CookieManager HTTP Cookie Manager superseded by HTTP Cookie Manager
2026-08-20 15:41:12,995 WARN o.a.j.p.h.s.HTTPSamplerBase: Existing CookieManager HTTP Cookie Manager superseded by HTTP Cookie Manager
2026-08-20 15:41:12,995 WARN o.a.j.p.h.s.HTTPSamplerBase: Existing CookieManager HTTP Cookie Manager superseded by HTTP Cookie Manager
2026-08-20 15:41:13,180 WARN o.a.j.p.h.s.HTTPSamplerBase: Existing CookieManager HTTP Cookie Manager superseded by HTTP Cookie Manager
2026-08-20 15:41:13,223 WARN o.a.j.p.h.s.HTTPSamplerBase: Existing CookieManager HTTP Cookie Manager superseded by HTTP Cookie Manager
2026-08-20 15:41:13,227 WARN o.a.j.p.h.s.HTTPSamplerBase: Existing CookieManager HTTP Cookie Manager superseded by HTTP Cookie Manager
2026-08-20 15:41:13,263 WARN o.a.j.p.h.s.HTTPSamplerBase: Existing CookieManager HTTP Cookie Manager superseded by HTTP Cookie Manager
2026-08-20 15:41:13,275 WARN o.a.j.p.h.s.HTTPSamplerBase: Existing CookieManager HTTP Cookie Manager superseded by HTTP Cookie Manager
2026-08-20 15:41:13,289 WARN o.a.j.p.h.s.HTTPSamplerBase: Existing CookieManager HTTP Cookie Manager superseded by HTTP Cookie Manager
2026-08-20 15:41:13,297 WARN o.a.j.p.h.s.HTTPSamplerBase: Existing CookieManager HTTP Cookie Manager superseded by HTTP Cookie Manager
2026-08-20 15:41:13,299 WARN o.a.j.p.h.s.HTTPSamplerBase: Existing CookieManager HTTP Cookie Manager superseded by HTTP Cookie Manager
2026-08-20 15:41:13,362 WARN o.a.j.p.h.s.HTTPSamplerBase: Existing CookieManager HTTP Cookie Manager superseded by HTTP Cookie Manager
2026-08-20 15:41:13,362 WARN o.a.j.p.h.s.HTTPSamplerBase: Existing CookieManager HTTP Cookie Manager superseded by HTTP Cookie Manager
2026-08-20 15:41:13,370 WARN o.a.j.p.h.s.HTTPSamplerBase: Existing CookieManager HTTP Cookie Manager superseded by HTTP Cookie Manager
2026-08-20 15:41:13,395 WARN o.a.j.p.h.s.HTTPSamplerBase: Existing CookieManager HTTP Cookie Manager superseded by HTTP Cookie Manager
2026-08-20 15:41:13,398 WARN o.a.j.p.h.s.HTTPSamplerBase: Existing CookieManager HTTP Cookie Manager superseded by HTTP Cookie Manager
2026-08-20 15:41:13,472 WARN o.a.j.p.h.s.HTTPSamplerBase: Existing CookieManager HTTP Cookie Manager superseded by HTTP Cookie Manager
2026-08-20 15:41:13,475 WARN o.a.j.p.h.s.HTTPSamplerBase: Existing CookieManager HTTP Cookie Manager superseded by HTTP Cookie Manager
2026-08-20 15:41:13,522 WARN o.a.j.p.h.s.HTTPSamplerBase: Existing CookieManager HTTP Cookie Manager superseded by HTTP Cookie Manager
2026-08-20 15:41:13,571 WARN o.a.j.p.h.s.HTTPSamplerBase: Existing CookieManager HTTP Cookie Manager superseded by HTTP Cookie Manager
2026-08-20 15:41:13,655 WARN o.a.j.p.h.s.HTTPSamplerBase: Existing CookieManager HTTP Cookie Manager superseded by HTTP Cookie Manager
2026-08-20 15:41:13,655 WARN o.a.j.p.h.s.HTTPSamplerBase: Existing CookieManager HTTP Cookie Manager superseded by HTTP Cookie Manager
2026-08-20 15:41:13,699 WARN o.a.j.p.h.s.HTTPSamplerBase: Existing CookieManager HTTP Cookie Manager superseded by HTTP Cookie Manager
2026-08-20 15:41:13,756 WARN o.a.j.p.h.s.HTTPSamplerBase: Existing CookieManager HTTP Cookie Manager superseded by HTTP Cookie Manager
2026-08-20 15:41:13,767 WARN o.a.j.p.h.s.HTTPSamplerBase: Existing CookieManager HTTP Cookie Manager superseded by HTTP Cookie Manager
2026-08-20 15:41:13,769 WARN o.a.j.p.h.s.HTTPSamplerBase: Existing CookieManager HTTP Cookie Manager superseded by HTTP Cookie Manager
2026-08-20 15:41:13,772 WARN o.a.j.p.h.s.HTTPSamplerBase: Existing CookieManager HTTP Cookie Manager superseded by HTTP Cookie Manager
2026-08-20 15:41:13,829 WARN o.a.j.p.h.s.HTTPSamplerBase: Existing CookieManager HTTP Cookie Manager superseded by HTTP Cookie Manager
2026-08-20 15:41:13,838 WARN o.a.j.p.h.s.HTTPSamplerBase: Existing CookieManager HTTP Cookie Manager superseded by HTTP Cookie Manager
2026-08-20 15:41:13,924 WARN o.a.j.p.h.s.HTTPSamplerBase: Existing CookieManager HTTP Cookie Manager superseded by HTTP Cookie Manager
2026-08-20 15:41:13,924 WARN o.a.j.p.h.s.HTTPSamplerBase: Existing CookieManager HTTP Cookie Manager superseded by HTTP Cookie Manager
2026-08-20 15:41:13,940 WARN o.a.j.p.h.s.HTTPSamplerBase: Existing CookieManager HTTP Cookie Manager superseded by HTTP Cookie Manager
2026-08-20 15:41:13,966 WARN o.a.j.p.h.s.HTTPSamplerBase: Existing CookieManager HTTP Cookie Manager superseded by HTTP Cookie Manager
2026-08-20 15:41:14,031 INFO o.a.j.r.Summariser: summary +    515 in 00:00:06 =   85.5/s Avg:   186 Min:   170 Max:   251 Err:     0 (0.00%) Active: 16 Started: 16 Finished: 0
2026-08-20 15:41:14,032 INFO o.a.j.r.Summariser: summary =   1445 in 00:00:20 =   72.0/s Avg:   197 Min:   170 Max:  2032 Err:     0 (0.00%)
2026-08-20 15:41:14,033 WARN o.a.j.p.h.s.HTTPSamplerBase: Existing CookieManager HTTP Cookie Manager superseded by HTTP Cookie Manager
2026-08-20 15:41:14,039 WARN o.a.j.p.h.s.HTTPSamplerBase: Existing CookieManager HTTP Cookie Manager superseded by HTTP Cookie Manager
2026-08-20 15:41:14,039 WARN o.a.j.p.h.s.HTTPSamplerBase: Existing CookieManager HTTP Cookie Manager superseded by HTTP Cookie Manager
2026-08-20 15:41:14,040 WARN o.a.j.p.h.s.HTTPSamplerBase: Existing CookieManager HTTP Cookie Manager superseded by HTTP Cookie Manager
2026-08-20 15:41:14,057 WARN o.a.j.p.h.s.HTTPSamplerBase: Existing CookieManager HTTP Cookie Manager superseded by HTTP Cookie Manager
2026-08-20 15:41:14,067 WARN o.a.j.p.h.s.HTTPSamplerBase: Existing CookieManager HTTP Cookie Manager superseded by HTTP Cookie Manager
2026-08-20 15:41:14,144 WARN o.a.j.p.h.s.HTTPSamplerBase: Existing CookieManager HTTP Cookie Manager superseded by HTTP Cookie Manager
2026-08-20 15:41:14,157 WARN o.a.j.p.h.s.HTTPSamplerBase: Existing CookieManager HTTP Cookie Manager superseded by HTTP Cookie Manager
2026-08-20 15:41:14,279 WARN o.a.j.p.h.s.HTTPSamplerBase: Existing CookieManager HTTP Cookie Manager superseded by HTTP Cookie Manager
2026-08-20 15:41:14,294 WARN o.a.j.p.h.s.HTTPSamplerBase: Existing CookieManager HTTP Cookie Manager superseded by HTTP Cookie Manager
2026-08-20 15:41:14,307 WARN o.a.j.p.h.s.HTTPSamplerBase: Existing CookieManager HTTP Cookie Manager superseded by HTTP Cookie Manager
2026-08-20 15:41:14,377 WARN o.a.j.p.h.s.HTTPSamplerBase: Existing CookieManager HTTP Cookie Manager superseded by HTTP Cookie Manager
2026-08-20 15:41:14,378 WARN o.a.j.p.h.s.HTTPSamplerBase: Existing CookieManager HTTP Cookie Manager superseded by HTTP Cookie Manager
2026-08-20 15:41:14,407 WARN o.a.j.p.h.s.HTTPSamplerBase: Existing CookieManager HTTP Cookie Manager superseded by HTTP Cookie Manager
2026-08-20 15:41:14,427 WARN o.a.j.p.h.s.HTTPSamplerBase: Existing CookieManager HTTP Cookie Manager superseded by HTTP Cookie Manager
2026-08-20 15:41:14,440 WARN o.a.j.p.h.s.HTTPSamplerBase: Existing CookieManager HTTP Cookie Manager superseded by HTTP Cookie Manager
2026-08-20 15:41:14,459 WARN o.a.j.p.h.s.HTTPSamplerBase: Existing CookieManager HTTP Cookie Manager superseded by HTTP Cookie Manager
2026-08-20 15:41:14,489 WARN o.a.j.p.h.s.HTTPSamplerBase: Existing CookieManager HTTP Cookie Manager superseded by HTTP Cookie Manager
2026-08-20 15:41:14,515 WARN o.a.j.p.h.s.HTTPSamplerBase: Existing CookieManager HTTP Cookie Manager superseded by HTTP Cookie Manager
2026-08-20 15:41:14,542 WARN o.a.j.p.h.s.HTTPSamplerBase: Existing CookieManager HTTP Cookie Manager superseded by HTTP Cookie Manager
2026-08-20 15:41:14,549 WARN o.a.j.p.h.s.HTTPSamplerBase: Existing CookieManager HTTP Cookie Manager superseded by HTTP Cookie Manager
2026-08-20 15:41:14,599 WARN o.a.j.p.h.s.HTTPSamplerBase: Existing CookieManager HTTP Cookie Manager superseded by HTTP Cookie Manager
2026-08-20 15:41:14,599 WARN o.a.j.p.h.s.HTTPSamplerBase: Existing CookieManager HTTP Cookie Manager superseded by HTTP Cookie Manager
2026-08-20 15:41:14,605 WARN o.a.j.p.h.s.HTTPSamplerBase: Existing CookieManager HTTP Cookie Manager superseded by HTTP Cookie Manager
2026-08-20 15:41:14,636 WARN o.a.j.p.h.s.HTTPSamplerBase: Existing CookieManager HTTP Cookie Manager superseded by HTTP Cookie Manager
2026-08-20 15:41:14,742 WARN o.a.j.p.h.s.HTTPSamplerBase: Existing CookieManager HTTP Cookie Manager superseded by HTTP Cookie Manager
2026-08-20 15:41:14,781 WARN o.a.j.p.h.s.HTTPSamplerBase: Existing CookieManager HTTP Cookie Manager superseded by HTTP Cookie Manager
2026-08-20 15:41:14,807 WARN o.a.j.p.h.s.HTTPSamplerBase: Existing CookieManager HTTP Cookie Manager superseded by HTTP Cookie Manager
2026-08-20 15:41:14,865 WARN o.a.j.p.h.s.HTTPSamplerBase: Existing CookieManager HTTP Cookie Manager superseded by HTTP Cookie Manager
2026-08-20 15:41:14,872 WARN o.a.j.p.h.s.HTTPSamplerBase: Existing CookieManager HTTP Cookie Manager superseded by HTTP Cookie Manager
2026-08-20 15:41:14,905 WARN o.a.j.p.h.s.HTTPSamplerBase: Existing CookieManager HTTP Cookie Manager superseded by HTTP Cookie Manager
2026-08-20 15:41:14,909 WARN o.a.j.p.h.s.HTTPSamplerBase: Existing CookieManager HTTP Cookie Manager superseded by HTTP Cookie Manager
2026-08-20 15:41:14,939 WARN o.a.j.p.h.s.HTTPSamplerBase: Existing CookieManager HTTP Cookie Manager superseded by HTTP Cookie Manager
2026-08-20 15:41:14,939 WARN o.a.j.p.h.s.HTTPSamplerBase: Existing CookieManager HTTP Cookie Manager superseded by HTTP Cookie Manager
2026-08-20 15:41:14,988 WARN o.a.j.p.h.s.HTTPSamplerBase: Existing CookieManager HTTP Cookie Manager superseded by HTTP Cookie Manager
2026-08-20 15:41:14,990 WARN o.a.j.p.h.s.HTTPSamplerBase: Existing CookieManager HTTP Cookie Manager superseded by HTTP Cookie Manager
2026-08-20 15:41:15,047 WARN o.a.j.p.h.s.HTTPSamplerBase: Existing CookieManager HTTP Cookie Manager superseded by HTTP Cookie Manager
2026-08-20 15:41:15,089 WARN o.a.j.p.h.s.HTTPSamplerBase: Existing CookieManager HTTP Cookie Manager superseded by HTTP Cookie Manager
2026-08-20 15:41:15,122 WARN o.a.j.p.h.s.HTTPSamplerBase: Existing CookieManager HTTP Cookie Manager superseded by HTTP Cookie Manager
2026-08-20 15:41:15,124 WARN o.a.j.p.h.s.HTTPSamplerBase: Existing CookieManager HTTP Cookie Manager superseded by HTTP Cookie Manager
2026-08-20 15:41:15,135 WARN o.a.j.p.h.s.HTTPSamplerBase: Existing CookieManager HTTP Cookie Manager superseded by HTTP Cookie Manager
2026-08-20 15:41:15,134 WARN o.a.j.p.h.s.HTTPSamplerBase: Existing CookieManager HTTP Cookie Manager superseded by HTTP Cookie Manager
2026-08-20 15:41:15,135 WARN o.a.j.p.h.s.HTTPSamplerBase: Existing CookieManager HTTP Cookie Manager superseded by HTTP Cookie Manager
2026-08-20 15:41:15,170 WARN o.a.j.p.h.s.HTTPSamplerBase: Existing CookieManager HTTP Cookie Manager superseded by HTTP Cookie Manager
2026-08-20 15:41:15,275 WARN o.a.j.p.h.s.HTTPSamplerBase: Existing CookieManager HTTP Cookie Manager superseded by HTTP Cookie Manager
2026-08-20 15:41:15,324 WARN o.a.j.p.h.s.HTTPSamplerBase: Existing CookieManager HTTP Cookie Manager superseded by HTTP Cookie Manager
2026-08-20 15:41:15,335 WARN o.a.j.p.h.s.HTTPSamplerBase: Existing CookieManager HTTP Cookie Manager superseded by HTTP Cookie Manager
2026-08-20 15:41:15,387 WARN o.a.j.p.h.s.HTTPSamplerBase: Existing CookieManager HTTP Cookie Manager superseded by HTTP Cookie Manager
2026-08-20 15:41:15,410 WARN o.a.j.p.h.s.HTTPSamplerBase: Existing CookieManager HTTP Cookie Manager superseded by HTTP Cookie Manager
2026-08-20 15:41:15,430 WARN o.a.j.p.h.s.HTTPSamplerBase: Existing CookieManager HTTP Cookie Manager superseded by HTTP Cookie Manager
2026-08-20 15:41:15,436 WARN o.a.j.p.h.s.HTTPSamplerBase: Existing CookieManager HTTP Cookie Manager superseded by HTTP Cookie Manager
2026-08-20 15:41:15,468 WARN o.a.j.p.h.s.HTTPSamplerBase: Existing CookieManager HTTP Cookie Manager superseded by HTTP Cookie Manager
2026-08-20 15:41:15,489 WARN o.a.j.p.h.s.HTTPSamplerBase: Existing CookieManager HTTP Cookie Manager superseded by HTTP Cookie Manager
2026-08-20 15:41:15,510 WARN o.a.j.p.h.s.HTTPSamplerBase: Existing CookieManager HTTP Cookie Manager superseded by HTTP Cookie Manager
2026-08-20 15:41:15,542 WARN o.a.j.p.h.s.HTTPSamplerBase: Existing CookieManager HTTP Cookie Manager superseded by HTTP Cookie Manager
2026-08-20 15:41:15,591 WARN o.a.j.p.h.s.HTTPSamplerBase: Existing CookieManager HTTP Cookie Manager superseded by HTTP Cookie Manager
2026-08-20 15:41:15,644 WARN o.a.j.p.h.s.HTTPSamplerBase: Existing CookieManager HTTP Cookie Manager superseded by HTTP Cookie Manager
2026-08-20 15:41:15,646 WARN o.a.j.p.h.s.HTTPSamplerBase: Existing CookieManager HTTP Cookie Manager superseded by HTTP Cookie Manager
2026-08-20 15:41:15,676 WARN o.a.j.p.h.s.HTTPSamplerBase: Existing CookieManager HTTP Cookie Manager superseded by HTTP Cookie Manager
2026-08-20 15:41:15,682 WARN o.a.j.p.h.s.HTTPSamplerBase: Existing CookieManager HTTP Cookie Manager superseded by HTTP Cookie Manager
2026-08-20 15:41:15,688 WARN o.a.j.p.h.s.HTTPSamplerBase: Existing CookieManager HTTP Cookie Manager superseded by HTTP Cookie Manager
2026-08-20 15:41:15,693 WARN o.a.j.p.h.s.HTTPSamplerBase: Existing CookieManager HTTP Cookie Manager superseded by HTTP Cookie Manager
2026-08-20 15:41:15,704 WARN o.a.j.p.h.s.HTTPSamplerBase: Existing CookieManager HTTP Cookie Manager superseded by HTTP Cookie Manager
2026-08-20 15:41:15,784 WARN o.a.j.p.h.s.HTTPSamplerBase: Existing CookieManager HTTP Cookie Manager superseded by HTTP Cookie Manager
2026-08-20 15:41:15,865 WARN o.a.j.p.h.s.HTTPSamplerBase: Existing CookieManager HTTP Cookie Manager superseded by HTTP Cookie Manager
2026-08-20 15:41:15,944 WARN o.a.j.p.h.s.HTTPSamplerBase: Existing CookieManager HTTP Cookie Manager superseded by HTTP Cookie Manager
2026-08-20 15:41:15,949 WARN o.a.j.p.h.s.HTTPSamplerBase: Existing CookieManager HTTP Cookie Manager superseded by HTTP Cookie Manager
2026-08-20 15:41:15,961 WARN o.a.j.p.h.s.HTTPSamplerBase: Existing CookieManager HTTP Cookie Manager superseded by HTTP Cookie Manager
2026-08-20 15:41:15,966 WARN o.a.j.p.h.s.HTTPSamplerBase: Existing CookieManager HTTP Cookie Manager superseded by HTTP Cookie Manager
2026-08-20 15:41:15,997 WARN o.a.j.p.h.s.HTTPSamplerBase: Existing CookieManager HTTP Cookie Manager superseded by HTTP Cookie Manager
2026-08-20 15:41:16,015 WARN o.a.j.p.h.s.HTTPSamplerBase: Existing CookieManager HTTP Cookie Manager superseded by HTTP Cookie Manager
2026-08-20 15:41:16,040 WARN o.a.j.p.h.s.HTTPSamplerBase: Existing CookieManager HTTP Cookie Manager superseded by HTTP Cookie Manager
2026-08-20 15:41:16,040 WARN o.a.j.p.h.s.HTTPSamplerBase: Existing CookieManager HTTP Cookie Manager superseded by HTTP Cookie Manager
2026-08-20 15:41:16,083 WARN o.a.j.p.h.s.HTTPSamplerBase: Existing CookieManager HTTP Cookie Manager superseded by HTTP Cookie Manager
2026-08-20 15:41:16,136 WARN o.a.j.p.h.s.HTTPSamplerBase: Existing CookieManager HTTP Cookie Manager superseded by HTTP Cookie Manager
2026-08-20 15:41:16,141 WARN o.a.j.p.h.s.HTTPSamplerBase: Existing CookieManager HTTP Cookie Manager superseded by HTTP Cookie Manager
2026-08-20 15:41:16,169 WARN o.a.j.p.h.s.HTTPSamplerBase: Existing CookieManager HTTP Cookie Manager superseded by HTTP Cookie Manager
2026-08-20 15:41:16,224 WARN o.a.j.p.h.s.HTTPSamplerBase: Existing CookieManager HTTP Cookie Manager superseded by HTTP Cookie Manager
2026-08-20 15:41:16,224 WARN o.a.j.p.h.s.HTTPSamplerBase: Existing CookieManager HTTP Cookie Manager superseded by HTTP Cookie Manager
2026-08-20 15:41:16,225 WARN o.a.j.p.h.s.HTTPSamplerBase: Existing CookieManager HTTP Cookie Manager superseded by HTTP Cookie Manager
2026-08-20 15:41:16,272 WARN o.a.j.p.h.s.HTTPSamplerBase: Existing CookieManager HTTP Cookie Manager superseded by HTTP Cookie Manager
2026-08-20 15:41:16,320 WARN o.a.j.p.h.s.HTTPSamplerBase: Existing CookieManager HTTP Cookie Manager superseded by HTTP Cookie Manager
2026-08-20 15:41:16,397 WARN o.a.j.p.h.s.HTTPSamplerBase: Existing CookieManager HTTP Cookie Manager superseded by HTTP Cookie Manager
2026-08-20 15:41:16,421 WARN o.a.j.p.h.s.HTTPSamplerBase: Existing CookieManager HTTP Cookie Manager superseded by HTTP Cookie Manager
2026-08-20 15:41:16,469 WARN o.a.j.p.h.s.HTTPSamplerBase: Existing CookieManager HTTP Cookie Manager superseded by HTTP Cookie Manager
2026-08-20 15:41:16,489 WARN o.a.j.p.h.s.HTTPSamplerBase: Existing CookieManager HTTP Cookie Manager superseded by HTTP Cookie Manager
2026-08-20 15:41:16,490 WARN o.a.j.p.h.s.HTTPSamplerBase: Existing CookieManager HTTP Cookie Manager superseded by HTTP Cookie Manager
2026-08-20 15:41:16,490 WARN o.a.j.p.h.s.HTTPSamplerBase: Existing CookieManager HTTP Cookie Manager superseded by HTTP Cookie Manager
2026-08-20 15:41:16,503 WARN o.a.j.p.h.s.HTTPSamplerBase: Existing CookieManager HTTP Cookie Manager superseded by HTTP Cookie Manager
2026-08-20 15:41:16,529 WARN o.a.j.p.h.s.HTTPSamplerBase: Existing CookieManager HTTP Cookie Manager superseded by HTTP Cookie Manager
2026-08-20 15:41:16,575 WARN o.a.j.p.h.s.HTTPSamplerBase: Existing CookieManager HTTP Cookie Manager superseded by HTTP Cookie Manager
2026-08-20 15:41:16,584 WARN o.a.j.p.h.s.HTTPSamplerBase: Existing CookieManager HTTP Cookie Manager superseded by HTTP Cookie Manager
2026-08-20 15:41:16,677 WARN o.a.j.p.h.s.HTTPSamplerBase: Existing CookieManager HTTP Cookie Manager superseded by HTTP Cookie Manager
2026-08-20 15:41:16,688 WARN o.a.j.p.h.s.HTTPSamplerBase: Existing CookieManager HTTP Cookie Manager superseded by HTTP Cookie Manager
2026-08-20 15:41:16,689 WARN o.a.j.p.h.s.HTTPSamplerBase: Existing CookieManager HTTP Cookie Manager superseded by HTTP Cookie Manager
2026-08-20 15:41:16,746 WARN o.a.j.p.h.s.HTTPSamplerBase: Existing CookieManager HTTP Cookie Manager superseded by HTTP Cookie Manager
2026-08-20 15:41:16,765 WARN o.a.j.p.h.s.HTTPSamplerBase: Existing CookieManager HTTP Cookie Manager superseded by HTTP Cookie Manager
2026-08-20 15:41:16,769 WARN o.a.j.p.h.s.HTTPSamplerBase: Existing CookieManager HTTP Cookie Manager superseded by HTTP Cookie Manager
2026-08-20 15:41:16,786 WARN o.a.j.p.h.s.HTTPSamplerBase: Existing CookieManager HTTP Cookie Manager superseded by HTTP Cookie Manager
2026-08-20 15:41:16,869 WARN o.a.j.p.h.s.HTTPSamplerBase: Existing CookieManager HTTP Cookie Manager superseded by HTTP Cookie Manager
2026-08-20 15:41:16,875 WARN o.a.j.p.h.s.HTTPSamplerBase: Existing CookieManager HTTP Cookie Manager superseded by HTTP Cookie Manager
2026-08-20 15:41:16,875 WARN o.a.j.p.h.s.HTTPSamplerBase: Existing CookieManager HTTP Cookie Manager superseded by HTTP Cookie Manager
2026-08-20 15:41:16,946 WARN o.a.j.p.h.s.HTTPSamplerBase: Existing CookieManager HTTP Cookie Manager superseded by HTTP Cookie Manager
2026-08-20 15:41:17,036 WARN o.a.j.p.h.s.HTTPSamplerBase: Existing CookieManager HTTP Cookie Manager superseded by HTTP Cookie Manager
2026-08-20 15:41:17,043 WARN o.a.j.p.h.s.HTTPSamplerBase: Existing CookieManager HTTP Cookie Manager superseded by HTTP Cookie Manager
2026-08-20 15:41:17,046 WARN o.a.j.p.h.s.HTTPSamplerBase: Existing CookieManager HTTP Cookie Manager superseded by HTTP Cookie Manager
2026-08-20 15:41:17,056 WARN o.a.j.p.h.s.HTTPSamplerBase: Existing CookieManager HTTP Cookie Manager superseded by HTTP Cookie Manager
2026-08-20 15:41:17,061 WARN o.a.j.p.h.s.HTTPSamplerBase: Existing CookieManager HTTP Cookie Manager superseded by HTTP Cookie Manager
2026-08-20 15:41:17,102 WARN o.a.j.p.h.s.HTTPSamplerBase: Existing CookieManager HTTP Cookie Manager superseded by HTTP Cookie Manager
2026-08-20 15:41:17,103 WARN o.a.j.p.h.s.HTTPSamplerBase: Existing CookieManager HTTP Cookie Manager superseded by HTTP Cookie Manager
2026-08-20 15:41:17,154 WARN o.a.j.p.h.s.HTTPSamplerBase: Existing CookieManager HTTP Cookie Manager superseded by HTTP Cookie Manager
2026-08-20 15:41:17,215 WARN o.a.j.p.h.s.HTTPSamplerBase: Existing CookieManager HTTP Cookie Manager superseded by HTTP Cookie Manager
2026-08-20 15:41:17,220 WARN o.a.j.p.h.s.HTTPSamplerBase: Existing CookieManager HTTP Cookie Manager superseded by HTTP Cookie Manager
2026-08-20 15:41:17,228 WARN o.a.j.p.h.s.HTTPSamplerBase: Existing CookieManager HTTP Cookie Manager superseded by HTTP Cookie Manager
2026-08-20 15:41:17,272 WARN o.a.j.p.h.s.HTTPSamplerBase: Existing CookieManager HTTP Cookie Manager superseded by HTTP Cookie Manager
2026-08-20 15:41:17,302 WARN o.a.j.p.h.s.HTTPSamplerBase: Existing CookieManager HTTP Cookie Manager superseded by HTTP Cookie Manager
2026-08-20 15:41:17,302 WARN o.a.j.p.h.s.HTTPSamplerBase: Existing CookieManager HTTP Cookie Manager superseded by HTTP Cookie Manager
2026-08-20 15:41:17,322 WARN o.a.j.p.h.s.HTTPSamplerBase: Existing CookieManager HTTP Cookie Manager superseded by HTTP Cookie Manager
2026-08-20 15:41:17,433 WARN o.a.j.p.h.s.HTTPSamplerBase: Existing CookieManager HTTP Cookie Manager superseded by HTTP Cookie Manager
2026-08-20 15:41:17,464 WARN o.a.j.p.h.s.HTTPSamplerBase: Existing CookieManager HTTP Cookie Manager superseded by HTTP Cookie Manager
2026-08-20 15:41:17,486 WARN o.a.j.p.h.s.HTTPSamplerBase: Existing CookieManager HTTP Cookie Manager superseded by HTTP Cookie Manager
2026-08-20 15:41:17,533 WARN o.a.j.p.h.s.HTTPSamplerBase: Existing CookieManager HTTP Cookie Manager superseded by HTTP Cookie Manager
2026-08-20 15:41:17,568 WARN o.a.j.p.h.s.HTTPSamplerBase: Existing CookieManager HTTP Cookie Manager superseded by HTTP Cookie Manager
2026-08-20 15:41:17,582 WARN o.a.j.p.h.s.HTTPSamplerBase: Existing CookieManager HTTP Cookie Manager superseded by HTTP Cookie Manager
2026-08-20 15:41:17,584 WARN o.a.j.p.h.s.HTTPSamplerBase: Existing CookieManager HTTP Cookie Manager superseded by HTTP Cookie Manager
2026-08-20 15:41:17,600 WARN o.a.j.p.h.s.HTTPSamplerBase: Existing CookieManager HTTP Cookie Manager superseded by HTTP Cookie Manager
2026-08-20 15:41:17,615 WARN o.a.j.p.h.s.HTTPSamplerBase: Existing CookieManager HTTP Cookie Manager superseded by HTTP Cookie Manager
2026-08-20 15:41:17,638 WARN o.a.j.p.h.s.HTTPSamplerBase: Existing CookieManager HTTP Cookie Manager superseded by HTTP Cookie Manager
2026-08-20 15:41:17,677 WARN o.a.j.p.h.s.HTTPSamplerBase: Existing CookieManager HTTP Cookie Manager superseded by HTTP Cookie Manager
2026-08-20 15:41:17,693 WARN o.a.j.p.h.s.HTTPSamplerBase: Existing CookieManager HTTP Cookie Manager superseded by HTTP Cookie Manager
2026-08-20 15:41:17,769 WARN o.a.j.p.h.s.HTTPSamplerBase: Existing CookieManager HTTP Cookie Manager superseded by HTTP Cookie Manager
2026-08-20 15:41:17,794 WARN o.a.j.p.h.s.HTTPSamplerBase: Existing CookieManager HTTP Cookie Manager superseded by HTTP Cookie Manager
2026-08-20 15:41:17,811 WARN o.a.j.p.h.s.HTTPSamplerBase: Existing CookieManager HTTP Cookie Manager superseded by HTTP Cookie Manager
2026-08-20 15:41:17,817 WARN o.a.j.p.h.s.HTTPSamplerBase: Existing CookieManager HTTP Cookie Manager superseded by HTTP Cookie Manager
2026-08-20 15:41:17,876 WARN o.a.j.p.h.s.HTTPSamplerBase: Existing CookieManager HTTP Cookie Manager superseded by HTTP Cookie Manager
2026-08-20 15:41:17,877 WARN o.a.j.p.h.s.HTTPSamplerBase: Existing CookieManager HTTP Cookie Manager superseded by HTTP Cookie Manager
2026-08-20 15:41:17,909 WARN o.a.j.p.h.s.HTTPSamplerBase: Existing CookieManager HTTP Cookie Manager superseded by HTTP Cookie Manager
2026-08-20 15:41:17,951 WARN o.a.j.p.h.s.HTTPSamplerBase: Existing CookieManager HTTP Cookie Manager superseded by HTTP Cookie Manager
2026-08-20 15:41:18,056 WARN o.a.j.p.h.s.HTTPSamplerBase: Existing CookieManager HTTP Cookie Manager superseded by HTTP Cookie Manager
2026-08-20 15:41:18,060 WARN o.a.j.p.h.s.HTTPSamplerBase: Existing CookieManager HTTP Cookie Manager superseded by HTTP Cookie Manager
2026-08-20 15:41:18,061 WARN o.a.j.p.h.s.HTTPSamplerBase: Existing CookieManager HTTP Cookie Manager superseded by HTTP Cookie Manager
2026-08-20 15:41:18,114 WARN o.a.j.p.h.s.HTTPSamplerBase: Existing CookieManager HTTP Cookie Manager superseded by HTTP Cookie Manager
2026-08-20 15:41:18,124 WARN o.a.j.p.h.s.HTTPSamplerBase: Existing CookieManager HTTP Cookie Manager superseded by HTTP Cookie Manager
2026-08-20 15:41:18,126 WARN o.a.j.p.h.s.HTTPSamplerBase: Existing CookieManager HTTP Cookie Manager superseded by HTTP Cookie Manager
2026-08-20 15:41:18,146 WARN o.a.j.p.h.s.HTTPSamplerBase: Existing CookieManager HTTP Cookie Manager superseded by HTTP Cookie Manager
2026-08-20 15:41:18,156 WARN o.a.j.p.h.s.HTTPSamplerBase: Existing CookieManager HTTP Cookie Manager superseded by HTTP Cookie Manager
2026-08-20 15:41:18,171 WARN o.a.j.p.h.s.HTTPSamplerBase: Existing CookieManager HTTP Cookie Manager superseded by HTTP Cookie Manager
2026-08-20 15:41:18,197 WARN o.a.j.p.h.s.HTTPSamplerBase: Existing CookieManager HTTP Cookie Manager superseded by HTTP Cookie Manager
2026-08-20 15:41:18,302 WARN o.a.j.p.h.s.HTTPSamplerBase: Existing CookieManager HTTP Cookie Manager superseded by HTTP Cookie Manager
2026-08-20 15:41:18,303 WARN o.a.j.p.h.s.HTTPSamplerBase: Existing CookieManager HTTP Cookie Manager superseded by HTTP Cookie Manager
2026-08-20 15:41:18,303 WARN o.a.j.p.h.s.HTTPSamplerBase: Existing CookieManager HTTP Cookie Manager superseded by HTTP Cookie Manager
2026-08-20 15:41:18,333 WARN o.a.j.p.h.s.HTTPSamplerBase: Existing CookieManager HTTP Cookie Manager superseded by HTTP Cookie Manager
2026-08-20 15:41:18,409 WARN o.a.j.p.h.s.HTTPSamplerBase: Existing CookieManager HTTP Cookie Manager superseded by HTTP Cookie Manager
2026-08-20 15:41:18,425 WARN o.a.j.p.h.s.HTTPSamplerBase: Existing CookieManager HTTP Cookie Manager superseded by HTTP Cookie Manager
2026-08-20 15:41:18,426 WARN o.a.j.p.h.s.HTTPSamplerBase: Existing CookieManager HTTP Cookie Manager superseded by HTTP Cookie Manager
2026-08-20 15:41:18,450 WARN o.a.j.p.h.s.HTTPSamplerBase: Existing CookieManager HTTP Cookie Manager superseded by HTTP Cookie Manager
2026-08-20 15:41:18,503 WARN o.a.j.p.h.s.HTTPSamplerBase: Existing CookieManager HTTP Cookie Manager superseded by HTTP Cookie Manager
2026-08-20 15:41:18,562 WARN o.a.j.p.h.s.HTTPSamplerBase: Existing CookieManager HTTP Cookie Manager superseded by HTTP Cookie Manager
2026-08-20 15:41:18,630 WARN o.a.j.p.h.s.HTTPSamplerBase: Existing CookieManager HTTP Cookie Manager superseded by HTTP Cookie Manager
2026-08-20 15:41:18,644 WARN o.a.j.p.h.s.HTTPSamplerBase: Existing CookieManager HTTP Cookie Manager superseded by HTTP Cookie Manager
2026-08-20 15:41:18,658 WARN o.a.j.p.h.s.HTTPSamplerBase: Existing CookieManager HTTP Cookie Manager superseded by HTTP Cookie Manager
2026-08-20 15:41:18,658 WARN o.a.j.p.h.s.HTTPSamplerBase: Existing CookieManager HTTP Cookie Manager superseded by HTTP Cookie Manager
2026-08-20 15:41:18,658 WARN o.a.j.p.h.s.HTTPSamplerBase: Existing CookieManager HTTP Cookie Manager superseded by HTTP Cookie Manager
2026-08-20 15:41:18,674 WARN o.a.j.p.h.s.HTTPSamplerBase: Existing CookieManager HTTP Cookie Manager superseded by HTTP Cookie Manager
2026-08-20 15:41:18,676 WARN o.a.j.p.h.s.HTTPSamplerBase: Existing CookieManager HTTP Cookie Manager superseded by HTTP Cookie Manager
2026-08-20 15:41:18,732 WARN o.a.j.p.h.s.HTTPSamplerBase: Existing CookieManager HTTP Cookie Manager superseded by HTTP Cookie Manager
2026-08-20 15:41:18,781 WARN o.a.j.p.h.s.HTTPSamplerBase: Existing CookieManager HTTP Cookie Manager superseded by HTTP Cookie Manager
2026-08-20 15:41:18,834 WARN o.a.j.p.h.s.HTTPSamplerBase: Existing CookieManager HTTP Cookie Manager superseded by HTTP Cookie Manager
2026-08-20 15:41:18,845 WARN o.a.j.p.h.s.HTTPSamplerBase: Existing CookieManager HTTP Cookie Manager superseded by HTTP Cookie Manager
2026-08-20 15:41:18,850 WARN o.a.j.p.h.s.HTTPSamplerBase: Existing CookieManager HTTP Cookie Manager superseded by HTTP Cookie Manager
2026-08-20 15:41:18,864 WARN o.a.j.p.h.s.HTTPSamplerBase: Existing CookieManager HTTP Cookie Manager superseded by HTTP Cookie Manager
2026-08-20 15:41:18,934 WARN o.a.j.p.h.s.HTTPSamplerBase: Existing CookieManager HTTP Cookie Manager superseded by HTTP Cookie Manager
2026-08-20 15:41:18,974 WARN o.a.j.p.h.s.HTTPSamplerBase: Existing CookieManager HTTP Cookie Manager superseded by HTTP Cookie Manager
2026-08-20 15:41:18,978 WARN o.a.j.p.h.s.HTTPSamplerBase: Existing CookieManager HTTP Cookie Manager superseded by HTTP Cookie Manager
2026-08-20 15:41:19,008 WARN o.a.j.p.h.s.HTTPSamplerBase: Existing CookieManager HTTP Cookie Manager superseded by HTTP Cookie Manager
2026-08-20 15:41:19,049 WARN o.a.j.p.h.s.HTTPSamplerBase: Existing CookieManager HTTP Cookie Manager superseded by HTTP Cookie Manager
2026-08-20 15:41:19,161 WARN o.a.j.p.h.s.HTTPSamplerBase: Existing CookieManager HTTP Cookie Manager superseded by HTTP Cookie Manager
2026-08-20 15:41:19,177 WARN o.a.j.p.h.s.HTTPSamplerBase: Existing CookieManager HTTP Cookie Manager superseded by HTTP Cookie Manager
2026-08-20 15:41:19,182 WARN o.a.j.p.h.s.HTTPSamplerBase: Existing CookieManager HTTP Cookie Manager superseded by HTTP Cookie Manager
2026-08-20 15:41:19,184 WARN o.a.j.p.h.s.HTTPSamplerBase: Existing CookieManager HTTP Cookie Manager superseded by HTTP Cookie Manager
2026-08-20 15:41:19,196 WARN o.a.j.p.h.s.HTTPSamplerBase: Existing CookieManager HTTP Cookie Manager superseded by HTTP Cookie Manager
2026-08-20 15:41:19,204 WARN o.a.j.p.h.s.HTTPSamplerBase: Existing CookieManager HTTP Cookie Manager superseded by HTTP Cookie Manager
2026-08-20 15:41:19,230 WARN o.a.j.p.h.s.HTTPSamplerBase: Existing CookieManager HTTP Cookie Manager superseded by HTTP Cookie Manager
2026-08-20 15:41:19,232 WARN o.a.j.p.h.s.HTTPSamplerBase: Existing CookieManager HTTP Cookie Manager superseded by HTTP Cookie Manager
2026-08-20 15:41:19,253 WARN o.a.j.p.h.s.HTTPSamplerBase: Existing CookieManager HTTP Cookie Manager superseded by HTTP Cookie Manager
2026-08-20 15:41:19,302 WARN o.a.j.p.h.s.HTTPSamplerBase: Existing CookieManager HTTP Cookie Manager superseded by HTTP Cookie Manager
2026-08-20 15:41:19,353 WARN o.a.j.p.h.s.HTTPSamplerBase: Existing CookieManager HTTP Cookie Manager superseded by HTTP Cookie Manager
2026-08-20 15:41:19,358 WARN o.a.j.p.h.s.HTTPSamplerBase: Existing CookieManager HTTP Cookie Manager superseded by HTTP Cookie Manager
2026-08-20 15:41:19,402 WARN o.a.j.p.h.s.HTTPSamplerBase: Existing CookieManager HTTP Cookie Manager superseded by HTTP Cookie Manager
2026-08-20 15:41:19,418 WARN o.a.j.p.h.s.HTTPSamplerBase: Existing CookieManager HTTP Cookie Manager superseded by HTTP Cookie Manager
2026-08-20 15:41:19,515 WARN o.a.j.p.h.s.HTTPSamplerBase: Existing CookieManager HTTP Cookie Manager superseded by HTTP Cookie Manager
2026-08-20 15:41:19,546 WARN o.a.j.p.h.s.HTTPSamplerBase: Existing CookieManager HTTP Cookie Manager superseded by HTTP Cookie Manager
2026-08-20 15:41:19,546 WARN o.a.j.p.h.s.HTTPSamplerBase: Existing CookieManager HTTP Cookie Manager superseded by HTTP Cookie Manager
2026-08-20 15:41:19,546 WARN o.a.j.p.h.s.HTTPSamplerBase: Existing CookieManager HTTP Cookie Manager superseded by HTTP Cookie Manager
2026-08-20 15:41:19,613 WARN o.a.j.p.h.s.HTTPSamplerBase: Existing CookieManager HTTP Cookie Manager superseded by HTTP Cookie Manager
2026-08-20 15:41:19,667 WARN o.a.j.p.h.s.HTTPSamplerBase: Existing CookieManager HTTP Cookie Manager superseded by HTTP Cookie Manager
2026-08-20 15:41:19,714 WARN o.a.j.p.h.s.HTTPSamplerBase: Existing CookieManager HTTP Cookie Manager superseded by HTTP Cookie Manager
2026-08-20 15:41:19,735 WARN o.a.j.p.h.s.HTTPSamplerBase: Existing CookieManager HTTP Cookie Manager superseded by HTTP Cookie Manager
2026-08-20 15:41:19,736 WARN o.a.j.p.h.s.HTTPSamplerBase: Existing CookieManager HTTP Cookie Manager superseded by HTTP Cookie Manager
2026-08-20 15:41:19,740 WARN o.a.j.p.h.s.HTTPSamplerBase: Existing CookieManager HTTP Cookie Manager superseded by HTTP Cookie Manager
2026-08-20 15:41:19,743 WARN o.a.j.p.h.s.HTTPSamplerBase: Existing CookieManager HTTP Cookie Manager superseded by HTTP Cookie Manager
2026-08-20 15:41:19,776 WARN o.a.j.p.h.s.HTTPSamplerBase: Existing CookieManager HTTP Cookie Manager superseded by HTTP Cookie Manager
2026-08-20 15:41:19,793 WARN o.a.j.p.h.s.HTTPSamplerBase: Existing CookieManager HTTP Cookie Manager superseded by HTTP Cookie Manager
2026-08-20 15:41:19,796 WARN o.a.j.p.h.s.HTTPSamplerBase: Existing CookieManager HTTP Cookie Manager superseded by HTTP Cookie Manager
2026-08-20 15:41:19,912 WARN o.a.j.p.h.s.HTTPSamplerBase: Existing CookieManager HTTP Cookie Manager superseded by HTTP Cookie Manager
2026-08-20 15:41:19,913 WARN o.a.j.p.h.s.HTTPSamplerBase: Existing CookieManager HTTP Cookie Manager superseded by HTTP Cookie Manager
2026-08-20 15:41:19,926 WARN o.a.j.p.h.s.HTTPSamplerBase: Existing CookieManager HTTP Cookie Manager superseded by HTTP Cookie Manager
2026-08-20 15:41:19,938 WARN o.a.j.p.h.s.HTTPSamplerBase: Existing CookieManager HTTP Cookie Manager superseded by HTTP Cookie Manager
2026-08-20 15:41:20,008 INFO o.a.j.r.Summariser: summary +    527 in 00:00:06 =   88.2/s Avg:   182 Min:   170 Max:   233 Err:     0 (0.00%) Active: 16 Started: 16 Finished: 0
2026-08-20 15:41:20,009 INFO o.a.j.r.Summariser: summary =   1972 in 00:00:26 =   75.7/s Avg:   193 Min:   170 Max:  2032 Err:     0 (0.00%)
2026-08-20 15:41:20,009 WARN o.a.j.p.h.s.HTTPSamplerBase: Existing CookieManager HTTP Cookie Manager superseded by HTTP Cookie Manager
2026-08-20 15:41:20,033 WARN o.a.j.p.h.s.HTTPSamplerBase: Existing CookieManager HTTP Cookie Manager superseded by HTTP Cookie Manager
2026-08-20 15:41:20,045 WARN o.a.j.p.h.s.HTTPSamplerBase: Existing CookieManager HTTP Cookie Manager superseded by HTTP Cookie Manager
2026-08-20 15:41:20,108 WARN o.a.j.p.h.s.HTTPSamplerBase: Existing CookieManager HTTP Cookie Manager superseded by HTTP Cookie Manager
2026-08-20 15:41:20,115 WARN o.a.j.p.h.s.HTTPSamplerBase: Existing CookieManager HTTP Cookie Manager superseded by HTTP Cookie Manager
2026-08-20 15:41:20,168 WARN o.a.j.p.h.s.HTTPSamplerBase: Existing CookieManager HTTP Cookie Manager superseded by HTTP Cookie Manager
2026-08-20 15:41:20,234 WARN o.a.j.p.h.s.HTTPSamplerBase: Existing CookieManager HTTP Cookie Manager superseded by HTTP Cookie Manager
2026-08-20 15:41:20,284 WARN o.a.j.p.h.s.HTTPSamplerBase: Existing CookieManager HTTP Cookie Manager superseded by HTTP Cookie Manager
2026-08-20 15:41:20,285 WARN o.a.j.p.h.s.HTTPSamplerBase: Existing CookieManager HTTP Cookie Manager superseded by HTTP Cookie Manager
2026-08-20 15:41:20,288 WARN o.a.j.p.h.s.HTTPSamplerBase: Existing CookieManager HTTP Cookie Manager superseded by HTTP Cookie Manager
2026-08-20 15:41:20,288 WARN o.a.j.p.h.s.HTTPSamplerBase: Existing CookieManager HTTP Cookie Manager superseded by HTTP Cookie Manager
2026-08-20 15:41:20,290 WARN o.a.j.p.h.s.HTTPSamplerBase: Existing CookieManager HTTP Cookie Manager superseded by HTTP Cookie Manager
2026-08-20 15:41:20,300 WARN o.a.j.p.h.s.HTTPSamplerBase: Existing CookieManager HTTP Cookie Manager superseded by HTTP Cookie Manager
2026-08-20 15:41:20,366 WARN o.a.j.p.h.s.HTTPSamplerBase: Existing CookieManager HTTP Cookie Manager superseded by HTTP Cookie Manager
2026-08-20 15:41:20,393 WARN o.a.j.p.h.s.HTTPSamplerBase: Existing CookieManager HTTP Cookie Manager superseded by HTTP Cookie Manager
2026-08-20 15:41:20,400 WARN o.a.j.p.h.s.HTTPSamplerBase: Existing CookieManager HTTP Cookie Manager superseded by HTTP Cookie Manager
2026-08-20 15:41:20,457 WARN o.a.j.p.h.s.HTTPSamplerBase: Existing CookieManager HTTP Cookie Manager superseded by HTTP Cookie Manager
2026-08-20 15:41:20,462 WARN o.a.j.p.h.s.HTTPSamplerBase: Existing CookieManager HTTP Cookie Manager superseded by HTTP Cookie Manager
2026-08-20 15:41:20,479 WARN o.a.j.p.h.s.HTTPSamplerBase: Existing CookieManager HTTP Cookie Manager superseded by HTTP Cookie Manager
2026-08-20 15:41:20,545 WARN o.a.j.p.h.s.HTTPSamplerBase: Existing CookieManager HTTP Cookie Manager superseded by HTTP Cookie Manager
2026-08-20 15:41:20,578 WARN o.a.j.p.h.s.HTTPSamplerBase: Existing CookieManager HTTP Cookie Manager superseded by HTTP Cookie Manager
2026-08-20 15:41:20,644 WARN o.a.j.p.h.s.HTTPSamplerBase: Existing CookieManager HTTP Cookie Manager superseded by HTTP Cookie Manager
2026-08-20 15:41:20,662 WARN o.a.j.p.h.s.HTTPSamplerBase: Existing CookieManager HTTP Cookie Manager superseded by HTTP Cookie Manager
2026-08-20 15:41:20,662 WARN o.a.j.p.h.s.HTTPSamplerBase: Existing CookieManager HTTP Cookie Manager superseded by HTTP Cookie Manager
2026-08-20 15:41:20,768 WARN o.a.j.p.h.s.HTTPSamplerBase: Existing CookieManager HTTP Cookie Manager superseded by HTTP Cookie Manager
2026-08-20 15:41:20,776 WARN o.a.j.p.h.s.HTTPSamplerBase: Existing CookieManager HTTP Cookie Manager superseded by HTTP Cookie Manager
2026-08-20 15:41:20,801 WARN o.a.j.p.h.s.HTTPSamplerBase: Existing CookieManager HTTP Cookie Manager superseded by HTTP Cookie Manager
2026-08-20 15:41:20,811 WARN o.a.j.p.h.s.HTTPSamplerBase: Existing CookieManager HTTP Cookie Manager superseded by HTTP Cookie Manager
2026-08-20 15:41:20,822 WARN o.a.j.p.h.s.HTTPSamplerBase: Existing CookieManager HTTP Cookie Manager superseded by HTTP Cookie Manager
2026-08-20 15:41:20,826 WARN o.a.j.p.h.s.HTTPSamplerBase: Existing CookieManager HTTP Cookie Manager superseded by HTTP Cookie Manager
2026-08-20 15:41:20,837 WARN o.a.j.p.h.s.HTTPSamplerBase: Existing CookieManager HTTP Cookie Manager superseded by HTTP Cookie Manager
2026-08-20 15:41:20,840 WARN o.a.j.p.h.s.HTTPSamplerBase: Existing CookieManager HTTP Cookie Manager superseded by HTTP Cookie Manager
2026-08-20 15:41:20,910 WARN o.a.j.p.h.s.HTTPSamplerBase: Existing CookieManager HTTP Cookie Manager superseded by HTTP Cookie Manager
2026-08-20 15:41:20,937 WARN o.a.j.p.h.s.HTTPSamplerBase: Existing CookieManager HTTP Cookie Manager superseded by HTTP Cookie Manager
2026-08-20 15:41:20,984 WARN o.a.j.p.h.s.HTTPSamplerBase: Existing CookieManager HTTP Cookie Manager superseded by HTTP Cookie Manager
2026-08-20 15:41:21,003 WARN o.a.j.p.h.s.HTTPSamplerBase: Existing CookieManager HTTP Cookie Manager superseded by HTTP Cookie Manager
2026-08-20 15:41:21,020 WARN o.a.j.p.h.s.HTTPSamplerBase: Existing CookieManager HTTP Cookie Manager superseded by HTTP Cookie Manager
2026-08-20 15:41:21,031 WARN o.a.j.p.h.s.HTTPSamplerBase: Existing CookieManager HTTP Cookie Manager superseded by HTTP Cookie Manager
2026-08-20 15:41:21,117 WARN o.a.j.p.h.s.HTTPSamplerBase: Existing CookieManager HTTP Cookie Manager superseded by HTTP Cookie Manager
2026-08-20 15:41:21,133 WARN o.a.j.p.h.s.HTTPSamplerBase: Existing CookieManager HTTP Cookie Manager superseded by HTTP Cookie Manager
2026-08-20 15:41:21,158 WARN o.a.j.p.h.s.HTTPSamplerBase: Existing CookieManager HTTP Cookie Manager superseded by HTTP Cookie Manager
2026-08-20 15:41:21,160 WARN o.a.j.p.h.s.HTTPSamplerBase: Existing CookieManager HTTP Cookie Manager superseded by HTTP Cookie Manager
2026-08-20 15:41:21,201 WARN o.a.j.p.h.s.HTTPSamplerBase: Existing CookieManager HTTP Cookie Manager superseded by HTTP Cookie Manager
2026-08-20 15:41:21,278 WARN o.a.j.p.h.s.HTTPSamplerBase: Existing CookieManager HTTP Cookie Manager superseded by HTTP Cookie Manager
2026-08-20 15:41:21,328 WARN o.a.j.p.h.s.HTTPSamplerBase: Existing CookieManager HTTP Cookie Manager superseded by HTTP Cookie Manager
2026-08-20 15:41:21,342 WARN o.a.j.p.h.s.HTTPSamplerBase: Existing CookieManager HTTP Cookie Manager superseded by HTTP Cookie Manager
2026-08-20 15:41:21,355 WARN o.a.j.p.h.s.HTTPSamplerBase: Existing CookieManager HTTP Cookie Manager superseded by HTTP Cookie Manager
2026-08-20 15:41:21,358 WARN o.a.j.p.h.s.HTTPSamplerBase: Existing CookieManager HTTP Cookie Manager superseded by HTTP Cookie Manager
2026-08-20 15:41:21,372 WARN o.a.j.p.h.s.HTTPSamplerBase: Existing CookieManager HTTP Cookie Manager superseded by HTTP Cookie Manager
2026-08-20 15:41:21,372 WARN o.a.j.p.h.s.HTTPSamplerBase: Existing CookieManager HTTP Cookie Manager superseded by HTTP Cookie Manager
2026-08-20 15:41:21,388 WARN o.a.j.p.h.s.HTTPSamplerBase: Existing CookieManager HTTP Cookie Manager superseded by HTTP Cookie Manager
2026-08-20 15:41:21,504 WARN o.a.j.p.h.s.HTTPSamplerBase: Existing CookieManager HTTP Cookie Manager superseded by HTTP Cookie Manager
2026-08-20 15:41:21,506 WARN o.a.j.p.h.s.HTTPSamplerBase: Existing CookieManager HTTP Cookie Manager superseded by HTTP Cookie Manager
2026-08-20 15:41:21,513 WARN o.a.j.p.h.s.HTTPSamplerBase: Existing CookieManager HTTP Cookie Manager superseded by HTTP Cookie Manager
2026-08-20 15:41:21,519 WARN o.a.j.p.h.s.HTTPSamplerBase: Existing CookieManager HTTP Cookie Manager superseded by HTTP Cookie Manager
2026-08-20 15:41:21,543 WARN o.a.j.p.h.s.HTTPSamplerBase: Existing CookieManager HTTP Cookie Manager superseded by HTTP Cookie Manager
2026-08-20 15:41:21,565 WARN o.a.j.p.h.s.HTTPSamplerBase: Existing CookieManager HTTP Cookie Manager superseded by HTTP Cookie Manager
2026-08-20 15:41:21,652 WARN o.a.j.p.h.s.HTTPSamplerBase: Existing CookieManager HTTP Cookie Manager superseded by HTTP Cookie Manager
2026-08-20 15:41:21,653 WARN o.a.j.p.h.s.HTTPSamplerBase: Existing CookieManager HTTP Cookie Manager superseded by HTTP Cookie Manager
2026-08-20 15:41:21,702 WARN o.a.j.p.h.s.HTTPSamplerBase: Existing CookieManager HTTP Cookie Manager superseded by HTTP Cookie Manager
2026-08-20 15:41:21,740 WARN o.a.j.p.h.s.HTTPSamplerBase: Existing CookieManager HTTP Cookie Manager superseded by HTTP Cookie Manager
2026-08-20 15:41:21,740 WARN o.a.j.p.h.s.HTTPSamplerBase: Existing CookieManager HTTP Cookie Manager superseded by HTTP Cookie Manager
2026-08-20 15:41:21,854 WARN o.a.j.p.h.s.HTTPSamplerBase: Existing CookieManager HTTP Cookie Manager superseded by HTTP Cookie Manager
2026-08-20 15:41:21,854 WARN o.a.j.p.h.s.HTTPSamplerBase: Existing CookieManager HTTP Cookie Manager superseded by HTTP Cookie Manager
2026-08-20 15:41:21,863 WARN o.a.j.p.h.s.HTTPSamplerBase: Existing CookieManager HTTP Cookie Manager superseded by HTTP Cookie Manager
2026-08-20 15:41:21,877 WARN o.a.j.p.h.s.HTTPSamplerBase: Existing CookieManager HTTP Cookie Manager superseded by HTTP Cookie Manager
2026-08-20 15:41:21,884 WARN o.a.j.p.h.s.HTTPSamplerBase: Existing CookieManager HTTP Cookie Manager superseded by HTTP Cookie Manager
2026-08-20 15:41:21,916 WARN o.a.j.p.h.s.HTTPSamplerBase: Existing CookieManager HTTP Cookie Manager superseded by HTTP Cookie Manager
2026-08-20 15:41:21,921 WARN o.a.j.p.h.s.HTTPSamplerBase: Existing CookieManager HTTP Cookie Manager superseded by HTTP Cookie Manager
2026-08-20 15:41:21,930 WARN o.a.j.p.h.s.HTTPSamplerBase: Existing CookieManager HTTP Cookie Manager superseded by HTTP Cookie Manager
2026-08-20 15:41:22,023 WARN o.a.j.p.h.s.HTTPSamplerBase: Existing CookieManager HTTP Cookie Manager superseded by HTTP Cookie Manager
2026-08-20 15:41:22,029 WARN o.a.j.p.h.s.HTTPSamplerBase: Existing CookieManager HTTP Cookie Manager superseded by HTTP Cookie Manager
2026-08-20 15:41:22,058 WARN o.a.j.p.h.s.HTTPSamplerBase: Existing CookieManager HTTP Cookie Manager superseded by HTTP Cookie Manager
2026-08-20 15:41:22,081 WARN o.a.j.p.h.s.HTTPSamplerBase: Existing CookieManager HTTP Cookie Manager superseded by HTTP Cookie Manager
2026-08-20 15:41:22,092 WARN o.a.j.p.h.s.HTTPSamplerBase: Existing CookieManager HTTP Cookie Manager superseded by HTTP Cookie Manager
2026-08-20 15:41:22,100 WARN o.a.j.p.h.s.HTTPSamplerBase: Existing CookieManager HTTP Cookie Manager superseded by HTTP Cookie Manager
2026-08-20 15:41:22,190 WARN o.a.j.p.h.s.HTTPSamplerBase: Existing CookieManager HTTP Cookie Manager superseded by HTTP Cookie Manager
2026-08-20 15:41:22,197 WARN o.a.j.p.h.s.HTTPSamplerBase: Existing CookieManager HTTP Cookie Manager superseded by HTTP Cookie Manager
2026-08-20 15:41:22,250 WARN o.a.j.p.h.s.HTTPSamplerBase: Existing CookieManager HTTP Cookie Manager superseded by HTTP Cookie Manager
2026-08-20 15:41:22,271 WARN o.a.j.p.h.s.HTTPSamplerBase: Existing CookieManager HTTP Cookie Manager superseded by HTTP Cookie Manager
2026-08-20 15:41:22,312 WARN o.a.j.p.h.s.HTTPSamplerBase: Existing CookieManager HTTP Cookie Manager superseded by HTTP Cookie Manager
2026-08-20 15:41:22,367 WARN o.a.j.p.h.s.HTTPSamplerBase: Existing CookieManager HTTP Cookie Manager superseded by HTTP Cookie Manager
2026-08-20 15:41:22,396 WARN o.a.j.p.h.s.HTTPSamplerBase: Existing CookieManager HTTP Cookie Manager superseded by HTTP Cookie Manager
2026-08-20 15:41:22,417 WARN o.a.j.p.h.s.HTTPSamplerBase: Existing CookieManager HTTP Cookie Manager superseded by HTTP Cookie Manager
2026-08-20 15:41:22,417 WARN o.a.j.p.h.s.HTTPSamplerBase: Existing CookieManager HTTP Cookie Manager superseded by HTTP Cookie Manager
2026-08-20 15:41:22,417 WARN o.a.j.p.h.s.HTTPSamplerBase: Existing CookieManager HTTP Cookie Manager superseded by HTTP Cookie Manager
2026-08-20 15:41:22,441 WARN o.a.j.p.h.s.HTTPSamplerBase: Existing CookieManager HTTP Cookie Manager superseded by HTTP Cookie Manager
2026-08-20 15:41:22,454 WARN o.a.j.p.h.s.HTTPSamplerBase: Existing CookieManager HTTP Cookie Manager superseded by HTTP Cookie Manager
2026-08-20 15:41:22,458 WARN o.a.j.p.h.s.HTTPSamplerBase: Existing CookieManager HTTP Cookie Manager superseded by HTTP Cookie Manager
2026-08-20 15:41:22,553 WARN o.a.j.p.h.s.HTTPSamplerBase: Existing CookieManager HTTP Cookie Manager superseded by HTTP Cookie Manager
2026-08-20 15:41:22,555 WARN o.a.j.p.h.s.HTTPSamplerBase: Existing CookieManager HTTP Cookie Manager superseded by HTTP Cookie Manager
2026-08-20 15:41:22,621 WARN o.a.j.p.h.s.HTTPSamplerBase: Existing CookieManager HTTP Cookie Manager superseded by HTTP Cookie Manager
2026-08-20 15:41:22,635 WARN o.a.j.p.h.s.HTTPSamplerBase: Existing CookieManager HTTP Cookie Manager superseded by HTTP Cookie Manager
2026-08-20 15:41:22,657 WARN o.a.j.p.h.s.HTTPSamplerBase: Existing CookieManager HTTP Cookie Manager superseded by HTTP Cookie Manager
2026-08-20 15:41:22,699 WARN o.a.j.p.h.s.HTTPSamplerBase: Existing CookieManager HTTP Cookie Manager superseded by HTTP Cookie Manager
2026-08-20 15:41:22,722 WARN o.a.j.p.h.s.HTTPSamplerBase: Existing CookieManager HTTP Cookie Manager superseded by HTTP Cookie Manager
2026-08-20 15:41:22,765 WARN o.a.j.p.h.s.HTTPSamplerBase: Existing CookieManager HTTP Cookie Manager superseded by HTTP Cookie Manager
2026-08-20 15:41:22,770 WARN o.a.j.p.h.s.HTTPSamplerBase: Existing CookieManager HTTP Cookie Manager superseded by HTTP Cookie Manager
2026-08-20 15:41:22,820 WARN o.a.j.p.h.s.HTTPSamplerBase: Existing CookieManager HTTP Cookie Manager superseded by HTTP Cookie Manager
2026-08-20 15:41:22,820 WARN o.a.j.p.h.s.HTTPSamplerBase: Existing CookieManager HTTP Cookie Manager superseded by HTTP Cookie Manager
2026-08-20 15:41:22,884 WARN o.a.j.p.h.s.HTTPSamplerBase: Existing CookieManager HTTP Cookie Manager superseded by HTTP Cookie Manager
2026-08-20 15:41:22,902 WARN o.a.j.p.h.s.HTTPSamplerBase: Existing CookieManager HTTP Cookie Manager superseded by HTTP Cookie Manager
2026-08-20 15:41:22,950 WARN o.a.j.p.h.s.HTTPSamplerBase: Existing CookieManager HTTP Cookie Manager superseded by HTTP Cookie Manager
2026-08-20 15:41:22,950 WARN o.a.j.p.h.s.HTTPSamplerBase: Existing CookieManager HTTP Cookie Manager superseded by HTTP Cookie Manager
2026-08-20 15:41:22,977 WARN o.a.j.p.h.s.HTTPSamplerBase: Existing CookieManager HTTP Cookie Manager superseded by HTTP Cookie Manager
2026-08-20 15:41:22,984 WARN o.a.j.p.h.s.HTTPSamplerBase: Existing CookieManager HTTP Cookie Manager superseded by HTTP Cookie Manager
2026-08-20 15:41:23,007 WARN o.a.j.p.h.s.HTTPSamplerBase: Existing CookieManager HTTP Cookie Manager superseded by HTTP Cookie Manager
2026-08-20 15:41:23,077 WARN o.a.j.p.h.s.HTTPSamplerBase: Existing CookieManager HTTP Cookie Manager superseded by HTTP Cookie Manager
2026-08-20 15:41:23,083 WARN o.a.j.p.h.s.HTTPSamplerBase: Existing CookieManager HTTP Cookie Manager superseded by HTTP Cookie Manager
2026-08-20 15:41:23,135 WARN o.a.j.p.h.s.HTTPSamplerBase: Existing CookieManager HTTP Cookie Manager superseded by HTTP Cookie Manager
2026-08-20 15:41:23,146 WARN o.a.j.p.h.s.HTTPSamplerBase: Existing CookieManager HTTP Cookie Manager superseded by HTTP Cookie Manager
2026-08-20 15:41:23,184 WARN o.a.j.p.h.s.HTTPSamplerBase: Existing CookieManager HTTP Cookie Manager superseded by HTTP Cookie Manager
2026-08-20 15:41:23,184 WARN o.a.j.p.h.s.HTTPSamplerBase: Existing CookieManager HTTP Cookie Manager superseded by HTTP Cookie Manager
2026-08-20 15:41:23,251 WARN o.a.j.p.h.s.HTTPSamplerBase: Existing CookieManager HTTP Cookie Manager superseded by HTTP Cookie Manager
2026-08-20 15:41:23,251 WARN o.a.j.p.h.s.HTTPSamplerBase: Existing CookieManager HTTP Cookie Manager superseded by HTTP Cookie Manager
2026-08-20 15:41:23,266 WARN o.a.j.p.h.s.HTTPSamplerBase: Existing CookieManager HTTP Cookie Manager superseded by HTTP Cookie Manager
2026-08-20 15:41:23,351 WARN o.a.j.p.h.s.HTTPSamplerBase: Existing CookieManager HTTP Cookie Manager superseded by HTTP Cookie Manager
2026-08-20 15:41:23,360 WARN o.a.j.p.h.s.HTTPSamplerBase: Existing CookieManager HTTP Cookie Manager superseded by HTTP Cookie Manager
2026-08-20 15:41:23,399 WARN o.a.j.p.h.s.HTTPSamplerBase: Existing CookieManager HTTP Cookie Manager superseded by HTTP Cookie Manager
2026-08-20 15:41:23,477 WARN o.a.j.p.h.s.HTTPSamplerBase: Existing CookieManager HTTP Cookie Manager superseded by HTTP Cookie Manager
2026-08-20 15:41:23,486 WARN o.a.j.p.h.s.HTTPSamplerBase: Existing CookieManager HTTP Cookie Manager superseded by HTTP Cookie Manager
2026-08-20 15:41:23,486 WARN o.a.j.p.h.s.HTTPSamplerBase: Existing CookieManager HTTP Cookie Manager superseded by HTTP Cookie Manager
2026-08-20 15:41:23,487 WARN o.a.j.p.h.s.HTTPSamplerBase: Existing CookieManager HTTP Cookie Manager superseded by HTTP Cookie Manager
2026-08-20 15:41:23,510 WARN o.a.j.p.h.s.HTTPSamplerBase: Existing CookieManager HTTP Cookie Manager superseded by HTTP Cookie Manager
2026-08-20 15:41:23,519 WARN o.a.j.p.h.s.HTTPSamplerBase: Existing CookieManager HTTP Cookie Manager superseded by HTTP Cookie Manager
2026-08-20 15:41:23,537 WARN o.a.j.p.h.s.HTTPSamplerBase: Existing CookieManager HTTP Cookie Manager superseded by HTTP Cookie Manager
2026-08-20 15:41:23,538 WARN o.a.j.p.h.s.HTTPSamplerBase: Existing CookieManager HTTP Cookie Manager superseded by HTTP Cookie Manager
2026-08-20 15:41:23,602 WARN o.a.j.p.h.s.HTTPSamplerBase: Existing CookieManager HTTP Cookie Manager superseded by HTTP Cookie Manager
2026-08-20 15:41:23,626 WARN o.a.j.p.h.s.HTTPSamplerBase: Existing CookieManager HTTP Cookie Manager superseded by HTTP Cookie Manager
2026-08-20 15:41:23,733 WARN o.a.j.p.h.s.HTTPSamplerBase: Existing CookieManager HTTP Cookie Manager superseded by HTTP Cookie Manager
2026-08-20 15:41:23,738 WARN o.a.j.p.h.s.HTTPSamplerBase: Existing CookieManager HTTP Cookie Manager superseded by HTTP Cookie Manager
2026-08-20 15:41:23,830 WARN o.a.j.p.h.s.HTTPSamplerBase: Existing CookieManager HTTP Cookie Manager superseded by HTTP Cookie Manager
2026-08-20 15:41:23,832 WARN o.a.j.p.h.s.HTTPSamplerBase: Existing CookieManager HTTP Cookie Manager superseded by HTTP Cookie Manager
2026-08-20 15:41:23,843 WARN o.a.j.p.h.s.HTTPSamplerBase: Existing CookieManager HTTP Cookie Manager superseded by HTTP Cookie Manager
2026-08-20 15:41:23,858 WARN o.a.j.p.h.s.HTTPSamplerBase: Existing CookieManager HTTP Cookie Manager superseded by HTTP Cookie Manager
2026-08-20 15:41:23,889 WARN o.a.j.p.h.s.HTTPSamplerBase: Existing CookieManager HTTP Cookie Manager superseded by HTTP Cookie Manager
2026-08-20 15:41:23,926 WARN o.a.j.p.h.s.HTTPSamplerBase: Existing CookieManager HTTP Cookie Manager superseded by HTTP Cookie Manager
2026-08-20 15:41:23,926 WARN o.a.j.p.h.s.HTTPSamplerBase: Existing CookieManager HTTP Cookie Manager superseded by HTTP Cookie Manager
2026-08-20 15:41:23,926 WARN o.a.j.p.h.s.HTTPSamplerBase: Existing CookieManager HTTP Cookie Manager superseded by HTTP Cookie Manager
2026-08-20 15:41:23,960 WARN o.a.j.p.h.s.HTTPSamplerBase: Existing CookieManager HTTP Cookie Manager superseded by HTTP Cookie Manager
2026-08-20 15:41:24,013 WARN o.a.j.p.h.s.HTTPSamplerBase: Existing CookieManager HTTP Cookie Manager superseded by HTTP Cookie Manager
2026-08-20 15:41:24,018 WARN o.a.j.p.h.s.HTTPSamplerBase: Existing CookieManager HTTP Cookie Manager superseded by HTTP Cookie Manager
2026-08-20 15:41:24,035 WARN o.a.j.p.h.s.HTTPSamplerBase: Existing CookieManager HTTP Cookie Manager superseded by HTTP Cookie Manager
2026-08-20 15:41:24,104 WARN o.a.j.p.h.s.HTTPSamplerBase: Existing CookieManager HTTP Cookie Manager superseded by HTTP Cookie Manager
2026-08-20 15:41:24,112 WARN o.a.j.p.h.s.HTTPSamplerBase: Existing CookieManager HTTP Cookie Manager superseded by HTTP Cookie Manager
2026-08-20 15:41:24,183 WARN o.a.j.p.h.s.HTTPSamplerBase: Existing CookieManager HTTP Cookie Manager superseded by HTTP Cookie Manager
2026-08-20 15:41:24,193 WARN o.a.j.p.h.s.HTTPSamplerBase: Existing CookieManager HTTP Cookie Manager superseded by HTTP Cookie Manager
2026-08-20 15:41:24,237 WARN o.a.j.p.h.s.HTTPSamplerBase: Existing CookieManager HTTP Cookie Manager superseded by HTTP Cookie Manager
2026-08-20 15:41:24,255 WARN o.a.j.p.h.s.HTTPSamplerBase: Existing CookieManager HTTP Cookie Manager superseded by HTTP Cookie Manager
2026-08-20 15:41:24,281 WARN o.a.j.p.h.s.HTTPSamplerBase: Existing CookieManager HTTP Cookie Manager superseded by HTTP Cookie Manager
2026-08-20 15:41:24,282 WARN o.a.j.p.h.s.HTTPSamplerBase: Existing CookieManager HTTP Cookie Manager superseded by HTTP Cookie Manager
2026-08-20 15:41:24,321 WARN o.a.j.p.h.s.HTTPSamplerBase: Existing CookieManager HTTP Cookie Manager superseded by HTTP Cookie Manager
2026-08-20 15:41:24,371 WARN o.a.j.p.h.s.HTTPSamplerBase: Existing CookieManager HTTP Cookie Manager superseded by HTTP Cookie Manager
2026-08-20 15:41:24,436 WARN o.a.j.p.h.s.HTTPSamplerBase: Existing CookieManager HTTP Cookie Manager superseded by HTTP Cookie Manager
2026-08-20 15:41:24,448 WARN o.a.j.p.h.s.HTTPSamplerBase: Existing CookieManager HTTP Cookie Manager superseded by HTTP Cookie Manager
2026-08-20 15:41:24,466 WARN o.a.j.p.h.s.HTTPSamplerBase: Existing CookieManager HTTP Cookie Manager superseded by HTTP Cookie Manager
2026-08-20 15:41:24,481 WARN o.a.j.p.h.s.HTTPSamplerBase: Existing CookieManager HTTP Cookie Manager superseded by HTTP Cookie Manager
2026-08-20 15:41:24,549 WARN o.a.j.p.h.s.HTTPSamplerBase: Existing CookieManager HTTP Cookie Manager superseded by HTTP Cookie Manager
2026-08-20 15:41:24,551 WARN o.a.j.p.h.s.HTTPSamplerBase: Existing CookieManager HTTP Cookie Manager superseded by HTTP Cookie Manager
2026-08-20 15:41:24,551 WARN o.a.j.p.h.s.HTTPSamplerBase: Existing CookieManager HTTP Cookie Manager superseded by HTTP Cookie Manager
2026-08-20 15:41:24,556 WARN o.a.j.p.h.s.HTTPSamplerBase: Existing CookieManager HTTP Cookie Manager superseded by HTTP Cookie Manager
2026-08-20 15:41:24,633 WARN o.a.j.p.h.s.HTTPSamplerBase: Existing CookieManager HTTP Cookie Manager superseded by HTTP Cookie Manager
2026-08-20 15:41:24,633 WARN o.a.j.p.h.s.HTTPSamplerBase: Existing CookieManager HTTP Cookie Manager superseded by HTTP Cookie Manager
2026-08-20 15:41:24,642 WARN o.a.j.p.h.s.HTTPSamplerBase: Existing CookieManager HTTP Cookie Manager superseded by HTTP Cookie Manager
2026-08-20 15:41:24,642 WARN o.a.j.p.h.s.HTTPSamplerBase: Existing CookieManager HTTP Cookie Manager superseded by HTTP Cookie Manager
2026-08-20 15:41:24,669 WARN o.a.j.p.h.s.HTTPSamplerBase: Existing CookieManager HTTP Cookie Manager superseded by HTTP Cookie Manager
2026-08-20 15:41:24,722 WARN o.a.j.p.h.s.HTTPSamplerBase: Existing CookieManager HTTP Cookie Manager superseded by HTTP Cookie Manager
2026-08-20 15:41:24,821 WARN o.a.j.p.h.s.HTTPSamplerBase: Existing CookieManager HTTP Cookie Manager superseded by HTTP Cookie Manager
2026-08-20 15:41:24,848 WARN o.a.j.p.h.s.HTTPSamplerBase: Existing CookieManager HTTP Cookie Manager superseded by HTTP Cookie Manager
2026-08-20 15:41:24,896 WARN o.a.j.p.h.s.HTTPSamplerBase: Existing CookieManager HTTP Cookie Manager superseded by HTTP Cookie Manager
2026-08-20 15:41:24,921 WARN o.a.j.p.h.s.HTTPSamplerBase: Existing CookieManager HTTP Cookie Manager superseded by HTTP Cookie Manager
2026-08-20 15:41:24,962 WARN o.a.j.p.h.s.HTTPSamplerBase: Existing CookieManager HTTP Cookie Manager superseded by HTTP Cookie Manager
2026-08-20 15:41:24,997 WARN o.a.j.p.h.s.HTTPSamplerBase: Existing CookieManager HTTP Cookie Manager superseded by HTTP Cookie Manager
2026-08-20 15:41:24,999 WARN o.a.j.p.h.s.HTTPSamplerBase: Existing CookieManager HTTP Cookie Manager superseded by HTTP Cookie Manager
2026-08-20 15:41:25,013 WARN o.a.j.p.h.s.HTTPSamplerBase: Existing CookieManager HTTP Cookie Manager superseded by HTTP Cookie Manager
2026-08-20 15:41:25,016 WARN o.a.j.p.h.s.HTTPSamplerBase: Existing CookieManager HTTP Cookie Manager superseded by HTTP Cookie Manager
2026-08-20 15:41:25,020 WARN o.a.j.p.h.s.HTTPSamplerBase: Existing CookieManager HTTP Cookie Manager superseded by HTTP Cookie Manager
2026-08-20 15:41:25,033 WARN o.a.j.p.h.s.HTTPSamplerBase: Existing CookieManager HTTP Cookie Manager superseded by HTTP Cookie Manager
2026-08-20 15:41:25,085 WARN o.a.j.p.h.s.HTTPSamplerBase: Existing CookieManager HTTP Cookie Manager superseded by HTTP Cookie Manager
2026-08-20 15:41:25,085 WARN o.a.j.p.h.s.HTTPSamplerBase: Existing CookieManager HTTP Cookie Manager superseded by HTTP Cookie Manager
2026-08-20 15:41:25,097 WARN o.a.j.p.h.s.HTTPSamplerBase: Existing CookieManager HTTP Cookie Manager superseded by HTTP Cookie Manager
2026-08-20 15:41:25,175 WARN o.a.j.p.h.s.HTTPSamplerBase: Existing CookieManager HTTP Cookie Manager superseded by HTTP Cookie Manager
2026-08-20 15:41:25,217 WARN o.a.j.p.h.s.HTTPSamplerBase: Existing CookieManager HTTP Cookie Manager superseded by HTTP Cookie Manager
2026-08-20 15:41:25,244 WARN o.a.j.p.h.s.HTTPSamplerBase: Existing CookieManager HTTP Cookie Manager superseded by HTTP Cookie Manager
2026-08-20 15:41:25,246 WARN o.a.j.p.h.s.HTTPSamplerBase: Existing CookieManager HTTP Cookie Manager superseded by HTTP Cookie Manager
2026-08-20 15:41:25,356 WARN o.a.j.p.h.s.HTTPSamplerBase: Existing CookieManager HTTP Cookie Manager superseded by HTTP Cookie Manager
2026-08-20 15:41:25,356 WARN o.a.j.p.h.s.HTTPSamplerBase: Existing CookieManager HTTP Cookie Manager superseded by HTTP Cookie Manager
2026-08-20 15:41:25,365 WARN o.a.j.p.h.s.HTTPSamplerBase: Existing CookieManager HTTP Cookie Manager superseded by HTTP Cookie Manager
2026-08-20 15:41:25,389 WARN o.a.j.p.h.s.HTTPSamplerBase: Existing CookieManager HTTP Cookie Manager superseded by HTTP Cookie Manager
2026-08-20 15:41:25,415 WARN o.a.j.p.h.s.HTTPSamplerBase: Existing CookieManager HTTP Cookie Manager superseded by HTTP Cookie Manager
2026-08-20 15:41:25,450 WARN o.a.j.p.h.s.HTTPSamplerBase: Existing CookieManager HTTP Cookie Manager superseded by HTTP Cookie Manager
2026-08-20 15:41:25,491 WARN o.a.j.p.h.s.HTTPSamplerBase: Existing CookieManager HTTP Cookie Manager superseded by HTTP Cookie Manager
2026-08-20 15:41:25,535 WARN o.a.j.p.h.s.HTTPSamplerBase: Existing CookieManager HTTP Cookie Manager superseded by HTTP Cookie Manager
2026-08-20 15:41:25,588 WARN o.a.j.p.h.s.HTTPSamplerBase: Existing CookieManager HTTP Cookie Manager superseded by HTTP Cookie Manager
2026-08-20 15:41:25,602 WARN o.a.j.p.h.s.HTTPSamplerBase: Existing CookieManager HTTP Cookie Manager superseded by HTTP Cookie Manager
2026-08-20 15:41:25,602 WARN o.a.j.p.h.s.HTTPSamplerBase: Existing CookieManager HTTP Cookie Manager superseded by HTTP Cookie Manager
2026-08-20 15:41:25,607 WARN o.a.j.p.h.s.HTTPSamplerBase: Existing CookieManager HTTP Cookie Manager superseded by HTTP Cookie Manager
2026-08-20 15:41:25,610 WARN o.a.j.p.h.s.HTTPSamplerBase: Existing CookieManager HTTP Cookie Manager superseded by HTTP Cookie Manager
2026-08-20 15:41:25,616 WARN o.a.j.p.h.s.HTTPSamplerBase: Existing CookieManager HTTP Cookie Manager superseded by HTTP Cookie Manager
2026-08-20 15:41:25,709 WARN o.a.j.p.h.s.HTTPSamplerBase: Existing CookieManager HTTP Cookie Manager superseded by HTTP Cookie Manager
2026-08-20 15:41:25,713 WARN o.a.j.p.h.s.HTTPSamplerBase: Existing CookieManager HTTP Cookie Manager superseded by HTTP Cookie Manager
2026-08-20 15:41:25,713 WARN o.a.j.p.h.s.HTTPSamplerBase: Existing CookieManager HTTP Cookie Manager superseded by HTTP Cookie Manager
2026-08-20 15:41:25,754 WARN o.a.j.p.h.s.HTTPSamplerBase: Existing CookieManager HTTP Cookie Manager superseded by HTTP Cookie Manager
2026-08-20 15:41:25,775 WARN o.a.j.p.h.s.HTTPSamplerBase: Existing CookieManager HTTP Cookie Manager superseded by HTTP Cookie Manager
2026-08-20 15:41:25,797 WARN o.a.j.p.h.s.HTTPSamplerBase: Existing CookieManager HTTP Cookie Manager superseded by HTTP Cookie Manager
2026-08-20 15:41:25,886 WARN o.a.j.p.h.s.HTTPSamplerBase: Existing CookieManager HTTP Cookie Manager superseded by HTTP Cookie Manager
2026-08-20 15:41:25,948 WARN o.a.j.p.h.s.HTTPSamplerBase: Existing CookieManager HTTP Cookie Manager superseded by HTTP Cookie Manager
2026-08-20 15:41:25,960 WARN o.a.j.p.h.s.HTTPSamplerBase: Existing CookieManager HTTP Cookie Manager superseded by HTTP Cookie Manager
2026-08-20 15:41:25,983 WARN o.a.j.p.h.s.HTTPSamplerBase: Existing CookieManager HTTP Cookie Manager superseded by HTTP Cookie Manager
2026-08-20 15:41:26,008 INFO o.a.j.r.Summariser: summary +    532 in 00:00:06 =   88.7/s Avg:   180 Min:   169 Max:   217 Err:     0 (0.00%) Active: 16 Started: 16 Finished: 0
2026-08-20 15:41:26,009 INFO o.a.j.r.Summariser: summary =   2504 in 00:00:32 =   78.1/s Avg:   190 Min:   169 Max:  2032 Err:     0 (0.00%)
2026-08-20 15:41:26,010 WARN o.a.j.p.h.s.HTTPSamplerBase: Existing CookieManager HTTP Cookie Manager superseded by HTTP Cookie Manager
2026-08-20 15:41:26,065 WARN o.a.j.p.h.s.HTTPSamplerBase: Existing CookieManager HTTP Cookie Manager superseded by HTTP Cookie Manager
2026-08-20 15:41:26,073 WARN o.a.j.p.h.s.HTTPSamplerBase: Existing CookieManager HTTP Cookie Manager superseded by HTTP Cookie Manager
2026-08-20 15:41:26,075 WARN o.a.j.p.h.s.HTTPSamplerBase: Existing CookieManager HTTP Cookie Manager superseded by HTTP Cookie Manager
2026-08-20 15:41:26,122 WARN o.a.j.p.h.s.HTTPSamplerBase: Existing CookieManager HTTP Cookie Manager superseded by HTTP Cookie Manager
2026-08-20 15:41:26,147 WARN o.a.j.p.h.s.HTTPSamplerBase: Existing CookieManager HTTP Cookie Manager superseded by HTTP Cookie Manager
2026-08-20 15:41:26,147 WARN o.a.j.p.h.s.HTTPSamplerBase: Existing CookieManager HTTP Cookie Manager superseded by HTTP Cookie Manager
2026-08-20 15:41:26,149 WARN o.a.j.p.h.s.HTTPSamplerBase: Existing CookieManager HTTP Cookie Manager superseded by HTTP Cookie Manager
2026-08-20 15:41:26,172 WARN o.a.j.p.h.s.HTTPSamplerBase: Existing CookieManager HTTP Cookie Manager superseded by HTTP Cookie Manager
2026-08-20 15:41:26,194 WARN o.a.j.p.h.s.HTTPSamplerBase: Existing CookieManager HTTP Cookie Manager superseded by HTTP Cookie Manager
2026-08-20 15:41:26,252 WARN o.a.j.p.h.s.HTTPSamplerBase: Existing CookieManager HTTP Cookie Manager superseded by HTTP Cookie Manager
2026-08-20 15:41:26,317 WARN o.a.j.p.h.s.HTTPSamplerBase: Existing CookieManager HTTP Cookie Manager superseded by HTTP Cookie Manager
2026-08-20 15:41:26,319 WARN o.a.j.p.h.s.HTTPSamplerBase: Existing CookieManager HTTP Cookie Manager superseded by HTTP Cookie Manager
2026-08-20 15:41:26,345 WARN o.a.j.p.h.s.HTTPSamplerBase: Existing CookieManager HTTP Cookie Manager superseded by HTTP Cookie Manager
2026-08-20 15:41:26,417 WARN o.a.j.p.h.s.HTTPSamplerBase: Existing CookieManager HTTP Cookie Manager superseded by HTTP Cookie Manager
2026-08-20 15:41:26,421 WARN o.a.j.p.h.s.HTTPSamplerBase: Existing CookieManager HTTP Cookie Manager superseded by HTTP Cookie Manager
2026-08-20 15:41:26,428 WARN o.a.j.p.h.s.HTTPSamplerBase: Existing CookieManager HTTP Cookie Manager superseded by HTTP Cookie Manager
2026-08-20 15:41:26,491 WARN o.a.j.p.h.s.HTTPSamplerBase: Existing CookieManager HTTP Cookie Manager superseded by HTTP Cookie Manager
2026-08-20 15:41:26,520 WARN o.a.j.p.h.s.HTTPSamplerBase: Existing CookieManager HTTP Cookie Manager superseded by HTTP Cookie Manager
2026-08-20 15:41:26,528 WARN o.a.j.p.h.s.HTTPSamplerBase: Existing CookieManager HTTP Cookie Manager superseded by HTTP Cookie Manager
2026-08-20 15:41:26,591 WARN o.a.j.p.h.s.HTTPSamplerBase: Existing CookieManager HTTP Cookie Manager superseded by HTTP Cookie Manager
2026-08-20 15:41:26,616 WARN o.a.j.p.h.s.HTTPSamplerBase: Existing CookieManager HTTP Cookie Manager superseded by HTTP Cookie Manager
2026-08-20 15:41:26,666 WARN o.a.j.p.h.s.HTTPSamplerBase: Existing CookieManager HTTP Cookie Manager superseded by HTTP Cookie Manager
2026-08-20 15:41:26,693 WARN o.a.j.p.h.s.HTTPSamplerBase: Existing CookieManager HTTP Cookie Manager superseded by HTTP Cookie Manager
2026-08-20 15:41:26,693 WARN o.a.j.p.h.s.HTTPSamplerBase: Existing CookieManager HTTP Cookie Manager superseded by HTTP Cookie Manager
2026-08-20 15:41:26,696 WARN o.a.j.p.h.s.HTTPSamplerBase: Existing CookieManager HTTP Cookie Manager superseded by HTTP Cookie Manager
2026-08-20 15:41:26,715 WARN o.a.j.p.h.s.HTTPSamplerBase: Existing CookieManager HTTP Cookie Manager superseded by HTTP Cookie Manager
2026-08-20 15:41:26,753 WARN o.a.j.p.h.s.HTTPSamplerBase: Existing CookieManager HTTP Cookie Manager superseded by HTTP Cookie Manager
2026-08-20 15:41:26,801 WARN o.a.j.p.h.s.HTTPSamplerBase: Existing CookieManager HTTP Cookie Manager superseded by HTTP Cookie Manager
2026-08-20 15:41:26,801 WARN o.a.j.p.h.s.HTTPSamplerBase: Existing CookieManager HTTP Cookie Manager superseded by HTTP Cookie Manager
2026-08-20 15:41:26,802 WARN o.a.j.p.h.s.HTTPSamplerBase: Existing CookieManager HTTP Cookie Manager superseded by HTTP Cookie Manager
2026-08-20 15:41:26,836 WARN o.a.j.p.h.s.HTTPSamplerBase: Existing CookieManager HTTP Cookie Manager superseded by HTTP Cookie Manager
2026-08-20 15:41:26,862 WARN o.a.j.p.h.s.HTTPSamplerBase: Existing CookieManager HTTP Cookie Manager superseded by HTTP Cookie Manager
2026-08-20 15:41:26,981 WARN o.a.j.p.h.s.HTTPSamplerBase: Existing CookieManager HTTP Cookie Manager superseded by HTTP Cookie Manager
2026-08-20 15:41:26,984 WARN o.a.j.p.h.s.HTTPSamplerBase: Existing CookieManager HTTP Cookie Manager superseded by HTTP Cookie Manager
2026-08-20 15:41:27,019 WARN o.a.j.p.h.s.HTTPSamplerBase: Existing CookieManager HTTP Cookie Manager superseded by HTTP Cookie Manager
2026-08-20 15:41:27,059 WARN o.a.j.p.h.s.HTTPSamplerBase: Existing CookieManager HTTP Cookie Manager superseded by HTTP Cookie Manager
2026-08-20 15:41:27,061 WARN o.a.j.p.h.s.HTTPSamplerBase: Existing CookieManager HTTP Cookie Manager superseded by HTTP Cookie Manager
2026-08-20 15:41:27,079 WARN o.a.j.p.h.s.HTTPSamplerBase: Existing CookieManager HTTP Cookie Manager superseded by HTTP Cookie Manager
2026-08-20 15:41:27,150 WARN o.a.j.p.h.s.HTTPSamplerBase: Existing CookieManager HTTP Cookie Manager superseded by HTTP Cookie Manager
2026-08-20 15:41:27,165 WARN o.a.j.p.h.s.HTTPSamplerBase: Existing CookieManager HTTP Cookie Manager superseded by HTTP Cookie Manager
2026-08-20 15:41:27,168 WARN o.a.j.p.h.s.HTTPSamplerBase: Existing CookieManager HTTP Cookie Manager superseded by HTTP Cookie Manager
2026-08-20 15:41:27,235 WARN o.a.j.p.h.s.HTTPSamplerBase: Existing CookieManager HTTP Cookie Manager superseded by HTTP Cookie Manager
2026-08-20 15:41:27,238 WARN o.a.j.p.h.s.HTTPSamplerBase: Existing CookieManager HTTP Cookie Manager superseded by HTTP Cookie Manager
2026-08-20 15:41:27,238 WARN o.a.j.p.h.s.HTTPSamplerBase: Existing CookieManager HTTP Cookie Manager superseded by HTTP Cookie Manager
2026-08-20 15:41:27,249 WARN o.a.j.p.h.s.HTTPSamplerBase: Existing CookieManager HTTP Cookie Manager superseded by HTTP Cookie Manager
2026-08-20 15:41:27,330 WARN o.a.j.p.h.s.HTTPSamplerBase: Existing CookieManager HTTP Cookie Manager superseded by HTTP Cookie Manager
2026-08-20 15:41:27,354 WARN o.a.j.p.h.s.HTTPSamplerBase: Existing CookieManager HTTP Cookie Manager superseded by HTTP Cookie Manager
2026-08-20 15:41:27,359 WARN o.a.j.p.h.s.HTTPSamplerBase: Existing CookieManager HTTP Cookie Manager superseded by HTTP Cookie Manager
2026-08-20 15:41:27,366 WARN o.a.j.p.h.s.HTTPSamplerBase: Existing CookieManager HTTP Cookie Manager superseded by HTTP Cookie Manager
2026-08-20 15:41:27,393 WARN o.a.j.p.h.s.HTTPSamplerBase: Existing CookieManager HTTP Cookie Manager superseded by HTTP Cookie Manager
2026-08-20 15:41:27,446 WARN o.a.j.p.h.s.HTTPSamplerBase: Existing CookieManager HTTP Cookie Manager superseded by HTTP Cookie Manager
2026-08-20 15:41:27,502 WARN o.a.j.p.h.s.HTTPSamplerBase: Existing CookieManager HTTP Cookie Manager superseded by HTTP Cookie Manager
2026-08-20 15:41:27,522 WARN o.a.j.p.h.s.HTTPSamplerBase: Existing CookieManager HTTP Cookie Manager superseded by HTTP Cookie Manager
2026-08-20 15:41:27,537 WARN o.a.j.p.h.s.HTTPSamplerBase: Existing CookieManager HTTP Cookie Manager superseded by HTTP Cookie Manager
2026-08-20 15:41:27,598 WARN o.a.j.p.h.s.HTTPSamplerBase: Existing CookieManager HTTP Cookie Manager superseded by HTTP Cookie Manager
2026-08-20 15:41:27,603 WARN o.a.j.p.h.s.HTTPSamplerBase: Existing CookieManager HTTP Cookie Manager superseded by HTTP Cookie Manager
2026-08-20 15:41:27,617 WARN o.a.j.p.h.s.HTTPSamplerBase: Existing CookieManager HTTP Cookie Manager superseded by HTTP Cookie Manager
2026-08-20 15:41:27,725 WARN o.a.j.p.h.s.HTTPSamplerBase: Existing CookieManager HTTP Cookie Manager superseded by HTTP Cookie Manager
2026-08-20 15:41:27,746 WARN o.a.j.p.h.s.HTTPSamplerBase: Existing CookieManager HTTP Cookie Manager superseded by HTTP Cookie Manager
2026-08-20 15:41:27,751 WARN o.a.j.p.h.s.HTTPSamplerBase: Existing CookieManager HTTP Cookie Manager superseded by HTTP Cookie Manager
2026-08-20 15:41:27,773 WARN o.a.j.p.h.s.HTTPSamplerBase: Existing CookieManager HTTP Cookie Manager superseded by HTTP Cookie Manager
2026-08-20 15:41:27,773 WARN o.a.j.p.h.s.HTTPSamplerBase: Existing CookieManager HTTP Cookie Manager superseded by HTTP Cookie Manager
2026-08-20 15:41:27,778 WARN o.a.j.p.h.s.HTTPSamplerBase: Existing CookieManager HTTP Cookie Manager superseded by HTTP Cookie Manager
2026-08-20 15:41:27,814 WARN o.a.j.p.h.s.HTTPSamplerBase: Existing CookieManager HTTP Cookie Manager superseded by HTTP Cookie Manager
2026-08-20 15:41:27,855 WARN o.a.j.p.h.s.HTTPSamplerBase: Existing CookieManager HTTP Cookie Manager superseded by HTTP Cookie Manager
2026-08-20 15:41:27,894 WARN o.a.j.p.h.s.HTTPSamplerBase: Existing CookieManager HTTP Cookie Manager superseded by HTTP Cookie Manager
2026-08-20 15:41:27,903 WARN o.a.j.p.h.s.HTTPSamplerBase: Existing CookieManager HTTP Cookie Manager superseded by HTTP Cookie Manager
2026-08-20 15:41:27,903 WARN o.a.j.p.h.s.HTTPSamplerBase: Existing CookieManager HTTP Cookie Manager superseded by HTTP Cookie Manager
2026-08-20 15:41:27,907 WARN o.a.j.p.h.s.HTTPSamplerBase: Existing CookieManager HTTP Cookie Manager superseded by HTTP Cookie Manager
2026-08-20 15:41:27,989 WARN o.a.j.p.h.s.HTTPSamplerBase: Existing CookieManager HTTP Cookie Manager superseded by HTTP Cookie Manager
2026-08-20 15:41:28,064 WARN o.a.j.p.h.s.HTTPSamplerBase: Existing CookieManager HTTP Cookie Manager superseded by HTTP Cookie Manager
2026-08-20 15:41:28,098 WARN o.a.j.p.h.s.HTTPSamplerBase: Existing CookieManager HTTP Cookie Manager superseded by HTTP Cookie Manager
2026-08-20 15:41:28,121 WARN o.a.j.p.h.s.HTTPSamplerBase: Existing CookieManager HTTP Cookie Manager superseded by HTTP Cookie Manager
2026-08-20 15:41:28,131 WARN o.a.j.p.h.s.HTTPSamplerBase: Existing CookieManager HTTP Cookie Manager superseded by HTTP Cookie Manager
2026-08-20 15:41:28,137 WARN o.a.j.p.h.s.HTTPSamplerBase: Existing CookieManager HTTP Cookie Manager superseded by HTTP Cookie Manager
2026-08-20 15:41:28,185 WARN o.a.j.p.h.s.HTTPSamplerBase: Existing CookieManager HTTP Cookie Manager superseded by HTTP Cookie Manager
2026-08-20 15:41:28,199 WARN o.a.j.p.h.s.HTTPSamplerBase: Existing CookieManager HTTP Cookie Manager superseded by HTTP Cookie Manager
2026-08-20 15:41:28,254 WARN o.a.j.p.h.s.HTTPSamplerBase: Existing CookieManager HTTP Cookie Manager superseded by HTTP Cookie Manager
2026-08-20 15:41:28,266 WARN o.a.j.p.h.s.HTTPSamplerBase: Existing CookieManager HTTP Cookie Manager superseded by HTTP Cookie Manager
2026-08-20 15:41:28,296 WARN o.a.j.p.h.s.HTTPSamplerBase: Existing CookieManager HTTP Cookie Manager superseded by HTTP Cookie Manager
2026-08-20 15:41:28,299 WARN o.a.j.p.h.s.HTTPSamplerBase: Existing CookieManager HTTP Cookie Manager superseded by HTTP Cookie Manager
2026-08-20 15:41:28,306 WARN o.a.j.p.h.s.HTTPSamplerBase: Existing CookieManager HTTP Cookie Manager superseded by HTTP Cookie Manager
2026-08-20 15:41:28,373 WARN o.a.j.p.h.s.HTTPSamplerBase: Existing CookieManager HTTP Cookie Manager superseded by HTTP Cookie Manager
2026-08-20 15:41:28,416 WARN o.a.j.p.h.s.HTTPSamplerBase: Existing CookieManager HTTP Cookie Manager superseded by HTTP Cookie Manager
2026-08-20 15:41:28,437 WARN o.a.j.p.h.s.HTTPSamplerBase: Existing CookieManager HTTP Cookie Manager superseded by HTTP Cookie Manager
2026-08-20 15:41:28,445 WARN o.a.j.p.h.s.HTTPSamplerBase: Existing CookieManager HTTP Cookie Manager superseded by HTTP Cookie Manager
2026-08-20 15:41:28,482 WARN o.a.j.p.h.s.HTTPSamplerBase: Existing CookieManager HTTP Cookie Manager superseded by HTTP Cookie Manager
2026-08-20 15:41:28,517 WARN o.a.j.p.h.s.HTTPSamplerBase: Existing CookieManager HTTP Cookie Manager superseded by HTTP Cookie Manager
2026-08-20 15:41:28,555 WARN o.a.j.p.h.s.HTTPSamplerBase: Existing CookieManager HTTP Cookie Manager superseded by HTTP Cookie Manager
2026-08-20 15:41:28,555 WARN o.a.j.p.h.s.HTTPSamplerBase: Existing CookieManager HTTP Cookie Manager superseded by HTTP Cookie Manager
2026-08-20 15:41:28,596 WARN o.a.j.p.h.s.HTTPSamplerBase: Existing CookieManager HTTP Cookie Manager superseded by HTTP Cookie Manager
2026-08-20 15:41:28,610 WARN o.a.j.p.h.s.HTTPSamplerBase: Existing CookieManager HTTP Cookie Manager superseded by HTTP Cookie Manager
2026-08-20 15:41:28,640 WARN o.a.j.p.h.s.HTTPSamplerBase: Existing CookieManager HTTP Cookie Manager superseded by HTTP Cookie Manager
2026-08-20 15:41:28,670 WARN o.a.j.p.h.s.HTTPSamplerBase: Existing CookieManager HTTP Cookie Manager superseded by HTTP Cookie Manager
2026-08-20 15:41:28,740 WARN o.a.j.p.h.s.HTTPSamplerBase: Existing CookieManager HTTP Cookie Manager superseded by HTTP Cookie Manager
2026-08-20 15:41:28,796 WARN o.a.j.p.h.s.HTTPSamplerBase: Existing CookieManager HTTP Cookie Manager superseded by HTTP Cookie Manager
2026-08-20 15:41:28,807 WARN o.a.j.p.h.s.HTTPSamplerBase: Existing CookieManager HTTP Cookie Manager superseded by HTTP Cookie Manager
2026-08-20 15:41:28,820 WARN o.a.j.p.h.s.HTTPSamplerBase: Existing CookieManager HTTP Cookie Manager superseded by HTTP Cookie Manager
2026-08-20 15:41:28,820 WARN o.a.j.p.h.s.HTTPSamplerBase: Existing CookieManager HTTP Cookie Manager superseded by HTTP Cookie Manager
2026-08-20 15:41:28,843 WARN o.a.j.p.h.s.HTTPSamplerBase: Existing CookieManager HTTP Cookie Manager superseded by HTTP Cookie Manager
2026-08-20 15:41:28,900 WARN o.a.j.p.h.s.HTTPSamplerBase: Existing CookieManager HTTP Cookie Manager superseded by HTTP Cookie Manager
2026-08-20 15:41:28,924 WARN o.a.j.p.h.s.HTTPSamplerBase: Existing CookieManager HTTP Cookie Manager superseded by HTTP Cookie Manager
2026-08-20 15:41:28,925 WARN o.a.j.p.h.s.HTTPSamplerBase: Existing CookieManager HTTP Cookie Manager superseded by HTTP Cookie Manager
2026-08-20 15:41:28,942 WARN o.a.j.p.h.s.HTTPSamplerBase: Existing CookieManager HTTP Cookie Manager superseded by HTTP Cookie Manager
2026-08-20 15:41:28,970 WARN o.a.j.p.h.s.HTTPSamplerBase: Existing CookieManager HTTP Cookie Manager superseded by HTTP Cookie Manager
2026-08-20 15:41:28,974 WARN o.a.j.p.h.s.HTTPSamplerBase: Existing CookieManager HTTP Cookie Manager superseded by HTTP Cookie Manager
2026-08-20 15:41:29,073 WARN o.a.j.p.h.s.HTTPSamplerBase: Existing CookieManager HTTP Cookie Manager superseded by HTTP Cookie Manager
2026-08-20 15:41:29,134 WARN o.a.j.p.h.s.HTTPSamplerBase: Existing CookieManager HTTP Cookie Manager superseded by HTTP Cookie Manager
2026-08-20 15:41:29,139 WARN o.a.j.p.h.s.HTTPSamplerBase: Existing CookieManager HTTP Cookie Manager superseded by HTTP Cookie Manager
2026-08-20 15:41:29,145 WARN o.a.j.p.h.s.HTTPSamplerBase: Existing CookieManager HTTP Cookie Manager superseded by HTTP Cookie Manager
2026-08-20 15:41:29,190 WARN o.a.j.p.h.s.HTTPSamplerBase: Existing CookieManager HTTP Cookie Manager superseded by HTTP Cookie Manager
2026-08-20 15:41:29,228 WARN o.a.j.p.h.s.HTTPSamplerBase: Existing CookieManager HTTP Cookie Manager superseded by HTTP Cookie Manager
2026-08-20 15:41:29,304 WARN o.a.j.p.h.s.HTTPSamplerBase: Existing CookieManager HTTP Cookie Manager superseded by HTTP Cookie Manager
2026-08-20 15:41:29,320 WARN o.a.j.p.h.s.HTTPSamplerBase: Existing CookieManager HTTP Cookie Manager superseded by HTTP Cookie Manager
2026-08-20 15:41:29,325 WARN o.a.j.p.h.s.HTTPSamplerBase: Existing CookieManager HTTP Cookie Manager superseded by HTTP Cookie Manager
2026-08-20 15:41:29,335 WARN o.a.j.p.h.s.HTTPSamplerBase: Existing CookieManager HTTP Cookie Manager superseded by HTTP Cookie Manager
2026-08-20 15:41:29,343 WARN o.a.j.p.h.s.HTTPSamplerBase: Existing CookieManager HTTP Cookie Manager superseded by HTTP Cookie Manager
2026-08-20 15:41:29,382 WARN o.a.j.p.h.s.HTTPSamplerBase: Existing CookieManager HTTP Cookie Manager superseded by HTTP Cookie Manager
2026-08-20 15:41:29,413 WARN o.a.j.p.h.s.HTTPSamplerBase: Existing CookieManager HTTP Cookie Manager superseded by HTTP Cookie Manager
2026-08-20 15:41:29,414 WARN o.a.j.p.h.s.HTTPSamplerBase: Existing CookieManager HTTP Cookie Manager superseded by HTTP Cookie Manager
2026-08-20 15:41:29,482 WARN o.a.j.p.h.s.HTTPSamplerBase: Existing CookieManager HTTP Cookie Manager superseded by HTTP Cookie Manager
2026-08-20 15:41:29,494 WARN o.a.j.p.h.s.HTTPSamplerBase: Existing CookieManager HTTP Cookie Manager superseded by HTTP Cookie Manager
2026-08-20 15:41:29,510 WARN o.a.j.p.h.s.HTTPSamplerBase: Existing CookieManager HTTP Cookie Manager superseded by HTTP Cookie Manager
2026-08-20 15:41:29,510 WARN o.a.j.p.h.s.HTTPSamplerBase: Existing CookieManager HTTP Cookie Manager superseded by HTTP Cookie Manager
2026-08-20 15:41:29,639 WARN o.a.j.p.h.s.HTTPSamplerBase: Existing CookieManager HTTP Cookie Manager superseded by HTTP Cookie Manager
2026-08-20 15:41:29,652 WARN o.a.j.p.h.s.HTTPSamplerBase: Existing CookieManager HTTP Cookie Manager superseded by HTTP Cookie Manager
2026-08-20 15:41:29,663 WARN o.a.j.p.h.s.HTTPSamplerBase: Existing CookieManager HTTP Cookie Manager superseded by HTTP Cookie Manager
2026-08-20 15:41:29,691 WARN o.a.j.p.h.s.HTTPSamplerBase: Existing CookieManager HTTP Cookie Manager superseded by HTTP Cookie Manager
2026-08-20 15:41:29,692 WARN o.a.j.p.h.s.HTTPSamplerBase: Existing CookieManager HTTP Cookie Manager superseded by HTTP Cookie Manager
2026-08-20 15:41:29,709 WARN o.a.j.p.h.s.HTTPSamplerBase: Existing CookieManager HTTP Cookie Manager superseded by HTTP Cookie Manager
2026-08-20 15:41:29,718 WARN o.a.j.p.h.s.HTTPSamplerBase: Existing CookieManager HTTP Cookie Manager superseded by HTTP Cookie Manager
2026-08-20 15:41:29,768 WARN o.a.j.p.h.s.HTTPSamplerBase: Existing CookieManager HTTP Cookie Manager superseded by HTTP Cookie Manager
2026-08-20 15:41:29,841 WARN o.a.j.p.h.s.HTTPSamplerBase: Existing CookieManager HTTP Cookie Manager superseded by HTTP Cookie Manager
2026-08-20 15:41:29,870 WARN o.a.j.p.h.s.HTTPSamplerBase: Existing CookieManager HTTP Cookie Manager superseded by HTTP Cookie Manager
2026-08-20 15:41:29,875 WARN o.a.j.p.h.s.HTTPSamplerBase: Existing CookieManager HTTP Cookie Manager superseded by HTTP Cookie Manager
2026-08-20 15:41:29,906 WARN o.a.j.p.h.s.HTTPSamplerBase: Existing CookieManager HTTP Cookie Manager superseded by HTTP Cookie Manager
2026-08-20 15:41:29,940 WARN o.a.j.p.h.s.HTTPSamplerBase: Existing CookieManager HTTP Cookie Manager superseded by HTTP Cookie Manager
2026-08-20 15:41:29,940 WARN o.a.j.p.h.s.HTTPSamplerBase: Existing CookieManager HTTP Cookie Manager superseded by HTTP Cookie Manager
2026-08-20 15:41:30,002 WARN o.a.j.p.h.s.HTTPSamplerBase: Existing CookieManager HTTP Cookie Manager superseded by HTTP Cookie Manager
2026-08-20 15:41:30,026 WARN o.a.j.p.h.s.HTTPSamplerBase: Existing CookieManager HTTP Cookie Manager superseded by HTTP Cookie Manager
2026-08-20 15:41:30,044 WARN o.a.j.p.h.s.HTTPSamplerBase: Existing CookieManager HTTP Cookie Manager superseded by HTTP Cookie Manager
2026-08-20 15:41:30,046 WARN o.a.j.p.h.s.HTTPSamplerBase: Existing CookieManager HTTP Cookie Manager superseded by HTTP Cookie Manager
2026-08-20 15:41:30,054 WARN o.a.j.p.h.s.HTTPSamplerBase: Existing CookieManager HTTP Cookie Manager superseded by HTTP Cookie Manager
2026-08-20 15:41:30,116 WARN o.a.j.p.h.s.HTTPSamplerBase: Existing CookieManager HTTP Cookie Manager superseded by HTTP Cookie Manager
2026-08-20 15:41:30,198 WARN o.a.j.p.h.s.HTTPSamplerBase: Existing CookieManager HTTP Cookie Manager superseded by HTTP Cookie Manager
2026-08-20 15:41:30,210 WARN o.a.j.p.h.s.HTTPSamplerBase: Existing CookieManager HTTP Cookie Manager superseded by HTTP Cookie Manager
2026-08-20 15:41:30,213 WARN o.a.j.p.h.s.HTTPSamplerBase: Existing CookieManager HTTP Cookie Manager superseded by HTTP Cookie Manager
2026-08-20 15:41:30,225 WARN o.a.j.p.h.s.HTTPSamplerBase: Existing CookieManager HTTP Cookie Manager superseded by HTTP Cookie Manager
2026-08-20 15:41:30,248 WARN o.a.j.p.h.s.HTTPSamplerBase: Existing CookieManager HTTP Cookie Manager superseded by HTTP Cookie Manager
2026-08-20 15:41:30,295 WARN o.a.j.p.h.s.HTTPSamplerBase: Existing CookieManager HTTP Cookie Manager superseded by HTTP Cookie Manager
2026-08-20 15:41:30,371 WARN o.a.j.p.h.s.HTTPSamplerBase: Existing CookieManager HTTP Cookie Manager superseded by HTTP Cookie Manager
2026-08-20 15:41:30,402 WARN o.a.j.p.h.s.HTTPSamplerBase: Existing CookieManager HTTP Cookie Manager superseded by HTTP Cookie Manager
2026-08-20 15:41:30,411 WARN o.a.j.p.h.s.HTTPSamplerBase: Existing CookieManager HTTP Cookie Manager superseded by HTTP Cookie Manager
2026-08-20 15:41:30,422 WARN o.a.j.p.h.s.HTTPSamplerBase: Existing CookieManager HTTP Cookie Manager superseded by HTTP Cookie Manager
2026-08-20 15:41:30,426 WARN o.a.j.p.h.s.HTTPSamplerBase: Existing CookieManager HTTP Cookie Manager superseded by HTTP Cookie Manager
2026-08-20 15:41:30,460 WARN o.a.j.p.h.s.HTTPSamplerBase: Existing CookieManager HTTP Cookie Manager superseded by HTTP Cookie Manager
2026-08-20 15:41:30,464 WARN o.a.j.p.h.s.HTTPSamplerBase: Existing CookieManager HTTP Cookie Manager superseded by HTTP Cookie Manager
2026-08-20 15:41:30,502 WARN o.a.j.p.h.s.HTTPSamplerBase: Existing CookieManager HTTP Cookie Manager superseded by HTTP Cookie Manager
2026-08-20 15:41:30,548 WARN o.a.j.p.h.s.HTTPSamplerBase: Existing CookieManager HTTP Cookie Manager superseded by HTTP Cookie Manager
2026-08-20 15:41:30,557 WARN o.a.j.p.h.s.HTTPSamplerBase: Existing CookieManager HTTP Cookie Manager superseded by HTTP Cookie Manager
2026-08-20 15:41:30,586 WARN o.a.j.p.h.s.HTTPSamplerBase: Existing CookieManager HTTP Cookie Manager superseded by HTTP Cookie Manager
2026-08-20 15:41:30,613 WARN o.a.j.p.h.s.HTTPSamplerBase: Existing CookieManager HTTP Cookie Manager superseded by HTTP Cookie Manager
2026-08-20 15:41:30,717 WARN o.a.j.p.h.s.HTTPSamplerBase: Existing CookieManager HTTP Cookie Manager superseded by HTTP Cookie Manager
2026-08-20 15:41:30,742 WARN o.a.j.p.h.s.HTTPSamplerBase: Existing CookieManager HTTP Cookie Manager superseded by HTTP Cookie Manager
2026-08-20 15:41:30,751 WARN o.a.j.p.h.s.HTTPSamplerBase: Existing CookieManager HTTP Cookie Manager superseded by HTTP Cookie Manager
2026-08-20 15:41:30,759 WARN o.a.j.p.h.s.HTTPSamplerBase: Existing CookieManager HTTP Cookie Manager superseded by HTTP Cookie Manager
2026-08-20 15:41:30,791 WARN o.a.j.p.h.s.HTTPSamplerBase: Existing CookieManager HTTP Cookie Manager superseded by HTTP Cookie Manager
2026-08-20 15:41:30,799 WARN o.a.j.p.h.s.HTTPSamplerBase: Existing CookieManager HTTP Cookie Manager superseded by HTTP Cookie Manager
2026-08-20 15:41:30,840 WARN o.a.j.p.h.s.HTTPSamplerBase: Existing CookieManager HTTP Cookie Manager superseded by HTTP Cookie Manager
2026-08-20 15:41:30,886 WARN o.a.j.p.h.s.HTTPSamplerBase: Existing CookieManager HTTP Cookie Manager superseded by HTTP Cookie Manager
2026-08-20 15:41:30,905 WARN o.a.j.p.h.s.HTTPSamplerBase: Existing CookieManager HTTP Cookie Manager superseded by HTTP Cookie Manager
2026-08-20 15:41:30,947 WARN o.a.j.p.h.s.HTTPSamplerBase: Existing CookieManager HTTP Cookie Manager superseded by HTTP Cookie Manager
2026-08-20 15:41:30,949 WARN o.a.j.p.h.s.HTTPSamplerBase: Existing CookieManager HTTP Cookie Manager superseded by HTTP Cookie Manager
2026-08-20 15:41:30,992 WARN o.a.j.p.h.s.HTTPSamplerBase: Existing CookieManager HTTP Cookie Manager superseded by HTTP Cookie Manager
2026-08-20 15:41:30,993 WARN o.a.j.p.h.s.HTTPSamplerBase: Existing CookieManager HTTP Cookie Manager superseded by HTTP Cookie Manager
2026-08-20 15:41:30,993 WARN o.a.j.p.h.s.HTTPSamplerBase: Existing CookieManager HTTP Cookie Manager superseded by HTTP Cookie Manager
2026-08-20 15:41:31,096 WARN o.a.j.p.h.s.HTTPSamplerBase: Existing CookieManager HTTP Cookie Manager superseded by HTTP Cookie Manager
2026-08-20 15:41:31,097 WARN o.a.j.p.h.s.HTTPSamplerBase: Existing CookieManager HTTP Cookie Manager superseded by HTTP Cookie Manager
2026-08-20 15:41:31,120 WARN o.a.j.p.h.s.HTTPSamplerBase: Existing CookieManager HTTP Cookie Manager superseded by HTTP Cookie Manager
2026-08-20 15:41:31,124 WARN o.a.j.p.h.s.HTTPSamplerBase: Existing CookieManager HTTP Cookie Manager superseded by HTTP Cookie Manager
2026-08-20 15:41:31,177 WARN o.a.j.p.h.s.HTTPSamplerBase: Existing CookieManager HTTP Cookie Manager superseded by HTTP Cookie Manager
2026-08-20 15:41:31,269 WARN o.a.j.p.h.s.HTTPSamplerBase: Existing CookieManager HTTP Cookie Manager superseded by HTTP Cookie Manager
2026-08-20 15:41:31,275 WARN o.a.j.p.h.s.HTTPSamplerBase: Existing CookieManager HTTP Cookie Manager superseded by HTTP Cookie Manager
2026-08-20 15:41:31,289 WARN o.a.j.p.h.s.HTTPSamplerBase: Existing CookieManager HTTP Cookie Manager superseded by HTTP Cookie Manager
2026-08-20 15:41:31,300 WARN o.a.j.p.h.s.HTTPSamplerBase: Existing CookieManager HTTP Cookie Manager superseded by HTTP Cookie Manager
2026-08-20 15:41:31,359 WARN o.a.j.p.h.s.HTTPSamplerBase: Existing CookieManager HTTP Cookie Manager superseded by HTTP Cookie Manager
2026-08-20 15:41:31,360 WARN o.a.j.p.h.s.HTTPSamplerBase: Existing CookieManager HTTP Cookie Manager superseded by HTTP Cookie Manager
2026-08-20 15:41:31,447 WARN o.a.j.p.h.s.HTTPSamplerBase: Existing CookieManager HTTP Cookie Manager superseded by HTTP Cookie Manager
2026-08-20 15:41:31,451 WARN o.a.j.p.h.s.HTTPSamplerBase: Existing CookieManager HTTP Cookie Manager superseded by HTTP Cookie Manager
2026-08-20 15:41:31,470 WARN o.a.j.p.h.s.HTTPSamplerBase: Existing CookieManager HTTP Cookie Manager superseded by HTTP Cookie Manager
2026-08-20 15:41:31,486 WARN o.a.j.p.h.s.HTTPSamplerBase: Existing CookieManager HTTP Cookie Manager superseded by HTTP Cookie Manager
2026-08-20 15:41:31,494 WARN o.a.j.p.h.s.HTTPSamplerBase: Existing CookieManager HTTP Cookie Manager superseded by HTTP Cookie Manager
2026-08-20 15:41:31,518 WARN o.a.j.p.h.s.HTTPSamplerBase: Existing CookieManager HTTP Cookie Manager superseded by HTTP Cookie Manager
2026-08-20 15:41:31,530 WARN o.a.j.p.h.s.HTTPSamplerBase: Existing CookieManager HTTP Cookie Manager superseded by HTTP Cookie Manager
2026-08-20 15:41:31,540 WARN o.a.j.p.h.s.HTTPSamplerBase: Existing CookieManager HTTP Cookie Manager superseded by HTTP Cookie Manager
2026-08-20 15:41:31,616 WARN o.a.j.p.h.s.HTTPSamplerBase: Existing CookieManager HTTP Cookie Manager superseded by HTTP Cookie Manager
2026-08-20 15:41:31,630 WARN o.a.j.p.h.s.HTTPSamplerBase: Existing CookieManager HTTP Cookie Manager superseded by HTTP Cookie Manager
2026-08-20 15:41:31,671 WARN o.a.j.p.h.s.HTTPSamplerBase: Existing CookieManager HTTP Cookie Manager superseded by HTTP Cookie Manager
2026-08-20 15:41:31,679 WARN o.a.j.p.h.s.HTTPSamplerBase: Existing CookieManager HTTP Cookie Manager superseded by HTTP Cookie Manager
2026-08-20 15:41:31,727 WARN o.a.j.p.h.s.HTTPSamplerBase: Existing CookieManager HTTP Cookie Manager superseded by HTTP Cookie Manager
2026-08-20 15:41:31,785 WARN o.a.j.p.h.s.HTTPSamplerBase: Existing CookieManager HTTP Cookie Manager superseded by HTTP Cookie Manager
2026-08-20 15:41:31,792 WARN o.a.j.p.h.s.HTTPSamplerBase: Existing CookieManager HTTP Cookie Manager superseded by HTTP Cookie Manager
2026-08-20 15:41:31,851 WARN o.a.j.p.h.s.HTTPSamplerBase: Existing CookieManager HTTP Cookie Manager superseded by HTTP Cookie Manager
2026-08-20 15:41:31,852 WARN o.a.j.p.h.s.HTTPSamplerBase: Existing CookieManager HTTP Cookie Manager superseded by HTTP Cookie Manager
2026-08-20 15:41:31,909 WARN o.a.j.p.h.s.HTTPSamplerBase: Existing CookieManager HTTP Cookie Manager superseded by HTTP Cookie Manager
2026-08-20 15:41:31,929 WARN o.a.j.p.h.s.HTTPSamplerBase: Existing CookieManager HTTP Cookie Manager superseded by HTTP Cookie Manager
2026-08-20 15:41:31,979 WARN o.a.j.p.h.s.HTTPSamplerBase: Existing CookieManager HTTP Cookie Manager superseded by HTTP Cookie Manager
2026-08-20 15:41:31,985 WARN o.a.j.p.h.s.HTTPSamplerBase: Existing CookieManager HTTP Cookie Manager superseded by HTTP Cookie Manager
2026-08-20 15:41:32,022 INFO o.a.j.r.Summariser: summary +    526 in 00:00:06 =   87.5/s Avg:   181 Min:   169 Max:   255 Err:     0 (0.00%) Active: 16 Started: 16 Finished: 0
2026-08-20 15:41:32,023 INFO o.a.j.r.Summariser: summary =   3030 in 00:00:38 =   79.6/s Avg:   189 Min:   169 Max:  2032 Err:     0 (0.00%)
2026-08-20 15:41:32,023 WARN o.a.j.p.h.s.HTTPSamplerBase: Existing CookieManager HTTP Cookie Manager superseded by HTTP Cookie Manager
2026-08-20 15:41:32,041 WARN o.a.j.p.h.s.HTTPSamplerBase: Existing CookieManager HTTP Cookie Manager superseded by HTTP Cookie Manager
2026-08-20 15:41:32,060 WARN o.a.j.p.h.s.HTTPSamplerBase: Existing CookieManager HTTP Cookie Manager superseded by HTTP Cookie Manager
2026-08-20 15:41:32,060 WARN o.a.j.p.h.s.HTTPSamplerBase: Existing CookieManager HTTP Cookie Manager superseded by HTTP Cookie Manager
2026-08-20 15:41:32,065 WARN o.a.j.p.h.s.HTTPSamplerBase: Existing CookieManager HTTP Cookie Manager superseded by HTTP Cookie Manager
2026-08-20 15:41:32,094 WARN o.a.j.p.h.s.HTTPSamplerBase: Existing CookieManager HTTP Cookie Manager superseded by HTTP Cookie Manager
2026-08-20 15:41:32,143 WARN o.a.j.p.h.s.HTTPSamplerBase: Existing CookieManager HTTP Cookie Manager superseded by HTTP Cookie Manager
2026-08-20 15:41:32,144 WARN o.a.j.p.h.s.HTTPSamplerBase: Existing CookieManager HTTP Cookie Manager superseded by HTTP Cookie Manager
2026-08-20 15:41:32,222 WARN o.a.j.p.h.s.HTTPSamplerBase: Existing CookieManager HTTP Cookie Manager superseded by HTTP Cookie Manager
2026-08-20 15:41:32,222 WARN o.a.j.p.h.s.HTTPSamplerBase: Existing CookieManager HTTP Cookie Manager superseded by HTTP Cookie Manager
2026-08-20 15:41:32,274 WARN o.a.j.p.h.s.HTTPSamplerBase: Existing CookieManager HTTP Cookie Manager superseded by HTTP Cookie Manager
2026-08-20 15:41:32,316 WARN o.a.j.p.h.s.HTTPSamplerBase: Existing CookieManager HTTP Cookie Manager superseded by HTTP Cookie Manager
2026-08-20 15:41:32,327 WARN o.a.j.p.h.s.HTTPSamplerBase: Existing CookieManager HTTP Cookie Manager superseded by HTTP Cookie Manager
2026-08-20 15:41:32,402 WARN o.a.j.p.h.s.HTTPSamplerBase: Existing CookieManager HTTP Cookie Manager superseded by HTTP Cookie Manager
2026-08-20 15:41:32,440 WARN o.a.j.p.h.s.HTTPSamplerBase: Existing CookieManager HTTP Cookie Manager superseded by HTTP Cookie Manager
2026-08-20 15:41:32,466 WARN o.a.j.p.h.s.HTTPSamplerBase: Existing CookieManager HTTP Cookie Manager superseded by HTTP Cookie Manager
2026-08-20 15:41:32,491 WARN o.a.j.p.h.s.HTTPSamplerBase: Existing CookieManager HTTP Cookie Manager superseded by HTTP Cookie Manager
2026-08-20 15:41:32,502 WARN o.a.j.p.h.s.HTTPSamplerBase: Existing CookieManager HTTP Cookie Manager superseded by HTTP Cookie Manager
2026-08-20 15:41:32,522 WARN o.a.j.p.h.s.HTTPSamplerBase: Existing CookieManager HTTP Cookie Manager superseded by HTTP Cookie Manager
2026-08-20 15:41:32,543 WARN o.a.j.p.h.s.HTTPSamplerBase: Existing CookieManager HTTP Cookie Manager superseded by HTTP Cookie Manager
2026-08-20 15:41:32,574 WARN o.a.j.p.h.s.HTTPSamplerBase: Existing CookieManager HTTP Cookie Manager superseded by HTTP Cookie Manager
2026-08-20 15:41:32,585 WARN o.a.j.p.h.s.HTTPSamplerBase: Existing CookieManager HTTP Cookie Manager superseded by HTTP Cookie Manager
2026-08-20 15:41:32,585 WARN o.a.j.p.h.s.HTTPSamplerBase: Existing CookieManager HTTP Cookie Manager superseded by HTTP Cookie Manager
2026-08-20 15:41:32,590 WARN o.a.j.p.h.s.HTTPSamplerBase: Existing CookieManager HTTP Cookie Manager superseded by HTTP Cookie Manager
2026-08-20 15:41:32,654 WARN o.a.j.p.h.s.HTTPSamplerBase: Existing CookieManager HTTP Cookie Manager superseded by HTTP Cookie Manager
2026-08-20 15:41:32,663 WARN o.a.j.p.h.s.HTTPSamplerBase: Existing CookieManager HTTP Cookie Manager superseded by HTTP Cookie Manager
2026-08-20 15:41:32,675 WARN o.a.j.p.h.s.HTTPSamplerBase: Existing CookieManager HTTP Cookie Manager superseded by HTTP Cookie Manager
2026-08-20 15:41:32,758 WARN o.a.j.p.h.s.HTTPSamplerBase: Existing CookieManager HTTP Cookie Manager superseded by HTTP Cookie Manager
2026-08-20 15:41:32,829 WARN o.a.j.p.h.s.HTTPSamplerBase: Existing CookieManager HTTP Cookie Manager superseded by HTTP Cookie Manager
2026-08-20 15:41:32,838 WARN o.a.j.p.h.s.HTTPSamplerBase: Existing CookieManager HTTP Cookie Manager superseded by HTTP Cookie Manager
2026-08-20 15:41:32,850 WARN o.a.j.p.h.s.HTTPSamplerBase: Existing CookieManager HTTP Cookie Manager superseded by HTTP Cookie Manager
2026-08-20 15:41:32,851 WARN o.a.j.p.h.s.HTTPSamplerBase: Existing CookieManager HTTP Cookie Manager superseded by HTTP Cookie Manager
2026-08-20 15:41:32,931 WARN o.a.j.p.h.s.HTTPSamplerBase: Existing CookieManager HTTP Cookie Manager superseded by HTTP Cookie Manager
2026-08-20 15:41:32,940 WARN o.a.j.p.h.s.HTTPSamplerBase: Existing CookieManager HTTP Cookie Manager superseded by HTTP Cookie Manager
2026-08-20 15:41:33,020 WARN o.a.j.p.h.s.HTTPSamplerBase: Existing CookieManager HTTP Cookie Manager superseded by HTTP Cookie Manager
2026-08-20 15:41:33,027 WARN o.a.j.p.h.s.HTTPSamplerBase: Existing CookieManager HTTP Cookie Manager superseded by HTTP Cookie Manager
2026-08-20 15:41:33,074 WARN o.a.j.p.h.s.HTTPSamplerBase: Existing CookieManager HTTP Cookie Manager superseded by HTTP Cookie Manager
2026-08-20 15:41:33,075 WARN o.a.j.p.h.s.HTTPSamplerBase: Existing CookieManager HTTP Cookie Manager superseded by HTTP Cookie Manager
2026-08-20 15:41:33,091 WARN o.a.j.p.h.s.HTTPSamplerBase: Existing CookieManager HTTP Cookie Manager superseded by HTTP Cookie Manager
2026-08-20 15:41:33,112 WARN o.a.j.p.h.s.HTTPSamplerBase: Existing CookieManager HTTP Cookie Manager superseded by HTTP Cookie Manager
2026-08-20 15:41:33,114 WARN o.a.j.p.h.s.HTTPSamplerBase: Existing CookieManager HTTP Cookie Manager superseded by HTTP Cookie Manager
2026-08-20 15:41:33,126 WARN o.a.j.p.h.s.HTTPSamplerBase: Existing CookieManager HTTP Cookie Manager superseded by HTTP Cookie Manager
2026-08-20 15:41:33,201 WARN o.a.j.p.h.s.HTTPSamplerBase: Existing CookieManager HTTP Cookie Manager superseded by HTTP Cookie Manager
2026-08-20 15:41:33,204 WARN o.a.j.p.h.s.HTTPSamplerBase: Existing CookieManager HTTP Cookie Manager superseded by HTTP Cookie Manager
2026-08-20 15:41:33,213 WARN o.a.j.p.h.s.HTTPSamplerBase: Existing CookieManager HTTP Cookie Manager superseded by HTTP Cookie Manager
2026-08-20 15:41:33,214 WARN o.a.j.p.h.s.HTTPSamplerBase: Existing CookieManager HTTP Cookie Manager superseded by HTTP Cookie Manager
2026-08-20 15:41:33,287 WARN o.a.j.p.h.s.HTTPSamplerBase: Existing CookieManager HTTP Cookie Manager superseded by HTTP Cookie Manager
2026-08-20 15:41:33,289 WARN o.a.j.p.h.s.HTTPSamplerBase: Existing CookieManager HTTP Cookie Manager superseded by HTTP Cookie Manager
2026-08-20 15:41:33,368 WARN o.a.j.p.h.s.HTTPSamplerBase: Existing CookieManager HTTP Cookie Manager superseded by HTTP Cookie Manager
2026-08-20 15:41:33,376 WARN o.a.j.p.h.s.HTTPSamplerBase: Existing CookieManager HTTP Cookie Manager superseded by HTTP Cookie Manager
2026-08-20 15:41:33,405 WARN o.a.j.p.h.s.HTTPSamplerBase: Existing CookieManager HTTP Cookie Manager superseded by HTTP Cookie Manager
2026-08-20 15:41:33,483 WARN o.a.j.p.h.s.HTTPSamplerBase: Existing CookieManager HTTP Cookie Manager superseded by HTTP Cookie Manager
2026-08-20 15:41:33,554 WARN o.a.j.p.h.s.HTTPSamplerBase: Existing CookieManager HTTP Cookie Manager superseded by HTTP Cookie Manager
2026-08-20 15:41:33,589 WARN o.a.j.p.h.s.HTTPSamplerBase: Existing CookieManager HTTP Cookie Manager superseded by HTTP Cookie Manager
2026-08-20 15:41:33,606 WARN o.a.j.p.h.s.HTTPSamplerBase: Existing CookieManager HTTP Cookie Manager superseded by HTTP Cookie Manager
2026-08-20 15:41:33,606 WARN o.a.j.p.h.s.HTTPSamplerBase: Existing CookieManager HTTP Cookie Manager superseded by HTTP Cookie Manager
2026-08-20 15:41:33,608 WARN o.a.j.p.h.s.HTTPSamplerBase: Existing CookieManager HTTP Cookie Manager superseded by HTTP Cookie Manager
2026-08-20 15:41:33,633 WARN o.a.j.p.h.s.HTTPSamplerBase: Existing CookieManager HTTP Cookie Manager superseded by HTTP Cookie Manager
2026-08-20 15:41:33,639 WARN o.a.j.p.h.s.HTTPSamplerBase: Existing CookieManager HTTP Cookie Manager superseded by HTTP Cookie Manager
2026-08-20 15:41:33,640 WARN o.a.j.p.h.s.HTTPSamplerBase: Existing CookieManager HTTP Cookie Manager superseded by HTTP Cookie Manager
2026-08-20 15:41:33,656 WARN o.a.j.p.h.s.HTTPSamplerBase: Existing CookieManager HTTP Cookie Manager superseded by HTTP Cookie Manager
2026-08-20 15:41:33,659 WARN o.a.j.p.h.s.HTTPSamplerBase: Existing CookieManager HTTP Cookie Manager superseded by HTTP Cookie Manager
2026-08-20 15:41:33,730 WARN o.a.j.p.h.s.HTTPSamplerBase: Existing CookieManager HTTP Cookie Manager superseded by HTTP Cookie Manager
2026-08-20 15:41:33,735 WARN o.a.j.p.h.s.HTTPSamplerBase: Existing CookieManager HTTP Cookie Manager superseded by HTTP Cookie Manager
2026-08-20 15:41:33,784 WARN o.a.j.p.h.s.HTTPSamplerBase: Existing CookieManager HTTP Cookie Manager superseded by HTTP Cookie Manager
2026-08-20 15:41:33,820 WARN o.a.j.p.h.s.HTTPSamplerBase: Existing CookieManager HTTP Cookie Manager superseded by HTTP Cookie Manager
2026-08-20 15:41:33,896 WARN o.a.j.p.h.s.HTTPSamplerBase: Existing CookieManager HTTP Cookie Manager superseded by HTTP Cookie Manager
2026-08-20 15:41:33,898 WARN o.a.j.p.h.s.HTTPSamplerBase: Existing CookieManager HTTP Cookie Manager superseded by HTTP Cookie Manager
2026-08-20 15:41:33,979 WARN o.a.j.p.h.s.HTTPSamplerBase: Existing CookieManager HTTP Cookie Manager superseded by HTTP Cookie Manager
2026-08-20 15:41:33,989 WARN o.a.j.p.h.s.HTTPSamplerBase: Existing CookieManager HTTP Cookie Manager superseded by HTTP Cookie Manager
2026-08-20 15:41:34,001 WARN o.a.j.p.h.s.HTTPSamplerBase: Existing CookieManager HTTP Cookie Manager superseded by HTTP Cookie Manager
2026-08-20 15:41:34,032 WARN o.a.j.p.h.s.HTTPSamplerBase: Existing CookieManager HTTP Cookie Manager superseded by HTTP Cookie Manager
2026-08-20 15:41:34,077 WARN o.a.j.p.h.s.HTTPSamplerBase: Existing CookieManager HTTP Cookie Manager superseded by HTTP Cookie Manager
2026-08-20 15:41:34,141 WARN o.a.j.p.h.s.HTTPSamplerBase: Existing CookieManager HTTP Cookie Manager superseded by HTTP Cookie Manager
2026-08-20 15:41:34,156 WARN o.a.j.p.h.s.HTTPSamplerBase: Existing CookieManager HTTP Cookie Manager superseded by HTTP Cookie Manager
2026-08-20 15:41:34,161 WARN o.a.j.p.h.s.HTTPSamplerBase: Existing CookieManager HTTP Cookie Manager superseded by HTTP Cookie Manager
2026-08-20 15:41:34,175 WARN o.a.j.p.h.s.HTTPSamplerBase: Existing CookieManager HTTP Cookie Manager superseded by HTTP Cookie Manager
2026-08-20 15:41:34,175 WARN o.a.j.p.h.s.HTTPSamplerBase: Existing CookieManager HTTP Cookie Manager superseded by HTTP Cookie Manager
2026-08-20 15:41:34,208 WARN o.a.j.p.h.s.HTTPSamplerBase: Existing CookieManager HTTP Cookie Manager superseded by HTTP Cookie Manager
2026-08-20 15:41:34,231 WARN o.a.j.p.h.s.HTTPSamplerBase: Existing CookieManager HTTP Cookie Manager superseded by HTTP Cookie Manager
2026-08-20 15:41:34,253 WARN o.a.j.p.h.s.HTTPSamplerBase: Existing CookieManager HTTP Cookie Manager superseded by HTTP Cookie Manager
2026-08-20 15:41:34,264 WARN o.a.j.p.h.s.HTTPSamplerBase: Existing CookieManager HTTP Cookie Manager superseded by HTTP Cookie Manager
2026-08-20 15:41:34,362 WARN o.a.j.p.h.s.HTTPSamplerBase: Existing CookieManager HTTP Cookie Manager superseded by HTTP Cookie Manager
2026-08-20 15:41:34,362 WARN o.a.j.p.h.s.HTTPSamplerBase: Existing CookieManager HTTP Cookie Manager superseded by HTTP Cookie Manager
2026-08-20 15:41:34,363 WARN o.a.j.p.h.s.HTTPSamplerBase: Existing CookieManager HTTP Cookie Manager superseded by HTTP Cookie Manager
2026-08-20 15:41:34,373 WARN o.a.j.p.h.s.HTTPSamplerBase: Existing CookieManager HTTP Cookie Manager superseded by HTTP Cookie Manager
2026-08-20 15:41:34,414 WARN o.a.j.p.h.s.HTTPSamplerBase: Existing CookieManager HTTP Cookie Manager superseded by HTTP Cookie Manager
2026-08-20 15:41:34,437 WARN o.a.j.p.h.s.HTTPSamplerBase: Existing CookieManager HTTP Cookie Manager superseded by HTTP Cookie Manager
2026-08-20 15:41:34,561 WARN o.a.j.p.h.s.HTTPSamplerBase: Existing CookieManager HTTP Cookie Manager superseded by HTTP Cookie Manager
2026-08-20 15:41:34,564 WARN o.a.j.p.h.s.HTTPSamplerBase: Existing CookieManager HTTP Cookie Manager superseded by HTTP Cookie Manager
2026-08-20 15:41:34,603 WARN o.a.j.p.h.s.HTTPSamplerBase: Existing CookieManager HTTP Cookie Manager superseded by HTTP Cookie Manager
2026-08-20 15:41:34,671 WARN o.a.j.p.h.s.HTTPSamplerBase: Existing CookieManager HTTP Cookie Manager superseded by HTTP Cookie Manager
2026-08-20 15:41:34,727 WARN o.a.j.p.h.s.HTTPSamplerBase: Existing CookieManager HTTP Cookie Manager superseded by HTTP Cookie Manager
2026-08-20 15:41:34,731 WARN o.a.j.p.h.s.HTTPSamplerBase: Existing CookieManager HTTP Cookie Manager superseded by HTTP Cookie Manager
2026-08-20 15:41:34,737 WARN o.a.j.p.h.s.HTTPSamplerBase: Existing CookieManager HTTP Cookie Manager superseded by HTTP Cookie Manager
2026-08-20 15:41:34,737 WARN o.a.j.p.h.s.HTTPSamplerBase: Existing CookieManager HTTP Cookie Manager superseded by HTTP Cookie Manager
2026-08-20 15:41:34,754 WARN o.a.j.p.h.s.HTTPSamplerBase: Existing CookieManager HTTP Cookie Manager superseded by HTTP Cookie Manager
2026-08-20 15:41:34,754 WARN o.a.j.p.h.s.HTTPSamplerBase: Existing CookieManager HTTP Cookie Manager superseded by HTTP Cookie Manager
2026-08-20 15:41:34,759 WARN o.a.j.p.h.s.HTTPSamplerBase: Existing CookieManager HTTP Cookie Manager superseded by HTTP Cookie Manager
2026-08-20 15:41:34,795 WARN o.a.j.p.h.s.HTTPSamplerBase: Existing CookieManager HTTP Cookie Manager superseded by HTTP Cookie Manager
2026-08-20 15:41:34,795 WARN o.a.j.p.h.s.HTTPSamplerBase: Existing CookieManager HTTP Cookie Manager superseded by HTTP Cookie Manager
2026-08-20 15:41:34,796 WARN o.a.j.p.h.s.HTTPSamplerBase: Existing CookieManager HTTP Cookie Manager superseded by HTTP Cookie Manager
2026-08-20 15:41:34,917 WARN o.a.j.p.h.s.HTTPSamplerBase: Existing CookieManager HTTP Cookie Manager superseded by HTTP Cookie Manager
2026-08-20 15:41:34,928 WARN o.a.j.p.h.s.HTTPSamplerBase: Existing CookieManager HTTP Cookie Manager superseded by HTTP Cookie Manager
2026-08-20 15:41:34,945 WARN o.a.j.p.h.s.HTTPSamplerBase: Existing CookieManager HTTP Cookie Manager superseded by HTTP Cookie Manager
2026-08-20 15:41:34,990 WARN o.a.j.p.h.s.HTTPSamplerBase: Existing CookieManager HTTP Cookie Manager superseded by HTTP Cookie Manager
2026-08-20 15:41:35,111 WARN o.a.j.p.h.s.HTTPSamplerBase: Existing CookieManager HTTP Cookie Manager superseded by HTTP Cookie Manager
2026-08-20 15:41:35,111 WARN o.a.j.p.h.s.HTTPSamplerBase: Existing CookieManager HTTP Cookie Manager superseded by HTTP Cookie Manager
2026-08-20 15:41:35,130 WARN o.a.j.p.h.s.HTTPSamplerBase: Existing CookieManager HTTP Cookie Manager superseded by HTTP Cookie Manager
2026-08-20 15:41:35,149 WARN o.a.j.p.h.s.HTTPSamplerBase: Existing CookieManager HTTP Cookie Manager superseded by HTTP Cookie Manager
2026-08-20 15:41:35,163 WARN o.a.j.p.h.s.HTTPSamplerBase: Existing CookieManager HTTP Cookie Manager superseded by HTTP Cookie Manager
2026-08-20 15:41:35,204 WARN o.a.j.p.h.s.HTTPSamplerBase: Existing CookieManager HTTP Cookie Manager superseded by HTTP Cookie Manager
2026-08-20 15:41:35,291 WARN o.a.j.p.h.s.HTTPSamplerBase: Existing CookieManager HTTP Cookie Manager superseded by HTTP Cookie Manager
2026-08-20 15:41:35,291 WARN o.a.j.p.h.s.HTTPSamplerBase: Existing CookieManager HTTP Cookie Manager superseded by HTTP Cookie Manager
2026-08-20 15:41:35,292 WARN o.a.j.p.h.s.HTTPSamplerBase: Existing CookieManager HTTP Cookie Manager superseded by HTTP Cookie Manager
2026-08-20 15:41:35,294 WARN o.a.j.p.h.s.HTTPSamplerBase: Existing CookieManager HTTP Cookie Manager superseded by HTTP Cookie Manager
2026-08-20 15:41:35,308 WARN o.a.j.p.h.s.HTTPSamplerBase: Existing CookieManager HTTP Cookie Manager superseded by HTTP Cookie Manager
2026-08-20 15:41:35,361 WARN o.a.j.p.h.s.HTTPSamplerBase: Existing CookieManager HTTP Cookie Manager superseded by HTTP Cookie Manager
2026-08-20 15:41:35,362 WARN o.a.j.p.h.s.HTTPSamplerBase: Existing CookieManager HTTP Cookie Manager superseded by HTTP Cookie Manager
2026-08-20 15:41:35,383 WARN o.a.j.p.h.s.HTTPSamplerBase: Existing CookieManager HTTP Cookie Manager superseded by HTTP Cookie Manager
2026-08-20 15:41:35,458 WARN o.a.j.p.h.s.HTTPSamplerBase: Existing CookieManager HTTP Cookie Manager superseded by HTTP Cookie Manager
2026-08-20 15:41:35,473 WARN o.a.j.p.h.s.HTTPSamplerBase: Existing CookieManager HTTP Cookie Manager superseded by HTTP Cookie Manager
2026-08-20 15:41:35,474 WARN o.a.j.p.h.s.HTTPSamplerBase: Existing CookieManager HTTP Cookie Manager superseded by HTTP Cookie Manager
2026-08-20 15:41:35,513 WARN o.a.j.p.h.s.HTTPSamplerBase: Existing CookieManager HTTP Cookie Manager superseded by HTTP Cookie Manager
2026-08-20 15:41:35,557 WARN o.a.j.p.h.s.HTTPSamplerBase: Existing CookieManager HTTP Cookie Manager superseded by HTTP Cookie Manager
2026-08-20 15:41:35,579 WARN o.a.j.p.h.s.HTTPSamplerBase: Existing CookieManager HTTP Cookie Manager superseded by HTTP Cookie Manager
2026-08-20 15:41:35,657 WARN o.a.j.p.h.s.HTTPSamplerBase: Existing CookieManager HTTP Cookie Manager superseded by HTTP Cookie Manager
2026-08-20 15:41:35,680 WARN o.a.j.p.h.s.HTTPSamplerBase: Existing CookieManager HTTP Cookie Manager superseded by HTTP Cookie Manager
2026-08-20 15:41:35,743 WARN o.a.j.p.h.s.HTTPSamplerBase: Existing CookieManager HTTP Cookie Manager superseded by HTTP Cookie Manager
2026-08-20 15:41:35,748 WARN o.a.j.p.h.s.HTTPSamplerBase: Existing CookieManager HTTP Cookie Manager superseded by HTTP Cookie Manager
2026-08-20 15:41:35,829 WARN o.a.j.p.h.s.HTTPSamplerBase: Existing CookieManager HTTP Cookie Manager superseded by HTTP Cookie Manager
2026-08-20 15:41:35,831 WARN o.a.j.p.h.s.HTTPSamplerBase: Existing CookieManager HTTP Cookie Manager superseded by HTTP Cookie Manager
2026-08-20 15:41:35,831 WARN o.a.j.p.h.s.HTTPSamplerBase: Existing CookieManager HTTP Cookie Manager superseded by HTTP Cookie Manager
2026-08-20 15:41:35,833 WARN o.a.j.p.h.s.HTTPSamplerBase: Existing CookieManager HTTP Cookie Manager superseded by HTTP Cookie Manager
2026-08-20 15:41:35,835 WARN o.a.j.p.h.s.HTTPSamplerBase: Existing CookieManager HTTP Cookie Manager superseded by HTTP Cookie Manager
2026-08-20 15:41:35,894 WARN o.a.j.p.h.s.HTTPSamplerBase: Existing CookieManager HTTP Cookie Manager superseded by HTTP Cookie Manager
2026-08-20 15:41:35,916 WARN o.a.j.p.h.s.HTTPSamplerBase: Existing CookieManager HTTP Cookie Manager superseded by HTTP Cookie Manager
2026-08-20 15:41:35,919 WARN o.a.j.p.h.s.HTTPSamplerBase: Existing CookieManager HTTP Cookie Manager superseded by HTTP Cookie Manager
2026-08-20 15:41:35,956 WARN o.a.j.p.h.s.HTTPSamplerBase: Existing CookieManager HTTP Cookie Manager superseded by HTTP Cookie Manager
2026-08-20 15:41:35,961 WARN o.a.j.p.h.s.HTTPSamplerBase: Existing CookieManager HTTP Cookie Manager superseded by HTTP Cookie Manager
2026-08-20 15:41:35,972 WARN o.a.j.p.h.s.HTTPSamplerBase: Existing CookieManager HTTP Cookie Manager superseded by HTTP Cookie Manager
2026-08-20 15:41:36,014 WARN o.a.j.p.h.s.HTTPSamplerBase: Existing CookieManager HTTP Cookie Manager superseded by HTTP Cookie Manager
2026-08-20 15:41:36,052 WARN o.a.j.p.h.s.HTTPSamplerBase: Existing CookieManager HTTP Cookie Manager superseded by HTTP Cookie Manager
2026-08-20 15:41:36,093 WARN o.a.j.p.h.s.HTTPSamplerBase: Existing CookieManager HTTP Cookie Manager superseded by HTTP Cookie Manager
2026-08-20 15:41:36,190 WARN o.a.j.p.h.s.HTTPSamplerBase: Existing CookieManager HTTP Cookie Manager superseded by HTTP Cookie Manager
2026-08-20 15:41:36,196 WARN o.a.j.p.h.s.HTTPSamplerBase: Existing CookieManager HTTP Cookie Manager superseded by HTTP Cookie Manager
2026-08-20 15:41:36,260 WARN o.a.j.p.h.s.HTTPSamplerBase: Existing CookieManager HTTP Cookie Manager superseded by HTTP Cookie Manager
2026-08-20 15:41:36,273 WARN o.a.j.p.h.s.HTTPSamplerBase: Existing CookieManager HTTP Cookie Manager superseded by HTTP Cookie Manager
2026-08-20 15:41:36,275 WARN o.a.j.p.h.s.HTTPSamplerBase: Existing CookieManager HTTP Cookie Manager superseded by HTTP Cookie Manager
2026-08-20 15:41:36,342 WARN o.a.j.p.h.s.HTTPSamplerBase: Existing CookieManager HTTP Cookie Manager superseded by HTTP Cookie Manager
2026-08-20 15:41:36,361 WARN o.a.j.p.h.s.HTTPSamplerBase: Existing CookieManager HTTP Cookie Manager superseded by HTTP Cookie Manager
2026-08-20 15:41:36,362 WARN o.a.j.p.h.s.HTTPSamplerBase: Existing CookieManager HTTP Cookie Manager superseded by HTTP Cookie Manager
2026-08-20 15:41:36,364 WARN o.a.j.p.h.s.HTTPSamplerBase: Existing CookieManager HTTP Cookie Manager superseded by HTTP Cookie Manager
2026-08-20 15:41:36,392 WARN o.a.j.p.h.s.HTTPSamplerBase: Existing CookieManager HTTP Cookie Manager superseded by HTTP Cookie Manager
2026-08-20 15:41:36,421 WARN o.a.j.p.h.s.HTTPSamplerBase: Existing CookieManager HTTP Cookie Manager superseded by HTTP Cookie Manager
2026-08-20 15:41:36,449 WARN o.a.j.p.h.s.HTTPSamplerBase: Existing CookieManager HTTP Cookie Manager superseded by HTTP Cookie Manager
2026-08-20 15:41:36,449 WARN o.a.j.p.h.s.HTTPSamplerBase: Existing CookieManager HTTP Cookie Manager superseded by HTTP Cookie Manager
2026-08-20 15:41:36,497 WARN o.a.j.p.h.s.HTTPSamplerBase: Existing CookieManager HTTP Cookie Manager superseded by HTTP Cookie Manager
2026-08-20 15:41:36,533 WARN o.a.j.p.h.s.HTTPSamplerBase: Existing CookieManager HTTP Cookie Manager superseded by HTTP Cookie Manager
2026-08-20 15:41:36,563 WARN o.a.j.p.h.s.HTTPSamplerBase: Existing CookieManager HTTP Cookie Manager superseded by HTTP Cookie Manager
2026-08-20 15:41:36,563 WARN o.a.j.p.h.s.HTTPSamplerBase: Existing CookieManager HTTP Cookie Manager superseded by HTTP Cookie Manager
2026-08-20 15:41:36,623 WARN o.a.j.p.h.s.HTTPSamplerBase: Existing CookieManager HTTP Cookie Manager superseded by HTTP Cookie Manager
2026-08-20 15:41:36,670 WARN o.a.j.p.h.s.HTTPSamplerBase: Existing CookieManager HTTP Cookie Manager superseded by HTTP Cookie Manager
2026-08-20 15:41:36,729 WARN o.a.j.p.h.s.HTTPSamplerBase: Existing CookieManager HTTP Cookie Manager superseded by HTTP Cookie Manager
2026-08-20 15:41:36,736 WARN o.a.j.p.h.s.HTTPSamplerBase: Existing CookieManager HTTP Cookie Manager superseded by HTTP Cookie Manager
2026-08-20 15:41:36,787 WARN o.a.j.p.h.s.HTTPSamplerBase: Existing CookieManager HTTP Cookie Manager superseded by HTTP Cookie Manager
2026-08-20 15:41:36,803 WARN o.a.j.p.h.s.HTTPSamplerBase: Existing CookieManager HTTP Cookie Manager superseded by HTTP Cookie Manager
2026-08-20 15:41:36,842 WARN o.a.j.p.h.s.HTTPSamplerBase: Existing CookieManager HTTP Cookie Manager superseded by HTTP Cookie Manager
2026-08-20 15:41:36,886 WARN o.a.j.p.h.s.HTTPSamplerBase: Existing CookieManager HTTP Cookie Manager superseded by HTTP Cookie Manager
2026-08-20 15:41:36,887 WARN o.a.j.p.h.s.HTTPSamplerBase: Existing CookieManager HTTP Cookie Manager superseded by HTTP Cookie Manager
2026-08-20 15:41:36,907 WARN o.a.j.p.h.s.HTTPSamplerBase: Existing CookieManager HTTP Cookie Manager superseded by HTTP Cookie Manager
2026-08-20 15:41:36,921 WARN o.a.j.p.h.s.HTTPSamplerBase: Existing CookieManager HTTP Cookie Manager superseded by HTTP Cookie Manager
2026-08-20 15:41:36,930 WARN o.a.j.p.h.s.HTTPSamplerBase: Existing CookieManager HTTP Cookie Manager superseded by HTTP Cookie Manager
2026-08-20 15:41:36,984 WARN o.a.j.p.h.s.HTTPSamplerBase: Existing CookieManager HTTP Cookie Manager superseded by HTTP Cookie Manager
2026-08-20 15:41:36,985 WARN o.a.j.p.h.s.HTTPSamplerBase: Existing CookieManager HTTP Cookie Manager superseded by HTTP Cookie Manager
2026-08-20 15:41:37,046 WARN o.a.j.p.h.s.HTTPSamplerBase: Existing CookieManager HTTP Cookie Manager superseded by HTTP Cookie Manager
2026-08-20 15:41:37,059 WARN o.a.j.p.h.s.HTTPSamplerBase: Existing CookieManager HTTP Cookie Manager superseded by HTTP Cookie Manager
2026-08-20 15:41:37,104 WARN o.a.j.p.h.s.HTTPSamplerBase: Existing CookieManager HTTP Cookie Manager superseded by HTTP Cookie Manager
2026-08-20 15:41:37,104 WARN o.a.j.p.h.s.HTTPSamplerBase: Existing CookieManager HTTP Cookie Manager superseded by HTTP Cookie Manager
2026-08-20 15:41:37,112 WARN o.a.j.p.h.s.HTTPSamplerBase: Existing CookieManager HTTP Cookie Manager superseded by HTTP Cookie Manager
2026-08-20 15:41:37,168 WARN o.a.j.p.h.s.HTTPSamplerBase: Existing CookieManager HTTP Cookie Manager superseded by HTTP Cookie Manager
2026-08-20 15:41:37,171 WARN o.a.j.p.h.s.HTTPSamplerBase: Existing CookieManager HTTP Cookie Manager superseded by HTTP Cookie Manager
2026-08-20 15:41:37,289 WARN o.a.j.p.h.s.HTTPSamplerBase: Existing CookieManager HTTP Cookie Manager superseded by HTTP Cookie Manager
2026-08-20 15:41:37,290 WARN o.a.j.p.h.s.HTTPSamplerBase: Existing CookieManager HTTP Cookie Manager superseded by HTTP Cookie Manager
2026-08-20 15:41:37,352 WARN o.a.j.p.h.s.HTTPSamplerBase: Existing CookieManager HTTP Cookie Manager superseded by HTTP Cookie Manager
2026-08-20 15:41:37,401 WARN o.a.j.p.h.s.HTTPSamplerBase: Existing CookieManager HTTP Cookie Manager superseded by HTTP Cookie Manager
2026-08-20 15:41:37,456 WARN o.a.j.p.h.s.HTTPSamplerBase: Existing CookieManager HTTP Cookie Manager superseded by HTTP Cookie Manager
2026-08-20 15:41:37,456 WARN o.a.j.p.h.s.HTTPSamplerBase: Existing CookieManager HTTP Cookie Manager superseded by HTTP Cookie Manager
2026-08-20 15:41:37,457 WARN o.a.j.p.h.s.HTTPSamplerBase: Existing CookieManager HTTP Cookie Manager superseded by HTTP Cookie Manager
2026-08-20 15:41:37,471 WARN o.a.j.p.h.s.HTTPSamplerBase: Existing CookieManager HTTP Cookie Manager superseded by HTTP Cookie Manager
2026-08-20 15:41:37,500 WARN o.a.j.p.h.s.HTTPSamplerBase: Existing CookieManager HTTP Cookie Manager superseded by HTTP Cookie Manager
2026-08-20 15:41:37,502 WARN o.a.j.p.h.s.HTTPSamplerBase: Existing CookieManager HTTP Cookie Manager superseded by HTTP Cookie Manager
2026-08-20 15:41:37,514 WARN o.a.j.p.h.s.HTTPSamplerBase: Existing CookieManager HTTP Cookie Manager superseded by HTTP Cookie Manager
2026-08-20 15:41:37,517 WARN o.a.j.p.h.s.HTTPSamplerBase: Existing CookieManager HTTP Cookie Manager superseded by HTTP Cookie Manager
2026-08-20 15:41:37,546 WARN o.a.j.p.h.s.HTTPSamplerBase: Existing CookieManager HTTP Cookie Manager superseded by HTTP Cookie Manager
2026-08-20 15:41:37,589 WARN o.a.j.p.h.s.HTTPSamplerBase: Existing CookieManager HTTP Cookie Manager superseded by HTTP Cookie Manager
2026-08-20 15:41:37,654 WARN o.a.j.p.h.s.HTTPSamplerBase: Existing CookieManager HTTP Cookie Manager superseded by HTTP Cookie Manager
2026-08-20 15:41:37,655 WARN o.a.j.p.h.s.HTTPSamplerBase: Existing CookieManager HTTP Cookie Manager superseded by HTTP Cookie Manager
2026-08-20 15:41:37,693 WARN o.a.j.p.h.s.HTTPSamplerBase: Existing CookieManager HTTP Cookie Manager superseded by HTTP Cookie Manager
2026-08-20 15:41:37,705 WARN o.a.j.p.h.s.HTTPSamplerBase: Existing CookieManager HTTP Cookie Manager superseded by HTTP Cookie Manager
2026-08-20 15:41:37,889 WARN o.a.j.p.h.s.HTTPSamplerBase: Existing CookieManager HTTP Cookie Manager superseded by HTTP Cookie Manager
2026-08-20 15:41:37,891 WARN o.a.j.p.h.s.HTTPSamplerBase: Existing CookieManager HTTP Cookie Manager superseded by HTTP Cookie Manager
2026-08-20 15:41:37,896 WARN o.a.j.p.h.s.HTTPSamplerBase: Existing CookieManager HTTP Cookie Manager superseded by HTTP Cookie Manager
2026-08-20 15:41:37,903 WARN o.a.j.p.h.s.HTTPSamplerBase: Existing CookieManager HTTP Cookie Manager superseded by HTTP Cookie Manager
2026-08-20 15:41:37,921 WARN o.a.j.p.h.s.HTTPSamplerBase: Existing CookieManager HTTP Cookie Manager superseded by HTTP Cookie Manager
2026-08-20 15:41:37,936 WARN o.a.j.p.h.s.HTTPSamplerBase: Existing CookieManager HTTP Cookie Manager superseded by HTTP Cookie Manager
2026-08-20 15:41:37,980 WARN o.a.j.p.h.s.HTTPSamplerBase: Existing CookieManager HTTP Cookie Manager superseded by HTTP Cookie Manager
2026-08-20 15:41:37,985 WARN o.a.j.p.h.s.HTTPSamplerBase: Existing CookieManager HTTP Cookie Manager superseded by HTTP Cookie Manager
2026-08-20 15:41:38,061 INFO o.a.j.r.Summariser: summary +    524 in 00:00:06 =   86.8/s Avg:   182 Min:   169 Max:   255 Err:     0 (0.00%) Active: 16 Started: 16 Finished: 0
2026-08-20 15:41:38,062 INFO o.a.j.r.Summariser: summary =   3554 in 00:00:44 =   80.6/s Avg:   188 Min:   169 Max:  2032 Err:     0 (0.00%)
2026-08-20 15:41:38,064 WARN o.a.j.p.h.s.HTTPSamplerBase: Existing CookieManager HTTP Cookie Manager superseded by HTTP Cookie Manager
2026-08-20 15:41:38,064 WARN o.a.j.p.h.s.HTTPSamplerBase: Existing CookieManager HTTP Cookie Manager superseded by HTTP Cookie Manager
2026-08-20 15:41:38,069 WARN o.a.j.p.h.s.HTTPSamplerBase: Existing CookieManager HTTP Cookie Manager superseded by HTTP Cookie Manager
2026-08-20 15:41:38,069 WARN o.a.j.p.h.s.HTTPSamplerBase: Existing CookieManager HTTP Cookie Manager superseded by HTTP Cookie Manager
2026-08-20 15:41:38,069 WARN o.a.j.p.h.s.HTTPSamplerBase: Existing CookieManager HTTP Cookie Manager superseded by HTTP Cookie Manager
2026-08-20 15:41:38,101 WARN o.a.j.p.h.s.HTTPSamplerBase: Existing CookieManager HTTP Cookie Manager superseded by HTTP Cookie Manager
2026-08-20 15:41:38,237 WARN o.a.j.p.h.s.HTTPSamplerBase: Existing CookieManager HTTP Cookie Manager superseded by HTTP Cookie Manager
2026-08-20 15:41:38,255 WARN o.a.j.p.h.s.HTTPSamplerBase: Existing CookieManager HTTP Cookie Manager superseded by HTTP Cookie Manager
2026-08-20 15:41:38,273 WARN o.a.j.p.h.s.HTTPSamplerBase: Existing CookieManager HTTP Cookie Manager superseded by HTTP Cookie Manager
2026-08-20 15:41:38,287 WARN o.a.j.p.h.s.HTTPSamplerBase: Existing CookieManager HTTP Cookie Manager superseded by HTTP Cookie Manager
2026-08-20 15:41:38,288 WARN o.a.j.p.h.s.HTTPSamplerBase: Existing CookieManager HTTP Cookie Manager superseded by HTTP Cookie Manager
2026-08-20 15:41:38,307 WARN o.a.j.p.h.s.HTTPSamplerBase: Existing CookieManager HTTP Cookie Manager superseded by HTTP Cookie Manager
2026-08-20 15:41:38,424 WARN o.a.j.p.h.s.HTTPSamplerBase: Existing CookieManager HTTP Cookie Manager superseded by HTTP Cookie Manager
2026-08-20 15:41:38,424 WARN o.a.j.p.h.s.HTTPSamplerBase: Existing CookieManager HTTP Cookie Manager superseded by HTTP Cookie Manager
2026-08-20 15:41:38,432 WARN o.a.j.p.h.s.HTTPSamplerBase: Existing CookieManager HTTP Cookie Manager superseded by HTTP Cookie Manager
2026-08-20 15:41:38,490 WARN o.a.j.p.h.s.HTTPSamplerBase: Existing CookieManager HTTP Cookie Manager superseded by HTTP Cookie Manager
2026-08-20 15:41:38,503 WARN o.a.j.p.h.s.HTTPSamplerBase: Existing CookieManager HTTP Cookie Manager superseded by HTTP Cookie Manager
2026-08-20 15:41:38,511 WARN o.a.j.p.h.s.HTTPSamplerBase: Existing CookieManager HTTP Cookie Manager superseded by HTTP Cookie Manager
2026-08-20 15:41:38,626 WARN o.a.j.p.h.s.HTTPSamplerBase: Existing CookieManager HTTP Cookie Manager superseded by HTTP Cookie Manager
2026-08-20 15:41:38,627 WARN o.a.j.p.h.s.HTTPSamplerBase: Existing CookieManager HTTP Cookie Manager superseded by HTTP Cookie Manager
2026-08-20 15:41:38,629 WARN o.a.j.p.h.s.HTTPSamplerBase: Existing CookieManager HTTP Cookie Manager superseded by HTTP Cookie Manager
2026-08-20 15:41:38,631 WARN o.a.j.p.h.s.HTTPSamplerBase: Existing CookieManager HTTP Cookie Manager superseded by HTTP Cookie Manager
2026-08-20 15:41:38,640 WARN o.a.j.p.h.s.HTTPSamplerBase: Existing CookieManager HTTP Cookie Manager superseded by HTTP Cookie Manager
2026-08-20 15:41:38,646 WARN o.a.j.p.h.s.HTTPSamplerBase: Existing CookieManager HTTP Cookie Manager superseded by HTTP Cookie Manager
2026-08-20 15:41:38,670 WARN o.a.j.p.h.s.HTTPSamplerBase: Existing CookieManager HTTP Cookie Manager superseded by HTTP Cookie Manager
2026-08-20 15:41:38,673 WARN o.a.j.p.h.s.HTTPSamplerBase: Existing CookieManager HTTP Cookie Manager superseded by HTTP Cookie Manager
2026-08-20 15:41:38,804 WARN o.a.j.p.h.s.HTTPSamplerBase: Existing CookieManager HTTP Cookie Manager superseded by HTTP Cookie Manager
2026-08-20 15:41:38,812 WARN o.a.j.p.h.s.HTTPSamplerBase: Existing CookieManager HTTP Cookie Manager superseded by HTTP Cookie Manager
2026-08-20 15:41:38,812 WARN o.a.j.p.h.s.HTTPSamplerBase: Existing CookieManager HTTP Cookie Manager superseded by HTTP Cookie Manager
2026-08-20 15:41:38,867 WARN o.a.j.p.h.s.HTTPSamplerBase: Existing CookieManager HTTP Cookie Manager superseded by HTTP Cookie Manager
2026-08-20 15:41:38,994 WARN o.a.j.p.h.s.HTTPSamplerBase: Existing CookieManager HTTP Cookie Manager superseded by HTTP Cookie Manager
2026-08-20 15:41:38,995 WARN o.a.j.p.h.s.HTTPSamplerBase: Existing CookieManager HTTP Cookie Manager superseded by HTTP Cookie Manager
2026-08-20 15:41:39,020 WARN o.a.j.p.h.s.HTTPSamplerBase: Existing CookieManager HTTP Cookie Manager superseded by HTTP Cookie Manager
2026-08-20 15:41:39,042 WARN o.a.j.p.h.s.HTTPSamplerBase: Existing CookieManager HTTP Cookie Manager superseded by HTTP Cookie Manager
2026-08-20 15:41:39,042 WARN o.a.j.p.h.s.HTTPSamplerBase: Existing CookieManager HTTP Cookie Manager superseded by HTTP Cookie Manager
2026-08-20 15:41:39,047 WARN o.a.j.p.h.s.HTTPSamplerBase: Existing CookieManager HTTP Cookie Manager superseded by HTTP Cookie Manager
2026-08-20 15:41:39,052 WARN o.a.j.p.h.s.HTTPSamplerBase: Existing CookieManager HTTP Cookie Manager superseded by HTTP Cookie Manager
2026-08-20 15:41:39,063 WARN o.a.j.p.h.s.HTTPSamplerBase: Existing CookieManager HTTP Cookie Manager superseded by HTTP Cookie Manager
2026-08-20 15:41:39,169 WARN o.a.j.p.h.s.HTTPSamplerBase: Existing CookieManager HTTP Cookie Manager superseded by HTTP Cookie Manager
2026-08-20 15:41:39,170 WARN o.a.j.p.h.s.HTTPSamplerBase: Existing CookieManager HTTP Cookie Manager superseded by HTTP Cookie Manager
2026-08-20 15:41:39,173 WARN o.a.j.p.h.s.HTTPSamplerBase: Existing CookieManager HTTP Cookie Manager superseded by HTTP Cookie Manager
2026-08-20 15:41:39,174 WARN o.a.j.p.h.s.HTTPSamplerBase: Existing CookieManager HTTP Cookie Manager superseded by HTTP Cookie Manager
2026-08-20 15:41:39,174 WARN o.a.j.p.h.s.HTTPSamplerBase: Existing CookieManager HTTP Cookie Manager superseded by HTTP Cookie Manager
2026-08-20 15:41:39,179 WARN o.a.j.p.h.s.HTTPSamplerBase: Existing CookieManager HTTP Cookie Manager superseded by HTTP Cookie Manager
2026-08-20 15:41:39,367 WARN o.a.j.p.h.s.HTTPSamplerBase: Existing CookieManager HTTP Cookie Manager superseded by HTTP Cookie Manager
2026-08-20 15:41:39,368 WARN o.a.j.p.h.s.HTTPSamplerBase: Existing CookieManager HTTP Cookie Manager superseded by HTTP Cookie Manager
2026-08-20 15:41:39,391 WARN o.a.j.p.h.s.HTTPSamplerBase: Existing CookieManager HTTP Cookie Manager superseded by HTTP Cookie Manager
2026-08-20 15:41:39,425 WARN o.a.j.p.h.s.HTTPSamplerBase: Existing CookieManager HTTP Cookie Manager superseded by HTTP Cookie Manager
2026-08-20 15:41:39,444 WARN o.a.j.p.h.s.HTTPSamplerBase: Existing CookieManager HTTP Cookie Manager superseded by HTTP Cookie Manager
2026-08-20 15:41:39,465 WARN o.a.j.p.h.s.HTTPSamplerBase: Existing CookieManager HTTP Cookie Manager superseded by HTTP Cookie Manager
2026-08-20 15:41:39,549 WARN o.a.j.p.h.s.HTTPSamplerBase: Existing CookieManager HTTP Cookie Manager superseded by HTTP Cookie Manager
2026-08-20 15:41:39,549 WARN o.a.j.p.h.s.HTTPSamplerBase: Existing CookieManager HTTP Cookie Manager superseded by HTTP Cookie Manager
2026-08-20 15:41:39,551 WARN o.a.j.p.h.s.HTTPSamplerBase: Existing CookieManager HTTP Cookie Manager superseded by HTTP Cookie Manager
2026-08-20 15:41:39,564 WARN o.a.j.p.h.s.HTTPSamplerBase: Existing CookieManager HTTP Cookie Manager superseded by HTTP Cookie Manager
2026-08-20 15:41:39,580 WARN o.a.j.p.h.s.HTTPSamplerBase: Existing CookieManager HTTP Cookie Manager superseded by HTTP Cookie Manager
2026-08-20 15:41:39,583 WARN o.a.j.p.h.s.HTTPSamplerBase: Existing CookieManager HTTP Cookie Manager superseded by HTTP Cookie Manager
2026-08-20 15:41:39,742 WARN o.a.j.p.h.s.HTTPSamplerBase: Existing CookieManager HTTP Cookie Manager superseded by HTTP Cookie Manager
2026-08-20 15:41:39,753 WARN o.a.j.p.h.s.HTTPSamplerBase: Existing CookieManager HTTP Cookie Manager superseded by HTTP Cookie Manager
2026-08-20 15:41:39,758 WARN o.a.j.p.h.s.HTTPSamplerBase: Existing CookieManager HTTP Cookie Manager superseded by HTTP Cookie Manager
2026-08-20 15:41:39,758 WARN o.a.j.p.h.s.HTTPSamplerBase: Existing CookieManager HTTP Cookie Manager superseded by HTTP Cookie Manager
2026-08-20 15:41:39,758 WARN o.a.j.p.h.s.HTTPSamplerBase: Existing CookieManager HTTP Cookie Manager superseded by HTTP Cookie Manager
2026-08-20 15:41:39,762 WARN o.a.j.p.h.s.HTTPSamplerBase: Existing CookieManager HTTP Cookie Manager superseded by HTTP Cookie Manager
2026-08-20 15:41:39,793 WARN o.a.j.p.h.s.HTTPSamplerBase: Existing CookieManager HTTP Cookie Manager superseded by HTTP Cookie Manager
2026-08-20 15:41:39,888 WARN o.a.j.p.h.s.HTTPSamplerBase: Existing CookieManager HTTP Cookie Manager superseded by HTTP Cookie Manager
2026-08-20 15:41:40,001 WARN o.a.j.p.h.s.HTTPSamplerBase: Existing CookieManager HTTP Cookie Manager superseded by HTTP Cookie Manager
2026-08-20 15:41:40,003 WARN o.a.j.p.h.s.HTTPSamplerBase: Existing CookieManager HTTP Cookie Manager superseded by HTTP Cookie Manager
2026-08-20 15:41:40,004 WARN o.a.j.p.h.s.HTTPSamplerBase: Existing CookieManager HTTP Cookie Manager superseded by HTTP Cookie Manager
2026-08-20 15:41:40,065 WARN o.a.j.p.h.s.HTTPSamplerBase: Existing CookieManager HTTP Cookie Manager superseded by HTTP Cookie Manager
2026-08-20 15:41:40,117 WARN o.a.j.p.h.s.HTTPSamplerBase: Existing CookieManager HTTP Cookie Manager superseded by HTTP Cookie Manager
2026-08-20 15:41:40,118 WARN o.a.j.p.h.s.HTTPSamplerBase: Existing CookieManager HTTP Cookie Manager superseded by HTTP Cookie Manager
2026-08-20 15:41:40,121 WARN o.a.j.p.h.s.HTTPSamplerBase: Existing CookieManager HTTP Cookie Manager superseded by HTTP Cookie Manager
2026-08-20 15:41:40,200 WARN o.a.j.p.h.s.HTTPSamplerBase: Existing CookieManager HTTP Cookie Manager superseded by HTTP Cookie Manager
2026-08-20 15:41:40,200 WARN o.a.j.p.h.s.HTTPSamplerBase: Existing CookieManager HTTP Cookie Manager superseded by HTTP Cookie Manager
2026-08-20 15:41:40,201 WARN o.a.j.p.h.s.HTTPSamplerBase: Existing CookieManager HTTP Cookie Manager superseded by HTTP Cookie Manager
2026-08-20 15:41:40,201 WARN o.a.j.p.h.s.HTTPSamplerBase: Existing CookieManager HTTP Cookie Manager superseded by HTTP Cookie Manager
2026-08-20 15:41:40,279 WARN o.a.j.p.h.s.HTTPSamplerBase: Existing CookieManager HTTP Cookie Manager superseded by HTTP Cookie Manager
2026-08-20 15:41:40,295 WARN o.a.j.p.h.s.HTTPSamplerBase: Existing CookieManager HTTP Cookie Manager superseded by HTTP Cookie Manager
2026-08-20 15:41:40,296 WARN o.a.j.p.h.s.HTTPSamplerBase: Existing CookieManager HTTP Cookie Manager superseded by HTTP Cookie Manager
2026-08-20 15:41:40,374 WARN o.a.j.p.h.s.HTTPSamplerBase: Existing CookieManager HTTP Cookie Manager superseded by HTTP Cookie Manager
2026-08-20 15:41:40,374 WARN o.a.j.p.h.s.HTTPSamplerBase: Existing CookieManager HTTP Cookie Manager superseded by HTTP Cookie Manager
2026-08-20 15:41:40,376 WARN o.a.j.p.h.s.HTTPSamplerBase: Existing CookieManager HTTP Cookie Manager superseded by HTTP Cookie Manager
2026-08-20 15:41:40,377 WARN o.a.j.p.h.s.HTTPSamplerBase: Existing CookieManager HTTP Cookie Manager superseded by HTTP Cookie Manager
2026-08-20 15:41:40,470 WARN o.a.j.p.h.s.HTTPSamplerBase: Existing CookieManager HTTP Cookie Manager superseded by HTTP Cookie Manager
2026-08-20 15:41:40,585 WARN o.a.j.p.h.s.HTTPSamplerBase: Existing CookieManager HTTP Cookie Manager superseded by HTTP Cookie Manager
2026-08-20 15:41:40,585 WARN o.a.j.p.h.s.HTTPSamplerBase: Existing CookieManager HTTP Cookie Manager superseded by HTTP Cookie Manager
2026-08-20 15:41:40,585 WARN o.a.j.p.h.s.HTTPSamplerBase: Existing CookieManager HTTP Cookie Manager superseded by HTTP Cookie Manager
2026-08-20 15:41:40,642 WARN o.a.j.p.h.s.HTTPSamplerBase: Existing CookieManager HTTP Cookie Manager superseded by HTTP Cookie Manager
2026-08-20 15:41:40,647 WARN o.a.j.p.h.s.HTTPSamplerBase: Existing CookieManager HTTP Cookie Manager superseded by HTTP Cookie Manager
2026-08-20 15:41:40,667 WARN o.a.j.p.h.s.HTTPSamplerBase: Existing CookieManager HTTP Cookie Manager superseded by HTTP Cookie Manager
2026-08-20 15:41:40,667 WARN o.a.j.p.h.s.HTTPSamplerBase: Existing CookieManager HTTP Cookie Manager superseded by HTTP Cookie Manager
2026-08-20 15:41:40,746 WARN o.a.j.p.h.s.HTTPSamplerBase: Existing CookieManager HTTP Cookie Manager superseded by HTTP Cookie Manager
2026-08-20 15:41:40,785 WARN o.a.j.p.h.s.HTTPSamplerBase: Existing CookieManager HTTP Cookie Manager superseded by HTTP Cookie Manager
2026-08-20 15:41:40,786 WARN o.a.j.p.h.s.HTTPSamplerBase: Existing CookieManager HTTP Cookie Manager superseded by HTTP Cookie Manager
2026-08-20 15:41:40,786 WARN o.a.j.p.h.s.HTTPSamplerBase: Existing CookieManager HTTP Cookie Manager superseded by HTTP Cookie Manager
2026-08-20 15:41:40,822 WARN o.a.j.p.h.s.HTTPSamplerBase: Existing CookieManager HTTP Cookie Manager superseded by HTTP Cookie Manager
2026-08-20 15:41:40,822 WARN o.a.j.p.h.s.HTTPSamplerBase: Existing CookieManager HTTP Cookie Manager superseded by HTTP Cookie Manager
2026-08-20 15:41:40,822 WARN o.a.j.p.h.s.HTTPSamplerBase: Existing CookieManager HTTP Cookie Manager superseded by HTTP Cookie Manager
2026-08-20 15:41:40,956 WARN o.a.j.p.h.s.HTTPSamplerBase: Existing CookieManager HTTP Cookie Manager superseded by HTTP Cookie Manager
2026-08-20 15:41:40,983 WARN o.a.j.p.h.s.HTTPSamplerBase: Existing CookieManager HTTP Cookie Manager superseded by HTTP Cookie Manager
2026-08-20 15:41:40,983 WARN o.a.j.p.h.s.HTTPSamplerBase: Existing CookieManager HTTP Cookie Manager superseded by HTTP Cookie Manager
2026-08-20 15:41:40,983 WARN o.a.j.p.h.s.HTTPSamplerBase: Existing CookieManager HTTP Cookie Manager superseded by HTTP Cookie Manager
2026-08-20 15:41:41,060 WARN o.a.j.p.h.s.HTTPSamplerBase: Existing CookieManager HTTP Cookie Manager superseded by HTTP Cookie Manager
2026-08-20 15:41:41,093 WARN o.a.j.p.h.s.HTTPSamplerBase: Existing CookieManager HTTP Cookie Manager superseded by HTTP Cookie Manager
2026-08-20 15:41:41,160 WARN o.a.j.p.h.s.HTTPSamplerBase: Existing CookieManager HTTP Cookie Manager superseded by HTTP Cookie Manager
2026-08-20 15:41:41,161 WARN o.a.j.p.h.s.HTTPSamplerBase: Existing CookieManager HTTP Cookie Manager superseded by HTTP Cookie Manager
2026-08-20 15:41:41,185 WARN o.a.j.p.h.s.HTTPSamplerBase: Existing CookieManager HTTP Cookie Manager superseded by HTTP Cookie Manager
2026-08-20 15:41:41,186 WARN o.a.j.p.h.s.HTTPSamplerBase: Existing CookieManager HTTP Cookie Manager superseded by HTTP Cookie Manager
2026-08-20 15:41:41,207 WARN o.a.j.p.h.s.HTTPSamplerBase: Existing CookieManager HTTP Cookie Manager superseded by HTTP Cookie Manager
2026-08-20 15:41:41,212 WARN o.a.j.p.h.s.HTTPSamplerBase: Existing CookieManager HTTP Cookie Manager superseded by HTTP Cookie Manager
2026-08-20 15:41:41,340 WARN o.a.j.p.h.s.HTTPSamplerBase: Existing CookieManager HTTP Cookie Manager superseded by HTTP Cookie Manager
2026-08-20 15:41:41,340 WARN o.a.j.p.h.s.HTTPSamplerBase: Existing CookieManager HTTP Cookie Manager superseded by HTTP Cookie Manager
2026-08-20 15:41:41,363 WARN o.a.j.p.h.s.HTTPSamplerBase: Existing CookieManager HTTP Cookie Manager superseded by HTTP Cookie Manager
2026-08-20 15:41:41,363 WARN o.a.j.p.h.s.HTTPSamplerBase: Existing CookieManager HTTP Cookie Manager superseded by HTTP Cookie Manager
2026-08-20 15:41:41,363 WARN o.a.j.p.h.s.HTTPSamplerBase: Existing CookieManager HTTP Cookie Manager superseded by HTTP Cookie Manager
2026-08-20 15:41:41,364 WARN o.a.j.p.h.s.HTTPSamplerBase: Existing CookieManager HTTP Cookie Manager superseded by HTTP Cookie Manager
2026-08-20 15:41:41,439 WARN o.a.j.p.h.s.HTTPSamplerBase: Existing CookieManager HTTP Cookie Manager superseded by HTTP Cookie Manager
2026-08-20 15:41:41,445 WARN o.a.j.p.h.s.HTTPSamplerBase: Existing CookieManager HTTP Cookie Manager superseded by HTTP Cookie Manager
2026-08-20 15:41:41,493 WARN o.a.j.p.h.s.HTTPSamplerBase: Existing CookieManager HTTP Cookie Manager superseded by HTTP Cookie Manager
2026-08-20 15:41:41,526 WARN o.a.j.p.h.s.HTTPSamplerBase: Existing CookieManager HTTP Cookie Manager superseded by HTTP Cookie Manager
2026-08-20 15:41:41,581 WARN o.a.j.p.h.s.HTTPSamplerBase: Existing CookieManager HTTP Cookie Manager superseded by HTTP Cookie Manager
2026-08-20 15:41:41,581 WARN o.a.j.p.h.s.HTTPSamplerBase: Existing CookieManager HTTP Cookie Manager superseded by HTTP Cookie Manager
2026-08-20 15:41:41,718 WARN o.a.j.p.h.s.HTTPSamplerBase: Existing CookieManager HTTP Cookie Manager superseded by HTTP Cookie Manager
2026-08-20 15:41:41,757 WARN o.a.j.p.h.s.HTTPSamplerBase: Existing CookieManager HTTP Cookie Manager superseded by HTTP Cookie Manager
2026-08-20 15:41:41,757 WARN o.a.j.p.h.s.HTTPSamplerBase: Existing CookieManager HTTP Cookie Manager superseded by HTTP Cookie Manager
2026-08-20 15:41:41,767 WARN o.a.j.p.h.s.HTTPSamplerBase: Existing CookieManager HTTP Cookie Manager superseded by HTTP Cookie Manager
2026-08-20 15:41:41,770 WARN o.a.j.p.h.s.HTTPSamplerBase: Existing CookieManager HTTP Cookie Manager superseded by HTTP Cookie Manager
2026-08-20 15:41:41,778 WARN o.a.j.p.h.s.HTTPSamplerBase: Existing CookieManager HTTP Cookie Manager superseded by HTTP Cookie Manager
2026-08-20 15:41:41,788 WARN o.a.j.p.h.s.HTTPSamplerBase: Existing CookieManager HTTP Cookie Manager superseded by HTTP Cookie Manager
2026-08-20 15:41:41,835 WARN o.a.j.p.h.s.HTTPSamplerBase: Existing CookieManager HTTP Cookie Manager superseded by HTTP Cookie Manager
2026-08-20 15:41:41,914 WARN o.a.j.p.h.s.HTTPSamplerBase: Existing CookieManager HTTP Cookie Manager superseded by HTTP Cookie Manager
2026-08-20 15:41:41,915 WARN o.a.j.p.h.s.HTTPSamplerBase: Existing CookieManager HTTP Cookie Manager superseded by HTTP Cookie Manager
2026-08-20 15:41:41,915 WARN o.a.j.p.h.s.HTTPSamplerBase: Existing CookieManager HTTP Cookie Manager superseded by HTTP Cookie Manager
2026-08-20 15:41:41,926 WARN o.a.j.p.h.s.HTTPSamplerBase: Existing CookieManager HTTP Cookie Manager superseded by HTTP Cookie Manager
2026-08-20 15:41:41,926 WARN o.a.j.p.h.s.HTTPSamplerBase: Existing CookieManager HTTP Cookie Manager superseded by HTTP Cookie Manager
2026-08-20 15:41:41,927 WARN o.a.j.p.h.s.HTTPSamplerBase: Existing CookieManager HTTP Cookie Manager superseded by HTTP Cookie Manager
2026-08-20 15:41:42,032 WARN o.a.j.p.h.s.HTTPSamplerBase: Existing CookieManager HTTP Cookie Manager superseded by HTTP Cookie Manager
2026-08-20 15:41:42,116 WARN o.a.j.p.h.s.HTTPSamplerBase: Existing CookieManager HTTP Cookie Manager superseded by HTTP Cookie Manager
2026-08-20 15:41:42,131 WARN o.a.j.p.h.s.HTTPSamplerBase: Existing CookieManager HTTP Cookie Manager superseded by HTTP Cookie Manager
2026-08-20 15:41:42,134 WARN o.a.j.p.h.s.HTTPSamplerBase: Existing CookieManager HTTP Cookie Manager superseded by HTTP Cookie Manager
2026-08-20 15:41:42,135 WARN o.a.j.p.h.s.HTTPSamplerBase: Existing CookieManager HTTP Cookie Manager superseded by HTTP Cookie Manager
2026-08-20 15:41:42,230 WARN o.a.j.p.h.s.HTTPSamplerBase: Existing CookieManager HTTP Cookie Manager superseded by HTTP Cookie Manager
2026-08-20 15:41:42,280 WARN o.a.j.p.h.s.HTTPSamplerBase: Existing CookieManager HTTP Cookie Manager superseded by HTTP Cookie Manager
2026-08-20 15:41:42,280 WARN o.a.j.p.h.s.HTTPSamplerBase: Existing CookieManager HTTP Cookie Manager superseded by HTTP Cookie Manager
2026-08-20 15:41:42,284 WARN o.a.j.p.h.s.HTTPSamplerBase: Existing CookieManager HTTP Cookie Manager superseded by HTTP Cookie Manager
2026-08-20 15:41:42,291 WARN o.a.j.p.h.s.HTTPSamplerBase: Existing CookieManager HTTP Cookie Manager superseded by HTTP Cookie Manager
2026-08-20 15:41:42,291 WARN o.a.j.p.h.s.HTTPSamplerBase: Existing CookieManager HTTP Cookie Manager superseded by HTTP Cookie Manager
2026-08-20 15:41:42,355 WARN o.a.j.p.h.s.HTTPSamplerBase: Existing CookieManager HTTP Cookie Manager superseded by HTTP Cookie Manager
2026-08-20 15:41:42,489 WARN o.a.j.p.h.s.HTTPSamplerBase: Existing CookieManager HTTP Cookie Manager superseded by HTTP Cookie Manager
2026-08-20 15:41:42,491 WARN o.a.j.p.h.s.HTTPSamplerBase: Existing CookieManager HTTP Cookie Manager superseded by HTTP Cookie Manager
2026-08-20 15:41:42,491 WARN o.a.j.p.h.s.HTTPSamplerBase: Existing CookieManager HTTP Cookie Manager superseded by HTTP Cookie Manager
2026-08-20 15:41:42,492 WARN o.a.j.p.h.s.HTTPSamplerBase: Existing CookieManager HTTP Cookie Manager superseded by HTTP Cookie Manager
2026-08-20 15:41:42,492 WARN o.a.j.p.h.s.HTTPSamplerBase: Existing CookieManager HTTP Cookie Manager superseded by HTTP Cookie Manager
2026-08-20 15:41:42,498 WARN o.a.j.p.h.s.HTTPSamplerBase: Existing CookieManager HTTP Cookie Manager superseded by HTTP Cookie Manager
2026-08-20 15:41:42,521 WARN o.a.j.p.h.s.HTTPSamplerBase: Existing CookieManager HTTP Cookie Manager superseded by HTTP Cookie Manager
2026-08-20 15:41:42,559 WARN o.a.j.p.h.s.HTTPSamplerBase: Existing CookieManager HTTP Cookie Manager superseded by HTTP Cookie Manager
2026-08-20 15:41:42,629 WARN o.a.j.p.h.s.HTTPSamplerBase: Existing CookieManager HTTP Cookie Manager superseded by HTTP Cookie Manager
2026-08-20 15:41:42,693 WARN o.a.j.p.h.s.HTTPSamplerBase: Existing CookieManager HTTP Cookie Manager superseded by HTTP Cookie Manager
2026-08-20 15:41:42,694 WARN o.a.j.p.h.s.HTTPSamplerBase: Existing CookieManager HTTP Cookie Manager superseded by HTTP Cookie Manager
2026-08-20 15:41:42,698 WARN o.a.j.p.h.s.HTTPSamplerBase: Existing CookieManager HTTP Cookie Manager superseded by HTTP Cookie Manager
2026-08-20 15:41:42,877 WARN o.a.j.p.h.s.HTTPSamplerBase: Existing CookieManager HTTP Cookie Manager superseded by HTTP Cookie Manager
2026-08-20 15:41:42,887 WARN o.a.j.p.h.s.HTTPSamplerBase: Existing CookieManager HTTP Cookie Manager superseded by HTTP Cookie Manager
2026-08-20 15:41:42,893 WARN o.a.j.p.h.s.HTTPSamplerBase: Existing CookieManager HTTP Cookie Manager superseded by HTTP Cookie Manager
2026-08-20 15:41:42,894 WARN o.a.j.p.h.s.HTTPSamplerBase: Existing CookieManager HTTP Cookie Manager superseded by HTTP Cookie Manager
2026-08-20 15:41:42,910 WARN o.a.j.p.h.s.HTTPSamplerBase: Existing CookieManager HTTP Cookie Manager superseded by HTTP Cookie Manager
2026-08-20 15:41:42,910 WARN o.a.j.p.h.s.HTTPSamplerBase: Existing CookieManager HTTP Cookie Manager superseded by HTTP Cookie Manager
2026-08-20 15:41:42,926 WARN o.a.j.p.h.s.HTTPSamplerBase: Existing CookieManager HTTP Cookie Manager superseded by HTTP Cookie Manager
2026-08-20 15:41:43,044 WARN o.a.j.p.h.s.HTTPSamplerBase: Existing CookieManager HTTP Cookie Manager superseded by HTTP Cookie Manager
2026-08-20 15:41:43,060 WARN o.a.j.p.h.s.HTTPSamplerBase: Existing CookieManager HTTP Cookie Manager superseded by HTTP Cookie Manager
2026-08-20 15:41:43,061 WARN o.a.j.p.h.s.HTTPSamplerBase: Existing CookieManager HTTP Cookie Manager superseded by HTTP Cookie Manager
2026-08-20 15:41:43,065 WARN o.a.j.p.h.s.HTTPSamplerBase: Existing CookieManager HTTP Cookie Manager superseded by HTTP Cookie Manager
2026-08-20 15:41:43,090 WARN o.a.j.p.h.s.HTTPSamplerBase: Existing CookieManager HTTP Cookie Manager superseded by HTTP Cookie Manager
2026-08-20 15:41:43,091 WARN o.a.j.p.h.s.HTTPSamplerBase: Existing CookieManager HTTP Cookie Manager superseded by HTTP Cookie Manager
2026-08-20 15:41:43,091 WARN o.a.j.p.h.s.HTTPSamplerBase: Existing CookieManager HTTP Cookie Manager superseded by HTTP Cookie Manager
2026-08-20 15:41:43,125 WARN o.a.j.p.h.s.HTTPSamplerBase: Existing CookieManager HTTP Cookie Manager superseded by HTTP Cookie Manager
2026-08-20 15:41:43,253 WARN o.a.j.p.h.s.HTTPSamplerBase: Existing CookieManager HTTP Cookie Manager superseded by HTTP Cookie Manager
2026-08-20 15:41:43,288 WARN o.a.j.p.h.s.HTTPSamplerBase: Existing CookieManager HTTP Cookie Manager superseded by HTTP Cookie Manager
2026-08-20 15:41:43,292 WARN o.a.j.p.h.s.HTTPSamplerBase: Existing CookieManager HTTP Cookie Manager superseded by HTTP Cookie Manager
2026-08-20 15:41:43,293 WARN o.a.j.p.h.s.HTTPSamplerBase: Existing CookieManager HTTP Cookie Manager superseded by HTTP Cookie Manager
2026-08-20 15:41:43,422 WARN o.a.j.p.h.s.HTTPSamplerBase: Existing CookieManager HTTP Cookie Manager superseded by HTTP Cookie Manager
2026-08-20 15:41:43,455 WARN o.a.j.p.h.s.HTTPSamplerBase: Existing CookieManager HTTP Cookie Manager superseded by HTTP Cookie Manager
2026-08-20 15:41:43,466 WARN o.a.j.p.h.s.HTTPSamplerBase: Existing CookieManager HTTP Cookie Manager superseded by HTTP Cookie Manager
2026-08-20 15:41:43,467 WARN o.a.j.p.h.s.HTTPSamplerBase: Existing CookieManager HTTP Cookie Manager superseded by HTTP Cookie Manager
2026-08-20 15:41:43,467 WARN o.a.j.p.h.s.HTTPSamplerBase: Existing CookieManager HTTP Cookie Manager superseded by HTTP Cookie Manager
2026-08-20 15:41:43,468 WARN o.a.j.p.h.s.HTTPSamplerBase: Existing CookieManager HTTP Cookie Manager superseded by HTTP Cookie Manager
2026-08-20 15:41:43,499 WARN o.a.j.p.h.s.HTTPSamplerBase: Existing CookieManager HTTP Cookie Manager superseded by HTTP Cookie Manager
2026-08-20 15:41:43,600 WARN o.a.j.p.h.s.HTTPSamplerBase: Existing CookieManager HTTP Cookie Manager superseded by HTTP Cookie Manager
2026-08-20 15:41:43,601 WARN o.a.j.p.h.s.HTTPSamplerBase: Existing CookieManager HTTP Cookie Manager superseded by HTTP Cookie Manager
2026-08-20 15:41:43,602 WARN o.a.j.p.h.s.HTTPSamplerBase: Existing CookieManager HTTP Cookie Manager superseded by HTTP Cookie Manager
2026-08-20 15:41:43,661 WARN o.a.j.p.h.s.HTTPSamplerBase: Existing CookieManager HTTP Cookie Manager superseded by HTTP Cookie Manager
2026-08-20 15:41:43,664 WARN o.a.j.p.h.s.HTTPSamplerBase: Existing CookieManager HTTP Cookie Manager superseded by HTTP Cookie Manager
2026-08-20 15:41:43,665 WARN o.a.j.p.h.s.HTTPSamplerBase: Existing CookieManager HTTP Cookie Manager superseded by HTTP Cookie Manager
2026-08-20 15:41:43,665 WARN o.a.j.p.h.s.HTTPSamplerBase: Existing CookieManager HTTP Cookie Manager superseded by HTTP Cookie Manager
2026-08-20 15:41:43,667 WARN o.a.j.p.h.s.HTTPSamplerBase: Existing CookieManager HTTP Cookie Manager superseded by HTTP Cookie Manager
2026-08-20 15:41:43,775 WARN o.a.j.p.h.s.HTTPSamplerBase: Existing CookieManager HTTP Cookie Manager superseded by HTTP Cookie Manager
2026-08-20 15:41:43,848 WARN o.a.j.p.h.s.HTTPSamplerBase: Existing CookieManager HTTP Cookie Manager superseded by HTTP Cookie Manager
2026-08-20 15:41:43,848 WARN o.a.j.p.h.s.HTTPSamplerBase: Existing CookieManager HTTP Cookie Manager superseded by HTTP Cookie Manager
2026-08-20 15:41:43,859 WARN o.a.j.p.h.s.HTTPSamplerBase: Existing CookieManager HTTP Cookie Manager superseded by HTTP Cookie Manager
2026-08-20 15:41:43,954 WARN o.a.j.p.h.s.HTTPSamplerBase: Existing CookieManager HTTP Cookie Manager superseded by HTTP Cookie Manager
2026-08-20 15:41:44,020 INFO o.a.j.r.Summariser: summary +    506 in 00:00:06 =   85.0/s Avg:   187 Min:   170 Max:   243 Err:     0 (0.00%) Active: 16 Started: 16 Finished: 0
2026-08-20 15:41:44,021 WARN o.a.j.p.h.s.HTTPSamplerBase: Existing CookieManager HTTP Cookie Manager superseded by HTTP Cookie Manager
2026-08-20 15:41:44,022 INFO o.a.j.r.Summariser: summary =   4060 in 00:00:50 =   81.1/s Avg:   188 Min:   169 Max:  2032 Err:     0 (0.00%)
2026-08-20 15:41:44,022 WARN o.a.j.p.h.s.HTTPSamplerBase: Existing CookieManager HTTP Cookie Manager superseded by HTTP Cookie Manager
2026-08-20 15:41:44,032 WARN o.a.j.p.h.s.HTTPSamplerBase: Existing CookieManager HTTP Cookie Manager superseded by HTTP Cookie Manager
2026-08-20 15:41:44,035 WARN o.a.j.p.h.s.HTTPSamplerBase: Existing CookieManager HTTP Cookie Manager superseded by HTTP Cookie Manager
2026-08-20 15:41:44,038 WARN o.a.j.p.h.s.HTTPSamplerBase: Existing CookieManager HTTP Cookie Manager superseded by HTTP Cookie Manager
2026-08-20 15:41:44,064 WARN o.a.j.p.h.s.HTTPSamplerBase: Existing CookieManager HTTP Cookie Manager superseded by HTTP Cookie Manager
2026-08-20 15:41:44,146 WARN o.a.j.p.h.s.HTTPSamplerBase: Existing CookieManager HTTP Cookie Manager superseded by HTTP Cookie Manager
2026-08-20 15:41:44,207 WARN o.a.j.p.h.s.HTTPSamplerBase: Existing CookieManager HTTP Cookie Manager superseded by HTTP Cookie Manager
2026-08-20 15:41:44,207 WARN o.a.j.p.h.s.HTTPSamplerBase: Existing CookieManager HTTP Cookie Manager superseded by HTTP Cookie Manager
2026-08-20 15:41:44,208 WARN o.a.j.p.h.s.HTTPSamplerBase: Existing CookieManager HTTP Cookie Manager superseded by HTTP Cookie Manager
2026-08-20 15:41:44,209 WARN o.a.j.p.h.s.HTTPSamplerBase: Existing CookieManager HTTP Cookie Manager superseded by HTTP Cookie Manager
2026-08-20 15:41:44,209 WARN o.a.j.p.h.s.HTTPSamplerBase: Existing CookieManager HTTP Cookie Manager superseded by HTTP Cookie Manager
2026-08-20 15:41:44,209 WARN o.a.j.p.h.s.HTTPSamplerBase: Existing CookieManager HTTP Cookie Manager superseded by HTTP Cookie Manager
2026-08-20 15:41:44,250 WARN o.a.j.p.h.s.HTTPSamplerBase: Existing CookieManager HTTP Cookie Manager superseded by HTTP Cookie Manager
2026-08-20 15:41:44,389 WARN o.a.j.p.h.s.HTTPSamplerBase: Existing CookieManager HTTP Cookie Manager superseded by HTTP Cookie Manager
2026-08-20 15:41:44,390 WARN o.a.j.p.h.s.HTTPSamplerBase: Existing CookieManager HTTP Cookie Manager superseded by HTTP Cookie Manager
2026-08-20 15:41:44,405 WARN o.a.j.p.h.s.HTTPSamplerBase: Existing CookieManager HTTP Cookie Manager superseded by HTTP Cookie Manager
2026-08-20 15:41:44,405 WARN o.a.j.p.h.s.HTTPSamplerBase: Existing CookieManager HTTP Cookie Manager superseded by HTTP Cookie Manager
2026-08-20 15:41:44,572 WARN o.a.j.p.h.s.HTTPSamplerBase: Existing CookieManager HTTP Cookie Manager superseded by HTTP Cookie Manager
2026-08-20 15:41:44,581 WARN o.a.j.p.h.s.HTTPSamplerBase: Existing CookieManager HTTP Cookie Manager superseded by HTTP Cookie Manager
2026-08-20 15:41:44,581 WARN o.a.j.p.h.s.HTTPSamplerBase: Existing CookieManager HTTP Cookie Manager superseded by HTTP Cookie Manager
2026-08-20 15:41:44,582 WARN o.a.j.p.h.s.HTTPSamplerBase: Existing CookieManager HTTP Cookie Manager superseded by HTTP Cookie Manager
2026-08-20 15:41:44,582 WARN o.a.j.p.h.s.HTTPSamplerBase: Existing CookieManager HTTP Cookie Manager superseded by HTTP Cookie Manager
2026-08-20 15:41:44,631 WARN o.a.j.p.h.s.HTTPSamplerBase: Existing CookieManager HTTP Cookie Manager superseded by HTTP Cookie Manager
2026-08-20 15:41:44,640 WARN o.a.j.p.h.s.HTTPSamplerBase: Existing CookieManager HTTP Cookie Manager superseded by HTTP Cookie Manager
2026-08-20 15:41:44,706 WARN o.a.j.p.h.s.HTTPSamplerBase: Existing CookieManager HTTP Cookie Manager superseded by HTTP Cookie Manager
2026-08-20 15:41:44,756 WARN o.a.j.p.h.s.HTTPSamplerBase: Existing CookieManager HTTP Cookie Manager superseded by HTTP Cookie Manager
2026-08-20 15:41:44,765 WARN o.a.j.p.h.s.HTTPSamplerBase: Existing CookieManager HTTP Cookie Manager superseded by HTTP Cookie Manager
2026-08-20 15:41:44,765 WARN o.a.j.p.h.s.HTTPSamplerBase: Existing CookieManager HTTP Cookie Manager superseded by HTTP Cookie Manager
2026-08-20 15:41:44,767 WARN o.a.j.p.h.s.HTTPSamplerBase: Existing CookieManager HTTP Cookie Manager superseded by HTTP Cookie Manager
2026-08-20 15:41:44,769 WARN o.a.j.p.h.s.HTTPSamplerBase: Existing CookieManager HTTP Cookie Manager superseded by HTTP Cookie Manager
2026-08-20 15:41:44,772 WARN o.a.j.p.h.s.HTTPSamplerBase: Existing CookieManager HTTP Cookie Manager superseded by HTTP Cookie Manager
2026-08-20 15:41:44,773 WARN o.a.j.p.h.s.HTTPSamplerBase: Existing CookieManager HTTP Cookie Manager superseded by HTTP Cookie Manager
2026-08-20 15:41:44,947 WARN o.a.j.p.h.s.HTTPSamplerBase: Existing CookieManager HTTP Cookie Manager superseded by HTTP Cookie Manager
2026-08-20 15:41:44,948 WARN o.a.j.p.h.s.HTTPSamplerBase: Existing CookieManager HTTP Cookie Manager superseded by HTTP Cookie Manager
2026-08-20 15:41:44,948 WARN o.a.j.p.h.s.HTTPSamplerBase: Existing CookieManager HTTP Cookie Manager superseded by HTTP Cookie Manager
2026-08-20 15:41:45,029 WARN o.a.j.p.h.s.HTTPSamplerBase: Existing CookieManager HTTP Cookie Manager superseded by HTTP Cookie Manager
2026-08-20 15:41:45,132 WARN o.a.j.p.h.s.HTTPSamplerBase: Existing CookieManager HTTP Cookie Manager superseded by HTTP Cookie Manager
2026-08-20 15:41:45,132 WARN o.a.j.p.h.s.HTTPSamplerBase: Existing CookieManager HTTP Cookie Manager superseded by HTTP Cookie Manager
2026-08-20 15:41:45,133 WARN o.a.j.p.h.s.HTTPSamplerBase: Existing CookieManager HTTP Cookie Manager superseded by HTTP Cookie Manager
2026-08-20 15:41:45,133 WARN o.a.j.p.h.s.HTTPSamplerBase: Existing CookieManager HTTP Cookie Manager superseded by HTTP Cookie Manager
2026-08-20 15:41:45,136 WARN o.a.j.p.h.s.HTTPSamplerBase: Existing CookieManager HTTP Cookie Manager superseded by HTTP Cookie Manager
2026-08-20 15:41:45,141 WARN o.a.j.p.h.s.HTTPSamplerBase: Existing CookieManager HTTP Cookie Manager superseded by HTTP Cookie Manager
2026-08-20 15:41:45,221 WARN o.a.j.p.h.s.HTTPSamplerBase: Existing CookieManager HTTP Cookie Manager superseded by HTTP Cookie Manager
2026-08-20 15:41:45,229 WARN o.a.j.p.h.s.HTTPSamplerBase: Existing CookieManager HTTP Cookie Manager superseded by HTTP Cookie Manager
2026-08-20 15:41:45,324 WARN o.a.j.p.h.s.HTTPSamplerBase: Existing CookieManager HTTP Cookie Manager superseded by HTTP Cookie Manager
2026-08-20 15:41:45,331 WARN o.a.j.p.h.s.HTTPSamplerBase: Existing CookieManager HTTP Cookie Manager superseded by HTTP Cookie Manager
2026-08-20 15:41:45,336 WARN o.a.j.p.h.s.HTTPSamplerBase: Existing CookieManager HTTP Cookie Manager superseded by HTTP Cookie Manager
2026-08-20 15:41:45,336 WARN o.a.j.p.h.s.HTTPSamplerBase: Existing CookieManager HTTP Cookie Manager superseded by HTTP Cookie Manager
2026-08-20 15:41:45,337 WARN o.a.j.p.h.s.HTTPSamplerBase: Existing CookieManager HTTP Cookie Manager superseded by HTTP Cookie Manager
2026-08-20 15:41:45,338 WARN o.a.j.p.h.s.HTTPSamplerBase: Existing CookieManager HTTP Cookie Manager superseded by HTTP Cookie Manager
2026-08-20 15:41:45,419 WARN o.a.j.p.h.s.HTTPSamplerBase: Existing CookieManager HTTP Cookie Manager superseded by HTTP Cookie Manager
2026-08-20 15:41:45,529 WARN o.a.j.p.h.s.HTTPSamplerBase: Existing CookieManager HTTP Cookie Manager superseded by HTTP Cookie Manager
2026-08-20 15:41:45,536 WARN o.a.j.p.h.s.HTTPSamplerBase: Existing CookieManager HTTP Cookie Manager superseded by HTTP Cookie Manager
2026-08-20 15:41:45,538 WARN o.a.j.p.h.s.HTTPSamplerBase: Existing CookieManager HTTP Cookie Manager superseded by HTTP Cookie Manager
2026-08-20 15:41:45,538 WARN o.a.j.p.h.s.HTTPSamplerBase: Existing CookieManager HTTP Cookie Manager superseded by HTTP Cookie Manager
2026-08-20 15:41:45,669 WARN o.a.j.p.h.s.HTTPSamplerBase: Existing CookieManager HTTP Cookie Manager superseded by HTTP Cookie Manager
2026-08-20 15:41:45,706 WARN o.a.j.p.h.s.HTTPSamplerBase: Existing CookieManager HTTP Cookie Manager superseded by HTTP Cookie Manager
2026-08-20 15:41:45,707 WARN o.a.j.p.h.s.HTTPSamplerBase: Existing CookieManager HTTP Cookie Manager superseded by HTTP Cookie Manager
2026-08-20 15:41:45,713 WARN o.a.j.p.h.s.HTTPSamplerBase: Existing CookieManager HTTP Cookie Manager superseded by HTTP Cookie Manager
2026-08-20 15:41:45,714 WARN o.a.j.p.h.s.HTTPSamplerBase: Existing CookieManager HTTP Cookie Manager superseded by HTTP Cookie Manager
2026-08-20 15:41:45,752 WARN o.a.j.p.h.s.HTTPSamplerBase: Existing CookieManager HTTP Cookie Manager superseded by HTTP Cookie Manager
2026-08-20 15:41:45,804 WARN o.a.j.p.h.s.HTTPSamplerBase: Existing CookieManager HTTP Cookie Manager superseded by HTTP Cookie Manager
2026-08-20 15:41:45,804 WARN o.a.j.p.h.s.HTTPSamplerBase: Existing CookieManager HTTP Cookie Manager superseded by HTTP Cookie Manager
2026-08-20 15:41:45,882 WARN o.a.j.p.h.s.HTTPSamplerBase: Existing CookieManager HTTP Cookie Manager superseded by HTTP Cookie Manager
2026-08-20 15:41:45,883 WARN o.a.j.p.h.s.HTTPSamplerBase: Existing CookieManager HTTP Cookie Manager superseded by HTTP Cookie Manager
2026-08-20 15:41:45,896 WARN o.a.j.p.h.s.HTTPSamplerBase: Existing CookieManager HTTP Cookie Manager superseded by HTTP Cookie Manager
2026-08-20 15:41:45,896 WARN o.a.j.p.h.s.HTTPSamplerBase: Existing CookieManager HTTP Cookie Manager superseded by HTTP Cookie Manager
2026-08-20 15:41:45,897 WARN o.a.j.p.h.s.HTTPSamplerBase: Existing CookieManager HTTP Cookie Manager superseded by HTTP Cookie Manager
2026-08-20 15:41:45,902 WARN o.a.j.p.h.s.HTTPSamplerBase: Existing CookieManager HTTP Cookie Manager superseded by HTTP Cookie Manager
2026-08-20 15:41:45,906 WARN o.a.j.p.h.s.HTTPSamplerBase: Existing CookieManager HTTP Cookie Manager superseded by HTTP Cookie Manager
2026-08-20 15:41:46,014 WARN o.a.j.p.h.s.HTTPSamplerBase: Existing CookieManager HTTP Cookie Manager superseded by HTTP Cookie Manager
2026-08-20 15:41:46,081 WARN o.a.j.p.h.s.HTTPSamplerBase: Existing CookieManager HTTP Cookie Manager superseded by HTTP Cookie Manager
2026-08-20 15:41:46,082 WARN o.a.j.p.h.s.HTTPSamplerBase: Existing CookieManager HTTP Cookie Manager superseded by HTTP Cookie Manager
2026-08-20 15:41:46,189 WARN o.a.j.p.h.s.HTTPSamplerBase: Existing CookieManager HTTP Cookie Manager superseded by HTTP Cookie Manager
2026-08-20 15:41:46,229 WARN o.a.j.p.h.s.HTTPSamplerBase: Existing CookieManager HTTP Cookie Manager superseded by HTTP Cookie Manager
2026-08-20 15:41:46,251 WARN o.a.j.p.h.s.HTTPSamplerBase: Existing CookieManager HTTP Cookie Manager superseded by HTTP Cookie Manager
2026-08-20 15:41:46,260 WARN o.a.j.p.h.s.HTTPSamplerBase: Existing CookieManager HTTP Cookie Manager superseded by HTTP Cookie Manager
2026-08-20 15:41:46,263 WARN o.a.j.p.h.s.HTTPSamplerBase: Existing CookieManager HTTP Cookie Manager superseded by HTTP Cookie Manager
2026-08-20 15:41:46,272 WARN o.a.j.p.h.s.HTTPSamplerBase: Existing CookieManager HTTP Cookie Manager superseded by HTTP Cookie Manager
2026-08-20 15:41:46,288 WARN o.a.j.p.h.s.HTTPSamplerBase: Existing CookieManager HTTP Cookie Manager superseded by HTTP Cookie Manager
2026-08-20 15:41:46,289 WARN o.a.j.p.h.s.HTTPSamplerBase: Existing CookieManager HTTP Cookie Manager superseded by HTTP Cookie Manager
2026-08-20 15:41:46,364 WARN o.a.j.p.h.s.HTTPSamplerBase: Existing CookieManager HTTP Cookie Manager superseded by HTTP Cookie Manager
2026-08-20 15:41:46,388 WARN o.a.j.p.h.s.HTTPSamplerBase: Existing CookieManager HTTP Cookie Manager superseded by HTTP Cookie Manager
2026-08-20 15:41:46,414 WARN o.a.j.p.h.s.HTTPSamplerBase: Existing CookieManager HTTP Cookie Manager superseded by HTTP Cookie Manager
2026-08-20 15:41:46,437 WARN o.a.j.p.h.s.HTTPSamplerBase: Existing CookieManager HTTP Cookie Manager superseded by HTTP Cookie Manager
2026-08-20 15:41:46,447 WARN o.a.j.p.h.s.HTTPSamplerBase: Existing CookieManager HTTP Cookie Manager superseded by HTTP Cookie Manager
2026-08-20 15:41:46,448 WARN o.a.j.p.h.s.HTTPSamplerBase: Existing CookieManager HTTP Cookie Manager superseded by HTTP Cookie Manager
2026-08-20 15:41:46,448 WARN o.a.j.p.h.s.HTTPSamplerBase: Existing CookieManager HTTP Cookie Manager superseded by HTTP Cookie Manager
2026-08-20 15:41:46,581 WARN o.a.j.p.h.s.HTTPSamplerBase: Existing CookieManager HTTP Cookie Manager superseded by HTTP Cookie Manager
2026-08-20 15:41:46,588 WARN o.a.j.p.h.s.HTTPSamplerBase: Existing CookieManager HTTP Cookie Manager superseded by HTTP Cookie Manager
2026-08-20 15:41:46,676 WARN o.a.j.p.h.s.HTTPSamplerBase: Existing CookieManager HTTP Cookie Manager superseded by HTTP Cookie Manager
2026-08-20 15:41:46,676 WARN o.a.j.p.h.s.HTTPSamplerBase: Existing CookieManager HTTP Cookie Manager superseded by HTTP Cookie Manager
2026-08-20 15:41:46,676 WARN o.a.j.p.h.s.HTTPSamplerBase: Existing CookieManager HTTP Cookie Manager superseded by HTTP Cookie Manager
2026-08-20 15:41:46,720 WARN o.a.j.p.h.s.HTTPSamplerBase: Existing CookieManager HTTP Cookie Manager superseded by HTTP Cookie Manager
2026-08-20 15:41:46,790 WARN o.a.j.p.h.s.HTTPSamplerBase: Existing CookieManager HTTP Cookie Manager superseded by HTTP Cookie Manager
2026-08-20 15:41:46,793 WARN o.a.j.p.h.s.HTTPSamplerBase: Existing CookieManager HTTP Cookie Manager superseded by HTTP Cookie Manager
2026-08-20 15:41:46,818 WARN o.a.j.p.h.s.HTTPSamplerBase: Existing CookieManager HTTP Cookie Manager superseded by HTTP Cookie Manager
2026-08-20 15:41:46,826 WARN o.a.j.p.h.s.HTTPSamplerBase: Existing CookieManager HTTP Cookie Manager superseded by HTTP Cookie Manager
2026-08-20 15:41:46,831 WARN o.a.j.p.h.s.HTTPSamplerBase: Existing CookieManager HTTP Cookie Manager superseded by HTTP Cookie Manager
2026-08-20 15:41:46,930 WARN o.a.j.p.h.s.HTTPSamplerBase: Existing CookieManager HTTP Cookie Manager superseded by HTTP Cookie Manager
2026-08-20 15:41:46,971 WARN o.a.j.p.h.s.HTTPSamplerBase: Existing CookieManager HTTP Cookie Manager superseded by HTTP Cookie Manager
2026-08-20 15:41:46,971 WARN o.a.j.p.h.s.HTTPSamplerBase: Existing CookieManager HTTP Cookie Manager superseded by HTTP Cookie Manager
2026-08-20 15:41:46,999 WARN o.a.j.p.h.s.HTTPSamplerBase: Existing CookieManager HTTP Cookie Manager superseded by HTTP Cookie Manager
2026-08-20 15:41:47,000 WARN o.a.j.p.h.s.HTTPSamplerBase: Existing CookieManager HTTP Cookie Manager superseded by HTTP Cookie Manager
2026-08-20 15:41:47,008 WARN o.a.j.p.h.s.HTTPSamplerBase: Existing CookieManager HTTP Cookie Manager superseded by HTTP Cookie Manager
2026-08-20 15:41:47,009 WARN o.a.j.p.h.s.HTTPSamplerBase: Existing CookieManager HTTP Cookie Manager superseded by HTTP Cookie Manager
2026-08-20 15:41:47,054 WARN o.a.j.p.h.s.HTTPSamplerBase: Existing CookieManager HTTP Cookie Manager superseded by HTTP Cookie Manager
2026-08-20 15:41:47,055 WARN o.a.j.p.h.s.HTTPSamplerBase: Existing CookieManager HTTP Cookie Manager superseded by HTTP Cookie Manager
2026-08-20 15:41:47,067 WARN o.a.j.p.h.s.HTTPSamplerBase: Existing CookieManager HTTP Cookie Manager superseded by HTTP Cookie Manager
2026-08-20 15:41:47,194 WARN o.a.j.p.h.s.HTTPSamplerBase: Existing CookieManager HTTP Cookie Manager superseded by HTTP Cookie Manager
2026-08-20 15:41:47,239 WARN o.a.j.p.h.s.HTTPSamplerBase: Existing CookieManager HTTP Cookie Manager superseded by HTTP Cookie Manager
2026-08-20 15:41:47,300 WARN o.a.j.p.h.s.HTTPSamplerBase: Existing CookieManager HTTP Cookie Manager superseded by HTTP Cookie Manager
2026-08-20 15:41:47,332 WARN o.a.j.p.h.s.HTTPSamplerBase: Existing CookieManager HTTP Cookie Manager superseded by HTTP Cookie Manager
2026-08-20 15:41:47,332 WARN o.a.j.p.h.s.HTTPSamplerBase: Existing CookieManager HTTP Cookie Manager superseded by HTTP Cookie Manager
2026-08-20 15:41:47,351 WARN o.a.j.p.h.s.HTTPSamplerBase: Existing CookieManager HTTP Cookie Manager superseded by HTTP Cookie Manager
2026-08-20 15:41:47,387 WARN o.a.j.p.h.s.HTTPSamplerBase: Existing CookieManager HTTP Cookie Manager superseded by HTTP Cookie Manager
2026-08-20 15:41:47,407 WARN o.a.j.p.h.s.HTTPSamplerBase: Existing CookieManager HTTP Cookie Manager superseded by HTTP Cookie Manager
2026-08-20 15:41:47,418 WARN o.a.j.p.h.s.HTTPSamplerBase: Existing CookieManager HTTP Cookie Manager superseded by HTTP Cookie Manager
2026-08-20 15:41:47,424 WARN o.a.j.p.h.s.HTTPSamplerBase: Existing CookieManager HTTP Cookie Manager superseded by HTTP Cookie Manager
2026-08-20 15:41:47,427 WARN o.a.j.p.h.s.HTTPSamplerBase: Existing CookieManager HTTP Cookie Manager superseded by HTTP Cookie Manager
2026-08-20 15:41:47,512 WARN o.a.j.p.h.s.HTTPSamplerBase: Existing CookieManager HTTP Cookie Manager superseded by HTTP Cookie Manager
2026-08-20 15:41:47,548 WARN o.a.j.p.h.s.HTTPSamplerBase: Existing CookieManager HTTP Cookie Manager superseded by HTTP Cookie Manager
2026-08-20 15:41:47,549 WARN o.a.j.p.h.s.HTTPSamplerBase: Existing CookieManager HTTP Cookie Manager superseded by HTTP Cookie Manager
2026-08-20 15:41:47,550 WARN o.a.j.p.h.s.HTTPSamplerBase: Existing CookieManager HTTP Cookie Manager superseded by HTTP Cookie Manager
2026-08-20 15:41:47,562 WARN o.a.j.p.h.s.HTTPSamplerBase: Existing CookieManager HTTP Cookie Manager superseded by HTTP Cookie Manager
2026-08-20 15:41:47,573 WARN o.a.j.p.h.s.HTTPSamplerBase: Existing CookieManager HTTP Cookie Manager superseded by HTTP Cookie Manager
2026-08-20 15:41:47,660 WARN o.a.j.p.h.s.HTTPSamplerBase: Existing CookieManager HTTP Cookie Manager superseded by HTTP Cookie Manager
2026-08-20 15:41:47,773 WARN o.a.j.p.h.s.HTTPSamplerBase: Existing CookieManager HTTP Cookie Manager superseded by HTTP Cookie Manager
2026-08-20 15:41:47,808 WARN o.a.j.p.h.s.HTTPSamplerBase: Existing CookieManager HTTP Cookie Manager superseded by HTTP Cookie Manager
2026-08-20 15:41:47,809 WARN o.a.j.p.h.s.HTTPSamplerBase: Existing CookieManager HTTP Cookie Manager superseded by HTTP Cookie Manager
2026-08-20 15:41:47,813 WARN o.a.j.p.h.s.HTTPSamplerBase: Existing CookieManager HTTP Cookie Manager superseded by HTTP Cookie Manager
2026-08-20 15:41:47,813 WARN o.a.j.p.h.s.HTTPSamplerBase: Existing CookieManager HTTP Cookie Manager superseded by HTTP Cookie Manager
2026-08-20 15:41:47,855 WARN o.a.j.p.h.s.HTTPSamplerBase: Existing CookieManager HTTP Cookie Manager superseded by HTTP Cookie Manager
2026-08-20 15:41:47,867 WARN o.a.j.p.h.s.HTTPSamplerBase: Existing CookieManager HTTP Cookie Manager superseded by HTTP Cookie Manager
2026-08-20 15:41:47,903 WARN o.a.j.p.h.s.HTTPSamplerBase: Existing CookieManager HTTP Cookie Manager superseded by HTTP Cookie Manager
2026-08-20 15:41:47,916 WARN o.a.j.p.h.s.HTTPSamplerBase: Existing CookieManager HTTP Cookie Manager superseded by HTTP Cookie Manager
2026-08-20 15:41:47,938 WARN o.a.j.p.h.s.HTTPSamplerBase: Existing CookieManager HTTP Cookie Manager superseded by HTTP Cookie Manager
2026-08-20 15:41:48,014 WARN o.a.j.p.h.s.HTTPSamplerBase: Existing CookieManager HTTP Cookie Manager superseded by HTTP Cookie Manager
2026-08-20 15:41:48,043 WARN o.a.j.p.h.s.HTTPSamplerBase: Existing CookieManager HTTP Cookie Manager superseded by HTTP Cookie Manager
2026-08-20 15:41:48,096 WARN o.a.j.p.h.s.HTTPSamplerBase: Existing CookieManager HTTP Cookie Manager superseded by HTTP Cookie Manager
2026-08-20 15:41:48,106 WARN o.a.j.p.h.s.HTTPSamplerBase: Existing CookieManager HTTP Cookie Manager superseded by HTTP Cookie Manager
2026-08-20 15:41:48,117 WARN o.a.j.p.h.s.HTTPSamplerBase: Existing CookieManager HTTP Cookie Manager superseded by HTTP Cookie Manager
2026-08-20 15:41:48,128 WARN o.a.j.p.h.s.HTTPSamplerBase: Existing CookieManager HTTP Cookie Manager superseded by HTTP Cookie Manager
2026-08-20 15:41:48,157 WARN o.a.j.p.h.s.HTTPSamplerBase: Existing CookieManager HTTP Cookie Manager superseded by HTTP Cookie Manager
2026-08-20 15:41:48,157 WARN o.a.j.p.h.s.HTTPSamplerBase: Existing CookieManager HTTP Cookie Manager superseded by HTTP Cookie Manager
2026-08-20 15:41:48,185 WARN o.a.j.p.h.s.HTTPSamplerBase: Existing CookieManager HTTP Cookie Manager superseded by HTTP Cookie Manager
2026-08-20 15:41:48,185 WARN o.a.j.p.h.s.HTTPSamplerBase: Existing CookieManager HTTP Cookie Manager superseded by HTTP Cookie Manager
2026-08-20 15:41:48,281 WARN o.a.j.p.h.s.HTTPSamplerBase: Existing CookieManager HTTP Cookie Manager superseded by HTTP Cookie Manager
2026-08-20 15:41:48,362 WARN o.a.j.p.h.s.HTTPSamplerBase: Existing CookieManager HTTP Cookie Manager superseded by HTTP Cookie Manager
2026-08-20 15:41:48,384 WARN o.a.j.p.h.s.HTTPSamplerBase: Existing CookieManager HTTP Cookie Manager superseded by HTTP Cookie Manager
2026-08-20 15:41:48,386 WARN o.a.j.p.h.s.HTTPSamplerBase: Existing CookieManager HTTP Cookie Manager superseded by HTTP Cookie Manager
2026-08-20 15:41:48,455 WARN o.a.j.p.h.s.HTTPSamplerBase: Existing CookieManager HTTP Cookie Manager superseded by HTTP Cookie Manager
2026-08-20 15:41:48,468 WARN o.a.j.p.h.s.HTTPSamplerBase: Existing CookieManager HTTP Cookie Manager superseded by HTTP Cookie Manager
2026-08-20 15:41:48,483 WARN o.a.j.p.h.s.HTTPSamplerBase: Existing CookieManager HTTP Cookie Manager superseded by HTTP Cookie Manager
2026-08-20 15:41:48,512 WARN o.a.j.p.h.s.HTTPSamplerBase: Existing CookieManager HTTP Cookie Manager superseded by HTTP Cookie Manager
2026-08-20 15:41:48,575 WARN o.a.j.p.h.s.HTTPSamplerBase: Existing CookieManager HTTP Cookie Manager superseded by HTTP Cookie Manager
2026-08-20 15:41:48,576 WARN o.a.j.p.h.s.HTTPSamplerBase: Existing CookieManager HTTP Cookie Manager superseded by HTTP Cookie Manager
2026-08-20 15:41:48,576 WARN o.a.j.p.h.s.HTTPSamplerBase: Existing CookieManager HTTP Cookie Manager superseded by HTTP Cookie Manager
2026-08-20 15:41:48,661 WARN o.a.j.p.h.s.HTTPSamplerBase: Existing CookieManager HTTP Cookie Manager superseded by HTTP Cookie Manager
2026-08-20 15:41:48,703 WARN o.a.j.p.h.s.HTTPSamplerBase: Existing CookieManager HTTP Cookie Manager superseded by HTTP Cookie Manager
2026-08-20 15:41:48,703 WARN o.a.j.p.h.s.HTTPSamplerBase: Existing CookieManager HTTP Cookie Manager superseded by HTTP Cookie Manager
2026-08-20 15:41:48,704 WARN o.a.j.p.h.s.HTTPSamplerBase: Existing CookieManager HTTP Cookie Manager superseded by HTTP Cookie Manager
2026-08-20 15:41:48,704 WARN o.a.j.p.h.s.HTTPSamplerBase: Existing CookieManager HTTP Cookie Manager superseded by HTTP Cookie Manager
2026-08-20 15:41:48,711 WARN o.a.j.p.h.s.HTTPSamplerBase: Existing CookieManager HTTP Cookie Manager superseded by HTTP Cookie Manager
2026-08-20 15:41:48,764 WARN o.a.j.p.h.s.HTTPSamplerBase: Existing CookieManager HTTP Cookie Manager superseded by HTTP Cookie Manager
2026-08-20 15:41:48,892 WARN o.a.j.p.h.s.HTTPSamplerBase: Existing CookieManager HTTP Cookie Manager superseded by HTTP Cookie Manager
2026-08-20 15:41:48,944 WARN o.a.j.p.h.s.HTTPSamplerBase: Existing CookieManager HTTP Cookie Manager superseded by HTTP Cookie Manager
2026-08-20 15:41:48,986 WARN o.a.j.p.h.s.HTTPSamplerBase: Existing CookieManager HTTP Cookie Manager superseded by HTTP Cookie Manager
2026-08-20 15:41:48,988 WARN o.a.j.p.h.s.HTTPSamplerBase: Existing CookieManager HTTP Cookie Manager superseded by HTTP Cookie Manager
2026-08-20 15:41:48,993 WARN o.a.j.p.h.s.HTTPSamplerBase: Existing CookieManager HTTP Cookie Manager superseded by HTTP Cookie Manager
2026-08-20 15:41:49,001 WARN o.a.j.p.h.s.HTTPSamplerBase: Existing CookieManager HTTP Cookie Manager superseded by HTTP Cookie Manager
2026-08-20 15:41:49,013 WARN o.a.j.p.h.s.HTTPSamplerBase: Existing CookieManager HTTP Cookie Manager superseded by HTTP Cookie Manager
2026-08-20 15:41:49,073 WARN o.a.j.p.h.s.HTTPSamplerBase: Existing CookieManager HTTP Cookie Manager superseded by HTTP Cookie Manager
2026-08-20 15:41:49,074 WARN o.a.j.p.h.s.HTTPSamplerBase: Existing CookieManager HTTP Cookie Manager superseded by HTTP Cookie Manager
2026-08-20 15:41:49,075 WARN o.a.j.p.h.s.HTTPSamplerBase: Existing CookieManager HTTP Cookie Manager superseded by HTTP Cookie Manager
2026-08-20 15:41:49,114 WARN o.a.j.p.h.s.HTTPSamplerBase: Existing CookieManager HTTP Cookie Manager superseded by HTTP Cookie Manager
2026-08-20 15:41:49,236 WARN o.a.j.p.h.s.HTTPSamplerBase: Existing CookieManager HTTP Cookie Manager superseded by HTTP Cookie Manager
2026-08-20 15:41:49,247 WARN o.a.j.p.h.s.HTTPSamplerBase: Existing CookieManager HTTP Cookie Manager superseded by HTTP Cookie Manager
2026-08-20 15:41:49,249 WARN o.a.j.p.h.s.HTTPSamplerBase: Existing CookieManager HTTP Cookie Manager superseded by HTTP Cookie Manager
2026-08-20 15:41:49,251 WARN o.a.j.p.h.s.HTTPSamplerBase: Existing CookieManager HTTP Cookie Manager superseded by HTTP Cookie Manager
2026-08-20 15:41:49,262 WARN o.a.j.p.h.s.HTTPSamplerBase: Existing CookieManager HTTP Cookie Manager superseded by HTTP Cookie Manager
2026-08-20 15:41:49,276 WARN o.a.j.p.h.s.HTTPSamplerBase: Existing CookieManager HTTP Cookie Manager superseded by HTTP Cookie Manager
2026-08-20 15:41:49,354 WARN o.a.j.p.h.s.HTTPSamplerBase: Existing CookieManager HTTP Cookie Manager superseded by HTTP Cookie Manager
2026-08-20 15:41:49,386 WARN o.a.j.p.h.s.HTTPSamplerBase: Existing CookieManager HTTP Cookie Manager superseded by HTTP Cookie Manager
2026-08-20 15:41:49,390 WARN o.a.j.p.h.s.HTTPSamplerBase: Existing CookieManager HTTP Cookie Manager superseded by HTTP Cookie Manager
2026-08-20 15:41:49,445 WARN o.a.j.p.h.s.HTTPSamplerBase: Existing CookieManager HTTP Cookie Manager superseded by HTTP Cookie Manager
2026-08-20 15:41:49,465 WARN o.a.j.p.h.s.HTTPSamplerBase: Existing CookieManager HTTP Cookie Manager superseded by HTTP Cookie Manager
2026-08-20 15:41:49,480 WARN o.a.j.p.h.s.HTTPSamplerBase: Existing CookieManager HTTP Cookie Manager superseded by HTTP Cookie Manager
2026-08-20 15:41:49,519 WARN o.a.j.p.h.s.HTTPSamplerBase: Existing CookieManager HTTP Cookie Manager superseded by HTTP Cookie Manager
2026-08-20 15:41:49,531 WARN o.a.j.p.h.s.HTTPSamplerBase: Existing CookieManager HTTP Cookie Manager superseded by HTTP Cookie Manager
2026-08-20 15:41:49,608 WARN o.a.j.p.h.s.HTTPSamplerBase: Existing CookieManager HTTP Cookie Manager superseded by HTTP Cookie Manager
2026-08-20 15:41:49,611 WARN o.a.j.p.h.s.HTTPSamplerBase: Existing CookieManager HTTP Cookie Manager superseded by HTTP Cookie Manager
2026-08-20 15:41:49,614 WARN o.a.j.p.h.s.HTTPSamplerBase: Existing CookieManager HTTP Cookie Manager superseded by HTTP Cookie Manager
2026-08-20 15:41:49,728 WARN o.a.j.p.h.s.HTTPSamplerBase: Existing CookieManager HTTP Cookie Manager superseded by HTTP Cookie Manager
2026-08-20 15:41:49,762 WARN o.a.j.p.h.s.HTTPSamplerBase: Existing CookieManager HTTP Cookie Manager superseded by HTTP Cookie Manager
2026-08-20 15:41:49,763 WARN o.a.j.p.h.s.HTTPSamplerBase: Existing CookieManager HTTP Cookie Manager superseded by HTTP Cookie Manager
2026-08-20 15:41:49,777 WARN o.a.j.p.h.s.HTTPSamplerBase: Existing CookieManager HTTP Cookie Manager superseded by HTTP Cookie Manager
2026-08-20 15:41:49,788 WARN o.a.j.p.h.s.HTTPSamplerBase: Existing CookieManager HTTP Cookie Manager superseded by HTTP Cookie Manager
2026-08-20 15:41:49,790 WARN o.a.j.p.h.s.HTTPSamplerBase: Existing CookieManager HTTP Cookie Manager superseded by HTTP Cookie Manager
2026-08-20 15:41:49,804 WARN o.a.j.p.h.s.HTTPSamplerBase: Existing CookieManager HTTP Cookie Manager superseded by HTTP Cookie Manager
2026-08-20 15:41:49,807 WARN o.a.j.p.h.s.HTTPSamplerBase: Existing CookieManager HTTP Cookie Manager superseded by HTTP Cookie Manager
2026-08-20 15:41:49,820 WARN o.a.j.p.h.s.HTTPSamplerBase: Existing CookieManager HTTP Cookie Manager superseded by HTTP Cookie Manager
2026-08-20 15:41:49,854 WARN o.a.j.p.h.s.HTTPSamplerBase: Existing CookieManager HTTP Cookie Manager superseded by HTTP Cookie Manager
2026-08-20 15:41:49,952 WARN o.a.j.p.h.s.HTTPSamplerBase: Existing CookieManager HTTP Cookie Manager superseded by HTTP Cookie Manager
2026-08-20 15:41:50,015 INFO o.a.j.r.Summariser: summary +    520 in 00:00:06 =   86.7/s Avg:   186 Min:   169 Max:   252 Err:     0 (0.00%) Active: 16 Started: 16 Finished: 0
2026-08-20 15:41:50,015 INFO o.a.j.r.Summariser: summary =   4580 in 00:00:56 =   81.7/s Avg:   187 Min:   169 Max:  2032 Err:     0 (0.00%)
2026-08-20 15:41:50,016 WARN o.a.j.p.h.s.HTTPSamplerBase: Existing CookieManager HTTP Cookie Manager superseded by HTTP Cookie Manager
2026-08-20 15:41:50,070 WARN o.a.j.p.h.s.HTTPSamplerBase: Existing CookieManager HTTP Cookie Manager superseded by HTTP Cookie Manager
2026-08-20 15:41:50,075 WARN o.a.j.p.h.s.HTTPSamplerBase: Existing CookieManager HTTP Cookie Manager superseded by HTTP Cookie Manager
2026-08-20 15:41:50,099 WARN o.a.j.p.h.s.HTTPSamplerBase: Existing CookieManager HTTP Cookie Manager superseded by HTTP Cookie Manager
2026-08-20 15:41:50,149 WARN o.a.j.p.h.s.HTTPSamplerBase: Existing CookieManager HTTP Cookie Manager superseded by HTTP Cookie Manager
2026-08-20 15:41:50,149 WARN o.a.j.p.h.s.HTTPSamplerBase: Existing CookieManager HTTP Cookie Manager superseded by HTTP Cookie Manager
2026-08-20 15:41:50,161 WARN o.a.j.p.h.s.HTTPSamplerBase: Existing CookieManager HTTP Cookie Manager superseded by HTTP Cookie Manager
2026-08-20 15:41:50,161 WARN o.a.j.p.h.s.HTTPSamplerBase: Existing CookieManager HTTP Cookie Manager superseded by HTTP Cookie Manager
2026-08-20 15:41:50,169 WARN o.a.j.p.h.s.HTTPSamplerBase: Existing CookieManager HTTP Cookie Manager superseded by HTTP Cookie Manager
2026-08-20 15:41:50,171 WARN o.a.j.p.h.s.HTTPSamplerBase: Existing CookieManager HTTP Cookie Manager superseded by HTTP Cookie Manager
2026-08-20 15:41:50,327 WARN o.a.j.p.h.s.HTTPSamplerBase: Existing CookieManager HTTP Cookie Manager superseded by HTTP Cookie Manager
2026-08-20 15:41:50,330 WARN o.a.j.p.h.s.HTTPSamplerBase: Existing CookieManager HTTP Cookie Manager superseded by HTTP Cookie Manager
2026-08-20 15:41:50,337 WARN o.a.j.p.h.s.HTTPSamplerBase: Existing CookieManager HTTP Cookie Manager superseded by HTTP Cookie Manager
2026-08-20 15:41:50,339 WARN o.a.j.p.h.s.HTTPSamplerBase: Existing CookieManager HTTP Cookie Manager superseded by HTTP Cookie Manager
2026-08-20 15:41:50,349 WARN o.a.j.p.h.s.HTTPSamplerBase: Existing CookieManager HTTP Cookie Manager superseded by HTTP Cookie Manager
2026-08-20 15:41:50,424 WARN o.a.j.p.h.s.HTTPSamplerBase: Existing CookieManager HTTP Cookie Manager superseded by HTTP Cookie Manager
2026-08-20 15:41:50,481 WARN o.a.j.p.h.s.HTTPSamplerBase: Existing CookieManager HTTP Cookie Manager superseded by HTTP Cookie Manager
2026-08-20 15:41:50,547 WARN o.a.j.p.h.s.HTTPSamplerBase: Existing CookieManager HTTP Cookie Manager superseded by HTTP Cookie Manager
2026-08-20 15:41:50,547 WARN o.a.j.p.h.s.HTTPSamplerBase: Existing CookieManager HTTP Cookie Manager superseded by HTTP Cookie Manager
2026-08-20 15:41:50,553 WARN o.a.j.p.h.s.HTTPSamplerBase: Existing CookieManager HTTP Cookie Manager superseded by HTTP Cookie Manager
2026-08-20 15:41:50,567 WARN o.a.j.p.h.s.HTTPSamplerBase: Existing CookieManager HTTP Cookie Manager superseded by HTTP Cookie Manager
2026-08-20 15:41:50,581 WARN o.a.j.p.h.s.HTTPSamplerBase: Existing CookieManager HTTP Cookie Manager superseded by HTTP Cookie Manager
2026-08-20 15:41:50,604 WARN o.a.j.p.h.s.HTTPSamplerBase: Existing CookieManager HTTP Cookie Manager superseded by HTTP Cookie Manager
2026-08-20 15:41:50,606 WARN o.a.j.p.h.s.HTTPSamplerBase: Existing CookieManager HTTP Cookie Manager superseded by HTTP Cookie Manager
2026-08-20 15:41:50,681 WARN o.a.j.p.h.s.HTTPSamplerBase: Existing CookieManager HTTP Cookie Manager superseded by HTTP Cookie Manager
2026-08-20 15:41:50,682 WARN o.a.j.p.h.s.HTTPSamplerBase: Existing CookieManager HTTP Cookie Manager superseded by HTTP Cookie Manager
2026-08-20 15:41:50,727 WARN o.a.j.p.h.s.HTTPSamplerBase: Existing CookieManager HTTP Cookie Manager superseded by HTTP Cookie Manager
2026-08-20 15:41:50,856 WARN o.a.j.p.h.s.HTTPSamplerBase: Existing CookieManager HTTP Cookie Manager superseded by HTTP Cookie Manager
2026-08-20 15:41:50,882 WARN o.a.j.p.h.s.HTTPSamplerBase: Existing CookieManager HTTP Cookie Manager superseded by HTTP Cookie Manager
2026-08-20 15:41:50,902 WARN o.a.j.p.h.s.HTTPSamplerBase: Existing CookieManager HTTP Cookie Manager superseded by HTTP Cookie Manager
2026-08-20 15:41:50,905 WARN o.a.j.p.h.s.HTTPSamplerBase: Existing CookieManager HTTP Cookie Manager superseded by HTTP Cookie Manager
2026-08-20 15:41:50,905 WARN o.a.j.p.h.s.HTTPSamplerBase: Existing CookieManager HTTP Cookie Manager superseded by HTTP Cookie Manager
2026-08-20 15:41:50,909 WARN o.a.j.p.h.s.HTTPSamplerBase: Existing CookieManager HTTP Cookie Manager superseded by HTTP Cookie Manager
2026-08-20 15:41:50,965 WARN o.a.j.p.h.s.HTTPSamplerBase: Existing CookieManager HTTP Cookie Manager superseded by HTTP Cookie Manager
2026-08-20 15:41:50,983 WARN o.a.j.p.h.s.HTTPSamplerBase: Existing CookieManager HTTP Cookie Manager superseded by HTTP Cookie Manager
2026-08-20 15:41:51,031 WARN o.a.j.p.h.s.HTTPSamplerBase: Existing CookieManager HTTP Cookie Manager superseded by HTTP Cookie Manager
2026-08-20 15:41:51,034 WARN o.a.j.p.h.s.HTTPSamplerBase: Existing CookieManager HTTP Cookie Manager superseded by HTTP Cookie Manager
2026-08-20 15:41:51,057 WARN o.a.j.p.h.s.HTTPSamplerBase: Existing CookieManager HTTP Cookie Manager superseded by HTTP Cookie Manager
2026-08-20 15:41:51,193 WARN o.a.j.p.h.s.HTTPSamplerBase: Existing CookieManager HTTP Cookie Manager superseded by HTTP Cookie Manager
2026-08-20 15:41:51,196 WARN o.a.j.p.h.s.HTTPSamplerBase: Existing CookieManager HTTP Cookie Manager superseded by HTTP Cookie Manager
2026-08-20 15:41:51,203 WARN o.a.j.p.h.s.HTTPSamplerBase: Existing CookieManager HTTP Cookie Manager superseded by HTTP Cookie Manager
2026-08-20 15:41:51,235 WARN o.a.j.p.h.s.HTTPSamplerBase: Existing CookieManager HTTP Cookie Manager superseded by HTTP Cookie Manager
2026-08-20 15:41:51,235 WARN o.a.j.p.h.s.HTTPSamplerBase: Existing CookieManager HTTP Cookie Manager superseded by HTTP Cookie Manager
2026-08-20 15:41:51,259 WARN o.a.j.p.h.s.HTTPSamplerBase: Existing CookieManager HTTP Cookie Manager superseded by HTTP Cookie Manager
2026-08-20 15:41:51,260 WARN o.a.j.p.h.s.HTTPSamplerBase: Existing CookieManager HTTP Cookie Manager superseded by HTTP Cookie Manager
2026-08-20 15:41:51,264 WARN o.a.j.p.h.s.HTTPSamplerBase: Existing CookieManager HTTP Cookie Manager superseded by HTTP Cookie Manager
2026-08-20 15:41:51,352 WARN o.a.j.p.h.s.HTTPSamplerBase: Existing CookieManager HTTP Cookie Manager superseded by HTTP Cookie Manager
2026-08-20 15:41:51,406 WARN o.a.j.p.h.s.HTTPSamplerBase: Existing CookieManager HTTP Cookie Manager superseded by HTTP Cookie Manager
2026-08-20 15:41:51,410 WARN o.a.j.p.h.s.HTTPSamplerBase: Existing CookieManager HTTP Cookie Manager superseded by HTTP Cookie Manager
2026-08-20 15:41:51,424 WARN o.a.j.p.h.s.HTTPSamplerBase: Existing CookieManager HTTP Cookie Manager superseded by HTTP Cookie Manager
2026-08-20 15:41:51,441 WARN o.a.j.p.h.s.HTTPSamplerBase: Existing CookieManager HTTP Cookie Manager superseded by HTTP Cookie Manager
2026-08-20 15:41:51,444 WARN o.a.j.p.h.s.HTTPSamplerBase: Existing CookieManager HTTP Cookie Manager superseded by HTTP Cookie Manager
2026-08-20 15:41:51,494 WARN o.a.j.p.h.s.HTTPSamplerBase: Existing CookieManager HTTP Cookie Manager superseded by HTTP Cookie Manager
2026-08-20 15:41:51,606 WARN o.a.j.p.h.s.HTTPSamplerBase: Existing CookieManager HTTP Cookie Manager superseded by HTTP Cookie Manager
2026-08-20 15:41:51,612 WARN o.a.j.p.h.s.HTTPSamplerBase: Existing CookieManager HTTP Cookie Manager superseded by HTTP Cookie Manager
2026-08-20 15:41:51,615 WARN o.a.j.p.h.s.HTTPSamplerBase: Existing CookieManager HTTP Cookie Manager superseded by HTTP Cookie Manager
2026-08-20 15:41:51,623 WARN o.a.j.p.h.s.HTTPSamplerBase: Existing CookieManager HTTP Cookie Manager superseded by HTTP Cookie Manager
2026-08-20 15:41:51,717 WARN o.a.j.p.h.s.HTTPSamplerBase: Existing CookieManager HTTP Cookie Manager superseded by HTTP Cookie Manager
2026-08-20 15:41:51,727 WARN o.a.j.p.h.s.HTTPSamplerBase: Existing CookieManager HTTP Cookie Manager superseded by HTTP Cookie Manager
2026-08-20 15:41:51,728 WARN o.a.j.p.h.s.HTTPSamplerBase: Existing CookieManager HTTP Cookie Manager superseded by HTTP Cookie Manager
2026-08-20 15:41:51,747 WARN o.a.j.p.h.s.HTTPSamplerBase: Existing CookieManager HTTP Cookie Manager superseded by HTTP Cookie Manager
2026-08-20 15:41:51,750 WARN o.a.j.p.h.s.HTTPSamplerBase: Existing CookieManager HTTP Cookie Manager superseded by HTTP Cookie Manager
2026-08-20 15:41:51,776 WARN o.a.j.p.h.s.HTTPSamplerBase: Existing CookieManager HTTP Cookie Manager superseded by HTTP Cookie Manager
2026-08-20 15:41:51,799 WARN o.a.j.p.h.s.HTTPSamplerBase: Existing CookieManager HTTP Cookie Manager superseded by HTTP Cookie Manager
2026-08-20 15:41:51,802 WARN o.a.j.p.h.s.HTTPSamplerBase: Existing CookieManager HTTP Cookie Manager superseded by HTTP Cookie Manager
2026-08-20 15:41:51,950 WARN o.a.j.p.h.s.HTTPSamplerBase: Existing CookieManager HTTP Cookie Manager superseded by HTTP Cookie Manager
2026-08-20 15:41:51,966 WARN o.a.j.p.h.s.HTTPSamplerBase: Existing CookieManager HTTP Cookie Manager superseded by HTTP Cookie Manager
2026-08-20 15:41:51,967 WARN o.a.j.p.h.s.HTTPSamplerBase: Existing CookieManager HTTP Cookie Manager superseded by HTTP Cookie Manager
2026-08-20 15:41:51,981 WARN o.a.j.p.h.s.HTTPSamplerBase: Existing CookieManager HTTP Cookie Manager superseded by HTTP Cookie Manager
2026-08-20 15:41:51,982 WARN o.a.j.p.h.s.HTTPSamplerBase: Existing CookieManager HTTP Cookie Manager superseded by HTTP Cookie Manager
2026-08-20 15:41:51,984 WARN o.a.j.p.h.s.HTTPSamplerBase: Existing CookieManager HTTP Cookie Manager superseded by HTTP Cookie Manager
2026-08-20 15:41:52,026 WARN o.a.j.p.h.s.HTTPSamplerBase: Existing CookieManager HTTP Cookie Manager superseded by HTTP Cookie Manager
2026-08-20 15:41:52,150 WARN o.a.j.p.h.s.HTTPSamplerBase: Existing CookieManager HTTP Cookie Manager superseded by HTTP Cookie Manager
2026-08-20 15:41:52,150 WARN o.a.j.p.h.s.HTTPSamplerBase: Existing CookieManager HTTP Cookie Manager superseded by HTTP Cookie Manager
2026-08-20 15:41:52,173 WARN o.a.j.p.h.s.HTTPSamplerBase: Existing CookieManager HTTP Cookie Manager superseded by HTTP Cookie Manager
2026-08-20 15:41:52,185 WARN o.a.j.p.h.s.HTTPSamplerBase: Existing CookieManager HTTP Cookie Manager superseded by HTTP Cookie Manager
2026-08-20 15:41:52,263 WARN o.a.j.p.h.s.HTTPSamplerBase: Existing CookieManager HTTP Cookie Manager superseded by HTTP Cookie Manager
2026-08-20 15:41:52,265 WARN o.a.j.p.h.s.HTTPSamplerBase: Existing CookieManager HTTP Cookie Manager superseded by HTTP Cookie Manager
2026-08-20 15:41:52,326 WARN o.a.j.p.h.s.HTTPSamplerBase: Existing CookieManager HTTP Cookie Manager superseded by HTTP Cookie Manager
2026-08-20 15:41:52,329 WARN o.a.j.p.h.s.HTTPSamplerBase: Existing CookieManager HTTP Cookie Manager superseded by HTTP Cookie Manager
2026-08-20 15:41:52,351 WARN o.a.j.p.h.s.HTTPSamplerBase: Existing CookieManager HTTP Cookie Manager superseded by HTTP Cookie Manager
2026-08-20 15:41:52,355 WARN o.a.j.p.h.s.HTTPSamplerBase: Existing CookieManager HTTP Cookie Manager superseded by HTTP Cookie Manager
2026-08-20 15:41:52,356 WARN o.a.j.p.h.s.HTTPSamplerBase: Existing CookieManager HTTP Cookie Manager superseded by HTTP Cookie Manager
2026-08-20 15:41:52,357 WARN o.a.j.p.h.s.HTTPSamplerBase: Existing CookieManager HTTP Cookie Manager superseded by HTTP Cookie Manager
2026-08-20 15:41:52,511 WARN o.a.j.p.h.s.HTTPSamplerBase: Existing CookieManager HTTP Cookie Manager superseded by HTTP Cookie Manager
2026-08-20 15:41:52,512 WARN o.a.j.p.h.s.HTTPSamplerBase: Existing CookieManager HTTP Cookie Manager superseded by HTTP Cookie Manager
2026-08-20 15:41:52,520 WARN o.a.j.p.h.s.HTTPSamplerBase: Existing CookieManager HTTP Cookie Manager superseded by HTTP Cookie Manager
2026-08-20 15:41:52,533 WARN o.a.j.p.h.s.HTTPSamplerBase: Existing CookieManager HTTP Cookie Manager superseded by HTTP Cookie Manager
2026-08-20 15:41:52,534 WARN o.a.j.p.h.s.HTTPSamplerBase: Existing CookieManager HTTP Cookie Manager superseded by HTTP Cookie Manager
2026-08-20 15:41:52,573 WARN o.a.j.p.h.s.HTTPSamplerBase: Existing CookieManager HTTP Cookie Manager superseded by HTTP Cookie Manager
2026-08-20 15:41:52,586 WARN o.a.j.p.h.s.HTTPSamplerBase: Existing CookieManager HTTP Cookie Manager superseded by HTTP Cookie Manager
2026-08-20 15:41:52,706 WARN o.a.j.p.h.s.HTTPSamplerBase: Existing CookieManager HTTP Cookie Manager superseded by HTTP Cookie Manager
2026-08-20 15:41:52,711 WARN o.a.j.p.h.s.HTTPSamplerBase: Existing CookieManager HTTP Cookie Manager superseded by HTTP Cookie Manager
2026-08-20 15:41:52,724 WARN o.a.j.p.h.s.HTTPSamplerBase: Existing CookieManager HTTP Cookie Manager superseded by HTTP Cookie Manager
2026-08-20 15:41:52,741 WARN o.a.j.p.h.s.HTTPSamplerBase: Existing CookieManager HTTP Cookie Manager superseded by HTTP Cookie Manager
2026-08-20 15:41:52,800 WARN o.a.j.p.h.s.HTTPSamplerBase: Existing CookieManager HTTP Cookie Manager superseded by HTTP Cookie Manager
2026-08-20 15:41:52,806 WARN o.a.j.p.h.s.HTTPSamplerBase: Existing CookieManager HTTP Cookie Manager superseded by HTTP Cookie Manager
2026-08-20 15:41:52,856 WARN o.a.j.p.h.s.HTTPSamplerBase: Existing CookieManager HTTP Cookie Manager superseded by HTTP Cookie Manager
2026-08-20 15:41:52,876 WARN o.a.j.p.h.s.HTTPSamplerBase: Existing CookieManager HTTP Cookie Manager superseded by HTTP Cookie Manager
2026-08-20 15:41:52,884 WARN o.a.j.p.h.s.HTTPSamplerBase: Existing CookieManager HTTP Cookie Manager superseded by HTTP Cookie Manager
2026-08-20 15:41:52,891 WARN o.a.j.p.h.s.HTTPSamplerBase: Existing CookieManager HTTP Cookie Manager superseded by HTTP Cookie Manager
2026-08-20 15:41:52,892 WARN o.a.j.p.h.s.HTTPSamplerBase: Existing CookieManager HTTP Cookie Manager superseded by HTTP Cookie Manager
2026-08-20 15:41:52,989 WARN o.a.j.p.h.s.HTTPSamplerBase: Existing CookieManager HTTP Cookie Manager superseded by HTTP Cookie Manager
2026-08-20 15:41:53,041 WARN o.a.j.p.h.s.HTTPSamplerBase: Existing CookieManager HTTP Cookie Manager superseded by HTTP Cookie Manager
2026-08-20 15:41:53,060 WARN o.a.j.p.h.s.HTTPSamplerBase: Existing CookieManager HTTP Cookie Manager superseded by HTTP Cookie Manager
2026-08-20 15:41:53,061 WARN o.a.j.p.h.s.HTTPSamplerBase: Existing CookieManager HTTP Cookie Manager superseded by HTTP Cookie Manager
2026-08-20 15:41:53,073 WARN o.a.j.p.h.s.HTTPSamplerBase: Existing CookieManager HTTP Cookie Manager superseded by HTTP Cookie Manager
2026-08-20 15:41:53,073 WARN o.a.j.p.h.s.HTTPSamplerBase: Existing CookieManager HTTP Cookie Manager superseded by HTTP Cookie Manager
2026-08-20 15:41:53,110 WARN o.a.j.p.h.s.HTTPSamplerBase: Existing CookieManager HTTP Cookie Manager superseded by HTTP Cookie Manager
2026-08-20 15:41:53,124 WARN o.a.j.p.h.s.HTTPSamplerBase: Existing CookieManager HTTP Cookie Manager superseded by HTTP Cookie Manager
2026-08-20 15:41:53,208 WARN o.a.j.p.h.s.HTTPSamplerBase: Existing CookieManager HTTP Cookie Manager superseded by HTTP Cookie Manager
2026-08-20 15:41:53,296 WARN o.a.j.p.h.s.HTTPSamplerBase: Existing CookieManager HTTP Cookie Manager superseded by HTTP Cookie Manager
2026-08-20 15:41:53,325 WARN o.a.j.p.h.s.HTTPSamplerBase: Existing CookieManager HTTP Cookie Manager superseded by HTTP Cookie Manager
2026-08-20 15:41:53,335 WARN o.a.j.p.h.s.HTTPSamplerBase: Existing CookieManager HTTP Cookie Manager superseded by HTTP Cookie Manager
2026-08-20 15:41:53,340 WARN o.a.j.p.h.s.HTTPSamplerBase: Existing CookieManager HTTP Cookie Manager superseded by HTTP Cookie Manager
2026-08-20 15:41:53,390 WARN o.a.j.p.h.s.HTTPSamplerBase: Existing CookieManager HTTP Cookie Manager superseded by HTTP Cookie Manager
2026-08-20 15:41:53,411 WARN o.a.j.p.h.s.HTTPSamplerBase: Existing CookieManager HTTP Cookie Manager superseded by HTTP Cookie Manager
2026-08-20 15:41:53,412 WARN o.a.j.p.h.s.HTTPSamplerBase: Existing CookieManager HTTP Cookie Manager superseded by HTTP Cookie Manager
2026-08-20 15:41:53,440 WARN o.a.j.p.h.s.HTTPSamplerBase: Existing CookieManager HTTP Cookie Manager superseded by HTTP Cookie Manager
2026-08-20 15:41:53,447 WARN o.a.j.p.h.s.HTTPSamplerBase: Existing CookieManager HTTP Cookie Manager superseded by HTTP Cookie Manager
2026-08-20 15:41:53,447 WARN o.a.j.p.h.s.HTTPSamplerBase: Existing CookieManager HTTP Cookie Manager superseded by HTTP Cookie Manager
2026-08-20 15:41:53,475 WARN o.a.j.p.h.s.HTTPSamplerBase: Existing CookieManager HTTP Cookie Manager superseded by HTTP Cookie Manager
2026-08-20 15:41:53,558 WARN o.a.j.p.h.s.HTTPSamplerBase: Existing CookieManager HTTP Cookie Manager superseded by HTTP Cookie Manager
2026-08-20 15:41:53,562 WARN o.a.j.p.h.s.HTTPSamplerBase: Existing CookieManager HTTP Cookie Manager superseded by HTTP Cookie Manager
2026-08-20 15:41:53,625 WARN o.a.j.p.h.s.HTTPSamplerBase: Existing CookieManager HTTP Cookie Manager superseded by HTTP Cookie Manager
2026-08-20 15:41:53,625 WARN o.a.j.p.h.s.HTTPSamplerBase: Existing CookieManager HTTP Cookie Manager superseded by HTTP Cookie Manager
2026-08-20 15:41:53,652 WARN o.a.j.p.h.s.HTTPSamplerBase: Existing CookieManager HTTP Cookie Manager superseded by HTTP Cookie Manager
2026-08-20 15:41:53,660 WARN o.a.j.p.h.s.HTTPSamplerBase: Existing CookieManager HTTP Cookie Manager superseded by HTTP Cookie Manager
2026-08-20 15:41:53,769 WARN o.a.j.p.h.s.HTTPSamplerBase: Existing CookieManager HTTP Cookie Manager superseded by HTTP Cookie Manager
2026-08-20 15:41:53,784 WARN o.a.j.p.h.s.HTTPSamplerBase: Existing CookieManager HTTP Cookie Manager superseded by HTTP Cookie Manager
2026-08-20 15:41:53,805 WARN o.a.j.p.h.s.HTTPSamplerBase: Existing CookieManager HTTP Cookie Manager superseded by HTTP Cookie Manager
2026-08-20 15:41:53,838 WARN o.a.j.p.h.s.HTTPSamplerBase: Existing CookieManager HTTP Cookie Manager superseded by HTTP Cookie Manager
2026-08-20 15:41:53,862 WARN o.a.j.p.h.s.HTTPSamplerBase: Existing CookieManager HTTP Cookie Manager superseded by HTTP Cookie Manager
2026-08-20 15:41:53,863 WARN o.a.j.p.h.s.HTTPSamplerBase: Existing CookieManager HTTP Cookie Manager superseded by HTTP Cookie Manager
2026-08-20 15:41:53,896 WARN o.a.j.p.h.s.HTTPSamplerBase: Existing CookieManager HTTP Cookie Manager superseded by HTTP Cookie Manager
2026-08-20 15:41:53,910 WARN o.a.j.p.h.s.HTTPSamplerBase: Existing CookieManager HTTP Cookie Manager superseded by HTTP Cookie Manager
2026-08-20 15:41:53,983 WARN o.a.j.p.h.s.HTTPSamplerBase: Existing CookieManager HTTP Cookie Manager superseded by HTTP Cookie Manager
2026-08-20 15:41:53,987 WARN o.a.j.p.h.s.HTTPSamplerBase: Existing CookieManager HTTP Cookie Manager superseded by HTTP Cookie Manager
2026-08-20 15:41:53,988 WARN o.a.j.p.h.s.HTTPSamplerBase: Existing CookieManager HTTP Cookie Manager superseded by HTTP Cookie Manager
2026-08-20 15:41:54,010 INFO o.a.j.t.JMeterThread: Stopping because end time detected by thread: US01_Browse_Catalog 1-2
2026-08-20 15:41:54,011 INFO o.a.j.t.JMeterThread: Thread finished: US01_Browse_Catalog 1-2
2026-08-20 15:41:54,032 INFO o.a.j.t.JMeterThread: Stopping because end time detected by thread: US04_User_Sign_In 4-4
2026-08-20 15:41:54,032 INFO o.a.j.t.JMeterThread: Thread finished: US04_User_Sign_In 4-4
2026-08-20 15:41:54,035 INFO o.a.j.t.JMeterThread: Stopping because end time detected by thread: US02_Add_To_Cart 2-5
2026-08-20 15:41:54,035 INFO o.a.j.t.JMeterThread: Thread finished: US02_Add_To_Cart 2-5
2026-08-20 15:41:54,041 INFO o.a.j.t.JMeterThread: Stopping because end time detected by thread: US01_Browse_Catalog 1-1
2026-08-20 15:41:54,042 INFO o.a.j.t.JMeterThread: Thread finished: US01_Browse_Catalog 1-1
2026-08-20 15:41:54,082 INFO o.a.j.t.JMeterThread: Stopping because end time detected by thread: US04_User_Sign_In 4-3
2026-08-20 15:41:54,084 INFO o.a.j.t.JMeterThread: Thread finished: US04_User_Sign_In 4-3
2026-08-20 15:41:54,090 INFO o.a.j.t.JMeterThread: Stopping because end time detected by thread: US02_Add_To_Cart 2-4
2026-08-20 15:41:54,090 INFO o.a.j.t.JMeterThread: Stopping because end time detected by thread: US02_Add_To_Cart 2-1
2026-08-20 15:41:54,090 INFO o.a.j.t.JMeterThread: Thread finished: US02_Add_To_Cart 2-4
2026-08-20 15:41:54,090 INFO o.a.j.t.JMeterThread: Thread finished: US02_Add_To_Cart 2-1
2026-08-20 15:41:54,117 INFO o.a.j.t.JMeterThread: Stopping because end time detected by thread: US04_User_Sign_In 4-5
2026-08-20 15:41:54,118 INFO o.a.j.t.JMeterThread: Thread finished: US04_User_Sign_In 4-5
2026-08-20 15:41:54,221 INFO o.a.j.t.JMeterThread: Stopping because end time detected by thread: US04_User_Sign_In 4-2
2026-08-20 15:41:54,222 INFO o.a.j.t.JMeterThread: Stopping because end time detected by thread: US01_Browse_Catalog 1-4
2026-08-20 15:41:54,221 INFO o.a.j.t.JMeterThread: Stopping because end time detected by thread: US02_Add_To_Cart 2-2
2026-08-20 15:41:54,222 INFO o.a.j.t.JMeterThread: Thread finished: US01_Browse_Catalog 1-4
2026-08-20 15:41:54,222 INFO o.a.j.t.JMeterThread: Stopping because end time detected by thread: US01_Browse_Catalog 1-5
2026-08-20 15:41:54,222 INFO o.a.j.t.JMeterThread: Thread finished: US01_Browse_Catalog 1-5
2026-08-20 15:41:54,223 INFO o.a.j.t.JMeterThread: Stopping because end time detected by thread: US04_User_Sign_In 4-1
2026-08-20 15:41:54,223 INFO o.a.j.t.JMeterThread: Thread finished: US04_User_Sign_In 4-1
2026-08-20 15:41:54,224 INFO o.a.j.t.JMeterThread: Stopping because end time detected by thread: US01_Browse_Catalog 1-3
2026-08-20 15:41:54,225 INFO o.a.j.t.JMeterThread: Stopping because end time detected by thread: US02_Add_To_Cart 2-3
2026-08-20 15:41:54,225 INFO o.a.j.t.JMeterThread: Thread finished: US02_Add_To_Cart 2-2
2026-08-20 15:41:54,225 INFO o.a.j.t.JMeterThread: Thread finished: US02_Add_To_Cart 2-3
2026-08-20 15:41:54,225 INFO o.a.j.t.JMeterThread: Thread finished: US04_User_Sign_In 4-2
2026-08-20 15:41:54,225 INFO o.a.j.t.JMeterThread: Stopping because end time detected by thread: US03_Search_Products 3-1
2026-08-20 15:41:54,225 INFO o.a.j.t.JMeterThread: Thread finished: US01_Browse_Catalog 1-3
2026-08-20 15:41:54,225 INFO o.a.j.t.JMeterThread: Thread finished: US03_Search_Products 3-1
2026-08-20 15:41:54,226 INFO o.a.j.e.StandardJMeterEngine: Notifying test listeners of end of test
2026-08-20 15:41:54,229 INFO o.a.j.r.Summariser: summary +    361 in 00:00:04 =   85.7/s Avg:   185 Min:   170 Max:   271 Err:     0 (0.00%) Active: 0 Started: 16 Finished: 16
2026-08-20 15:41:54,230 INFO o.a.j.r.Summariser: summary =   4941 in 00:01:00 =   82.0/s Avg:   187 Min:   169 Max:  2032 Err:     0 (0.00%)
