2026-08-03 18:04:01,466 INFO o.a.j.u.JMeterUtils: Setting Locale to en_EN
2026-08-03 18:04:01,545 INFO o.a.j.JMeter: Loading user properties from: D:\apache-jmeter-5.6.3\bin\user.properties
2026-08-03 18:04:01,557 INFO o.a.j.JMeter: Loading system properties from: D:\apache-jmeter-5.6.3\bin\system.properties
2026-08-03 18:04:01,557 INFO o.a.j.JMeter: Setting JMeter property: jmeter.save.saveservice.autoflush=true
2026-08-03 18:04:01,557 INFO o.a.j.JMeter: Setting JMeter property: summariser.interval=3
2026-08-03 18:04:01,557 INFO o.a.j.JMeter: Setting JMeter property: threads=3
2026-08-03 18:04:01,557 INFO o.a.j.JMeter: Setting JMeter property: users=3
2026-08-03 18:04:01,557 INFO o.a.j.JMeter: Setting JMeter property: num_threads=3
2026-08-03 18:04:01,557 INFO o.a.j.JMeter: Setting JMeter property: durationSeconds=600
2026-08-03 18:04:01,557 INFO o.a.j.JMeter: Setting JMeter property: duration=600
2026-08-03 18:04:01,557 INFO o.a.j.JMeter: Setting JMeter property: rampupSeconds=10
2026-08-03 18:04:01,557 INFO o.a.j.JMeter: Setting JMeter property: rampup=10
2026-08-03 18:04:01,557 INFO o.a.j.JMeter: Copyright (c) 1998-2024 The Apache Software Foundation
2026-08-03 18:04:01,557 INFO o.a.j.JMeter: Version 5.6.3
2026-08-03 18:04:01,557 INFO o.a.j.JMeter: java.version=17.0.12
2026-08-03 18:04:01,557 INFO o.a.j.JMeter: java.vm.name=Java HotSpot(TM) 64-Bit Server VM
2026-08-03 18:04:01,557 INFO o.a.j.JMeter: os.name=Windows 11
2026-08-03 18:04:01,557 INFO o.a.j.JMeter: os.arch=amd64
2026-08-03 18:04:01,557 INFO o.a.j.JMeter: os.version=10.0
2026-08-03 18:04:01,557 INFO o.a.j.JMeter: file.encoding=Cp1252
2026-08-03 18:04:01,557 INFO o.a.j.JMeter: java.awt.headless=true
2026-08-03 18:04:01,557 INFO o.a.j.JMeter: Max memory     =1073741824
2026-08-03 18:04:01,557 INFO o.a.j.JMeter: Available Processors =14
2026-08-03 18:04:01,573 INFO o.a.j.JMeter: Default Locale=English (EN)
2026-08-03 18:04:01,573 INFO o.a.j.JMeter: JMeter  Locale=English (EN)
2026-08-03 18:04:01,573 INFO o.a.j.JMeter: JMeterHome=D:\apache-jmeter-5.6.3
2026-08-03 18:04:01,580 INFO o.a.j.JMeter: user.dir  =D:\BlazemeterMCPZIP\JmeterAI
2026-08-03 18:04:01,580 INFO o.a.j.JMeter: PWD       =D:\BlazemeterMCPZIP\JmeterAI
2026-08-03 18:04:01,585 INFO o.a.j.JMeter: IP: 192.168.128.232 Name: AICPL-L224 FullName: AICPL-L224
2026-08-03 18:04:01,605 INFO o.a.j.s.FileServer: Default base='D:\BlazemeterMCPZIP\JmeterAI'
2026-08-03 18:04:01,608 INFO o.a.j.s.FileServer: Set new base='D:\BlazemeterMCPZIP\JmeterAI\Tests'
2026-08-03 18:04:01,856 INFO o.a.j.s.SaveService: Testplan (JMX) version: 2.2. Testlog (JTL) version: 2.2
2026-08-03 18:04:01,905 INFO o.a.j.s.SaveService: Using SaveService properties version 5.0
2026-08-03 18:04:01,905 INFO o.a.j.s.SaveService: Using SaveService properties file encoding UTF-8
2026-08-03 18:04:01,905 INFO o.a.j.s.SaveService: Loading file: D:\BlazemeterMCPZIP\JmeterAI\Tests\Pagination_Release_Initial_Loading_4.jmx
2026-08-03 18:04:01,967 INFO o.a.j.p.h.c.CacheManager: Will only cache the following methods: [GET]
2026-08-03 18:04:01,967 INFO o.a.j.p.h.c.CookieManager: Settings: Delete null: true Check: true Allow variable: true Save: false Prefix: COOKIE_
2026-08-03 18:04:02,028 INFO o.a.j.p.h.s.HTTPSamplerBase: Parser for text/html is org.apache.jmeter.protocol.http.parser.LagartoBasedHtmlParser
2026-08-03 18:04:02,028 INFO o.a.j.p.h.s.HTTPSamplerBase: Parser for application/xhtml+xml is org.apache.jmeter.protocol.http.parser.LagartoBasedHtmlParser
2026-08-03 18:04:02,028 INFO o.a.j.p.h.s.HTTPSamplerBase: Parser for application/xml is org.apache.jmeter.protocol.http.parser.LagartoBasedHtmlParser
2026-08-03 18:04:02,028 INFO o.a.j.p.h.s.HTTPSamplerBase: Parser for text/xml is org.apache.jmeter.protocol.http.parser.LagartoBasedHtmlParser
2026-08-03 18:04:02,028 INFO o.a.j.p.h.s.HTTPSamplerBase: Parser for text/vnd.wap.wml is org.apache.jmeter.protocol.http.parser.RegexpHTMLParser
2026-08-03 18:04:02,028 INFO o.a.j.p.h.s.HTTPSamplerBase: Parser for text/css is org.apache.jmeter.protocol.http.parser.CssParser
2026-08-03 18:04:02,059 INFO o.a.j.s.SampleResult: Note: Sample TimeStamps are START times
2026-08-03 18:04:02,059 INFO o.a.j.s.SampleResult: sampleresult.default.encoding is set to UTF-8
2026-08-03 18:04:02,059 INFO o.a.j.s.SampleResult: sampleresult.useNanoTime=true
2026-08-03 18:04:02,059 INFO o.a.j.s.SampleResult: sampleresult.nanoThreadSleep=5000
2026-08-03 18:04:02,394 INFO o.a.j.JMeter: Creating summariser <summary>
2026-08-03 18:04:02,426 INFO o.a.j.e.StandardJMeterEngine: Running the test!
2026-08-03 18:04:02,426 INFO o.a.j.s.SampleEvent: List of sample_variables: []
2026-08-03 18:04:02,426 INFO o.a.j.s.SampleEvent: List of sample_variables: []
2026-08-03 18:04:02,426 INFO o.a.j.e.u.CompoundVariable: Note: Function class names must contain the string: '.functions.'
2026-08-03 18:04:02,437 INFO o.a.j.e.u.CompoundVariable: Note: Function class names must not contain the string: '.gui.'
2026-08-03 18:04:02,498 INFO o.a.j.r.ClassFinder: Will scan jar D:\apache-jmeter-5.6.3\lib\ext\jmeter-plugins-manager-1.12.jar with filter ExtendsClassFilter [parents=[interface org.apache.jmeter.functions.Function], inner=false, contains=null, notContains=null]. Consider exposing JMeter plugins via META-INF/services, and add JMeter-Skip-Class-Scanning=true manifest attribute so JMeter can skip classfile scanning
2026-08-03 18:04:02,589 INFO o.a.j.r.ClassFinder: Will scan jar D:\apache-jmeter-5.6.3\lib\ext\jmeter-parallel-0.12.jar with filter ExtendsClassFilter [parents=[interface org.apache.jmeter.functions.Function], inner=false, contains=null, notContains=null]. Consider exposing JMeter plugins via META-INF/services, and add JMeter-Skip-Class-Scanning=true manifest attribute so JMeter can skip classfile scanning
2026-08-03 18:04:02,606 INFO o.a.j.r.ClassFinder: Will scan jar D:\apache-jmeter-5.6.3\lib\ext\jmeter-plugins-senseuploader-3.5.jar with filter ExtendsClassFilter [parents=[interface org.apache.jmeter.functions.Function], inner=false, contains=null, notContains=null]. Consider exposing JMeter plugins via META-INF/services, and add JMeter-Skip-Class-Scanning=true manifest attribute so JMeter can skip classfile scanning
2026-08-03 18:04:03,249 INFO o.a.j.v.b.BackendListener: Backend Listener: Starting worker with class: class org.apache.jmeter.visualizers.backend.graphite.GraphiteBackendListenerClient and queue capacity: 5000
2026-08-03 18:04:03,249 INFO o.a.j.v.b.BackendListener: Backend Listener: Started  worker with class: class org.apache.jmeter.visualizers.backend.graphite.GraphiteBackendListenerClient
2026-08-03 18:04:03,268 INFO o.a.j.v.b.g.TextGraphiteMetricsSender: Created TextGraphiteMetricsSender with host: , port: 2003, prefix: jmeter.
2026-08-03 18:04:03,280 INFO o.a.j.JMeter: Running test (1785760443280)
2026-08-03 18:04:03,304 INFO o.a.j.e.StandardJMeterEngine: Starting ThreadGroup: 1 : Email_filing_In_Suggested_Location
2026-08-03 18:04:03,304 INFO o.a.j.e.StandardJMeterEngine: Starting 3 threads for group Email_filing_In_Suggested_Location.
2026-08-03 18:04:03,304 INFO o.a.j.e.StandardJMeterEngine: Thread will start next loop on error
2026-08-03 18:04:03,304 INFO o.a.j.t.ThreadGroup: Starting thread group... number=1 threads=3 ramp-up=10 delayedStart=false
2026-08-03 18:04:03,365 INFO o.a.j.t.ThreadGroup: Started thread group number 1
2026-08-03 18:04:03,365 INFO o.a.j.e.StandardJMeterEngine: All thread groups have been started
2026-08-03 18:04:03,396 INFO o.a.j.t.JMeterThread: Thread started: Email_filing_In_Suggested_Location 1-1
2026-08-03 18:04:03,398 INFO c.b.j.c.ParallelSampler: Starting up to 6 threads
2026-08-03 18:04:03,401 INFO c.b.j.c.ParallelSampler: Starting up to 6 threads
2026-08-03 18:04:03,401 INFO c.b.j.c.ParallelSampler: Starting up to 6 threads
2026-08-03 18:04:03,401 INFO c.b.j.c.ParallelSampler: Starting up to 6 threads
2026-08-03 18:04:03,401 INFO c.b.j.c.ParallelSampler: Starting up to 6 threads
2026-08-03 18:04:03,401 INFO c.b.j.c.ParallelSampler: Starting up to 6 threads
2026-08-03 18:04:03,401 INFO c.b.j.c.ParallelSampler: Starting up to 6 threads
2026-08-03 18:04:03,401 INFO c.b.j.c.ParallelSampler: Starting up to 6 threads
2026-08-03 18:04:03,401 INFO c.b.j.c.ParallelSampler: Starting up to 6 threads
2026-08-03 18:04:03,401 INFO c.b.j.c.ParallelSampler: Starting up to 6 threads
2026-08-03 18:04:03,401 INFO c.b.j.c.ParallelSampler: Starting up to 6 threads
2026-08-03 18:04:03,401 INFO c.b.j.c.ParallelSampler: Starting up to 6 threads
2026-08-03 18:04:03,401 INFO c.b.j.c.ParallelSampler: Starting up to 6 threads
2026-08-03 18:04:03,401 INFO c.b.j.c.ParallelSampler: Starting up to 6 threads
2026-08-03 18:04:03,401 INFO c.b.j.c.ParallelSampler: Starting up to 6 threads
2026-08-03 18:04:03,403 INFO c.b.j.c.ParallelSampler: Starting up to 6 threads
2026-08-03 18:04:03,404 INFO c.b.j.c.ParallelSampler: Starting up to 6 threads
2026-08-03 18:04:03,404 INFO c.b.j.c.ParallelSampler: Starting up to 6 threads
2026-08-03 18:04:03,404 INFO c.b.j.c.ParallelSampler: Starting up to 6 threads
2026-08-03 18:04:03,404 INFO c.b.j.c.ParallelSampler: Starting up to 6 threads
2026-08-03 18:04:03,404 INFO c.b.j.c.ParallelSampler: Starting up to 6 threads
2026-08-03 18:04:03,404 INFO c.b.j.c.ParallelSampler: Starting up to 6 threads
2026-08-03 18:04:03,404 INFO c.b.j.c.ParallelSampler: Starting up to 6 threads
2026-08-03 18:04:03,404 INFO c.b.j.c.ParallelSampler: Starting up to 6 threads
2026-08-03 18:04:03,404 INFO c.b.j.c.ParallelSampler: Starting up to 6 threads
2026-08-03 18:04:03,404 INFO c.b.j.c.ParallelSampler: Starting up to 6 threads
2026-08-03 18:04:03,404 INFO c.b.j.c.ParallelSampler: Starting up to 6 threads
2026-08-03 18:04:03,404 INFO c.b.j.c.ParallelSampler: Starting up to 6 threads
2026-08-03 18:04:03,404 INFO c.b.j.c.ParallelSampler: Starting up to 6 threads
2026-08-03 18:04:03,404 INFO c.b.j.c.ParallelSampler: Starting up to 6 threads
2026-08-03 18:04:03,404 INFO c.b.j.c.ParallelSampler: Starting up to 6 threads
2026-08-03 18:04:03,404 INFO c.b.j.c.ParallelSampler: Starting up to 6 threads
2026-08-03 18:04:03,409 INFO o.a.j.s.FileServer: Stored: D:\BlazemeterMCPZIP\JmeterAI\Tests\Gloster_params_4.csv
2026-08-03 18:04:04,286 ERROR o.a.j.v.b.g.TextGraphiteMetricsSender: Error writing to Graphite: Connection refused: no further information
java.net.ConnectException: Connection refused: no further information
	at java.base/sun.nio.ch.Net.pollConnect(Native Method) ~[?:?]
	at java.base/sun.nio.ch.Net.pollConnectNow(Net.java:672) ~[?:?]
	at java.base/sun.nio.ch.NioSocketImpl.timedFinishConnect(NioSocketImpl.java:547) ~[?:?]
	at java.base/sun.nio.ch.NioSocketImpl.connect(NioSocketImpl.java:602) ~[?:?]
	at java.base/java.net.SocksSocketImpl.connect(SocksSocketImpl.java:327) ~[?:?]
	at java.base/java.net.Socket.connect(Socket.java:633) ~[?:?]
	at org.apache.jmeter.visualizers.backend.graphite.SocketOutputStreamPoolFactory.create(SocketOutputStreamPoolFactory.java:76) ~[ApacheJMeter_components.jar:5.6.3]
	at org.apache.jmeter.visualizers.backend.graphite.SocketOutputStreamPoolFactory.makeObject(SocketOutputStreamPoolFactory.java:47) ~[ApacheJMeter_components.jar:5.6.3]
	at org.apache.jmeter.visualizers.backend.graphite.SocketOutputStreamPoolFactory.makeObject(SocketOutputStreamPoolFactory.java:33) ~[ApacheJMeter_components.jar:5.6.3]
	at org.apache.commons.pool2.impl.GenericKeyedObjectPool.create(GenericKeyedObjectPool.java:796) ~[commons-pool2-2.12.0.jar:2.12.0]
	at org.apache.commons.pool2.impl.GenericKeyedObjectPool.borrowObject(GenericKeyedObjectPool.java:444) ~[commons-pool2-2.12.0.jar:2.12.0]
	at org.apache.commons.pool2.impl.GenericKeyedObjectPool.borrowObject(GenericKeyedObjectPool.java:355) ~[commons-pool2-2.12.0.jar:2.12.0]
	at org.apache.jmeter.visualizers.backend.graphite.TextGraphiteMetricsSender.writeMetrics(TextGraphiteMetricsSender.java:110) [ApacheJMeter_components.jar:5.6.3]
	at org.apache.jmeter.visualizers.backend.graphite.TextGraphiteMetricsSender.writeAndSendMetrics(TextGraphiteMetricsSender.java:104) [ApacheJMeter_components.jar:5.6.3]
	at org.apache.jmeter.visualizers.backend.graphite.GraphiteBackendListenerClient.sendMetrics(GraphiteBackendListenerClient.java:186) [ApacheJMeter_components.jar:5.6.3]
	at org.apache.jmeter.visualizers.backend.graphite.GraphiteBackendListenerClient.run(GraphiteBackendListenerClient.java:149) [ApacheJMeter_components.jar:5.6.3]
	at java.base/java.util.concurrent.Executors$RunnableAdapter.call(Executors.java:539) [?:?]
	at java.base/java.util.concurrent.FutureTask.runAndReset(FutureTask.java:305) [?:?]
	at java.base/java.util.concurrent.ScheduledThreadPoolExecutor$ScheduledFutureTask.run(ScheduledThreadPoolExecutor.java:305) [?:?]
	at java.base/java.util.concurrent.ThreadPoolExecutor.runWorker(ThreadPoolExecutor.java:1136) [?:?]
	at java.base/java.util.concurrent.ThreadPoolExecutor$Worker.run(ThreadPoolExecutor.java:635) [?:?]
	at java.base/java.lang.Thread.run(Thread.java:842) [?:?]
2026-08-03 18:04:04,378 INFO o.a.j.p.h.s.HTTPHCAbstractImpl: Local host = AICPL-L224
2026-08-03 18:04:04,386 INFO o.a.j.p.h.s.HTTPHC4Impl: HTTP request retry count = 0
2026-08-03 18:04:04,509 INFO o.a.j.p.h.s.h.LazyLayeredConnectionSocketFactory: Setting up HTTPS TrustAll Socket Factory
2026-08-03 18:04:04,530 INFO o.a.j.u.JsseSSLManager: Using default SSL protocol: TLS
2026-08-03 18:04:04,530 INFO o.a.j.u.JsseSSLManager: SSL session context: per-thread
2026-08-03 18:04:04,706 INFO o.a.j.u.SSLManager: JmeterKeyStore Location:  type JKS
2026-08-03 18:04:04,711 INFO o.a.j.u.SSLManager: KeyStore created OK
2026-08-03 18:04:04,711 WARN o.a.j.u.SSLManager: Keystore file not found, loading empty keystore
2026-08-03 18:04:05,104 INFO o.a.j.r.Summariser: summary +      1 in 00:00:02 =    0.5/s Avg:   632 Min:   632 Max:   632 Err:     0 (0.00%) Active: 1 Started: 1 Finished: 0
2026-08-03 18:04:05,270 ERROR o.a.j.v.b.g.TextGraphiteMetricsSender: Error writing to Graphite: Connection refused: no further information
java.net.ConnectException: Connection refused: no further information
	at java.base/sun.nio.ch.Net.pollConnect(Native Method) ~[?:?]
	at java.base/sun.nio.ch.Net.pollConnectNow(Net.java:672) ~[?:?]
	at java.base/sun.nio.ch.NioSocketImpl.timedFinishConnect(NioSocketImpl.java:547) ~[?:?]
	at java.base/sun.nio.ch.NioSocketImpl.connect(NioSocketImpl.java:602) ~[?:?]
	at java.base/java.net.SocksSocketImpl.connect(SocksSocketImpl.java:327) ~[?:?]
	at java.base/java.net.Socket.connect(Socket.java:633) ~[?:?]
	at org.apache.jmeter.visualizers.backend.graphite.SocketOutputStreamPoolFactory.create(SocketOutputStreamPoolFactory.java:76) ~[ApacheJMeter_components.jar:5.6.3]
	at org.apache.jmeter.visualizers.backend.graphite.SocketOutputStreamPoolFactory.makeObject(SocketOutputStreamPoolFactory.java:47) ~[ApacheJMeter_components.jar:5.6.3]
	at org.apache.jmeter.visualizers.backend.graphite.SocketOutputStreamPoolFactory.makeObject(SocketOutputStreamPoolFactory.java:33) ~[ApacheJMeter_components.jar:5.6.3]
	at org.apache.commons.pool2.impl.GenericKeyedObjectPool.create(GenericKeyedObjectPool.java:796) ~[commons-pool2-2.12.0.jar:2.12.0]
	at org.apache.commons.pool2.impl.GenericKeyedObjectPool.borrowObject(GenericKeyedObjectPool.java:444) ~[commons-pool2-2.12.0.jar:2.12.0]
	at org.apache.commons.pool2.impl.GenericKeyedObjectPool.borrowObject(GenericKeyedObjectPool.java:355) ~[commons-pool2-2.12.0.jar:2.12.0]
	at org.apache.jmeter.visualizers.backend.graphite.TextGraphiteMetricsSender.writeMetrics(TextGraphiteMetricsSender.java:110) [ApacheJMeter_components.jar:5.6.3]
	at org.apache.jmeter.visualizers.backend.graphite.TextGraphiteMetricsSender.writeAndSendMetrics(TextGraphiteMetricsSender.java:104) [ApacheJMeter_components.jar:5.6.3]
	at org.apache.jmeter.visualizers.backend.graphite.GraphiteBackendListenerClient.sendMetrics(GraphiteBackendListenerClient.java:186) [ApacheJMeter_components.jar:5.6.3]
	at org.apache.jmeter.visualizers.backend.graphite.GraphiteBackendListenerClient.run(GraphiteBackendListenerClient.java:149) [ApacheJMeter_components.jar:5.6.3]
	at java.base/java.util.concurrent.Executors$RunnableAdapter.call(Executors.java:539) [?:?]
	at java.base/java.util.concurrent.FutureTask.runAndReset(FutureTask.java:305) [?:?]
	at java.base/java.util.concurrent.ScheduledThreadPoolExecutor$ScheduledFutureTask.run(ScheduledThreadPoolExecutor.java:305) [?:?]
	at java.base/java.util.concurrent.ThreadPoolExecutor.runWorker(ThreadPoolExecutor.java:1136) [?:?]
	at java.base/java.util.concurrent.ThreadPoolExecutor$Worker.run(ThreadPoolExecutor.java:635) [?:?]
	at java.base/java.lang.Thread.run(Thread.java:842) [?:?]
2026-08-03 18:04:06,287 ERROR o.a.j.v.b.g.TextGraphiteMetricsSender: Error writing to Graphite: Connection refused: no further information
java.net.ConnectException: Connection refused: no further information
	at java.base/sun.nio.ch.Net.pollConnect(Native Method) ~[?:?]
	at java.base/sun.nio.ch.Net.pollConnectNow(Net.java:672) ~[?:?]
	at java.base/sun.nio.ch.NioSocketImpl.timedFinishConnect(NioSocketImpl.java:547) ~[?:?]
	at java.base/sun.nio.ch.NioSocketImpl.connect(NioSocketImpl.java:602) ~[?:?]
	at java.base/java.net.SocksSocketImpl.connect(SocksSocketImpl.java:327) ~[?:?]
	at java.base/java.net.Socket.connect(Socket.java:633) ~[?:?]
	at org.apache.jmeter.visualizers.backend.graphite.SocketOutputStreamPoolFactory.create(SocketOutputStreamPoolFactory.java:76) ~[ApacheJMeter_components.jar:5.6.3]
	at org.apache.jmeter.visualizers.backend.graphite.SocketOutputStreamPoolFactory.makeObject(SocketOutputStreamPoolFactory.java:47) ~[ApacheJMeter_components.jar:5.6.3]
	at org.apache.jmeter.visualizers.backend.graphite.SocketOutputStreamPoolFactory.makeObject(SocketOutputStreamPoolFactory.java:33) ~[ApacheJMeter_components.jar:5.6.3]
	at org.apache.commons.pool2.impl.GenericKeyedObjectPool.create(GenericKeyedObjectPool.java:796) ~[commons-pool2-2.12.0.jar:2.12.0]
	at org.apache.commons.pool2.impl.GenericKeyedObjectPool.borrowObject(GenericKeyedObjectPool.java:444) ~[commons-pool2-2.12.0.jar:2.12.0]
	at org.apache.commons.pool2.impl.GenericKeyedObjectPool.borrowObject(GenericKeyedObjectPool.java:355) ~[commons-pool2-2.12.0.jar:2.12.0]
	at org.apache.jmeter.visualizers.backend.graphite.TextGraphiteMetricsSender.writeMetrics(TextGraphiteMetricsSender.java:110) [ApacheJMeter_components.jar:5.6.3]
	at org.apache.jmeter.visualizers.backend.graphite.TextGraphiteMetricsSender.writeAndSendMetrics(TextGraphiteMetricsSender.java:104) [ApacheJMeter_components.jar:5.6.3]
	at org.apache.jmeter.visualizers.backend.graphite.GraphiteBackendListenerClient.sendMetrics(GraphiteBackendListenerClient.java:186) [ApacheJMeter_components.jar:5.6.3]
	at org.apache.jmeter.visualizers.backend.graphite.GraphiteBackendListenerClient.run(GraphiteBackendListenerClient.java:149) [ApacheJMeter_components.jar:5.6.3]
	at java.base/java.util.concurrent.Executors$RunnableAdapter.call(Executors.java:539) [?:?]
	at java.base/java.util.concurrent.FutureTask.runAndReset(FutureTask.java:305) [?:?]
	at java.base/java.util.concurrent.ScheduledThreadPoolExecutor$ScheduledFutureTask.run(ScheduledThreadPoolExecutor.java:305) [?:?]
	at java.base/java.util.concurrent.ThreadPoolExecutor.runWorker(ThreadPoolExecutor.java:1136) [?:?]
	at java.base/java.util.concurrent.ThreadPoolExecutor$Worker.run(ThreadPoolExecutor.java:635) [?:?]
	at java.base/java.lang.Thread.run(Thread.java:842) [?:?]
2026-08-03 18:04:06,657 INFO o.a.j.t.JMeterThread: Thread started: parallel T01_LaunchOutlook_02P
2026-08-03 18:04:06,659 INFO o.a.j.t.JMeterThread: Thread started: parallel T01_LaunchOutlook_02P
2026-08-03 18:04:06,710 INFO o.a.j.t.JMeterThread: Thread started: Email_filing_In_Suggested_Location 1-2
2026-08-03 18:04:06,710 INFO c.b.j.c.ParallelSampler: Starting up to 6 threads
2026-08-03 18:04:06,710 INFO c.b.j.c.ParallelSampler: Starting up to 6 threads
2026-08-03 18:04:06,711 INFO c.b.j.c.ParallelSampler: Starting up to 6 threads
2026-08-03 18:04:06,711 INFO c.b.j.c.ParallelSampler: Starting up to 6 threads
2026-08-03 18:04:06,711 INFO c.b.j.c.ParallelSampler: Starting up to 6 threads
2026-08-03 18:04:06,711 INFO c.b.j.c.ParallelSampler: Starting up to 6 threads
2026-08-03 18:04:06,711 INFO c.b.j.c.ParallelSampler: Starting up to 6 threads
2026-08-03 18:04:06,711 INFO c.b.j.c.ParallelSampler: Starting up to 6 threads
2026-08-03 18:04:06,711 INFO c.b.j.c.ParallelSampler: Starting up to 6 threads
2026-08-03 18:04:06,711 INFO c.b.j.c.ParallelSampler: Starting up to 6 threads
2026-08-03 18:04:06,711 INFO c.b.j.c.ParallelSampler: Starting up to 6 threads
2026-08-03 18:04:06,711 INFO c.b.j.c.ParallelSampler: Starting up to 6 threads
2026-08-03 18:04:06,711 INFO c.b.j.c.ParallelSampler: Starting up to 6 threads
2026-08-03 18:04:06,711 INFO c.b.j.c.ParallelSampler: Starting up to 6 threads
2026-08-03 18:04:06,711 INFO c.b.j.c.ParallelSampler: Starting up to 6 threads
2026-08-03 18:04:06,711 INFO c.b.j.c.ParallelSampler: Starting up to 6 threads
2026-08-03 18:04:06,711 INFO c.b.j.c.ParallelSampler: Starting up to 6 threads
2026-08-03 18:04:06,711 INFO c.b.j.c.ParallelSampler: Starting up to 6 threads
2026-08-03 18:04:06,711 INFO c.b.j.c.ParallelSampler: Starting up to 6 threads
2026-08-03 18:04:06,711 INFO c.b.j.c.ParallelSampler: Starting up to 6 threads
2026-08-03 18:04:06,712 INFO c.b.j.c.ParallelSampler: Starting up to 6 threads
2026-08-03 18:04:06,712 INFO c.b.j.c.ParallelSampler: Starting up to 6 threads
2026-08-03 18:04:06,712 INFO c.b.j.c.ParallelSampler: Starting up to 6 threads
2026-08-03 18:04:06,712 INFO c.b.j.c.ParallelSampler: Starting up to 6 threads
2026-08-03 18:04:06,712 INFO c.b.j.c.ParallelSampler: Starting up to 6 threads
2026-08-03 18:04:06,712 INFO c.b.j.c.ParallelSampler: Starting up to 6 threads
2026-08-03 18:04:06,712 INFO c.b.j.c.ParallelSampler: Starting up to 6 threads
2026-08-03 18:04:06,712 INFO c.b.j.c.ParallelSampler: Starting up to 6 threads
2026-08-03 18:04:06,712 INFO c.b.j.c.ParallelSampler: Starting up to 6 threads
2026-08-03 18:04:06,712 INFO c.b.j.c.ParallelSampler: Starting up to 6 threads
2026-08-03 18:04:06,712 INFO c.b.j.c.ParallelSampler: Starting up to 6 threads
2026-08-03 18:04:06,712 INFO c.b.j.c.ParallelSampler: Starting up to 6 threads
2026-08-03 18:04:06,973 INFO o.a.j.t.JMeterThread: Thread is done: org.apache.jmeter.threads.JMeterThread@6f733945 - T01_LaunchOutlook_02P - LaunchOutllok/shared/1.0/content/images/backgrounds/4_eae2dd7eb3a55636dc2d74f4fa4c386e.svg-58
2026-08-03 18:04:06,973 INFO o.a.j.t.JMeterThread: Thread finished: org.apache.jmeter.threads.JMeterThread@6f733945 - T01_LaunchOutlook_02P - LaunchOutllok/shared/1.0/content/images/backgrounds/4_eae2dd7eb3a55636dc2d74f4fa4c386e.svg-58
2026-08-03 18:04:07,034 INFO o.a.j.t.JMeterThread: Thread is done: org.apache.jmeter.threads.JMeterThread@6f733945 - T01_LaunchOutlook_02P - LaunchOutllok/shared/1.0/content/images/microsoft_logo_564db913a7fa0ca42727161c6d031bef.svg-59
2026-08-03 18:04:07,034 INFO o.a.j.t.JMeterThread: Thread finished: org.apache.jmeter.threads.JMeterThread@6f733945 - T01_LaunchOutlook_02P - LaunchOutllok/shared/1.0/content/images/microsoft_logo_564db913a7fa0ca42727161c6d031bef.svg-59
2026-08-03 18:04:07,299 ERROR o.a.j.v.b.g.TextGraphiteMetricsSender: Error writing to Graphite: Connection refused: no further information
java.net.ConnectException: Connection refused: no further information
	at java.base/sun.nio.ch.Net.pollConnect(Native Method) ~[?:?]
	at java.base/sun.nio.ch.Net.pollConnectNow(Net.java:672) ~[?:?]
	at java.base/sun.nio.ch.NioSocketImpl.timedFinishConnect(NioSocketImpl.java:547) ~[?:?]
	at java.base/sun.nio.ch.NioSocketImpl.connect(NioSocketImpl.java:602) ~[?:?]
	at java.base/java.net.SocksSocketImpl.connect(SocksSocketImpl.java:327) ~[?:?]
	at java.base/java.net.Socket.connect(Socket.java:633) ~[?:?]
	at org.apache.jmeter.visualizers.backend.graphite.SocketOutputStreamPoolFactory.create(SocketOutputStreamPoolFactory.java:76) ~[ApacheJMeter_components.jar:5.6.3]
	at org.apache.jmeter.visualizers.backend.graphite.SocketOutputStreamPoolFactory.makeObject(SocketOutputStreamPoolFactory.java:47) ~[ApacheJMeter_components.jar:5.6.3]
	at org.apache.jmeter.visualizers.backend.graphite.SocketOutputStreamPoolFactory.makeObject(SocketOutputStreamPoolFactory.java:33) ~[ApacheJMeter_components.jar:5.6.3]
	at org.apache.commons.pool2.impl.GenericKeyedObjectPool.create(GenericKeyedObjectPool.java:796) ~[commons-pool2-2.12.0.jar:2.12.0]
	at org.apache.commons.pool2.impl.GenericKeyedObjectPool.borrowObject(GenericKeyedObjectPool.java:444) ~[commons-pool2-2.12.0.jar:2.12.0]
	at org.apache.commons.pool2.impl.GenericKeyedObjectPool.borrowObject(GenericKeyedObjectPool.java:355) ~[commons-pool2-2.12.0.jar:2.12.0]
	at org.apache.jmeter.visualizers.backend.graphite.TextGraphiteMetricsSender.writeMetrics(TextGraphiteMetricsSender.java:110) [ApacheJMeter_components.jar:5.6.3]
	at org.apache.jmeter.visualizers.backend.graphite.TextGraphiteMetricsSender.writeAndSendMetrics(TextGraphiteMetricsSender.java:104) [ApacheJMeter_components.jar:5.6.3]
	at org.apache.jmeter.visualizers.backend.graphite.GraphiteBackendListenerClient.sendMetrics(GraphiteBackendListenerClient.java:186) [ApacheJMeter_components.jar:5.6.3]
	at org.apache.jmeter.visualizers.backend.graphite.GraphiteBackendListenerClient.run(GraphiteBackendListenerClient.java:149) [ApacheJMeter_components.jar:5.6.3]
	at java.base/java.util.concurrent.Executors$RunnableAdapter.call(Executors.java:539) [?:?]
	at java.base/java.util.concurrent.FutureTask.runAndReset(FutureTask.java:305) [?:?]
	at java.base/java.util.concurrent.ScheduledThreadPoolExecutor$ScheduledFutureTask.run(ScheduledThreadPoolExecutor.java:305) [?:?]
	at java.base/java.util.concurrent.ThreadPoolExecutor.runWorker(ThreadPoolExecutor.java:1136) [?:?]
	at java.base/java.util.concurrent.ThreadPoolExecutor$Worker.run(ThreadPoolExecutor.java:635) [?:?]
	at java.base/java.lang.Thread.run(Thread.java:842) [?:?]
2026-08-03 18:04:08,162 INFO o.a.j.t.JMeterThread: Thread started: parallel T01_LaunchOutlook_02P
2026-08-03 18:04:08,162 INFO o.a.j.t.JMeterThread: Thread started: parallel T01_LaunchOutlook_02P
2026-08-03 18:04:08,298 ERROR o.a.j.v.b.g.TextGraphiteMetricsSender: Error writing to Graphite: Connection refused: no further information
java.net.ConnectException: Connection refused: no further information
	at java.base/sun.nio.ch.Net.pollConnect(Native Method) ~[?:?]
	at java.base/sun.nio.ch.Net.pollConnectNow(Net.java:672) ~[?:?]
	at java.base/sun.nio.ch.NioSocketImpl.timedFinishConnect(NioSocketImpl.java:547) ~[?:?]
	at java.base/sun.nio.ch.NioSocketImpl.connect(NioSocketImpl.java:602) ~[?:?]
	at java.base/java.net.SocksSocketImpl.connect(SocksSocketImpl.java:327) ~[?:?]
	at java.base/java.net.Socket.connect(Socket.java:633) ~[?:?]
	at org.apache.jmeter.visualizers.backend.graphite.SocketOutputStreamPoolFactory.create(SocketOutputStreamPoolFactory.java:76) ~[ApacheJMeter_components.jar:5.6.3]
	at org.apache.jmeter.visualizers.backend.graphite.SocketOutputStreamPoolFactory.makeObject(SocketOutputStreamPoolFactory.java:47) ~[ApacheJMeter_components.jar:5.6.3]
	at org.apache.jmeter.visualizers.backend.graphite.SocketOutputStreamPoolFactory.makeObject(SocketOutputStreamPoolFactory.java:33) ~[ApacheJMeter_components.jar:5.6.3]
	at org.apache.commons.pool2.impl.GenericKeyedObjectPool.create(GenericKeyedObjectPool.java:796) ~[commons-pool2-2.12.0.jar:2.12.0]
	at org.apache.commons.pool2.impl.GenericKeyedObjectPool.borrowObject(GenericKeyedObjectPool.java:444) ~[commons-pool2-2.12.0.jar:2.12.0]
	at org.apache.commons.pool2.impl.GenericKeyedObjectPool.borrowObject(GenericKeyedObjectPool.java:355) ~[commons-pool2-2.12.0.jar:2.12.0]
	at org.apache.jmeter.visualizers.backend.graphite.TextGraphiteMetricsSender.writeMetrics(TextGraphiteMetricsSender.java:110) [ApacheJMeter_components.jar:5.6.3]
	at org.apache.jmeter.visualizers.backend.graphite.TextGraphiteMetricsSender.writeAndSendMetrics(TextGraphiteMetricsSender.java:104) [ApacheJMeter_components.jar:5.6.3]
	at org.apache.jmeter.visualizers.backend.graphite.GraphiteBackendListenerClient.sendMetrics(GraphiteBackendListenerClient.java:186) [ApacheJMeter_components.jar:5.6.3]
	at org.apache.jmeter.visualizers.backend.graphite.GraphiteBackendListenerClient.run(GraphiteBackendListenerClient.java:149) [ApacheJMeter_components.jar:5.6.3]
	at java.base/java.util.concurrent.Executors$RunnableAdapter.call(Executors.java:539) [?:?]
	at java.base/java.util.concurrent.FutureTask.runAndReset(FutureTask.java:305) [?:?]
	at java.base/java.util.concurrent.ScheduledThreadPoolExecutor$ScheduledFutureTask.run(ScheduledThreadPoolExecutor.java:305) [?:?]
	at java.base/java.util.concurrent.ThreadPoolExecutor.runWorker(ThreadPoolExecutor.java:1136) [?:?]
	at java.base/java.util.concurrent.ThreadPoolExecutor$Worker.run(ThreadPoolExecutor.java:635) [?:?]
	at java.base/java.lang.Thread.run(Thread.java:842) [?:?]
2026-08-03 18:04:08,334 INFO o.a.j.t.JMeterThread: Thread is done: org.apache.jmeter.threads.JMeterThread@6710ebeb - T01_LaunchOutlook_02P - LaunchOutllok/shared/1.0/content/images/microsoft_logo_564db913a7fa0ca42727161c6d031bef.svg-59
2026-08-03 18:04:08,334 INFO o.a.j.t.JMeterThread: Thread finished: org.apache.jmeter.threads.JMeterThread@6710ebeb - T01_LaunchOutlook_02P - LaunchOutllok/shared/1.0/content/images/microsoft_logo_564db913a7fa0ca42727161c6d031bef.svg-59
2026-08-03 18:04:08,334 INFO o.a.j.t.JMeterThread: Thread is done: org.apache.jmeter.threads.JMeterThread@6710ebeb - T01_LaunchOutlook_02P - LaunchOutllok/shared/1.0/content/images/backgrounds/4_eae2dd7eb3a55636dc2d74f4fa4c386e.svg-58
2026-08-03 18:04:08,334 INFO o.a.j.t.JMeterThread: Thread finished: org.apache.jmeter.threads.JMeterThread@6710ebeb - T01_LaunchOutlook_02P - LaunchOutllok/shared/1.0/content/images/backgrounds/4_eae2dd7eb3a55636dc2d74f4fa4c386e.svg-58
2026-08-03 18:04:09,285 ERROR o.a.j.v.b.g.TextGraphiteMetricsSender: Error writing to Graphite: Connection refused: no further information
java.net.ConnectException: Connection refused: no further information
	at java.base/sun.nio.ch.Net.pollConnect(Native Method) ~[?:?]
	at java.base/sun.nio.ch.Net.pollConnectNow(Net.java:672) ~[?:?]
	at java.base/sun.nio.ch.NioSocketImpl.timedFinishConnect(NioSocketImpl.java:547) ~[?:?]
	at java.base/sun.nio.ch.NioSocketImpl.connect(NioSocketImpl.java:602) ~[?:?]
	at java.base/java.net.SocksSocketImpl.connect(SocksSocketImpl.java:327) ~[?:?]
	at java.base/java.net.Socket.connect(Socket.java:633) ~[?:?]
	at org.apache.jmeter.visualizers.backend.graphite.SocketOutputStreamPoolFactory.create(SocketOutputStreamPoolFactory.java:76) ~[ApacheJMeter_components.jar:5.6.3]
	at org.apache.jmeter.visualizers.backend.graphite.SocketOutputStreamPoolFactory.makeObject(SocketOutputStreamPoolFactory.java:47) ~[ApacheJMeter_components.jar:5.6.3]
	at org.apache.jmeter.visualizers.backend.graphite.SocketOutputStreamPoolFactory.makeObject(SocketOutputStreamPoolFactory.java:33) ~[ApacheJMeter_components.jar:5.6.3]
	at org.apache.commons.pool2.impl.GenericKeyedObjectPool.create(GenericKeyedObjectPool.java:796) ~[commons-pool2-2.12.0.jar:2.12.0]
	at org.apache.commons.pool2.impl.GenericKeyedObjectPool.borrowObject(GenericKeyedObjectPool.java:444) ~[commons-pool2-2.12.0.jar:2.12.0]
	at org.apache.commons.pool2.impl.GenericKeyedObjectPool.borrowObject(GenericKeyedObjectPool.java:355) ~[commons-pool2-2.12.0.jar:2.12.0]
	at org.apache.jmeter.visualizers.backend.graphite.TextGraphiteMetricsSender.writeMetrics(TextGraphiteMetricsSender.java:110) [ApacheJMeter_components.jar:5.6.3]
	at org.apache.jmeter.visualizers.backend.graphite.TextGraphiteMetricsSender.writeAndSendMetrics(TextGraphiteMetricsSender.java:104) [ApacheJMeter_components.jar:5.6.3]
	at org.apache.jmeter.visualizers.backend.graphite.GraphiteBackendListenerClient.sendMetrics(GraphiteBackendListenerClient.java:186) [ApacheJMeter_components.jar:5.6.3]
	at org.apache.jmeter.visualizers.backend.graphite.GraphiteBackendListenerClient.run(GraphiteBackendListenerClient.java:149) [ApacheJMeter_components.jar:5.6.3]
	at java.base/java.util.concurrent.Executors$RunnableAdapter.call(Executors.java:539) [?:?]
	at java.base/java.util.concurrent.FutureTask.runAndReset(FutureTask.java:305) [?:?]
	at java.base/java.util.concurrent.ScheduledThreadPoolExecutor$ScheduledFutureTask.run(ScheduledThreadPoolExecutor.java:305) [?:?]
	at java.base/java.util.concurrent.ThreadPoolExecutor.runWorker(ThreadPoolExecutor.java:1136) [?:?]
	at java.base/java.util.concurrent.ThreadPoolExecutor$Worker.run(ThreadPoolExecutor.java:635) [?:?]
	at java.base/java.lang.Thread.run(Thread.java:842) [?:?]
2026-08-03 18:04:10,036 INFO o.a.j.t.JMeterThread: Thread started: Email_filing_In_Suggested_Location 1-3
2026-08-03 18:04:10,036 INFO c.b.j.c.ParallelSampler: Starting up to 6 threads
2026-08-03 18:04:10,036 INFO c.b.j.c.ParallelSampler: Starting up to 6 threads
2026-08-03 18:04:10,036 INFO c.b.j.c.ParallelSampler: Starting up to 6 threads
2026-08-03 18:04:10,036 INFO c.b.j.c.ParallelSampler: Starting up to 6 threads
2026-08-03 18:04:10,036 INFO c.b.j.c.ParallelSampler: Starting up to 6 threads
2026-08-03 18:04:10,036 INFO c.b.j.c.ParallelSampler: Starting up to 6 threads
2026-08-03 18:04:10,036 INFO c.b.j.c.ParallelSampler: Starting up to 6 threads
2026-08-03 18:04:10,039 INFO c.b.j.c.ParallelSampler: Starting up to 6 threads
2026-08-03 18:04:10,039 INFO c.b.j.c.ParallelSampler: Starting up to 6 threads
2026-08-03 18:04:10,039 INFO c.b.j.c.ParallelSampler: Starting up to 6 threads
2026-08-03 18:04:10,039 INFO c.b.j.c.ParallelSampler: Starting up to 6 threads
2026-08-03 18:04:10,039 INFO c.b.j.c.ParallelSampler: Starting up to 6 threads
2026-08-03 18:04:10,039 INFO c.b.j.c.ParallelSampler: Starting up to 6 threads
2026-08-03 18:04:10,039 INFO c.b.j.c.ParallelSampler: Starting up to 6 threads
2026-08-03 18:04:10,039 INFO c.b.j.c.ParallelSampler: Starting up to 6 threads
2026-08-03 18:04:10,039 INFO c.b.j.c.ParallelSampler: Starting up to 6 threads
2026-08-03 18:04:10,039 INFO c.b.j.c.ParallelSampler: Starting up to 6 threads
2026-08-03 18:04:10,039 INFO c.b.j.c.ParallelSampler: Starting up to 6 threads
2026-08-03 18:04:10,039 INFO c.b.j.c.ParallelSampler: Starting up to 6 threads
2026-08-03 18:04:10,039 INFO c.b.j.c.ParallelSampler: Starting up to 6 threads
2026-08-03 18:04:10,039 INFO c.b.j.c.ParallelSampler: Starting up to 6 threads
2026-08-03 18:04:10,039 INFO c.b.j.c.ParallelSampler: Starting up to 6 threads
2026-08-03 18:04:10,039 INFO c.b.j.c.ParallelSampler: Starting up to 6 threads
2026-08-03 18:04:10,039 INFO c.b.j.c.ParallelSampler: Starting up to 6 threads
2026-08-03 18:04:10,041 INFO c.b.j.c.ParallelSampler: Starting up to 6 threads
2026-08-03 18:04:10,041 INFO c.b.j.c.ParallelSampler: Starting up to 6 threads
2026-08-03 18:04:10,041 INFO c.b.j.c.ParallelSampler: Starting up to 6 threads
2026-08-03 18:04:10,041 INFO c.b.j.c.ParallelSampler: Starting up to 6 threads
2026-08-03 18:04:10,041 INFO c.b.j.c.ParallelSampler: Starting up to 6 threads
2026-08-03 18:04:10,041 INFO c.b.j.c.ParallelSampler: Starting up to 6 threads
2026-08-03 18:04:10,041 INFO c.b.j.c.ParallelSampler: Starting up to 6 threads
2026-08-03 18:04:10,041 INFO c.b.j.c.ParallelSampler: Starting up to 6 threads
2026-08-03 18:04:10,282 ERROR o.a.j.v.b.g.TextGraphiteMetricsSender: Error writing to Graphite: Connection refused: no further information
java.net.ConnectException: Connection refused: no further information
	at java.base/sun.nio.ch.Net.pollConnect(Native Method) ~[?:?]
	at java.base/sun.nio.ch.Net.pollConnectNow(Net.java:672) ~[?:?]
	at java.base/sun.nio.ch.NioSocketImpl.timedFinishConnect(NioSocketImpl.java:547) ~[?:?]
	at java.base/sun.nio.ch.NioSocketImpl.connect(NioSocketImpl.java:602) ~[?:?]
	at java.base/java.net.SocksSocketImpl.connect(SocksSocketImpl.java:327) ~[?:?]
	at java.base/java.net.Socket.connect(Socket.java:633) ~[?:?]
	at org.apache.jmeter.visualizers.backend.graphite.SocketOutputStreamPoolFactory.create(SocketOutputStreamPoolFactory.java:76) ~[ApacheJMeter_components.jar:5.6.3]
	at org.apache.jmeter.visualizers.backend.graphite.SocketOutputStreamPoolFactory.makeObject(SocketOutputStreamPoolFactory.java:47) ~[ApacheJMeter_components.jar:5.6.3]
	at org.apache.jmeter.visualizers.backend.graphite.SocketOutputStreamPoolFactory.makeObject(SocketOutputStreamPoolFactory.java:33) ~[ApacheJMeter_components.jar:5.6.3]
	at org.apache.commons.pool2.impl.GenericKeyedObjectPool.create(GenericKeyedObjectPool.java:796) ~[commons-pool2-2.12.0.jar:2.12.0]
	at org.apache.commons.pool2.impl.GenericKeyedObjectPool.borrowObject(GenericKeyedObjectPool.java:444) ~[commons-pool2-2.12.0.jar:2.12.0]
	at org.apache.commons.pool2.impl.GenericKeyedObjectPool.borrowObject(GenericKeyedObjectPool.java:355) ~[commons-pool2-2.12.0.jar:2.12.0]
	at org.apache.jmeter.visualizers.backend.graphite.TextGraphiteMetricsSender.writeMetrics(TextGraphiteMetricsSender.java:110) [ApacheJMeter_components.jar:5.6.3]
	at org.apache.jmeter.visualizers.backend.graphite.TextGraphiteMetricsSender.writeAndSendMetrics(TextGraphiteMetricsSender.java:104) [ApacheJMeter_components.jar:5.6.3]
	at org.apache.jmeter.visualizers.backend.graphite.GraphiteBackendListenerClient.sendMetrics(GraphiteBackendListenerClient.java:186) [ApacheJMeter_components.jar:5.6.3]
	at org.apache.jmeter.visualizers.backend.graphite.GraphiteBackendListenerClient.run(GraphiteBackendListenerClient.java:149) [ApacheJMeter_components.jar:5.6.3]
	at java.base/java.util.concurrent.Executors$RunnableAdapter.call(Executors.java:539) [?:?]
	at java.base/java.util.concurrent.FutureTask.runAndReset(FutureTask.java:305) [?:?]
	at java.base/java.util.concurrent.ScheduledThreadPoolExecutor$ScheduledFutureTask.run(ScheduledThreadPoolExecutor.java:305) [?:?]
	at java.base/java.util.concurrent.ThreadPoolExecutor.runWorker(ThreadPoolExecutor.java:1136) [?:?]
	at java.base/java.util.concurrent.ThreadPoolExecutor$Worker.run(ThreadPoolExecutor.java:635) [?:?]
	at java.base/java.lang.Thread.run(Thread.java:842) [?:?]
2026-08-03 18:04:11,074 INFO o.a.j.r.Summariser: summary +     30 in 00:00:06 =    5.0/s Avg:   255 Min:    47 Max:   923 Err:     0 (0.00%) Active: 3 Started: 11 Finished: 8
2026-08-03 18:04:11,074 INFO o.a.j.r.Summariser: summary =     31 in 00:00:08 =    4.0/s Avg:   267 Min:    47 Max:   923 Err:     0 (0.00%)
2026-08-03 18:04:11,283 ERROR o.a.j.v.b.g.TextGraphiteMetricsSender: Error writing to Graphite: Connection refused: no further information
java.net.ConnectException: Connection refused: no further information
	at java.base/sun.nio.ch.Net.pollConnect(Native Method) ~[?:?]
	at java.base/sun.nio.ch.Net.pollConnectNow(Net.java:672) ~[?:?]
	at java.base/sun.nio.ch.NioSocketImpl.timedFinishConnect(NioSocketImpl.java:547) ~[?:?]
	at java.base/sun.nio.ch.NioSocketImpl.connect(NioSocketImpl.java:602) ~[?:?]
	at java.base/java.net.SocksSocketImpl.connect(SocksSocketImpl.java:327) ~[?:?]
	at java.base/java.net.Socket.connect(Socket.java:633) ~[?:?]
	at org.apache.jmeter.visualizers.backend.graphite.SocketOutputStreamPoolFactory.create(SocketOutputStreamPoolFactory.java:76) ~[ApacheJMeter_components.jar:5.6.3]
	at org.apache.jmeter.visualizers.backend.graphite.SocketOutputStreamPoolFactory.makeObject(SocketOutputStreamPoolFactory.java:47) ~[ApacheJMeter_components.jar:5.6.3]
	at org.apache.jmeter.visualizers.backend.graphite.SocketOutputStreamPoolFactory.makeObject(SocketOutputStreamPoolFactory.java:33) ~[ApacheJMeter_components.jar:5.6.3]
	at org.apache.commons.pool2.impl.GenericKeyedObjectPool.create(GenericKeyedObjectPool.java:796) ~[commons-pool2-2.12.0.jar:2.12.0]
	at org.apache.commons.pool2.impl.GenericKeyedObjectPool.borrowObject(GenericKeyedObjectPool.java:444) ~[commons-pool2-2.12.0.jar:2.12.0]
	at org.apache.commons.pool2.impl.GenericKeyedObjectPool.borrowObject(GenericKeyedObjectPool.java:355) ~[commons-pool2-2.12.0.jar:2.12.0]
	at org.apache.jmeter.visualizers.backend.graphite.TextGraphiteMetricsSender.writeMetrics(TextGraphiteMetricsSender.java:110) [ApacheJMeter_components.jar:5.6.3]
	at org.apache.jmeter.visualizers.backend.graphite.TextGraphiteMetricsSender.writeAndSendMetrics(TextGraphiteMetricsSender.java:104) [ApacheJMeter_components.jar:5.6.3]
	at org.apache.jmeter.visualizers.backend.graphite.GraphiteBackendListenerClient.sendMetrics(GraphiteBackendListenerClient.java:186) [ApacheJMeter_components.jar:5.6.3]
	at org.apache.jmeter.visualizers.backend.graphite.GraphiteBackendListenerClient.run(GraphiteBackendListenerClient.java:149) [ApacheJMeter_components.jar:5.6.3]
	at java.base/java.util.concurrent.Executors$RunnableAdapter.call(Executors.java:539) [?:?]
	at java.base/java.util.concurrent.FutureTask.runAndReset(FutureTask.java:305) [?:?]
	at java.base/java.util.concurrent.ScheduledThreadPoolExecutor$ScheduledFutureTask.run(ScheduledThreadPoolExecutor.java:305) [?:?]
	at java.base/java.util.concurrent.ThreadPoolExecutor.runWorker(ThreadPoolExecutor.java:1136) [?:?]
	at java.base/java.util.concurrent.ThreadPoolExecutor$Worker.run(ThreadPoolExecutor.java:635) [?:?]
	at java.base/java.lang.Thread.run(Thread.java:842) [?:?]
2026-08-03 18:04:11,532 INFO o.a.j.t.JMeterThread: Thread started: parallel T01_LaunchOutlook_02P
2026-08-03 18:04:11,532 INFO o.a.j.t.JMeterThread: Thread started: parallel T01_LaunchOutlook_02P
2026-08-03 18:04:11,699 INFO o.a.j.t.JMeterThread: Thread is done: org.apache.jmeter.threads.JMeterThread@6d66b008 - T01_LaunchOutlook_02P - LaunchOutllok/shared/1.0/content/images/microsoft_logo_564db913a7fa0ca42727161c6d031bef.svg-59
2026-08-03 18:04:11,699 INFO o.a.j.t.JMeterThread: Thread finished: org.apache.jmeter.threads.JMeterThread@6d66b008 - T01_LaunchOutlook_02P - LaunchOutllok/shared/1.0/content/images/microsoft_logo_564db913a7fa0ca42727161c6d031bef.svg-59
2026-08-03 18:04:11,713 INFO o.a.j.t.JMeterThread: Thread is done: org.apache.jmeter.threads.JMeterThread@6d66b008 - T01_LaunchOutlook_02P - LaunchOutllok/shared/1.0/content/images/backgrounds/4_eae2dd7eb3a55636dc2d74f4fa4c386e.svg-58
2026-08-03 18:04:11,713 INFO o.a.j.t.JMeterThread: Thread finished: org.apache.jmeter.threads.JMeterThread@6d66b008 - T01_LaunchOutlook_02P - LaunchOutllok/shared/1.0/content/images/backgrounds/4_eae2dd7eb3a55636dc2d74f4fa4c386e.svg-58
2026-08-03 18:04:11,908 INFO o.a.j.t.JMeterThread: Thread started: parallel T03_SigninOutllok_02P
2026-08-03 18:04:11,908 INFO o.a.j.t.JMeterThread: Thread started: parallel T03_SigninOutllok_02P
2026-08-03 18:04:11,912 INFO o.a.j.t.JMeterThread: Thread started: parallel T03_SigninOutllok_02P
2026-08-03 18:04:11,913 INFO o.a.j.t.JMeterThread: Thread started: parallel T03_SigninOutllok_02P
2026-08-03 18:04:12,232 INFO o.a.j.t.JMeterThread: Thread is done: org.apache.jmeter.threads.JMeterThread@6f733945 - T03_SigninOutllok_02P - validate password /owa/published/service.svc?action=GetTimeZoneOffsets&app=Mail&n=3-120
2026-08-03 18:04:12,232 INFO o.a.j.t.JMeterThread: Thread finished: org.apache.jmeter.threads.JMeterThread@6f733945 - T03_SigninOutllok_02P - validate password /owa/published/service.svc?action=GetTimeZoneOffsets&app=Mail&n=3-120
2026-08-03 18:04:12,265 INFO o.a.j.t.JMeterThread: Thread is done: org.apache.jmeter.threads.JMeterThread@6f733945 - T03_SigninOutllok_02P - validate password /owa/service.svc?action=GetTimeZone&app=Mail&n=4-123
2026-08-03 18:04:12,265 INFO o.a.j.t.JMeterThread: Thread finished: org.apache.jmeter.threads.JMeterThread@6f733945 - T03_SigninOutllok_02P - validate password /owa/service.svc?action=GetTimeZone&app=Mail&n=4-123
2026-08-03 18:04:12,280 INFO o.a.j.t.JMeterThread: Thread is done: org.apache.jmeter.threads.JMeterThread@6f733945 - T03_SigninOutllok_02P - validate password /owa/service.svc?action=GetFolderChangeDigest&app=Mail&n=2-119
2026-08-03 18:04:12,280 INFO o.a.j.t.JMeterThread: Thread finished: org.apache.jmeter.threads.JMeterThread@6f733945 - T03_SigninOutllok_02P - validate password /owa/service.svc?action=GetFolderChangeDigest&app=Mail&n=2-119
2026-08-03 18:04:12,296 ERROR o.a.j.v.b.g.TextGraphiteMetricsSender: Error writing to Graphite: Connection refused: no further information
java.net.ConnectException: Connection refused: no further information
	at java.base/sun.nio.ch.Net.pollConnect(Native Method) ~[?:?]
	at java.base/sun.nio.ch.Net.pollConnectNow(Net.java:672) ~[?:?]
	at java.base/sun.nio.ch.NioSocketImpl.timedFinishConnect(NioSocketImpl.java:547) ~[?:?]
	at java.base/sun.nio.ch.NioSocketImpl.connect(NioSocketImpl.java:602) ~[?:?]
	at java.base/java.net.SocksSocketImpl.connect(SocksSocketImpl.java:327) ~[?:?]
	at java.base/java.net.Socket.connect(Socket.java:633) ~[?:?]
	at org.apache.jmeter.visualizers.backend.graphite.SocketOutputStreamPoolFactory.create(SocketOutputStreamPoolFactory.java:76) ~[ApacheJMeter_components.jar:5.6.3]
	at org.apache.jmeter.visualizers.backend.graphite.SocketOutputStreamPoolFactory.makeObject(SocketOutputStreamPoolFactory.java:47) ~[ApacheJMeter_components.jar:5.6.3]
	at org.apache.jmeter.visualizers.backend.graphite.SocketOutputStreamPoolFactory.makeObject(SocketOutputStreamPoolFactory.java:33) ~[ApacheJMeter_components.jar:5.6.3]
	at org.apache.commons.pool2.impl.GenericKeyedObjectPool.create(GenericKeyedObjectPool.java:796) ~[commons-pool2-2.12.0.jar:2.12.0]
	at org.apache.commons.pool2.impl.GenericKeyedObjectPool.borrowObject(GenericKeyedObjectPool.java:444) ~[commons-pool2-2.12.0.jar:2.12.0]
	at org.apache.commons.pool2.impl.GenericKeyedObjectPool.borrowObject(GenericKeyedObjectPool.java:355) ~[commons-pool2-2.12.0.jar:2.12.0]
	at org.apache.jmeter.visualizers.backend.graphite.TextGraphiteMetricsSender.writeMetrics(TextGraphiteMetricsSender.java:110) [ApacheJMeter_components.jar:5.6.3]
	at org.apache.jmeter.visualizers.backend.graphite.TextGraphiteMetricsSender.writeAndSendMetrics(TextGraphiteMetricsSender.java:104) [ApacheJMeter_components.jar:5.6.3]
	at org.apache.jmeter.visualizers.backend.graphite.GraphiteBackendListenerClient.sendMetrics(GraphiteBackendListenerClient.java:186) [ApacheJMeter_components.jar:5.6.3]
	at org.apache.jmeter.visualizers.backend.graphite.GraphiteBackendListenerClient.run(GraphiteBackendListenerClient.java:149) [ApacheJMeter_components.jar:5.6.3]
	at java.base/java.util.concurrent.Executors$RunnableAdapter.call(Executors.java:539) [?:?]
	at java.base/java.util.concurrent.FutureTask.runAndReset(FutureTask.java:305) [?:?]
	at java.base/java.util.concurrent.ScheduledThreadPoolExecutor$ScheduledFutureTask.run(ScheduledThreadPoolExecutor.java:305) [?:?]
	at java.base/java.util.concurrent.ThreadPoolExecutor.runWorker(ThreadPoolExecutor.java:1136) [?:?]
	at java.base/java.util.concurrent.ThreadPoolExecutor$Worker.run(ThreadPoolExecutor.java:635) [?:?]
	at java.base/java.lang.Thread.run(Thread.java:842) [?:?]
2026-08-03 18:04:12,449 INFO o.a.j.t.JMeterThread: Thread is done: org.apache.jmeter.threads.JMeterThread@6f733945 - T03_SigninOutllok_02P - validate password /owa/service.svc?action=GetFolderChangeDigest&app=Mail&n=1-121
2026-08-03 18:04:12,449 INFO o.a.j.t.JMeterThread: Thread finished: org.apache.jmeter.threads.JMeterThread@6f733945 - T03_SigninOutllok_02P - validate password /owa/service.svc?action=GetFolderChangeDigest&app=Mail&n=1-121
2026-08-03 18:04:12,796 INFO o.a.j.t.JMeterThread: Thread started: parallel T03_SigninOutllok_04P
2026-08-03 18:04:12,796 INFO o.a.j.t.JMeterThread: Thread started: parallel T03_SigninOutllok_04P
2026-08-03 18:04:12,802 INFO o.a.j.t.JMeterThread: Thread started: parallel T03_SigninOutllok_04P
2026-08-03 18:04:12,802 INFO o.a.j.t.JMeterThread: Thread started: parallel T03_SigninOutllok_04P
2026-08-03 18:04:12,796 INFO o.a.j.t.JMeterThread: Thread started: parallel T03_SigninOutllok_04P
2026-08-03 18:04:12,802 INFO o.a.j.t.JMeterThread: Thread started: parallel T03_SigninOutllok_04P
2026-08-03 18:04:12,882 INFO o.a.j.t.JMeterThread: Thread started: parallel T03_SigninOutllok_02P
2026-08-03 18:04:12,882 INFO o.a.j.t.JMeterThread: Thread started: parallel T03_SigninOutllok_02P
2026-08-03 18:04:12,882 INFO o.a.j.t.JMeterThread: Thread started: parallel T03_SigninOutllok_02P
2026-08-03 18:04:12,882 INFO o.a.j.t.JMeterThread: Thread started: parallel T03_SigninOutllok_02P
2026-08-03 18:04:12,908 INFO o.a.j.t.JMeterThread: Thread is done: org.apache.jmeter.threads.JMeterThread@6f733945 - T03_SigninOutllok_04P - validate password /owamail/hashed-v1/resources/images/Mail_22px-hash-ef494f7f.m.svg-145
2026-08-03 18:04:12,908 INFO o.a.j.t.JMeterThread: Thread finished: org.apache.jmeter.threads.JMeterThread@6f733945 - T03_SigninOutllok_04P - validate password /owamail/hashed-v1/resources/images/Mail_22px-hash-ef494f7f.m.svg-145
2026-08-03 18:04:12,908 INFO o.a.j.t.JMeterThread: Thread started: parallel T03_SigninOutllok_04P
2026-08-03 18:04:12,913 INFO o.a.j.t.JMeterThread: Thread is done: org.apache.jmeter.threads.JMeterThread@6f733945 - T03_SigninOutllok_04P - validate password /owamail/hashed-v1/resources/fonts/light-icons-hash-21e1c146.m.woff2-139
2026-08-03 18:04:12,913 INFO o.a.j.t.JMeterThread: Thread finished: org.apache.jmeter.threads.JMeterThread@6f733945 - T03_SigninOutllok_04P - validate password /owamail/hashed-v1/resources/fonts/light-icons-hash-21e1c146.m.woff2-139
2026-08-03 18:04:12,913 INFO o.a.j.t.JMeterThread: Thread is done: org.apache.jmeter.threads.JMeterThread@6f733945 - T03_SigninOutllok_04P - validate password /owamail/hashed-v1/resources/images/Calendar_22px-hash-4b5e2360.m.svg-146
2026-08-03 18:04:12,913 INFO o.a.j.t.JMeterThread: Thread finished: org.apache.jmeter.threads.JMeterThread@6f733945 - T03_SigninOutllok_04P - validate password /owamail/hashed-v1/resources/images/Calendar_22px-hash-4b5e2360.m.svg-146
2026-08-03 18:04:12,915 INFO o.a.j.t.JMeterThread: Thread started: parallel T03_SigninOutllok_04P
2026-08-03 18:04:12,915 INFO o.a.j.t.JMeterThread: Thread is done: org.apache.jmeter.threads.JMeterThread@6f733945 - T03_SigninOutllok_04P - validate password /owamail/hashed-v1/resources/fonts/FluentSystemIcons-Regular-hash-fe13cdba.m.woff2-140
2026-08-03 18:04:12,915 INFO o.a.j.t.JMeterThread: Thread finished: org.apache.jmeter.threads.JMeterThread@6f733945 - T03_SigninOutllok_04P - validate password /owamail/hashed-v1/resources/fonts/FluentSystemIcons-Regular-hash-fe13cdba.m.woff2-140
2026-08-03 18:04:12,915 INFO o.a.j.t.JMeterThread: Thread is done: org.apache.jmeter.threads.JMeterThread@6f733945 - T03_SigninOutllok_04P - validate password /assets/mail/illustrations/noMailSelected/v2/light.svg-142
2026-08-03 18:04:12,915 INFO o.a.j.t.JMeterThread: Thread finished: org.apache.jmeter.threads.JMeterThread@6f733945 - T03_SigninOutllok_04P - validate password /assets/mail/illustrations/noMailSelected/v2/light.svg-142
2026-08-03 18:04:12,999 INFO o.a.j.t.JMeterThread: Thread is done: org.apache.jmeter.threads.JMeterThread@6f733945 - T03_SigninOutllok_04P - validate password /owamail/hashed-v1/resources/images/People_22px-hash-6b8f0c5c.m.svg-150
2026-08-03 18:04:12,999 INFO o.a.j.t.JMeterThread: Thread is done: org.apache.jmeter.threads.JMeterThread@6f733945 - T03_SigninOutllok_04P - validate password /owamail/hashed-v1/resources/images/Newsletters_22px-hash-9cfbd5b7.m.svg-151
2026-08-03 18:04:12,999 INFO o.a.j.t.JMeterThread: Thread finished: org.apache.jmeter.threads.JMeterThread@6f733945 - T03_SigninOutllok_04P - validate password /owamail/hashed-v1/resources/images/People_22px-hash-6b8f0c5c.m.svg-150
2026-08-03 18:04:12,999 INFO o.a.j.t.JMeterThread: Thread finished: org.apache.jmeter.threads.JMeterThread@6f733945 - T03_SigninOutllok_04P - validate password /owamail/hashed-v1/resources/images/Newsletters_22px-hash-9cfbd5b7.m.svg-151
2026-08-03 18:04:13,193 INFO o.a.j.t.JMeterThread: Thread is done: org.apache.jmeter.threads.JMeterThread@6710ebeb - T03_SigninOutllok_02P - validate password /owa/published/service.svc?action=GetTimeZoneOffsets&app=Mail&n=3-120
2026-08-03 18:04:13,193 INFO o.a.j.t.JMeterThread: Thread finished: org.apache.jmeter.threads.JMeterThread@6710ebeb - T03_SigninOutllok_02P - validate password /owa/published/service.svc?action=GetTimeZoneOffsets&app=Mail&n=3-120
2026-08-03 18:04:13,211 ERROR o.a.j.t.JMeterThread: Error while processing sampler: 'validate password /owa/service.svc?action=GetFolderChangeDigest&app=Mail&n=2-119'.
java.util.ConcurrentModificationException: null
	at java.base/java.util.ArrayList.checkForComodification(ArrayList.java:573) ~[?:?]
	at java.base/java.util.ArrayList.hashCode(ArrayList.java:583) ~[?:?]
	at org.apache.jmeter.testelement.property.CollectionProperty.hashCode(CollectionProperty.java:56) ~[ApacheJMeter_core.jar:5.6.3]
	at java.base/java.util.Objects.hashCode(Objects.java:103) ~[?:?]
	at java.base/java.util.HashMap$Node.hashCode(HashMap.java:299) ~[?:?]
	at java.base/java.util.AbstractMap.hashCode(AbstractMap.java:526) ~[?:?]
	at java.base/java.util.Collections$SynchronizedMap.hashCode(Collections.java:2722) ~[?:?]
	at org.apache.jmeter.testelement.AbstractTestElement.hashCode(AbstractTestElement.java:253) ~[ApacheJMeter_core.jar:5.6.3]
	at org.apache.jmeter.testelement.property.TestElementProperty.hashCode(TestElementProperty.java:59) ~[ApacheJMeter_core.jar:5.6.3]
	at java.base/java.util.HashMap.hash(HashMap.java:338) ~[?:?]
	at java.base/java.util.HashMap.getNode(HashMap.java:568) ~[?:?]
	at java.base/java.util.HashMap.containsKey(HashMap.java:594) ~[?:?]
	at java.base/java.util.HashSet.contains(HashSet.java:205) ~[?:?]
	at java.base/java.util.Collections$SynchronizedCollection.contains(Collections.java:2087) ~[?:?]
	at org.apache.jmeter.testelement.AbstractTestElement.isTemporary(AbstractTestElement.java:708) ~[ApacheJMeter_core.jar:5.6.3]
	at org.apache.jmeter.testelement.AbstractTestElement.recoverRunningVersion(AbstractTestElement.java:680) ~[ApacheJMeter_core.jar:5.6.3]
	at org.apache.jmeter.threads.SamplePackage.recoverRunningVersion(SamplePackage.java:126) ~[ApacheJMeter_core.jar:5.6.3]
	at org.apache.jmeter.threads.TestCompiler.done(TestCompiler.java:122) ~[ApacheJMeter_core.jar:5.6.3]
	at org.apache.jmeter.threads.JMeterThread.executeSamplePackage(JMeterThread.java:593) ~[ApacheJMeter_core.jar:5.6.3]
	at org.apache.jmeter.threads.JMeterThread.processSampler(JMeterThread.java:501) [ApacheJMeter_core.jar:5.6.3]
	at org.apache.jmeter.threads.JMeterThread.run(JMeterThread.java:268) [ApacheJMeter_core.jar:5.6.3]
	at com.blazemeter.jmeter.controller.JMeterThreadParallel.run(JMeterThreadParallel.java:78) [jmeter-parallel-0.12.jar:?]
	at java.base/java.util.concurrent.Executors$RunnableAdapter.call(Executors.java:539) [?:?]
	at java.base/java.util.concurrent.FutureTask.run(FutureTask.java:264) [?:?]
	at java.base/java.util.concurrent.ThreadPoolExecutor.runWorker(ThreadPoolExecutor.java:1136) [?:?]
	at java.base/java.util.concurrent.ThreadPoolExecutor$Worker.run(ThreadPoolExecutor.java:635) [?:?]
	at java.base/java.lang.Thread.run(Thread.java:842) [?:?]
2026-08-03 18:04:13,211 INFO o.a.j.t.JMeterThread: Thread is done: org.apache.jmeter.threads.JMeterThread@6710ebeb - T03_SigninOutllok_02P - validate password /owa/service.svc?action=GetFolderChangeDigest&app=Mail&n=2-119
2026-08-03 18:04:13,211 INFO o.a.j.t.JMeterThread: Thread is done: org.apache.jmeter.threads.JMeterThread@6710ebeb - T03_SigninOutllok_02P - validate password /owa/service.svc?action=GetFolderChangeDigest&app=Mail&n=1-121
2026-08-03 18:04:13,211 INFO o.a.j.t.JMeterThread: Thread finished: org.apache.jmeter.threads.JMeterThread@6710ebeb - T03_SigninOutllok_02P - validate password /owa/service.svc?action=GetFolderChangeDigest&app=Mail&n=2-119
2026-08-03 18:04:13,212 INFO o.a.j.t.JMeterThread: Thread finished: org.apache.jmeter.threads.JMeterThread@6710ebeb - T03_SigninOutllok_02P - validate password /owa/service.svc?action=GetFolderChangeDigest&app=Mail&n=1-121
2026-08-03 18:04:13,233 INFO o.a.j.t.JMeterThread: Thread is done: org.apache.jmeter.threads.JMeterThread@6710ebeb - T03_SigninOutllok_02P - validate password /owa/service.svc?action=GetTimeZone&app=Mail&n=4-123
2026-08-03 18:04:13,233 INFO o.a.j.t.JMeterThread: Thread finished: org.apache.jmeter.threads.JMeterThread@6710ebeb - T03_SigninOutllok_02P - validate password /owa/service.svc?action=GetTimeZone&app=Mail&n=4-123
2026-08-03 18:04:13,294 ERROR o.a.j.v.b.g.TextGraphiteMetricsSender: Error writing to Graphite: Connection refused: no further information
java.net.ConnectException: Connection refused: no further information
	at java.base/sun.nio.ch.Net.pollConnect(Native Method) ~[?:?]
	at java.base/sun.nio.ch.Net.pollConnectNow(Net.java:672) ~[?:?]
	at java.base/sun.nio.ch.NioSocketImpl.timedFinishConnect(NioSocketImpl.java:547) ~[?:?]
	at java.base/sun.nio.ch.NioSocketImpl.connect(NioSocketImpl.java:602) ~[?:?]
	at java.base/java.net.SocksSocketImpl.connect(SocksSocketImpl.java:327) ~[?:?]
	at java.base/java.net.Socket.connect(Socket.java:633) ~[?:?]
	at org.apache.jmeter.visualizers.backend.graphite.SocketOutputStreamPoolFactory.create(SocketOutputStreamPoolFactory.java:76) ~[ApacheJMeter_components.jar:5.6.3]
	at org.apache.jmeter.visualizers.backend.graphite.SocketOutputStreamPoolFactory.makeObject(SocketOutputStreamPoolFactory.java:47) ~[ApacheJMeter_components.jar:5.6.3]
	at org.apache.jmeter.visualizers.backend.graphite.SocketOutputStreamPoolFactory.makeObject(SocketOutputStreamPoolFactory.java:33) ~[ApacheJMeter_components.jar:5.6.3]
	at org.apache.commons.pool2.impl.GenericKeyedObjectPool.create(GenericKeyedObjectPool.java:796) ~[commons-pool2-2.12.0.jar:2.12.0]
	at org.apache.commons.pool2.impl.GenericKeyedObjectPool.borrowObject(GenericKeyedObjectPool.java:444) ~[commons-pool2-2.12.0.jar:2.12.0]
	at org.apache.commons.pool2.impl.GenericKeyedObjectPool.borrowObject(GenericKeyedObjectPool.java:355) ~[commons-pool2-2.12.0.jar:2.12.0]
	at org.apache.jmeter.visualizers.backend.graphite.TextGraphiteMetricsSender.writeMetrics(TextGraphiteMetricsSender.java:110) [ApacheJMeter_components.jar:5.6.3]
	at org.apache.jmeter.visualizers.backend.graphite.TextGraphiteMetricsSender.writeAndSendMetrics(TextGraphiteMetricsSender.java:104) [ApacheJMeter_components.jar:5.6.3]
	at org.apache.jmeter.visualizers.backend.graphite.GraphiteBackendListenerClient.sendMetrics(GraphiteBackendListenerClient.java:186) [ApacheJMeter_components.jar:5.6.3]
	at org.apache.jmeter.visualizers.backend.graphite.GraphiteBackendListenerClient.run(GraphiteBackendListenerClient.java:149) [ApacheJMeter_components.jar:5.6.3]
	at java.base/java.util.concurrent.Executors$RunnableAdapter.call(Executors.java:539) [?:?]
	at java.base/java.util.concurrent.FutureTask.runAndReset(FutureTask.java:305) [?:?]
	at java.base/java.util.concurrent.ScheduledThreadPoolExecutor$ScheduledFutureTask.run(ScheduledThreadPoolExecutor.java:305) [?:?]
	at java.base/java.util.concurrent.ThreadPoolExecutor.runWorker(ThreadPoolExecutor.java:1136) [?:?]
	at java.base/java.util.concurrent.ThreadPoolExecutor$Worker.run(ThreadPoolExecutor.java:635) [?:?]
	at java.base/java.lang.Thread.run(Thread.java:842) [?:?]
2026-08-03 18:04:13,617 INFO o.a.j.t.JMeterThread: Thread started: parallel T03_SigninOutllok_04P
2026-08-03 18:04:13,617 INFO o.a.j.t.JMeterThread: Thread started: parallel T03_SigninOutllok_04P
2026-08-03 18:04:13,624 INFO o.a.j.t.JMeterThread: Thread started: parallel T03_SigninOutllok_04P
2026-08-03 18:04:13,625 INFO o.a.j.t.JMeterThread: Thread started: parallel T03_SigninOutllok_04P
2026-08-03 18:04:13,626 INFO o.a.j.t.JMeterThread: Thread started: parallel T03_SigninOutllok_04P
2026-08-03 18:04:13,628 INFO o.a.j.t.JMeterThread: Thread started: parallel T03_SigninOutllok_04P
2026-08-03 18:04:13,721 INFO o.a.j.t.JMeterThread: Thread is done: org.apache.jmeter.threads.JMeterThread@6710ebeb - T03_SigninOutllok_04P - validate password /owamail/hashed-v1/resources/fonts/light-icons-hash-21e1c146.m.woff2-139
2026-08-03 18:04:13,721 INFO o.a.j.t.JMeterThread: Thread finished: org.apache.jmeter.threads.JMeterThread@6710ebeb - T03_SigninOutllok_04P - validate password /owamail/hashed-v1/resources/fonts/light-icons-hash-21e1c146.m.woff2-139
2026-08-03 18:04:13,721 INFO o.a.j.t.JMeterThread: Thread started: parallel T03_SigninOutllok_04P
2026-08-03 18:04:13,733 INFO o.a.j.t.JMeterThread: Thread is done: org.apache.jmeter.threads.JMeterThread@6710ebeb - T03_SigninOutllok_04P - validate password /owamail/hashed-v1/resources/images/Calendar_22px-hash-4b5e2360.m.svg-146
2026-08-03 18:04:13,733 INFO o.a.j.t.JMeterThread: Thread finished: org.apache.jmeter.threads.JMeterThread@6710ebeb - T03_SigninOutllok_04P - validate password /owamail/hashed-v1/resources/images/Calendar_22px-hash-4b5e2360.m.svg-146
2026-08-03 18:04:13,733 INFO o.a.j.t.JMeterThread: Thread is done: org.apache.jmeter.threads.JMeterThread@6710ebeb - T03_SigninOutllok_04P - validate password /owamail/hashed-v1/resources/images/Mail_22px-hash-ef494f7f.m.svg-145
2026-08-03 18:04:13,735 INFO o.a.j.t.JMeterThread: Thread finished: org.apache.jmeter.threads.JMeterThread@6710ebeb - T03_SigninOutllok_04P - validate password /owamail/hashed-v1/resources/images/Mail_22px-hash-ef494f7f.m.svg-145
2026-08-03 18:04:13,735 INFO o.a.j.t.JMeterThread: Thread started: parallel T03_SigninOutllok_04P
2026-08-03 18:04:13,735 INFO o.a.j.t.JMeterThread: Thread is done: org.apache.jmeter.threads.JMeterThread@6710ebeb - T03_SigninOutllok_04P - validate password /owamail/hashed-v1/resources/fonts/FluentSystemIcons-Regular-hash-fe13cdba.m.woff2-140
2026-08-03 18:04:13,735 INFO o.a.j.t.JMeterThread: Thread finished: org.apache.jmeter.threads.JMeterThread@6710ebeb - T03_SigninOutllok_04P - validate password /owamail/hashed-v1/resources/fonts/FluentSystemIcons-Regular-hash-fe13cdba.m.woff2-140
2026-08-03 18:04:13,735 INFO o.a.j.t.JMeterThread: Thread is done: org.apache.jmeter.threads.JMeterThread@6710ebeb - T03_SigninOutllok_04P - validate password /owamail/hashed-v1/resources/fonts/FluentSystemIcons-Resizable-hash-f808aee0.m.woff2-141
2026-08-03 18:04:13,737 INFO o.a.j.t.JMeterThread: Thread finished: org.apache.jmeter.threads.JMeterThread@6710ebeb - T03_SigninOutllok_04P - validate password /owamail/hashed-v1/resources/fonts/FluentSystemIcons-Resizable-hash-f808aee0.m.woff2-141
2026-08-03 18:04:13,737 INFO o.a.j.t.JMeterThread: Thread is done: org.apache.jmeter.threads.JMeterThread@6710ebeb - T03_SigninOutllok_04P - validate password /assets/mail/illustrations/noMailSelected/v2/light.svg-142
2026-08-03 18:04:13,739 INFO o.a.j.t.JMeterThread: Thread finished: org.apache.jmeter.threads.JMeterThread@6710ebeb - T03_SigninOutllok_04P - validate password /assets/mail/illustrations/noMailSelected/v2/light.svg-142
2026-08-03 18:04:13,795 INFO o.a.j.t.JMeterThread: Thread is done: org.apache.jmeter.threads.JMeterThread@6710ebeb - T03_SigninOutllok_04P - validate password /owamail/hashed-v1/resources/images/People_22px-hash-6b8f0c5c.m.svg-150
2026-08-03 18:04:13,795 INFO o.a.j.t.JMeterThread: Thread finished: org.apache.jmeter.threads.JMeterThread@6710ebeb - T03_SigninOutllok_04P - validate password /owamail/hashed-v1/resources/images/People_22px-hash-6b8f0c5c.m.svg-150
2026-08-03 18:04:13,812 INFO o.a.j.t.JMeterThread: Thread is done: org.apache.jmeter.threads.JMeterThread@6710ebeb - T03_SigninOutllok_04P - validate password /owamail/hashed-v1/resources/images/Newsletters_22px-hash-9cfbd5b7.m.svg-151
2026-08-03 18:04:13,812 INFO o.a.j.t.JMeterThread: Thread finished: org.apache.jmeter.threads.JMeterThread@6710ebeb - T03_SigninOutllok_04P - validate password /owamail/hashed-v1/resources/images/Newsletters_22px-hash-9cfbd5b7.m.svg-151
2026-08-03 18:04:13,829 INFO o.a.j.t.JMeterThread: Thread started: parallel T03_SigninOutllok_05P
2026-08-03 18:04:13,829 INFO o.a.j.t.JMeterThread: Thread started: parallel T03_SigninOutllok_05P
2026-08-03 18:04:13,830 INFO o.a.j.t.JMeterThread: Thread started: parallel T03_SigninOutllok_05P
2026-08-03 18:04:13,829 INFO o.a.j.t.JMeterThread: Thread started: parallel T03_SigninOutllok_05P
2026-08-03 18:04:13,830 INFO o.a.j.t.JMeterThread: Thread started: parallel T03_SigninOutllok_05P
2026-08-03 18:04:13,830 INFO o.a.j.t.JMeterThread: Thread started: parallel T03_SigninOutllok_05P
2026-08-03 18:04:13,979 INFO o.a.j.t.JMeterThread: Thread is done: org.apache.jmeter.threads.JMeterThread@6710ebeb - T03_SigninOutllok_05P - validate password /s01-tpswwprod/B01C43E8AC2EE8B7BFD5FEC28279DFF918360F67809E8869DC0F3C7F60DB35FD-157
2026-08-03 18:04:13,979 INFO o.a.j.t.JMeterThread: Thread finished: org.apache.jmeter.threads.JMeterThread@6710ebeb - T03_SigninOutllok_05P - validate password /s01-tpswwprod/B01C43E8AC2EE8B7BFD5FEC28279DFF918360F67809E8869DC0F3C7F60DB35FD-157
2026-08-03 18:04:13,979 INFO o.a.j.t.JMeterThread: Thread started: parallel T03_SigninOutllok_05P
2026-08-03 18:04:14,057 INFO o.a.j.t.JMeterThread: Thread is done: org.apache.jmeter.threads.JMeterThread@6710ebeb - T03_SigninOutllok_05P - validate password /s01-tpswwprod/968AB88037AECA6B2E7A1EB965C99A9A9C614A81FD0296889E7C1EB265F4E9CD-545
2026-08-03 18:04:14,057 INFO o.a.j.t.JMeterThread: Thread finished: org.apache.jmeter.threads.JMeterThread@6710ebeb - T03_SigninOutllok_05P - validate password /s01-tpswwprod/968AB88037AECA6B2E7A1EB965C99A9A9C614A81FD0296889E7C1EB265F4E9CD-545
2026-08-03 18:04:14,059 INFO o.a.j.t.JMeterThread: Thread started: parallel T03_SigninOutllok_05P
2026-08-03 18:04:14,077 INFO o.a.j.t.JMeterThread: Thread is done: org.apache.jmeter.threads.JMeterThread@6710ebeb - T03_SigninOutllok_05P - validate password /me-176
2026-08-03 18:04:14,078 INFO o.a.j.t.JMeterThread: Thread finished: org.apache.jmeter.threads.JMeterThread@6710ebeb - T03_SigninOutllok_05P - validate password /me-176
2026-08-03 18:04:14,079 INFO o.a.j.t.JMeterThread: Thread started: parallel T03_SigninOutllok_05P
2026-08-03 18:04:14,118 INFO o.a.j.t.JMeterThread: Thread is done: org.apache.jmeter.threads.JMeterThread@6710ebeb - T03_SigninOutllok_05P - validate password /user/v1.0/web/policies-169
2026-08-03 18:04:14,118 INFO o.a.j.t.JMeterThread: Thread finished: org.apache.jmeter.threads.JMeterThread@6710ebeb - T03_SigninOutllok_05P - validate password /user/v1.0/web/policies-169
2026-08-03 18:04:14,122 INFO o.a.j.t.JMeterThread: Thread is done: org.apache.jmeter.threads.JMeterThread@6710ebeb - T03_SigninOutllok_05P - validate password /conf/v2/o365se/fpconfig.min.json-171
2026-08-03 18:04:14,122 INFO o.a.j.t.JMeterThread: Thread finished: org.apache.jmeter.threads.JMeterThread@6710ebeb - T03_SigninOutllok_05P - validate password /conf/v2/o365se/fpconfig.min.json-171
2026-08-03 18:04:14,131 INFO o.a.j.t.JMeterThread: Thread is done: org.apache.jmeter.threads.JMeterThread@6710ebeb - T03_SigninOutllok_05P - validate password /config/v1/OneShell/1.0.0.0-153
2026-08-03 18:04:14,131 INFO o.a.j.t.JMeterThread: Thread finished: org.apache.jmeter.threads.JMeterThread@6710ebeb - T03_SigninOutllok_05P - validate password /config/v1/OneShell/1.0.0.0-153
2026-08-03 18:04:14,147 INFO o.a.j.t.JMeterThread: Thread is done: org.apache.jmeter.threads.JMeterThread@6710ebeb - T03_SigninOutllok_05P - validate password /owamail/hashed-v1/resources/images/onedrive_24x-hash-e0d279de.m.svg-538
2026-08-03 18:04:14,147 INFO o.a.j.t.JMeterThread: Thread finished: org.apache.jmeter.threads.JMeterThread@6710ebeb - T03_SigninOutllok_05P - validate password /owamail/hashed-v1/resources/images/onedrive_24x-hash-e0d279de.m.svg-538
2026-08-03 18:04:14,179 INFO o.a.j.t.JMeterThread: Thread is done: org.apache.jmeter.threads.JMeterThread@6710ebeb - T03_SigninOutllok_05P - validate password /ows/api/beta/BootSettings/ReportSubmissionPolicy-161
2026-08-03 18:04:14,179 INFO o.a.j.t.JMeterThread: Thread finished: org.apache.jmeter.threads.JMeterThread@6710ebeb - T03_SigninOutllok_05P - validate password /ows/api/beta/BootSettings/ReportSubmissionPolicy-161
2026-08-03 18:04:14,294 ERROR o.a.j.v.b.g.TextGraphiteMetricsSender: Error writing to Graphite: Connection refused: no further information
java.net.ConnectException: Connection refused: no further information
	at java.base/sun.nio.ch.Net.pollConnect(Native Method) ~[?:?]
	at java.base/sun.nio.ch.Net.pollConnectNow(Net.java:672) ~[?:?]
	at java.base/sun.nio.ch.NioSocketImpl.timedFinishConnect(NioSocketImpl.java:547) ~[?:?]
	at java.base/sun.nio.ch.NioSocketImpl.connect(NioSocketImpl.java:602) ~[?:?]
	at java.base/java.net.SocksSocketImpl.connect(SocksSocketImpl.java:327) ~[?:?]
	at java.base/java.net.Socket.connect(Socket.java:633) ~[?:?]
	at org.apache.jmeter.visualizers.backend.graphite.SocketOutputStreamPoolFactory.create(SocketOutputStreamPoolFactory.java:76) ~[ApacheJMeter_components.jar:5.6.3]
	at org.apache.jmeter.visualizers.backend.graphite.SocketOutputStreamPoolFactory.makeObject(SocketOutputStreamPoolFactory.java:47) ~[ApacheJMeter_components.jar:5.6.3]
	at org.apache.jmeter.visualizers.backend.graphite.SocketOutputStreamPoolFactory.makeObject(SocketOutputStreamPoolFactory.java:33) ~[ApacheJMeter_components.jar:5.6.3]
	at org.apache.commons.pool2.impl.GenericKeyedObjectPool.create(GenericKeyedObjectPool.java:796) ~[commons-pool2-2.12.0.jar:2.12.0]
	at org.apache.commons.pool2.impl.GenericKeyedObjectPool.borrowObject(GenericKeyedObjectPool.java:444) ~[commons-pool2-2.12.0.jar:2.12.0]
	at org.apache.commons.pool2.impl.GenericKeyedObjectPool.borrowObject(GenericKeyedObjectPool.java:355) ~[commons-pool2-2.12.0.jar:2.12.0]
	at org.apache.jmeter.visualizers.backend.graphite.TextGraphiteMetricsSender.writeMetrics(TextGraphiteMetricsSender.java:110) [ApacheJMeter_components.jar:5.6.3]
	at org.apache.jmeter.visualizers.backend.graphite.TextGraphiteMetricsSender.writeAndSendMetrics(TextGraphiteMetricsSender.java:104) [ApacheJMeter_components.jar:5.6.3]
	at org.apache.jmeter.visualizers.backend.graphite.GraphiteBackendListenerClient.sendMetrics(GraphiteBackendListenerClient.java:186) [ApacheJMeter_components.jar:5.6.3]
	at org.apache.jmeter.visualizers.backend.graphite.GraphiteBackendListenerClient.run(GraphiteBackendListenerClient.java:149) [ApacheJMeter_components.jar:5.6.3]
	at java.base/java.util.concurrent.Executors$RunnableAdapter.call(Executors.java:539) [?:?]
	at java.base/java.util.concurrent.FutureTask.runAndReset(FutureTask.java:305) [?:?]
	at java.base/java.util.concurrent.ScheduledThreadPoolExecutor$ScheduledFutureTask.run(ScheduledThreadPoolExecutor.java:305) [?:?]
	at java.base/java.util.concurrent.ThreadPoolExecutor.runWorker(ThreadPoolExecutor.java:1136) [?:?]
	at java.base/java.util.concurrent.ThreadPoolExecutor$Worker.run(ThreadPoolExecutor.java:635) [?:?]
	at java.base/java.lang.Thread.run(Thread.java:842) [?:?]
2026-08-03 18:04:14,395 INFO o.a.j.t.JMeterThread: Thread is done: org.apache.jmeter.threads.JMeterThread@6710ebeb - T03_SigninOutllok_05P - validate password /owa/service.svc?action=GetAttachmentPreviews&app=Mail&n=7-537
2026-08-03 18:04:14,395 INFO o.a.j.t.JMeterThread: Thread finished: org.apache.jmeter.threads.JMeterThread@6710ebeb - T03_SigninOutllok_05P - validate password /owa/service.svc?action=GetAttachmentPreviews&app=Mail&n=7-537
2026-08-03 18:04:14,414 INFO o.a.j.t.JMeterThread: Thread is done: org.apache.jmeter.threads.JMeterThread@6f733945 - T03_SigninOutllok_04P - validate password /owamail/hashed-v1/resources/fonts/FluentSystemIcons-Resizable-hash-f808aee0.m.woff2-141
2026-08-03 18:04:14,414 INFO o.a.j.t.JMeterThread: Thread finished: org.apache.jmeter.threads.JMeterThread@6f733945 - T03_SigninOutllok_04P - validate password /owamail/hashed-v1/resources/fonts/FluentSystemIcons-Resizable-hash-f808aee0.m.woff2-141
2026-08-03 18:04:14,444 INFO o.a.j.t.JMeterThread: Thread started: parallel T03_SigninOutllok_05P
2026-08-03 18:04:14,444 INFO o.a.j.t.JMeterThread: Thread started: parallel T03_SigninOutllok_05P
2026-08-03 18:04:14,446 INFO o.a.j.t.JMeterThread: Thread started: parallel T03_SigninOutllok_05P
2026-08-03 18:04:14,446 INFO o.a.j.t.JMeterThread: Thread started: parallel T03_SigninOutllok_05P
2026-08-03 18:04:14,447 INFO o.a.j.t.JMeterThread: Thread started: parallel T03_SigninOutllok_05P
2026-08-03 18:04:14,448 INFO o.a.j.t.JMeterThread: Thread started: parallel T03_SigninOutllok_05P
2026-08-03 18:04:14,561 INFO o.a.j.t.JMeterThread: Thread is done: org.apache.jmeter.threads.JMeterThread@6f733945 - T03_SigninOutllok_05P - validate password /s01-tpswwprod/B01C43E8AC2EE8B7BFD5FEC28279DFF918360F67809E8869DC0F3C7F60DB35FD-157
2026-08-03 18:04:14,561 INFO o.a.j.t.JMeterThread: Thread finished: org.apache.jmeter.threads.JMeterThread@6f733945 - T03_SigninOutllok_05P - validate password /s01-tpswwprod/B01C43E8AC2EE8B7BFD5FEC28279DFF918360F67809E8869DC0F3C7F60DB35FD-157
2026-08-03 18:04:14,561 INFO o.a.j.t.JMeterThread: Thread started: parallel T03_SigninOutllok_05P
2026-08-03 18:04:14,611 INFO o.a.j.t.JMeterThread: Thread is done: org.apache.jmeter.threads.JMeterThread@6f733945 - T03_SigninOutllok_05P - validate password /conf/v2/o365se/fpconfig.min.json-171
2026-08-03 18:04:14,611 INFO o.a.j.t.JMeterThread: Thread finished: org.apache.jmeter.threads.JMeterThread@6f733945 - T03_SigninOutllok_05P - validate password /conf/v2/o365se/fpconfig.min.json-171
2026-08-03 18:04:14,611 INFO o.a.j.t.JMeterThread: Thread started: parallel T03_SigninOutllok_05P
2026-08-03 18:04:14,634 INFO o.a.j.t.JMeterThread: Thread is done: org.apache.jmeter.threads.JMeterThread@6f733945 - T03_SigninOutllok_05P - validate password /s01-tpswwprod/968AB88037AECA6B2E7A1EB965C99A9A9C614A81FD0296889E7C1EB265F4E9CD-545
2026-08-03 18:04:14,634 INFO o.a.j.t.JMeterThread: Thread finished: org.apache.jmeter.threads.JMeterThread@6f733945 - T03_SigninOutllok_05P - validate password /s01-tpswwprod/968AB88037AECA6B2E7A1EB965C99A9A9C614A81FD0296889E7C1EB265F4E9CD-545
2026-08-03 18:04:14,636 INFO o.a.j.t.JMeterThread: Thread started: parallel T03_SigninOutllok_05P
2026-08-03 18:04:14,638 INFO o.a.j.t.JMeterThread: Thread is done: org.apache.jmeter.threads.JMeterThread@6f733945 - T03_SigninOutllok_05P - validate password /me-176
2026-08-03 18:04:14,644 INFO o.a.j.t.JMeterThread: Thread finished: org.apache.jmeter.threads.JMeterThread@6f733945 - T03_SigninOutllok_05P - validate password /me-176
2026-08-03 18:04:14,650 INFO o.a.j.t.JMeterThread: Thread is done: org.apache.jmeter.threads.JMeterThread@6f733945 - T03_SigninOutllok_05P - validate password /user/v1.0/web/policies-169
2026-08-03 18:04:14,650 INFO o.a.j.t.JMeterThread: Thread finished: org.apache.jmeter.threads.JMeterThread@6f733945 - T03_SigninOutllok_05P - validate password /user/v1.0/web/policies-169
2026-08-03 18:04:14,678 INFO o.a.j.t.JMeterThread: Thread is done: org.apache.jmeter.threads.JMeterThread@6f733945 - T03_SigninOutllok_05P - validate password /owamail/hashed-v1/resources/images/onedrive_24x-hash-e0d279de.m.svg-538
2026-08-03 18:04:14,678 INFO o.a.j.t.JMeterThread: Thread finished: org.apache.jmeter.threads.JMeterThread@6f733945 - T03_SigninOutllok_05P - validate password /owamail/hashed-v1/resources/images/onedrive_24x-hash-e0d279de.m.svg-538
2026-08-03 18:04:14,772 INFO o.a.j.t.JMeterThread: Thread is done: org.apache.jmeter.threads.JMeterThread@6f733945 - T03_SigninOutllok_05P - validate password /ows/api/beta/BootSettings/ReportSubmissionPolicy-161
2026-08-03 18:04:14,772 INFO o.a.j.t.JMeterThread: Thread finished: org.apache.jmeter.threads.JMeterThread@6f733945 - T03_SigninOutllok_05P - validate password /ows/api/beta/BootSettings/ReportSubmissionPolicy-161
2026-08-03 18:04:14,893 INFO o.a.j.t.JMeterThread: Thread is done: org.apache.jmeter.threads.JMeterThread@6f733945 - T03_SigninOutllok_05P - validate password /config/v1/OneShell/1.0.0.0-153
2026-08-03 18:04:14,893 INFO o.a.j.t.JMeterThread: Thread finished: org.apache.jmeter.threads.JMeterThread@6f733945 - T03_SigninOutllok_05P - validate password /config/v1/OneShell/1.0.0.0-153
2026-08-03 18:04:14,997 INFO o.a.j.t.JMeterThread: Thread is done: org.apache.jmeter.threads.JMeterThread@6f733945 - T03_SigninOutllok_05P - validate password /owa/service.svc?action=GetAttachmentPreviews&app=Mail&n=7-537
2026-08-03 18:04:14,997 INFO o.a.j.t.JMeterThread: Thread finished: org.apache.jmeter.threads.JMeterThread@6f733945 - T03_SigninOutllok_05P - validate password /owa/service.svc?action=GetAttachmentPreviews&app=Mail&n=7-537
2026-08-03 18:04:15,281 ERROR o.a.j.v.b.g.TextGraphiteMetricsSender: Error writing to Graphite: Connection refused: no further information
java.net.ConnectException: Connection refused: no further information
	at java.base/sun.nio.ch.Net.pollConnect(Native Method) ~[?:?]
	at java.base/sun.nio.ch.Net.pollConnectNow(Net.java:672) ~[?:?]
	at java.base/sun.nio.ch.NioSocketImpl.timedFinishConnect(NioSocketImpl.java:547) ~[?:?]
	at java.base/sun.nio.ch.NioSocketImpl.connect(NioSocketImpl.java:602) ~[?:?]
	at java.base/java.net.SocksSocketImpl.connect(SocksSocketImpl.java:327) ~[?:?]
	at java.base/java.net.Socket.connect(Socket.java:633) ~[?:?]
	at org.apache.jmeter.visualizers.backend.graphite.SocketOutputStreamPoolFactory.create(SocketOutputStreamPoolFactory.java:76) ~[ApacheJMeter_components.jar:5.6.3]
	at org.apache.jmeter.visualizers.backend.graphite.SocketOutputStreamPoolFactory.makeObject(SocketOutputStreamPoolFactory.java:47) ~[ApacheJMeter_components.jar:5.6.3]
	at org.apache.jmeter.visualizers.backend.graphite.SocketOutputStreamPoolFactory.makeObject(SocketOutputStreamPoolFactory.java:33) ~[ApacheJMeter_components.jar:5.6.3]
	at org.apache.commons.pool2.impl.GenericKeyedObjectPool.create(GenericKeyedObjectPool.java:796) ~[commons-pool2-2.12.0.jar:2.12.0]
	at org.apache.commons.pool2.impl.GenericKeyedObjectPool.borrowObject(GenericKeyedObjectPool.java:444) ~[commons-pool2-2.12.0.jar:2.12.0]
	at org.apache.commons.pool2.impl.GenericKeyedObjectPool.borrowObject(GenericKeyedObjectPool.java:355) ~[commons-pool2-2.12.0.jar:2.12.0]
	at org.apache.jmeter.visualizers.backend.graphite.TextGraphiteMetricsSender.writeMetrics(TextGraphiteMetricsSender.java:110) [ApacheJMeter_components.jar:5.6.3]
	at org.apache.jmeter.visualizers.backend.graphite.TextGraphiteMetricsSender.writeAndSendMetrics(TextGraphiteMetricsSender.java:104) [ApacheJMeter_components.jar:5.6.3]
	at org.apache.jmeter.visualizers.backend.graphite.GraphiteBackendListenerClient.sendMetrics(GraphiteBackendListenerClient.java:186) [ApacheJMeter_components.jar:5.6.3]
	at org.apache.jmeter.visualizers.backend.graphite.GraphiteBackendListenerClient.run(GraphiteBackendListenerClient.java:149) [ApacheJMeter_components.jar:5.6.3]
	at java.base/java.util.concurrent.Executors$RunnableAdapter.call(Executors.java:539) [?:?]
	at java.base/java.util.concurrent.FutureTask.runAndReset(FutureTask.java:305) [?:?]
	at java.base/java.util.concurrent.ScheduledThreadPoolExecutor$ScheduledFutureTask.run(ScheduledThreadPoolExecutor.java:305) [?:?]
	at java.base/java.util.concurrent.ThreadPoolExecutor.runWorker(ThreadPoolExecutor.java:1136) [?:?]
	at java.base/java.util.concurrent.ThreadPoolExecutor$Worker.run(ThreadPoolExecutor.java:635) [?:?]
	at java.base/java.lang.Thread.run(Thread.java:842) [?:?]
2026-08-03 18:04:16,277 ERROR o.a.j.v.b.g.TextGraphiteMetricsSender: Error writing to Graphite: Connection refused: no further information
java.net.ConnectException: Connection refused: no further information
	at java.base/sun.nio.ch.Net.pollConnect(Native Method) ~[?:?]
	at java.base/sun.nio.ch.Net.pollConnectNow(Net.java:672) ~[?:?]
	at java.base/sun.nio.ch.NioSocketImpl.timedFinishConnect(NioSocketImpl.java:547) ~[?:?]
	at java.base/sun.nio.ch.NioSocketImpl.connect(NioSocketImpl.java:602) ~[?:?]
	at java.base/java.net.SocksSocketImpl.connect(SocksSocketImpl.java:327) ~[?:?]
	at java.base/java.net.Socket.connect(Socket.java:633) ~[?:?]
	at org.apache.jmeter.visualizers.backend.graphite.SocketOutputStreamPoolFactory.create(SocketOutputStreamPoolFactory.java:76) ~[ApacheJMeter_components.jar:5.6.3]
	at org.apache.jmeter.visualizers.backend.graphite.SocketOutputStreamPoolFactory.makeObject(SocketOutputStreamPoolFactory.java:47) ~[ApacheJMeter_components.jar:5.6.3]
	at org.apache.jmeter.visualizers.backend.graphite.SocketOutputStreamPoolFactory.makeObject(SocketOutputStreamPoolFactory.java:33) ~[ApacheJMeter_components.jar:5.6.3]
	at org.apache.commons.pool2.impl.GenericKeyedObjectPool.create(GenericKeyedObjectPool.java:796) ~[commons-pool2-2.12.0.jar:2.12.0]
	at org.apache.commons.pool2.impl.GenericKeyedObjectPool.borrowObject(GenericKeyedObjectPool.java:444) ~[commons-pool2-2.12.0.jar:2.12.0]
	at org.apache.commons.pool2.impl.GenericKeyedObjectPool.borrowObject(GenericKeyedObjectPool.java:355) ~[commons-pool2-2.12.0.jar:2.12.0]
	at org.apache.jmeter.visualizers.backend.graphite.TextGraphiteMetricsSender.writeMetrics(TextGraphiteMetricsSender.java:110) [ApacheJMeter_components.jar:5.6.3]
	at org.apache.jmeter.visualizers.backend.graphite.TextGraphiteMetricsSender.writeAndSendMetrics(TextGraphiteMetricsSender.java:104) [ApacheJMeter_components.jar:5.6.3]
	at org.apache.jmeter.visualizers.backend.graphite.GraphiteBackendListenerClient.sendMetrics(GraphiteBackendListenerClient.java:186) [ApacheJMeter_components.jar:5.6.3]
	at org.apache.jmeter.visualizers.backend.graphite.GraphiteBackendListenerClient.run(GraphiteBackendListenerClient.java:149) [ApacheJMeter_components.jar:5.6.3]
	at java.base/java.util.concurrent.Executors$RunnableAdapter.call(Executors.java:539) [?:?]
	at java.base/java.util.concurrent.FutureTask.runAndReset(FutureTask.java:305) [?:?]
	at java.base/java.util.concurrent.ScheduledThreadPoolExecutor$ScheduledFutureTask.run(ScheduledThreadPoolExecutor.java:305) [?:?]
	at java.base/java.util.concurrent.ThreadPoolExecutor.runWorker(ThreadPoolExecutor.java:1136) [?:?]
	at java.base/java.util.concurrent.ThreadPoolExecutor$Worker.run(ThreadPoolExecutor.java:635) [?:?]
	at java.base/java.lang.Thread.run(Thread.java:842) [?:?]
2026-08-03 18:04:16,960 INFO o.a.j.t.JMeterThread: Thread started: parallel T03_SigninOutllok_07P
2026-08-03 18:04:16,960 INFO o.a.j.t.JMeterThread: Thread started: parallel T03_SigninOutllok_07P
2026-08-03 18:04:17,023 INFO o.a.j.r.Summariser: summary +     40 in 00:00:06 =    6.7/s Avg:   393 Min:    24 Max:  2571 Err:     0 (0.00%) Active: 3 Started: 101 Finished: 98
2026-08-03 18:04:17,023 INFO o.a.j.r.Summariser: summary =     71 in 00:00:14 =    5.2/s Avg:   338 Min:    24 Max:  2571 Err:     0 (0.00%)
2026-08-03 18:04:17,285 INFO o.a.j.t.JMeterThread: Thread started: parallel T03_SigninOutllok_02P
2026-08-03 18:04:17,285 INFO o.a.j.t.JMeterThread: Thread started: parallel T03_SigninOutllok_02P
2026-08-03 18:04:17,285 INFO o.a.j.t.JMeterThread: Thread started: parallel T03_SigninOutllok_02P
2026-08-03 18:04:17,288 ERROR o.a.j.v.b.g.TextGraphiteMetricsSender: Error writing to Graphite: Connection refused: no further information
java.net.ConnectException: Connection refused: no further information
	at java.base/sun.nio.ch.Net.pollConnect(Native Method) ~[?:?]
	at java.base/sun.nio.ch.Net.pollConnectNow(Net.java:672) ~[?:?]
	at java.base/sun.nio.ch.NioSocketImpl.timedFinishConnect(NioSocketImpl.java:547) ~[?:?]
	at java.base/sun.nio.ch.NioSocketImpl.connect(NioSocketImpl.java:602) ~[?:?]
	at java.base/java.net.SocksSocketImpl.connect(SocksSocketImpl.java:327) ~[?:?]
	at java.base/java.net.Socket.connect(Socket.java:633) ~[?:?]
	at org.apache.jmeter.visualizers.backend.graphite.SocketOutputStreamPoolFactory.create(SocketOutputStreamPoolFactory.java:76) ~[ApacheJMeter_components.jar:5.6.3]
	at org.apache.jmeter.visualizers.backend.graphite.SocketOutputStreamPoolFactory.makeObject(SocketOutputStreamPoolFactory.java:47) ~[ApacheJMeter_components.jar:5.6.3]
	at org.apache.jmeter.visualizers.backend.graphite.SocketOutputStreamPoolFactory.makeObject(SocketOutputStreamPoolFactory.java:33) ~[ApacheJMeter_components.jar:5.6.3]
	at org.apache.commons.pool2.impl.GenericKeyedObjectPool.create(GenericKeyedObjectPool.java:796) ~[commons-pool2-2.12.0.jar:2.12.0]
	at org.apache.commons.pool2.impl.GenericKeyedObjectPool.borrowObject(GenericKeyedObjectPool.java:444) ~[commons-pool2-2.12.0.jar:2.12.0]
	at org.apache.commons.pool2.impl.GenericKeyedObjectPool.borrowObject(GenericKeyedObjectPool.java:355) ~[commons-pool2-2.12.0.jar:2.12.0]
	at org.apache.jmeter.visualizers.backend.graphite.TextGraphiteMetricsSender.writeMetrics(TextGraphiteMetricsSender.java:110) [ApacheJMeter_components.jar:5.6.3]
	at org.apache.jmeter.visualizers.backend.graphite.TextGraphiteMetricsSender.writeAndSendMetrics(TextGraphiteMetricsSender.java:104) [ApacheJMeter_components.jar:5.6.3]
	at org.apache.jmeter.visualizers.backend.graphite.GraphiteBackendListenerClient.sendMetrics(GraphiteBackendListenerClient.java:186) [ApacheJMeter_components.jar:5.6.3]
	at org.apache.jmeter.visualizers.backend.graphite.GraphiteBackendListenerClient.run(GraphiteBackendListenerClient.java:149) [ApacheJMeter_components.jar:5.6.3]
	at java.base/java.util.concurrent.Executors$RunnableAdapter.call(Executors.java:539) [?:?]
	at java.base/java.util.concurrent.FutureTask.runAndReset(FutureTask.java:305) [?:?]
	at java.base/java.util.concurrent.ScheduledThreadPoolExecutor$ScheduledFutureTask.run(ScheduledThreadPoolExecutor.java:305) [?:?]
	at java.base/java.util.concurrent.ThreadPoolExecutor.runWorker(ThreadPoolExecutor.java:1136) [?:?]
	at java.base/java.util.concurrent.ThreadPoolExecutor$Worker.run(ThreadPoolExecutor.java:635) [?:?]
	at java.base/java.lang.Thread.run(Thread.java:842) [?:?]
2026-08-03 18:04:17,288 INFO o.a.j.t.JMeterThread: Thread started: parallel T03_SigninOutllok_02P
2026-08-03 18:04:17,409 INFO o.a.j.t.JMeterThread: Thread is done: org.apache.jmeter.threads.JMeterThread@6710ebeb - T03_SigninOutllok_07P - validate password /organizations/oauth2/v2.0/token?client-request-id=3ea7f779-3747-c6a5-ddaa-a468f5012af8-563
2026-08-03 18:04:17,409 INFO o.a.j.t.JMeterThread: Thread finished: org.apache.jmeter.threads.JMeterThread@6710ebeb - T03_SigninOutllok_07P - validate password /organizations/oauth2/v2.0/token?client-request-id=3ea7f779-3747-c6a5-ddaa-a468f5012af8-563
2026-08-03 18:04:17,411 INFO o.a.j.t.JMeterThread: Thread is done: org.apache.jmeter.threads.JMeterThread@6710ebeb - T03_SigninOutllok_07P - validate password /organizations/oauth2/v2.0/token?client-request-id=41615a61-890e-0823-6cd3-8c06fe604d89-561
2026-08-03 18:04:17,411 INFO o.a.j.t.JMeterThread: Thread finished: org.apache.jmeter.threads.JMeterThread@6710ebeb - T03_SigninOutllok_07P - validate password /organizations/oauth2/v2.0/token?client-request-id=41615a61-890e-0823-6cd3-8c06fe604d89-561
2026-08-03 18:04:17,432 INFO o.a.j.t.JMeterThread: Thread started: parallel T03_SigninOutllok_08P
2026-08-03 18:04:17,432 INFO o.a.j.t.JMeterThread: Thread started: parallel T03_SigninOutllok_08P
2026-08-03 18:04:17,432 INFO o.a.j.t.JMeterThread: Thread started: parallel T03_SigninOutllok_08P
2026-08-03 18:04:17,436 INFO o.a.j.t.JMeterThread: Thread started: parallel T03_SigninOutllok_08P
2026-08-03 18:04:17,441 INFO o.a.j.t.JMeterThread: Thread started: parallel T03_SigninOutllok_08P
2026-08-03 18:04:17,445 INFO o.a.j.t.JMeterThread: Thread started: parallel T03_SigninOutllok_08P
2026-08-03 18:04:17,453 INFO o.a.j.t.JMeterThread: Thread started: parallel T03_SigninOutllok_07P
2026-08-03 18:04:17,454 INFO o.a.j.t.JMeterThread: Thread started: parallel T03_SigninOutllok_07P
2026-08-03 18:04:17,609 INFO o.a.j.t.JMeterThread: Thread is done: org.apache.jmeter.threads.JMeterThread@6d66b008 - T03_SigninOutllok_02P - validate password /owa/published/service.svc?action=GetTimeZoneOffsets&app=Mail&n=3-120
2026-08-03 18:04:17,609 INFO o.a.j.t.JMeterThread: Thread finished: org.apache.jmeter.threads.JMeterThread@6d66b008 - T03_SigninOutllok_02P - validate password /owa/published/service.svc?action=GetTimeZoneOffsets&app=Mail&n=3-120
2026-08-03 18:04:17,642 INFO o.a.j.t.JMeterThread: Thread is done: org.apache.jmeter.threads.JMeterThread@6710ebeb - T03_SigninOutllok_08P - validate password /api/storage/SystemMetadata/User/AppsPinnedData-568
2026-08-03 18:04:17,642 INFO o.a.j.t.JMeterThread: Thread finished: org.apache.jmeter.threads.JMeterThread@6710ebeb - T03_SigninOutllok_08P - validate password /api/storage/SystemMetadata/User/AppsPinnedData-568
2026-08-03 18:04:17,642 INFO o.a.j.t.JMeterThread: Thread is done: org.apache.jmeter.threads.JMeterThread@6d66b008 - T03_SigninOutllok_02P - validate password /owa/service.svc?action=GetTimeZone&app=Mail&n=4-123
2026-08-03 18:04:17,644 INFO o.a.j.t.JMeterThread: Thread finished: org.apache.jmeter.threads.JMeterThread@6d66b008 - T03_SigninOutllok_02P - validate password /owa/service.svc?action=GetTimeZone&app=Mail&n=4-123
2026-08-03 18:04:17,644 INFO o.a.j.t.JMeterThread: Thread started: parallel T03_SigninOutllok_08P
2026-08-03 18:04:17,653 INFO o.a.j.t.JMeterThread: Thread is done: org.apache.jmeter.threads.JMeterThread@6710ebeb - T03_SigninOutllok_08P - validate password /api/myapps/GetAllApps?culture=en-GB-582
2026-08-03 18:04:17,653 INFO o.a.j.t.JMeterThread: Thread finished: org.apache.jmeter.threads.JMeterThread@6710ebeb - T03_SigninOutllok_08P - validate password /api/myapps/GetAllApps?culture=en-GB-582
2026-08-03 18:04:17,655 INFO o.a.j.t.JMeterThread: Thread started: parallel T03_SigninOutllok_08P
2026-08-03 18:04:17,668 INFO o.a.j.t.JMeterThread: Thread is done: org.apache.jmeter.threads.JMeterThread@6710ebeb - T03_SigninOutllok_08P - validate password /api/v1/livepersonacard/configuration?cultureName=en-GB-577
2026-08-03 18:04:17,670 INFO o.a.j.t.JMeterThread: Thread finished: org.apache.jmeter.threads.JMeterThread@6710ebeb - T03_SigninOutllok_08P - validate password /api/v1/livepersonacard/configuration?cultureName=en-GB-577
2026-08-03 18:04:17,670 INFO o.a.j.t.JMeterThread: Thread started: parallel T03_SigninOutllok_08P
2026-08-03 18:04:17,683 INFO o.a.j.t.JMeterThread: Thread is done: org.apache.jmeter.threads.JMeterThread@6d66b008 - T03_SigninOutllok_02P - validate password /owa/service.svc?action=GetFolderChangeDigest&app=Mail&n=2-119
2026-08-03 18:04:17,683 INFO o.a.j.t.JMeterThread: Thread finished: org.apache.jmeter.threads.JMeterThread@6d66b008 - T03_SigninOutllok_02P - validate password /owa/service.svc?action=GetFolderChangeDigest&app=Mail&n=2-119
2026-08-03 18:04:17,783 INFO o.a.j.t.JMeterThread: Thread is done: org.apache.jmeter.threads.JMeterThread@6710ebeb - T03_SigninOutllok_08P - validate password /owa/service.svc?action=GetComplianceConfiguration&app=Mail&n=14-541
2026-08-03 18:04:17,783 INFO o.a.j.t.JMeterThread: Thread finished: org.apache.jmeter.threads.JMeterThread@6710ebeb - T03_SigninOutllok_08P - validate password /owa/service.svc?action=GetComplianceConfiguration&app=Mail&n=14-541
2026-08-03 18:04:17,786 INFO o.a.j.t.JMeterThread: Thread started: parallel T03_SigninOutllok_08P
2026-08-03 18:04:17,798 INFO o.a.j.t.JMeterThread: Thread is done: org.apache.jmeter.threads.JMeterThread@6710ebeb - T03_SigninOutllok_08P - validate password /ows/v1.0/OutlookOptions-556
2026-08-03 18:04:17,798 INFO o.a.j.t.JMeterThread: Thread finished: org.apache.jmeter.threads.JMeterThread@6710ebeb - T03_SigninOutllok_08P - validate password /ows/v1.0/OutlookOptions-556
2026-08-03 18:04:17,798 INFO o.a.j.t.JMeterThread: Thread started: parallel T03_SigninOutllok_08P
2026-08-03 18:04:17,897 INFO o.a.j.t.JMeterThread: Thread is done: org.apache.jmeter.threads.JMeterThread@6f733945 - T03_SigninOutllok_07P - validate password /organizations/oauth2/v2.0/token?client-request-id=41615a61-890e-0823-6cd3-8c06fe604d89-561
2026-08-03 18:04:17,897 INFO o.a.j.t.JMeterThread: Thread finished: org.apache.jmeter.threads.JMeterThread@6f733945 - T03_SigninOutllok_07P - validate password /organizations/oauth2/v2.0/token?client-request-id=41615a61-890e-0823-6cd3-8c06fe604d89-561
2026-08-03 18:04:17,897 INFO o.a.j.t.JMeterThread: Thread is done: org.apache.jmeter.threads.JMeterThread@6f733945 - T03_SigninOutllok_07P - validate password /organizations/oauth2/v2.0/token?client-request-id=3ea7f779-3747-c6a5-ddaa-a468f5012af8-563
2026-08-03 18:04:17,897 INFO o.a.j.t.JMeterThread: Thread finished: org.apache.jmeter.threads.JMeterThread@6f733945 - T03_SigninOutllok_07P - validate password /organizations/oauth2/v2.0/token?client-request-id=3ea7f779-3747-c6a5-ddaa-a468f5012af8-563
2026-08-03 18:04:17,928 INFO o.a.j.t.JMeterThread: Thread is done: org.apache.jmeter.threads.JMeterThread@6d66b008 - T03_SigninOutllok_02P - validate password /owa/service.svc?action=GetFolderChangeDigest&app=Mail&n=1-121
2026-08-03 18:04:17,928 INFO o.a.j.t.JMeterThread: Thread finished: org.apache.jmeter.threads.JMeterThread@6d66b008 - T03_SigninOutllok_02P - validate password /owa/service.svc?action=GetFolderChangeDigest&app=Mail&n=1-121
2026-08-03 18:04:17,937 INFO o.a.j.t.JMeterThread: Thread is done: org.apache.jmeter.threads.JMeterThread@6710ebeb - T03_SigninOutllok_08P - validate password /outlookcopilot/mailIntelligence/v2.0/copilotsettings-559
2026-08-03 18:04:17,937 INFO o.a.j.t.JMeterThread: Thread finished: org.apache.jmeter.threads.JMeterThread@6710ebeb - T03_SigninOutllok_08P - validate password /outlookcopilot/mailIntelligence/v2.0/copilotsettings-559
2026-08-03 18:04:17,939 INFO o.a.j.t.JMeterThread: Thread started: parallel T03_SigninOutllok_08P
2026-08-03 18:04:17,939 INFO o.a.j.t.JMeterThread: Thread started: parallel T03_SigninOutllok_08P
2026-08-03 18:04:17,940 INFO o.a.j.t.JMeterThread: Thread started: parallel T03_SigninOutllok_08P
2026-08-03 18:04:17,940 INFO o.a.j.t.JMeterThread: Thread started: parallel T03_SigninOutllok_08P
2026-08-03 18:04:17,942 INFO o.a.j.t.JMeterThread: Thread started: parallel T03_SigninOutllok_08P
2026-08-03 18:04:17,943 INFO o.a.j.t.JMeterThread: Thread started: parallel T03_SigninOutllok_08P
2026-08-03 18:04:17,988 INFO o.a.j.t.JMeterThread: Thread is done: org.apache.jmeter.threads.JMeterThread@6710ebeb - T03_SigninOutllok_08P - validate password /ows/v1.0/OutlookOptions/MailLayout?n=17&cri=a91ae634-0dbd-6200-9168-ec0957d0e6ef&cv=vHWyfbsM51acLkffDosbHY.18-586
2026-08-03 18:04:17,988 INFO o.a.j.t.JMeterThread: Thread is done: org.apache.jmeter.threads.JMeterThread@6710ebeb - T03_SigninOutllok_08P - validate password /api/v1/livepersonacard/configuration?cultureName=en-GB-607
2026-08-03 18:04:17,990 INFO o.a.j.t.JMeterThread: Thread finished: org.apache.jmeter.threads.JMeterThread@6710ebeb - T03_SigninOutllok_08P - validate password /api/v1/livepersonacard/configuration?cultureName=en-GB-607
2026-08-03 18:04:17,988 INFO o.a.j.t.JMeterThread: Thread finished: org.apache.jmeter.threads.JMeterThread@6710ebeb - T03_SigninOutllok_08P - validate password /ows/v1.0/OutlookOptions/MailLayout?n=17&cri=a91ae634-0dbd-6200-9168-ec0957d0e6ef&cv=vHWyfbsM51acLkffDosbHY.18-586
2026-08-03 18:04:18,124 INFO o.a.j.t.JMeterThread: Thread is done: org.apache.jmeter.threads.JMeterThread@6f733945 - T03_SigninOutllok_08P - validate password /api/v1/livepersonacard/configuration?cultureName=en-GB-577
2026-08-03 18:04:18,124 INFO o.a.j.t.JMeterThread: Thread finished: org.apache.jmeter.threads.JMeterThread@6f733945 - T03_SigninOutllok_08P - validate password /api/v1/livepersonacard/configuration?cultureName=en-GB-577
2026-08-03 18:04:18,126 INFO o.a.j.t.JMeterThread: Thread started: parallel T03_SigninOutllok_08P
2026-08-03 18:04:18,130 INFO o.a.j.t.JMeterThread: Thread is done: org.apache.jmeter.threads.JMeterThread@6f733945 - T03_SigninOutllok_08P - validate password /api/myapps/GetAllApps?culture=en-GB-582
2026-08-03 18:04:18,134 INFO o.a.j.t.JMeterThread: Thread finished: org.apache.jmeter.threads.JMeterThread@6f733945 - T03_SigninOutllok_08P - validate password /api/myapps/GetAllApps?culture=en-GB-582
2026-08-03 18:04:18,134 INFO o.a.j.t.JMeterThread: Thread started: parallel T03_SigninOutllok_08P
2026-08-03 18:04:18,154 INFO o.a.j.t.JMeterThread: Thread is done: org.apache.jmeter.threads.JMeterThread@6f733945 - T03_SigninOutllok_08P - validate password /api/storage/SystemMetadata/User/AppsPinnedData-568
2026-08-03 18:04:18,154 INFO o.a.j.t.JMeterThread: Thread finished: org.apache.jmeter.threads.JMeterThread@6f733945 - T03_SigninOutllok_08P - validate password /api/storage/SystemMetadata/User/AppsPinnedData-568
2026-08-03 18:04:18,154 INFO o.a.j.t.JMeterThread: Thread started: parallel T03_SigninOutllok_08P
2026-08-03 18:04:18,170 INFO o.a.j.t.JMeterThread: Thread is done: org.apache.jmeter.threads.JMeterThread@6710ebeb - T03_SigninOutllok_08P - validate password /api/v1/livepersonacard/configuration-585
2026-08-03 18:04:18,170 INFO o.a.j.t.JMeterThread: Thread finished: org.apache.jmeter.threads.JMeterThread@6710ebeb - T03_SigninOutllok_08P - validate password /api/v1/livepersonacard/configuration-585
2026-08-03 18:04:18,226 INFO o.a.j.t.JMeterThread: Thread is done: org.apache.jmeter.threads.JMeterThread@6710ebeb - T03_SigninOutllok_08P - validate password /outlookcopilot/mailIntelligence/v4.0/copilotUserPreferences-583
2026-08-03 18:04:18,226 INFO o.a.j.t.JMeterThread: Thread finished: org.apache.jmeter.threads.JMeterThread@6710ebeb - T03_SigninOutllok_08P - validate password /outlookcopilot/mailIntelligence/v4.0/copilotUserPreferences-583
2026-08-03 18:04:18,276 ERROR o.a.j.v.b.g.TextGraphiteMetricsSender: Error writing to Graphite: Connection refused: no further information
java.net.ConnectException: Connection refused: no further information
	at java.base/sun.nio.ch.Net.pollConnect(Native Method) ~[?:?]
	at java.base/sun.nio.ch.Net.pollConnectNow(Net.java:672) ~[?:?]
	at java.base/sun.nio.ch.NioSocketImpl.timedFinishConnect(NioSocketImpl.java:547) ~[?:?]
	at java.base/sun.nio.ch.NioSocketImpl.connect(NioSocketImpl.java:602) ~[?:?]
	at java.base/java.net.SocksSocketImpl.connect(SocksSocketImpl.java:327) ~[?:?]
	at java.base/java.net.Socket.connect(Socket.java:633) ~[?:?]
	at org.apache.jmeter.visualizers.backend.graphite.SocketOutputStreamPoolFactory.create(SocketOutputStreamPoolFactory.java:76) ~[ApacheJMeter_components.jar:5.6.3]
	at org.apache.jmeter.visualizers.backend.graphite.SocketOutputStreamPoolFactory.makeObject(SocketOutputStreamPoolFactory.java:47) ~[ApacheJMeter_components.jar:5.6.3]
	at org.apache.jmeter.visualizers.backend.graphite.SocketOutputStreamPoolFactory.makeObject(SocketOutputStreamPoolFactory.java:33) ~[ApacheJMeter_components.jar:5.6.3]
	at org.apache.commons.pool2.impl.GenericKeyedObjectPool.create(GenericKeyedObjectPool.java:796) ~[commons-pool2-2.12.0.jar:2.12.0]
	at org.apache.commons.pool2.impl.GenericKeyedObjectPool.borrowObject(GenericKeyedObjectPool.java:444) ~[commons-pool2-2.12.0.jar:2.12.0]
	at org.apache.commons.pool2.impl.GenericKeyedObjectPool.borrowObject(GenericKeyedObjectPool.java:355) ~[commons-pool2-2.12.0.jar:2.12.0]
	at org.apache.jmeter.visualizers.backend.graphite.TextGraphiteMetricsSender.writeMetrics(TextGraphiteMetricsSender.java:110) [ApacheJMeter_components.jar:5.6.3]
	at org.apache.jmeter.visualizers.backend.graphite.TextGraphiteMetricsSender.writeAndSendMetrics(TextGraphiteMetricsSender.java:104) [ApacheJMeter_components.jar:5.6.3]
	at org.apache.jmeter.visualizers.backend.graphite.GraphiteBackendListenerClient.sendMetrics(GraphiteBackendListenerClient.java:186) [ApacheJMeter_components.jar:5.6.3]
	at org.apache.jmeter.visualizers.backend.graphite.GraphiteBackendListenerClient.run(GraphiteBackendListenerClient.java:149) [ApacheJMeter_components.jar:5.6.3]
	at java.base/java.util.concurrent.Executors$RunnableAdapter.call(Executors.java:539) [?:?]
	at java.base/java.util.concurrent.FutureTask.runAndReset(FutureTask.java:305) [?:?]
	at java.base/java.util.concurrent.ScheduledThreadPoolExecutor$ScheduledFutureTask.run(ScheduledThreadPoolExecutor.java:305) [?:?]
	at java.base/java.util.concurrent.ThreadPoolExecutor.runWorker(ThreadPoolExecutor.java:1136) [?:?]
	at java.base/java.util.concurrent.ThreadPoolExecutor$Worker.run(ThreadPoolExecutor.java:635) [?:?]
	at java.base/java.lang.Thread.run(Thread.java:842) [?:?]
2026-08-03 18:04:18,286 INFO o.a.j.t.JMeterThread: Thread is done: org.apache.jmeter.threads.JMeterThread@6f733945 - T03_SigninOutllok_08P - validate password /ows/v1.0/OutlookOptions-556
2026-08-03 18:04:18,286 INFO o.a.j.t.JMeterThread: Thread finished: org.apache.jmeter.threads.JMeterThread@6f733945 - T03_SigninOutllok_08P - validate password /ows/v1.0/OutlookOptions-556
2026-08-03 18:04:18,288 INFO o.a.j.t.JMeterThread: Thread started: parallel T03_SigninOutllok_08P
2026-08-03 18:04:18,295 INFO o.a.j.t.JMeterThread: Thread started: parallel T03_SigninOutllok_04P
2026-08-03 18:04:18,299 INFO o.a.j.t.JMeterThread: Thread started: parallel T03_SigninOutllok_04P
2026-08-03 18:04:18,301 INFO o.a.j.t.JMeterThread: Thread started: parallel T03_SigninOutllok_04P
2026-08-03 18:04:18,302 INFO o.a.j.t.JMeterThread: Thread started: parallel T03_SigninOutllok_04P
2026-08-03 18:04:18,301 INFO o.a.j.t.JMeterThread: Thread started: parallel T03_SigninOutllok_04P
2026-08-03 18:04:18,303 INFO o.a.j.t.JMeterThread: Thread is done: org.apache.jmeter.threads.JMeterThread@6f733945 - T03_SigninOutllok_08P - validate password /owa/service.svc?action=GetComplianceConfiguration&app=Mail&n=14-541
2026-08-03 18:04:18,303 INFO o.a.j.t.JMeterThread: Thread finished: org.apache.jmeter.threads.JMeterThread@6f733945 - T03_SigninOutllok_08P - validate password /owa/service.svc?action=GetComplianceConfiguration&app=Mail&n=14-541
2026-08-03 18:04:18,303 INFO o.a.j.t.JMeterThread: Thread started: parallel T03_SigninOutllok_04P
2026-08-03 18:04:18,303 INFO o.a.j.t.JMeterThread: Thread started: parallel T03_SigninOutllok_08P
2026-08-03 18:04:18,312 INFO o.a.j.t.JMeterThread: Thread is done: org.apache.jmeter.threads.JMeterThread@6f733945 - T03_SigninOutllok_08P - validate password /api/v1/livepersonacard/configuration-585
2026-08-03 18:04:18,312 INFO o.a.j.t.JMeterThread: Thread finished: org.apache.jmeter.threads.JMeterThread@6f733945 - T03_SigninOutllok_08P - validate password /api/v1/livepersonacard/configuration-585
2026-08-03 18:04:18,334 INFO o.a.j.t.JMeterThread: Thread is done: org.apache.jmeter.threads.JMeterThread@6710ebeb - T03_SigninOutllok_08P - validate password /api/v1/livepersonacard/configuration-616
2026-08-03 18:04:18,334 INFO o.a.j.t.JMeterThread: Thread finished: org.apache.jmeter.threads.JMeterThread@6710ebeb - T03_SigninOutllok_08P - validate password /api/v1/livepersonacard/configuration-616
2026-08-03 18:04:18,348 INFO o.a.j.t.JMeterThread: Thread started: parallel T03_SigninOutllok_09P
2026-08-03 18:04:18,348 INFO o.a.j.t.JMeterThread: Thread started: parallel T03_SigninOutllok_09P
2026-08-03 18:04:18,350 INFO o.a.j.t.JMeterThread: Thread started: parallel T03_SigninOutllok_09P
2026-08-03 18:04:18,350 INFO o.a.j.t.JMeterThread: Thread started: parallel T03_SigninOutllok_09P
2026-08-03 18:04:18,348 INFO o.a.j.t.JMeterThread: Thread started: parallel T03_SigninOutllok_09P
2026-08-03 18:04:18,351 INFO o.a.j.t.JMeterThread: Thread started: parallel T03_SigninOutllok_09P
2026-08-03 18:04:18,386 INFO o.a.j.t.JMeterThread: Thread is done: org.apache.jmeter.threads.JMeterThread@6f733945 - T03_SigninOutllok_08P - validate password /outlookcopilot/mailIntelligence/v2.0/copilotsettings-559
2026-08-03 18:04:18,386 INFO o.a.j.t.JMeterThread: Thread finished: org.apache.jmeter.threads.JMeterThread@6f733945 - T03_SigninOutllok_08P - validate password /outlookcopilot/mailIntelligence/v2.0/copilotsettings-559
2026-08-03 18:04:18,399 INFO o.a.j.t.JMeterThread: Thread is done: org.apache.jmeter.threads.JMeterThread@6d66b008 - T03_SigninOutllok_04P - validate password /owamail/hashed-v1/resources/fonts/FluentSystemIcons-Regular-hash-fe13cdba.m.woff2-140
2026-08-03 18:04:18,399 INFO o.a.j.t.JMeterThread: Thread is done: org.apache.jmeter.threads.JMeterThread@6d66b008 - T03_SigninOutllok_04P - validate password /owamail/hashed-v1/resources/fonts/light-icons-hash-21e1c146.m.woff2-139
2026-08-03 18:04:18,399 INFO o.a.j.t.JMeterThread: Thread finished: org.apache.jmeter.threads.JMeterThread@6d66b008 - T03_SigninOutllok_04P - validate password /owamail/hashed-v1/resources/fonts/FluentSystemIcons-Regular-hash-fe13cdba.m.woff2-140
2026-08-03 18:04:18,399 INFO o.a.j.t.JMeterThread: Thread finished: org.apache.jmeter.threads.JMeterThread@6d66b008 - T03_SigninOutllok_04P - validate password /owamail/hashed-v1/resources/fonts/light-icons-hash-21e1c146.m.woff2-139
2026-08-03 18:04:18,399 INFO o.a.j.t.JMeterThread: Thread started: parallel T03_SigninOutllok_04P
2026-08-03 18:04:18,399 INFO o.a.j.t.JMeterThread: Thread started: parallel T03_SigninOutllok_04P
2026-08-03 18:04:18,401 INFO o.a.j.t.JMeterThread: Thread is done: org.apache.jmeter.threads.JMeterThread@6d66b008 - T03_SigninOutllok_04P - validate password /assets/mail/illustrations/noMailSelected/v2/light.svg-142
2026-08-03 18:04:18,401 INFO o.a.j.t.JMeterThread: Thread is done: org.apache.jmeter.threads.JMeterThread@6d66b008 - T03_SigninOutllok_04P - validate password /owamail/hashed-v1/resources/images/Mail_22px-hash-ef494f7f.m.svg-145
2026-08-03 18:04:18,402 INFO o.a.j.t.JMeterThread: Thread finished: org.apache.jmeter.threads.JMeterThread@6d66b008 - T03_SigninOutllok_04P - validate password /assets/mail/illustrations/noMailSelected/v2/light.svg-142
2026-08-03 18:04:18,402 INFO o.a.j.t.JMeterThread: Thread finished: org.apache.jmeter.threads.JMeterThread@6d66b008 - T03_SigninOutllok_04P - validate password /owamail/hashed-v1/resources/images/Mail_22px-hash-ef494f7f.m.svg-145
2026-08-03 18:04:18,402 INFO o.a.j.t.JMeterThread: Thread is done: org.apache.jmeter.threads.JMeterThread@6d66b008 - T03_SigninOutllok_04P - validate password /owamail/hashed-v1/resources/images/Calendar_22px-hash-4b5e2360.m.svg-146
2026-08-03 18:04:18,404 INFO o.a.j.t.JMeterThread: Thread finished: org.apache.jmeter.threads.JMeterThread@6d66b008 - T03_SigninOutllok_04P - validate password /owamail/hashed-v1/resources/images/Calendar_22px-hash-4b5e2360.m.svg-146
2026-08-03 18:04:18,406 INFO o.a.j.t.JMeterThread: Thread is done: org.apache.jmeter.threads.JMeterThread@6d66b008 - T03_SigninOutllok_04P - validate password /owamail/hashed-v1/resources/fonts/FluentSystemIcons-Resizable-hash-f808aee0.m.woff2-141
2026-08-03 18:04:18,406 INFO o.a.j.t.JMeterThread: Thread finished: org.apache.jmeter.threads.JMeterThread@6d66b008 - T03_SigninOutllok_04P - validate password /owamail/hashed-v1/resources/fonts/FluentSystemIcons-Resizable-hash-f808aee0.m.woff2-141
2026-08-03 18:04:18,461 INFO o.a.j.t.JMeterThread: Thread is done: org.apache.jmeter.threads.JMeterThread@6710ebeb - T03_SigninOutllok_09P - validate password /owamail/hashed-v1/resources/graphql/schema.all.min-hash-4d0b317d.graphql-624
2026-08-03 18:04:18,461 INFO o.a.j.t.JMeterThread: Thread finished: org.apache.jmeter.threads.JMeterThread@6710ebeb - T03_SigninOutllok_09P - validate password /owamail/hashed-v1/resources/graphql/schema.all.min-hash-4d0b317d.graphql-624
2026-08-03 18:04:18,461 INFO o.a.j.t.JMeterThread: Thread started: parallel T03_SigninOutllok_09P
2026-08-03 18:04:18,465 INFO o.a.j.t.JMeterThread: Thread is done: org.apache.jmeter.threads.JMeterThread@6f733945 - T03_SigninOutllok_08P - validate password /api/v1/livepersonacard/configuration?cultureName=en-GB-607
2026-08-03 18:04:18,468 INFO o.a.j.t.JMeterThread: Thread finished: org.apache.jmeter.threads.JMeterThread@6f733945 - T03_SigninOutllok_08P - validate password /api/v1/livepersonacard/configuration?cultureName=en-GB-607
2026-08-03 18:04:18,465 INFO o.a.j.t.JMeterThread: Thread is done: org.apache.jmeter.threads.JMeterThread@6f733945 - T03_SigninOutllok_08P - validate password /ows/v1.0/OutlookOptions/MailLayout?n=17&cri=a91ae634-0dbd-6200-9168-ec0957d0e6ef&cv=vHWyfbsM51acLkffDosbHY.18-586
2026-08-03 18:04:18,468 INFO o.a.j.t.JMeterThread: Thread finished: org.apache.jmeter.threads.JMeterThread@6f733945 - T03_SigninOutllok_08P - validate password /ows/v1.0/OutlookOptions/MailLayout?n=17&cri=a91ae634-0dbd-6200-9168-ec0957d0e6ef&cv=vHWyfbsM51acLkffDosbHY.18-586
2026-08-03 18:04:18,468 INFO o.a.j.t.JMeterThread: Thread is done: org.apache.jmeter.threads.JMeterThread@6f733945 - T03_SigninOutllok_08P - validate password /outlookcopilot/mailIntelligence/v4.0/copilotUserPreferences-583
2026-08-03 18:04:18,468 INFO o.a.j.t.JMeterThread: Thread finished: org.apache.jmeter.threads.JMeterThread@6f733945 - T03_SigninOutllok_08P - validate password /outlookcopilot/mailIntelligence/v4.0/copilotUserPreferences-583
2026-08-03 18:04:18,484 INFO o.a.j.t.JMeterThread: Thread is done: org.apache.jmeter.threads.JMeterThread@6d66b008 - T03_SigninOutllok_04P - validate password /owamail/hashed-v1/resources/images/Newsletters_22px-hash-9cfbd5b7.m.svg-151
2026-08-03 18:04:18,484 INFO o.a.j.t.JMeterThread: Thread finished: org.apache.jmeter.threads.JMeterThread@6d66b008 - T03_SigninOutllok_04P - validate password /owamail/hashed-v1/resources/images/Newsletters_22px-hash-9cfbd5b7.m.svg-151
2026-08-03 18:04:18,484 INFO o.a.j.t.JMeterThread: Thread is done: org.apache.jmeter.threads.JMeterThread@6d66b008 - T03_SigninOutllok_04P - validate password /owamail/hashed-v1/resources/images/People_22px-hash-6b8f0c5c.m.svg-150
2026-08-03 18:04:18,484 INFO o.a.j.t.JMeterThread: Thread finished: org.apache.jmeter.threads.JMeterThread@6d66b008 - T03_SigninOutllok_04P - validate password /owamail/hashed-v1/resources/images/People_22px-hash-6b8f0c5c.m.svg-150
2026-08-03 18:04:18,492 INFO o.a.j.t.JMeterThread: Thread started: parallel T03_SigninOutllok_05P
2026-08-03 18:04:18,492 INFO o.a.j.t.JMeterThread: Thread started: parallel T03_SigninOutllok_05P
2026-08-03 18:04:18,492 INFO o.a.j.t.JMeterThread: Thread started: parallel T03_SigninOutllok_05P
2026-08-03 18:04:18,499 INFO o.a.j.t.JMeterThread: Thread started: parallel T03_SigninOutllok_05P
2026-08-03 18:04:18,492 INFO o.a.j.t.JMeterThread: Thread started: parallel T03_SigninOutllok_05P
2026-08-03 18:04:18,500 INFO o.a.j.t.JMeterThread: Thread started: parallel T03_SigninOutllok_05P
2026-08-03 18:04:18,520 INFO o.a.j.t.JMeterThread: Thread is done: org.apache.jmeter.threads.JMeterThread@6f733945 - T03_SigninOutllok_08P - validate password /api/v1/livepersonacard/configuration-616
2026-08-03 18:04:18,520 INFO o.a.j.t.JMeterThread: Thread finished: org.apache.jmeter.threads.JMeterThread@6f733945 - T03_SigninOutllok_08P - validate password /api/v1/livepersonacard/configuration-616
2026-08-03 18:04:18,559 INFO o.a.j.t.JMeterThread: Thread started: parallel T03_SigninOutllok_09P
2026-08-03 18:04:18,559 INFO o.a.j.t.JMeterThread: Thread started: parallel T03_SigninOutllok_09P
2026-08-03 18:04:18,559 INFO o.a.j.t.JMeterThread: Thread started: parallel T03_SigninOutllok_09P
2026-08-03 18:04:18,559 INFO o.a.j.t.JMeterThread: Thread started: parallel T03_SigninOutllok_09P
2026-08-03 18:04:18,559 INFO o.a.j.t.JMeterThread: Thread started: parallel T03_SigninOutllok_09P
2026-08-03 18:04:18,559 INFO o.a.j.t.JMeterThread: Thread started: parallel T03_SigninOutllok_09P
2026-08-03 18:04:18,592 INFO o.a.j.t.JMeterThread: Thread is done: org.apache.jmeter.threads.JMeterThread@6d66b008 - T03_SigninOutllok_05P - validate password /s01-tpswwprod/B01C43E8AC2EE8B7BFD5FEC28279DFF918360F67809E8869DC0F3C7F60DB35FD-157
2026-08-03 18:04:18,592 INFO o.a.j.t.JMeterThread: Thread finished: org.apache.jmeter.threads.JMeterThread@6d66b008 - T03_SigninOutllok_05P - validate password /s01-tpswwprod/B01C43E8AC2EE8B7BFD5FEC28279DFF918360F67809E8869DC0F3C7F60DB35FD-157
2026-08-03 18:04:18,592 INFO o.a.j.t.JMeterThread: Thread started: parallel T03_SigninOutllok_05P
2026-08-03 18:04:18,659 INFO o.a.j.t.JMeterThread: Thread is done: org.apache.jmeter.threads.JMeterThread@6710ebeb - T03_SigninOutllok_09P - validate password /owa/published/service.svc?action=GetTimeZoneOffsets&app=Mail&n=0-614
2026-08-03 18:04:18,659 INFO o.a.j.t.JMeterThread: Thread finished: org.apache.jmeter.threads.JMeterThread@6710ebeb - T03_SigninOutllok_09P - validate password /owa/published/service.svc?action=GetTimeZoneOffsets&app=Mail&n=0-614
2026-08-03 18:04:18,659 INFO o.a.j.t.JMeterThread: Thread started: parallel T03_SigninOutllok_09P
2026-08-03 18:04:18,659 INFO o.a.j.t.JMeterThread: Thread is done: org.apache.jmeter.threads.JMeterThread@6710ebeb - T03_SigninOutllok_09P - validate password /owa/published/service.svc?action=GetTimeZoneOffsets&app=Mail&n=2-609
2026-08-03 18:04:18,659 INFO o.a.j.t.JMeterThread: Thread finished: org.apache.jmeter.threads.JMeterThread@6710ebeb - T03_SigninOutllok_09P - validate password /owa/published/service.svc?action=GetTimeZoneOffsets&app=Mail&n=2-609
2026-08-03 18:04:18,672 INFO o.a.j.t.JMeterThread: Thread is done: org.apache.jmeter.threads.JMeterThread@6d66b008 - T03_SigninOutllok_05P - validate password /s01-tpswwprod/968AB88037AECA6B2E7A1EB965C99A9A9C614A81FD0296889E7C1EB265F4E9CD-545
2026-08-03 18:04:18,672 INFO o.a.j.t.JMeterThread: Thread finished: org.apache.jmeter.threads.JMeterThread@6d66b008 - T03_SigninOutllok_05P - validate password /s01-tpswwprod/968AB88037AECA6B2E7A1EB965C99A9A9C614A81FD0296889E7C1EB265F4E9CD-545
2026-08-03 18:04:18,672 INFO o.a.j.t.JMeterThread: Thread started: parallel T03_SigninOutllok_05P
2026-08-03 18:04:18,678 INFO o.a.j.t.JMeterThread: Thread is done: org.apache.jmeter.threads.JMeterThread@6f733945 - T03_SigninOutllok_09P - validate password /owamail/hashed-v1/resources/graphql/schema.all.min-hash-4d0b317d.graphql-624
2026-08-03 18:04:18,678 INFO o.a.j.t.JMeterThread: Thread finished: org.apache.jmeter.threads.JMeterThread@6f733945 - T03_SigninOutllok_09P - validate password /owamail/hashed-v1/resources/graphql/schema.all.min-hash-4d0b317d.graphql-624
2026-08-03 18:04:18,678 INFO o.a.j.t.JMeterThread: Thread started: parallel T03_SigninOutllok_09P
2026-08-03 18:04:18,681 INFO o.a.j.t.JMeterThread: Thread is done: org.apache.jmeter.threads.JMeterThread@6710ebeb - T03_SigninOutllok_09P - validate password /owa/service.svc?action=GetTimeZone&app=Mail&n=1-611
2026-08-03 18:04:18,683 INFO o.a.j.t.JMeterThread: Thread finished: org.apache.jmeter.threads.JMeterThread@6710ebeb - T03_SigninOutllok_09P - validate password /owa/service.svc?action=GetTimeZone&app=Mail&n=1-611
2026-08-03 18:04:18,688 INFO o.a.j.t.JMeterThread: Thread is done: org.apache.jmeter.threads.JMeterThread@6d66b008 - T03_SigninOutllok_05P - validate password /conf/v2/o365se/fpconfig.min.json-171
2026-08-03 18:04:18,689 INFO o.a.j.t.JMeterThread: Thread finished: org.apache.jmeter.threads.JMeterThread@6d66b008 - T03_SigninOutllok_05P - validate password /conf/v2/o365se/fpconfig.min.json-171
2026-08-03 18:04:18,690 INFO o.a.j.t.JMeterThread: Thread started: parallel T03_SigninOutllok_05P
2026-08-03 18:04:18,691 INFO o.a.j.t.JMeterThread: Thread is done: org.apache.jmeter.threads.JMeterThread@6710ebeb - T03_SigninOutllok_09P - validate password /owa/service.svc?action=GetTimeZone&app=Mail&n=3-613
2026-08-03 18:04:18,691 INFO o.a.j.t.JMeterThread: Thread finished: org.apache.jmeter.threads.JMeterThread@6710ebeb - T03_SigninOutllok_09P - validate password /owa/service.svc?action=GetTimeZone&app=Mail&n=3-613
2026-08-03 18:04:18,708 INFO o.a.j.t.JMeterThread: Thread is done: org.apache.jmeter.threads.JMeterThread@6d66b008 - T03_SigninOutllok_05P - validate password /user/v1.0/web/policies-169
2026-08-03 18:04:18,708 INFO o.a.j.t.JMeterThread: Thread finished: org.apache.jmeter.threads.JMeterThread@6d66b008 - T03_SigninOutllok_05P - validate password /user/v1.0/web/policies-169
2026-08-03 18:04:18,708 INFO o.a.j.t.JMeterThread: Thread is done: org.apache.jmeter.threads.JMeterThread@6d66b008 - T03_SigninOutllok_05P - validate password /me-176
2026-08-03 18:04:18,708 INFO o.a.j.t.JMeterThread: Thread finished: org.apache.jmeter.threads.JMeterThread@6d66b008 - T03_SigninOutllok_05P - validate password /me-176
2026-08-03 18:04:18,750 INFO o.a.j.t.JMeterThread: Thread is done: org.apache.jmeter.threads.JMeterThread@6d66b008 - T03_SigninOutllok_05P - validate password /owamail/hashed-v1/resources/images/onedrive_24x-hash-e0d279de.m.svg-538
2026-08-03 18:04:18,750 INFO o.a.j.t.JMeterThread: Thread finished: org.apache.jmeter.threads.JMeterThread@6d66b008 - T03_SigninOutllok_05P - validate password /owamail/hashed-v1/resources/images/onedrive_24x-hash-e0d279de.m.svg-538
2026-08-03 18:04:18,859 INFO o.a.j.t.JMeterThread: Thread is done: org.apache.jmeter.threads.JMeterThread@6d66b008 - T03_SigninOutllok_05P - validate password /ows/api/beta/BootSettings/ReportSubmissionPolicy-161
2026-08-03 18:04:18,874 INFO o.a.j.t.JMeterThread: Thread finished: org.apache.jmeter.threads.JMeterThread@6d66b008 - T03_SigninOutllok_05P - validate password /ows/api/beta/BootSettings/ReportSubmissionPolicy-161
2026-08-03 18:04:18,878 INFO o.a.j.t.JMeterThread: Thread is done: org.apache.jmeter.threads.JMeterThread@6f733945 - T03_SigninOutllok_09P - validate password /owa/published/service.svc?action=GetTimeZoneOffsets&app=Mail&n=2-609
2026-08-03 18:04:18,878 INFO o.a.j.t.JMeterThread: Thread finished: org.apache.jmeter.threads.JMeterThread@6f733945 - T03_SigninOutllok_09P - validate password /owa/published/service.svc?action=GetTimeZoneOffsets&app=Mail&n=2-609
2026-08-03 18:04:18,878 INFO o.a.j.t.JMeterThread: Thread started: parallel T03_SigninOutllok_09P
2026-08-03 18:04:18,894 INFO o.a.j.t.JMeterThread: Thread is done: org.apache.jmeter.threads.JMeterThread@6f733945 - T03_SigninOutllok_09P - validate password /owa/service.svc?action=GetTimeZone&app=Mail&n=1-611
2026-08-03 18:04:18,894 INFO o.a.j.t.JMeterThread: Thread finished: org.apache.jmeter.threads.JMeterThread@6f733945 - T03_SigninOutllok_09P - validate password /owa/service.svc?action=GetTimeZone&app=Mail&n=1-611
2026-08-03 18:04:18,894 INFO o.a.j.t.JMeterThread: Thread is done: org.apache.jmeter.threads.JMeterThread@6f733945 - T03_SigninOutllok_09P - validate password /owa/service.svc?action=GetTimeZone&app=Mail&n=3-613
2026-08-03 18:04:18,894 INFO o.a.j.t.JMeterThread: Thread is done: org.apache.jmeter.threads.JMeterThread@6f733945 - T03_SigninOutllok_09P - validate password /owa/published/service.svc?action=GetTimeZoneOffsets&app=Mail&n=0-614
2026-08-03 18:04:18,894 INFO o.a.j.t.JMeterThread: Thread finished: org.apache.jmeter.threads.JMeterThread@6f733945 - T03_SigninOutllok_09P - validate password /owa/service.svc?action=GetTimeZone&app=Mail&n=3-613
2026-08-03 18:04:18,894 INFO o.a.j.t.JMeterThread: Thread finished: org.apache.jmeter.threads.JMeterThread@6f733945 - T03_SigninOutllok_09P - validate password /owa/published/service.svc?action=GetTimeZoneOffsets&app=Mail&n=0-614
2026-08-03 18:04:18,894 INFO o.a.j.t.JMeterThread: Thread is done: org.apache.jmeter.threads.JMeterThread@6710ebeb - T03_SigninOutllok_09P - validate password /owa/service.svc?action=GetOwaNonBootUserConfiguration&app=Mail&n=4-634
2026-08-03 18:04:18,894 INFO o.a.j.t.JMeterThread: Thread finished: org.apache.jmeter.threads.JMeterThread@6710ebeb - T03_SigninOutllok_09P - validate password /owa/service.svc?action=GetOwaNonBootUserConfiguration&app=Mail&n=4-634
2026-08-03 18:04:18,951 INFO o.a.j.t.JMeterThread: Thread is done: org.apache.jmeter.threads.JMeterThread@6d66b008 - T03_SigninOutllok_05P - validate password /config/v1/OneShell/1.0.0.0-153
2026-08-03 18:04:18,951 INFO o.a.j.t.JMeterThread: Thread finished: org.apache.jmeter.threads.JMeterThread@6d66b008 - T03_SigninOutllok_05P - validate password /config/v1/OneShell/1.0.0.0-153
2026-08-03 18:04:19,076 INFO o.a.j.t.JMeterThread: Thread is done: org.apache.jmeter.threads.JMeterThread@6d66b008 - T03_SigninOutllok_05P - validate password /owa/service.svc?action=GetAttachmentPreviews&app=Mail&n=7-537
2026-08-03 18:04:19,077 INFO o.a.j.t.JMeterThread: Thread finished: org.apache.jmeter.threads.JMeterThread@6d66b008 - T03_SigninOutllok_05P - validate password /owa/service.svc?action=GetAttachmentPreviews&app=Mail&n=7-537
2026-08-03 18:04:19,092 INFO o.a.j.t.JMeterThread: Thread is done: org.apache.jmeter.threads.JMeterThread@6710ebeb - T03_SigninOutllok_09P - validate password /organizations/oauth2/v2.0/token?client-request-id=2ffeab41-0b01-281d-9763-66361f2097d5-660
2026-08-03 18:04:19,093 INFO o.a.j.t.JMeterThread: Thread finished: org.apache.jmeter.threads.JMeterThread@6710ebeb - T03_SigninOutllok_09P - validate password /organizations/oauth2/v2.0/token?client-request-id=2ffeab41-0b01-281d-9763-66361f2097d5-660
2026-08-03 18:04:19,140 INFO o.a.j.t.JMeterThread: Thread is done: org.apache.jmeter.threads.JMeterThread@6f733945 - T03_SigninOutllok_09P - validate password /owa/service.svc?action=GetOwaNonBootUserConfiguration&app=Mail&n=4-634
2026-08-03 18:04:19,140 INFO o.a.j.t.JMeterThread: Thread finished: org.apache.jmeter.threads.JMeterThread@6f733945 - T03_SigninOutllok_09P - validate password /owa/service.svc?action=GetOwaNonBootUserConfiguration&app=Mail&n=4-634
2026-08-03 18:04:19,275 ERROR o.a.j.v.b.g.TextGraphiteMetricsSender: Error writing to Graphite: Connection refused: no further information
java.net.ConnectException: Connection refused: no further information
	at java.base/sun.nio.ch.Net.pollConnect(Native Method) ~[?:?]
	at java.base/sun.nio.ch.Net.pollConnectNow(Net.java:672) ~[?:?]
	at java.base/sun.nio.ch.NioSocketImpl.timedFinishConnect(NioSocketImpl.java:547) ~[?:?]
	at java.base/sun.nio.ch.NioSocketImpl.connect(NioSocketImpl.java:602) ~[?:?]
	at java.base/java.net.SocksSocketImpl.connect(SocksSocketImpl.java:327) ~[?:?]
	at java.base/java.net.Socket.connect(Socket.java:633) ~[?:?]
	at org.apache.jmeter.visualizers.backend.graphite.SocketOutputStreamPoolFactory.create(SocketOutputStreamPoolFactory.java:76) ~[ApacheJMeter_components.jar:5.6.3]
	at org.apache.jmeter.visualizers.backend.graphite.SocketOutputStreamPoolFactory.makeObject(SocketOutputStreamPoolFactory.java:47) ~[ApacheJMeter_components.jar:5.6.3]
	at org.apache.jmeter.visualizers.backend.graphite.SocketOutputStreamPoolFactory.makeObject(SocketOutputStreamPoolFactory.java:33) ~[ApacheJMeter_components.jar:5.6.3]
	at org.apache.commons.pool2.impl.GenericKeyedObjectPool.create(GenericKeyedObjectPool.java:796) ~[commons-pool2-2.12.0.jar:2.12.0]
	at org.apache.commons.pool2.impl.GenericKeyedObjectPool.borrowObject(GenericKeyedObjectPool.java:444) ~[commons-pool2-2.12.0.jar:2.12.0]
	at org.apache.commons.pool2.impl.GenericKeyedObjectPool.borrowObject(GenericKeyedObjectPool.java:355) ~[commons-pool2-2.12.0.jar:2.12.0]
	at org.apache.jmeter.visualizers.backend.graphite.TextGraphiteMetricsSender.writeMetrics(TextGraphiteMetricsSender.java:110) [ApacheJMeter_components.jar:5.6.3]
	at org.apache.jmeter.visualizers.backend.graphite.TextGraphiteMetricsSender.writeAndSendMetrics(TextGraphiteMetricsSender.java:104) [ApacheJMeter_components.jar:5.6.3]
	at org.apache.jmeter.visualizers.backend.graphite.GraphiteBackendListenerClient.sendMetrics(GraphiteBackendListenerClient.java:186) [ApacheJMeter_components.jar:5.6.3]
	at org.apache.jmeter.visualizers.backend.graphite.GraphiteBackendListenerClient.run(GraphiteBackendListenerClient.java:149) [ApacheJMeter_components.jar:5.6.3]
	at java.base/java.util.concurrent.Executors$RunnableAdapter.call(Executors.java:539) [?:?]
	at java.base/java.util.concurrent.FutureTask.runAndReset(FutureTask.java:305) [?:?]
	at java.base/java.util.concurrent.ScheduledThreadPoolExecutor$ScheduledFutureTask.run(ScheduledThreadPoolExecutor.java:305) [?:?]
	at java.base/java.util.concurrent.ThreadPoolExecutor.runWorker(ThreadPoolExecutor.java:1136) [?:?]
	at java.base/java.util.concurrent.ThreadPoolExecutor$Worker.run(ThreadPoolExecutor.java:635) [?:?]
	at java.base/java.lang.Thread.run(Thread.java:842) [?:?]
2026-08-03 18:04:19,309 INFO o.a.j.t.JMeterThread: Thread is done: org.apache.jmeter.threads.JMeterThread@6f733945 - T03_SigninOutllok_09P - validate password /organizations/oauth2/v2.0/token?client-request-id=2ffeab41-0b01-281d-9763-66361f2097d5-660
2026-08-03 18:04:19,309 INFO o.a.j.t.JMeterThread: Thread finished: org.apache.jmeter.threads.JMeterThread@6f733945 - T03_SigninOutllok_09P - validate password /organizations/oauth2/v2.0/token?client-request-id=2ffeab41-0b01-281d-9763-66361f2097d5-660
2026-08-03 18:04:19,383 INFO o.a.j.t.JMeterThread: Thread is done: org.apache.jmeter.threads.JMeterThread@6710ebeb - T03_SigninOutllok_09P - validate password /api/myapps/GetAllApps-588
2026-08-03 18:04:19,383 INFO o.a.j.t.JMeterThread: Thread finished: org.apache.jmeter.threads.JMeterThread@6710ebeb - T03_SigninOutllok_09P - validate password /api/myapps/GetAllApps-588
2026-08-03 18:04:19,409 INFO o.a.j.t.JMeterThread: Thread started: parallel T03_SigninOutllok_10P
2026-08-03 18:04:19,409 INFO o.a.j.t.JMeterThread: Thread started: parallel T03_SigninOutllok_10P
2026-08-03 18:04:19,410 INFO o.a.j.t.JMeterThread: Thread started: parallel T03_SigninOutllok_10P
2026-08-03 18:04:19,411 INFO o.a.j.t.JMeterThread: Thread started: parallel T03_SigninOutllok_10P
2026-08-03 18:04:19,412 INFO o.a.j.t.JMeterThread: Thread started: parallel T03_SigninOutllok_10P
2026-08-03 18:04:19,476 INFO o.a.j.t.JMeterThread: Thread is done: org.apache.jmeter.threads.JMeterThread@6f733945 - T03_SigninOutllok_09P - validate password /api/myapps/GetAllApps-588
2026-08-03 18:04:19,481 INFO o.a.j.t.JMeterThread: Thread finished: org.apache.jmeter.threads.JMeterThread@6f733945 - T03_SigninOutllok_09P - validate password /api/myapps/GetAllApps-588
2026-08-03 18:04:19,496 INFO o.a.j.t.JMeterThread: Thread started: parallel T03_SigninOutllok_10P
2026-08-03 18:04:19,496 INFO o.a.j.t.JMeterThread: Thread started: parallel T03_SigninOutllok_10P
2026-08-03 18:04:19,498 INFO o.a.j.t.JMeterThread: Thread started: parallel T03_SigninOutllok_10P
2026-08-03 18:04:19,500 INFO o.a.j.t.JMeterThread: Thread started: parallel T03_SigninOutllok_10P
2026-08-03 18:04:19,501 INFO o.a.j.t.JMeterThread: Thread started: parallel T03_SigninOutllok_10P
2026-08-03 18:04:19,724 INFO o.a.j.t.JMeterThread: Thread is done: org.apache.jmeter.threads.JMeterThread@6710ebeb - T03_SigninOutllok_10P - validate password /owa/service.svc?action=GetFolder&app=Mail&n=7-662
2026-08-03 18:04:19,724 INFO o.a.j.t.JMeterThread: Thread finished: org.apache.jmeter.threads.JMeterThread@6710ebeb - T03_SigninOutllok_10P - validate password /owa/service.svc?action=GetFolder&app=Mail&n=7-662
2026-08-03 18:04:19,724 INFO o.a.j.t.JMeterThread: Thread is done: org.apache.jmeter.threads.JMeterThread@6710ebeb - T03_SigninOutllok_10P - validate password /owa/service.svc?action=FindFolder&app=Mail&n=6-655
2026-08-03 18:04:19,724 INFO o.a.j.t.JMeterThread: Thread finished: org.apache.jmeter.threads.JMeterThread@6710ebeb - T03_SigninOutllok_10P - validate password /owa/service.svc?action=FindFolder&app=Mail&n=6-655
2026-08-03 18:04:19,724 INFO o.a.j.t.JMeterThread: Thread is done: org.apache.jmeter.threads.JMeterThread@6710ebeb - T03_SigninOutllok_10P - validate password /ows/beta/RoamingSignatures/GetRoamingSignaturesStatus-668
2026-08-03 18:04:19,724 INFO o.a.j.t.JMeterThread: Thread finished: org.apache.jmeter.threads.JMeterThread@6710ebeb - T03_SigninOutllok_10P - validate password /ows/beta/RoamingSignatures/GetRoamingSignaturesStatus-668
2026-08-03 18:04:19,739 INFO o.a.j.t.JMeterThread: Thread is done: org.apache.jmeter.threads.JMeterThread@6710ebeb - T03_SigninOutllok_10P - validate password /owa/service.svc?action=FindFolder&app=Mail&n=8-656
2026-08-03 18:04:19,739 INFO o.a.j.t.JMeterThread: Thread finished: org.apache.jmeter.threads.JMeterThread@6710ebeb - T03_SigninOutllok_10P - validate password /owa/service.svc?action=FindFolder&app=Mail&n=8-656
2026-08-03 18:04:19,811 INFO o.a.j.t.JMeterThread: Thread is done: org.apache.jmeter.threads.JMeterThread@6f733945 - T03_SigninOutllok_10P - validate password /owa/service.svc?action=GetFolder&app=Mail&n=7-662
2026-08-03 18:04:19,811 INFO o.a.j.t.JMeterThread: Thread finished: org.apache.jmeter.threads.JMeterThread@6f733945 - T03_SigninOutllok_10P - validate password /owa/service.svc?action=GetFolder&app=Mail&n=7-662
2026-08-03 18:04:19,811 INFO o.a.j.t.JMeterThread: Thread is done: org.apache.jmeter.threads.JMeterThread@6f733945 - T03_SigninOutllok_10P - validate password /ows/beta/RoamingSignatures/GetRoamingSignaturesStatus-668
2026-08-03 18:04:19,811 INFO o.a.j.t.JMeterThread: Thread finished: org.apache.jmeter.threads.JMeterThread@6f733945 - T03_SigninOutllok_10P - validate password /ows/beta/RoamingSignatures/GetRoamingSignaturesStatus-668
2026-08-03 18:04:19,825 INFO o.a.j.t.JMeterThread: Thread is done: org.apache.jmeter.threads.JMeterThread@6f733945 - T03_SigninOutllok_10P - validate password /owa/service.svc?action=FindFolder&app=Mail&n=6-655
2026-08-03 18:04:19,825 INFO o.a.j.t.JMeterThread: Thread finished: org.apache.jmeter.threads.JMeterThread@6f733945 - T03_SigninOutllok_10P - validate password /owa/service.svc?action=FindFolder&app=Mail&n=6-655
2026-08-03 18:04:19,895 INFO o.a.j.t.JMeterThread: Thread is done: org.apache.jmeter.threads.JMeterThread@6f733945 - T03_SigninOutllok_10P - validate password /owa/service.svc?action=FindFolder&app=Mail&n=8-656
2026-08-03 18:04:19,895 INFO o.a.j.t.JMeterThread: Thread finished: org.apache.jmeter.threads.JMeterThread@6f733945 - T03_SigninOutllok_10P - validate password /owa/service.svc?action=FindFolder&app=Mail&n=8-656
2026-08-03 18:04:19,895 INFO o.a.j.t.JMeterThread: Thread is done: org.apache.jmeter.threads.JMeterThread@6f733945 - T03_SigninOutllok_10P - validate password /owa/service.svc?action=FindConversation&app=Mail&n=5-654
2026-08-03 18:04:19,895 INFO o.a.j.t.JMeterThread: Thread finished: org.apache.jmeter.threads.JMeterThread@6f733945 - T03_SigninOutllok_10P - validate password /owa/service.svc?action=FindConversation&app=Mail&n=5-654
2026-08-03 18:04:19,916 INFO o.a.j.t.JMeterThread: Thread started: parallel T03_SigninOutllok_11P
2026-08-03 18:04:19,916 INFO o.a.j.t.JMeterThread: Thread started: parallel T03_SigninOutllok_11P
2026-08-03 18:04:19,916 INFO o.a.j.t.JMeterThread: Thread started: parallel T03_SigninOutllok_11P
2026-08-03 18:04:19,916 INFO o.a.j.t.JMeterThread: Thread started: parallel T03_SigninOutllok_11P
2026-08-03 18:04:19,940 INFO o.a.j.t.JMeterThread: Thread is done: org.apache.jmeter.threads.JMeterThread@6710ebeb - T03_SigninOutllok_10P - validate password /owa/service.svc?action=FindConversation&app=Mail&n=5-654
2026-08-03 18:04:19,940 INFO o.a.j.t.JMeterThread: Thread finished: org.apache.jmeter.threads.JMeterThread@6710ebeb - T03_SigninOutllok_10P - validate password /owa/service.svc?action=FindConversation&app=Mail&n=5-654
2026-08-03 18:04:19,957 INFO o.a.j.t.JMeterThread: Thread started: parallel T03_SigninOutllok_11P
2026-08-03 18:04:19,957 INFO o.a.j.t.JMeterThread: Thread started: parallel T03_SigninOutllok_11P
2026-08-03 18:04:19,958 INFO o.a.j.t.JMeterThread: Thread started: parallel T03_SigninOutllok_11P
2026-08-03 18:04:19,958 INFO o.a.j.t.JMeterThread: Thread started: parallel T03_SigninOutllok_11P
2026-08-03 18:04:20,279 INFO o.a.j.t.JMeterThread: Thread is done: org.apache.jmeter.threads.JMeterThread@6f733945 - T03_SigninOutllok_11P - validate password /ows/v1/OutlookCloudSettings/settings/-669
2026-08-03 18:04:20,279 INFO o.a.j.t.JMeterThread: Thread finished: org.apache.jmeter.threads.JMeterThread@6f733945 - T03_SigninOutllok_11P - validate password /ows/v1/OutlookCloudSettings/settings/-669
2026-08-03 18:04:20,284 INFO o.a.j.t.JMeterThread: Thread is done: org.apache.jmeter.threads.JMeterThread@6f733945 - T03_SigninOutllok_11P - validate password /ows/v1/OutlookCloudSettings/settings/-674
2026-08-03 18:04:20,284 INFO o.a.j.t.JMeterThread: Thread finished: org.apache.jmeter.threads.JMeterThread@6f733945 - T03_SigninOutllok_11P - validate password /ows/v1/OutlookCloudSettings/settings/-674
2026-08-03 18:04:20,303 INFO o.a.j.t.JMeterThread: Thread is done: org.apache.jmeter.threads.JMeterThread@6710ebeb - T03_SigninOutllok_11P - validate password /ows/v1/OutlookCloudSettings/settings/-669
2026-08-03 18:04:20,303 INFO o.a.j.t.JMeterThread: Thread finished: org.apache.jmeter.threads.JMeterThread@6710ebeb - T03_SigninOutllok_11P - validate password /ows/v1/OutlookCloudSettings/settings/-669
2026-08-03 18:04:20,303 INFO o.a.j.t.JMeterThread: Thread is done: org.apache.jmeter.threads.JMeterThread@6f733945 - T03_SigninOutllok_11P - validate password /ows/v1/OutlookCloudSettings/settings/-670
2026-08-03 18:04:20,303 INFO o.a.j.t.JMeterThread: Thread finished: org.apache.jmeter.threads.JMeterThread@6f733945 - T03_SigninOutllok_11P - validate password /ows/v1/OutlookCloudSettings/settings/-670
2026-08-03 18:04:20,306 ERROR o.a.j.v.b.g.TextGraphiteMetricsSender: Error writing to Graphite: Connection refused: no further information
java.net.ConnectException: Connection refused: no further information
	at java.base/sun.nio.ch.Net.pollConnect(Native Method) ~[?:?]
	at java.base/sun.nio.ch.Net.pollConnectNow(Net.java:672) ~[?:?]
	at java.base/sun.nio.ch.NioSocketImpl.timedFinishConnect(NioSocketImpl.java:547) ~[?:?]
	at java.base/sun.nio.ch.NioSocketImpl.connect(NioSocketImpl.java:602) ~[?:?]
	at java.base/java.net.SocksSocketImpl.connect(SocksSocketImpl.java:327) ~[?:?]
	at java.base/java.net.Socket.connect(Socket.java:633) ~[?:?]
	at org.apache.jmeter.visualizers.backend.graphite.SocketOutputStreamPoolFactory.create(SocketOutputStreamPoolFactory.java:76) ~[ApacheJMeter_components.jar:5.6.3]
	at org.apache.jmeter.visualizers.backend.graphite.SocketOutputStreamPoolFactory.makeObject(SocketOutputStreamPoolFactory.java:47) ~[ApacheJMeter_components.jar:5.6.3]
	at org.apache.jmeter.visualizers.backend.graphite.SocketOutputStreamPoolFactory.makeObject(SocketOutputStreamPoolFactory.java:33) ~[ApacheJMeter_components.jar:5.6.3]
	at org.apache.commons.pool2.impl.GenericKeyedObjectPool.create(GenericKeyedObjectPool.java:796) ~[commons-pool2-2.12.0.jar:2.12.0]
	at org.apache.commons.pool2.impl.GenericKeyedObjectPool.borrowObject(GenericKeyedObjectPool.java:444) ~[commons-pool2-2.12.0.jar:2.12.0]
	at org.apache.commons.pool2.impl.GenericKeyedObjectPool.borrowObject(GenericKeyedObjectPool.java:355) ~[commons-pool2-2.12.0.jar:2.12.0]
	at org.apache.jmeter.visualizers.backend.graphite.TextGraphiteMetricsSender.writeMetrics(TextGraphiteMetricsSender.java:110) [ApacheJMeter_components.jar:5.6.3]
	at org.apache.jmeter.visualizers.backend.graphite.TextGraphiteMetricsSender.writeAndSendMetrics(TextGraphiteMetricsSender.java:104) [ApacheJMeter_components.jar:5.6.3]
	at org.apache.jmeter.visualizers.backend.graphite.GraphiteBackendListenerClient.sendMetrics(GraphiteBackendListenerClient.java:186) [ApacheJMeter_components.jar:5.6.3]
	at org.apache.jmeter.visualizers.backend.graphite.GraphiteBackendListenerClient.run(GraphiteBackendListenerClient.java:149) [ApacheJMeter_components.jar:5.6.3]
	at java.base/java.util.concurrent.Executors$RunnableAdapter.call(Executors.java:539) [?:?]
	at java.base/java.util.concurrent.FutureTask.runAndReset(FutureTask.java:305) [?:?]
	at java.base/java.util.concurrent.ScheduledThreadPoolExecutor$ScheduledFutureTask.run(ScheduledThreadPoolExecutor.java:305) [?:?]
	at java.base/java.util.concurrent.ThreadPoolExecutor.runWorker(ThreadPoolExecutor.java:1136) [?:?]
	at java.base/java.util.concurrent.ThreadPoolExecutor$Worker.run(ThreadPoolExecutor.java:635) [?:?]
	at java.base/java.lang.Thread.run(Thread.java:842) [?:?]
2026-08-03 18:04:20,314 INFO o.a.j.t.JMeterThread: Thread is done: org.apache.jmeter.threads.JMeterThread@6710ebeb - T03_SigninOutllok_11P - validate password /ows/v1/OutlookCloudSettings/settings/-674
2026-08-03 18:04:20,314 INFO o.a.j.t.JMeterThread: Thread finished: org.apache.jmeter.threads.JMeterThread@6710ebeb - T03_SigninOutllok_11P - validate password /ows/v1/OutlookCloudSettings/settings/-674
2026-08-03 18:04:20,324 INFO o.a.j.t.JMeterThread: Thread is done: org.apache.jmeter.threads.JMeterThread@6710ebeb - T03_SigninOutllok_11P - validate password /ows/v1/OutlookCloudSettings/settings/-670
2026-08-03 18:04:20,324 INFO o.a.j.t.JMeterThread: Thread finished: org.apache.jmeter.threads.JMeterThread@6710ebeb - T03_SigninOutllok_11P - validate password /ows/v1/OutlookCloudSettings/settings/-670
2026-08-03 18:04:20,423 INFO o.a.j.t.JMeterThread: Thread is done: org.apache.jmeter.threads.JMeterThread@6f733945 - T03_SigninOutllok_11P - validate password /ows/v1/OutlookCloudSettings/settings/-673
2026-08-03 18:04:20,423 INFO o.a.j.t.JMeterThread: Thread finished: org.apache.jmeter.threads.JMeterThread@6f733945 - T03_SigninOutllok_11P - validate password /ows/v1/OutlookCloudSettings/settings/-673
2026-08-03 18:04:20,458 INFO o.a.j.t.JMeterThread: Thread is done: org.apache.jmeter.threads.JMeterThread@6710ebeb - T03_SigninOutllok_11P - validate password /ows/v1/OutlookCloudSettings/settings/-673
2026-08-03 18:04:20,458 INFO o.a.j.t.JMeterThread: Thread finished: org.apache.jmeter.threads.JMeterThread@6710ebeb - T03_SigninOutllok_11P - validate password /ows/v1/OutlookCloudSettings/settings/-673
2026-08-03 18:04:21,288 ERROR o.a.j.v.b.g.TextGraphiteMetricsSender: Error writing to Graphite: Connection refused: no further information
java.net.ConnectException: Connection refused: no further information
	at java.base/sun.nio.ch.Net.pollConnect(Native Method) ~[?:?]
	at java.base/sun.nio.ch.Net.pollConnectNow(Net.java:672) ~[?:?]
	at java.base/sun.nio.ch.NioSocketImpl.timedFinishConnect(NioSocketImpl.java:547) ~[?:?]
	at java.base/sun.nio.ch.NioSocketImpl.connect(NioSocketImpl.java:602) ~[?:?]
	at java.base/java.net.SocksSocketImpl.connect(SocksSocketImpl.java:327) ~[?:?]
	at java.base/java.net.Socket.connect(Socket.java:633) ~[?:?]
	at org.apache.jmeter.visualizers.backend.graphite.SocketOutputStreamPoolFactory.create(SocketOutputStreamPoolFactory.java:76) ~[ApacheJMeter_components.jar:5.6.3]
	at org.apache.jmeter.visualizers.backend.graphite.SocketOutputStreamPoolFactory.makeObject(SocketOutputStreamPoolFactory.java:47) ~[ApacheJMeter_components.jar:5.6.3]
	at org.apache.jmeter.visualizers.backend.graphite.SocketOutputStreamPoolFactory.makeObject(SocketOutputStreamPoolFactory.java:33) ~[ApacheJMeter_components.jar:5.6.3]
	at org.apache.commons.pool2.impl.GenericKeyedObjectPool.create(GenericKeyedObjectPool.java:796) ~[commons-pool2-2.12.0.jar:2.12.0]
	at org.apache.commons.pool2.impl.GenericKeyedObjectPool.borrowObject(GenericKeyedObjectPool.java:444) ~[commons-pool2-2.12.0.jar:2.12.0]
	at org.apache.commons.pool2.impl.GenericKeyedObjectPool.borrowObject(GenericKeyedObjectPool.java:355) ~[commons-pool2-2.12.0.jar:2.12.0]
	at org.apache.jmeter.visualizers.backend.graphite.TextGraphiteMetricsSender.writeMetrics(TextGraphiteMetricsSender.java:110) [ApacheJMeter_components.jar:5.6.3]
	at org.apache.jmeter.visualizers.backend.graphite.TextGraphiteMetricsSender.writeAndSendMetrics(TextGraphiteMetricsSender.java:104) [ApacheJMeter_components.jar:5.6.3]
	at org.apache.jmeter.visualizers.backend.graphite.GraphiteBackendListenerClient.sendMetrics(GraphiteBackendListenerClient.java:186) [ApacheJMeter_components.jar:5.6.3]
	at org.apache.jmeter.visualizers.backend.graphite.GraphiteBackendListenerClient.run(GraphiteBackendListenerClient.java:149) [ApacheJMeter_components.jar:5.6.3]
	at java.base/java.util.concurrent.Executors$RunnableAdapter.call(Executors.java:539) [?:?]
	at java.base/java.util.concurrent.FutureTask.runAndReset(FutureTask.java:305) [?:?]
	at java.base/java.util.concurrent.ScheduledThreadPoolExecutor$ScheduledFutureTask.run(ScheduledThreadPoolExecutor.java:305) [?:?]
	at java.base/java.util.concurrent.ThreadPoolExecutor.runWorker(ThreadPoolExecutor.java:1136) [?:?]
	at java.base/java.util.concurrent.ThreadPoolExecutor$Worker.run(ThreadPoolExecutor.java:635) [?:?]
	at java.base/java.lang.Thread.run(Thread.java:842) [?:?]
2026-08-03 18:04:21,660 INFO o.a.j.t.JMeterThread: Thread started: parallel T03_SigninOutllok_07P
2026-08-03 18:04:21,660 INFO o.a.j.t.JMeterThread: Thread started: parallel T03_SigninOutllok_07P
2026-08-03 18:04:22,084 INFO o.a.j.t.JMeterThread: Thread is done: org.apache.jmeter.threads.JMeterThread@6d66b008 - T03_SigninOutllok_07P - validate password /organizations/oauth2/v2.0/token?client-request-id=3ea7f779-3747-c6a5-ddaa-a468f5012af8-563
2026-08-03 18:04:22,084 INFO o.a.j.t.JMeterThread: Thread finished: org.apache.jmeter.threads.JMeterThread@6d66b008 - T03_SigninOutllok_07P - validate password /organizations/oauth2/v2.0/token?client-request-id=3ea7f779-3747-c6a5-ddaa-a468f5012af8-563
2026-08-03 18:04:22,106 INFO o.a.j.t.JMeterThread: Thread is done: org.apache.jmeter.threads.JMeterThread@6d66b008 - T03_SigninOutllok_07P - validate password /organizations/oauth2/v2.0/token?client-request-id=41615a61-890e-0823-6cd3-8c06fe604d89-561
2026-08-03 18:04:22,106 INFO o.a.j.t.JMeterThread: Thread finished: org.apache.jmeter.threads.JMeterThread@6d66b008 - T03_SigninOutllok_07P - validate password /organizations/oauth2/v2.0/token?client-request-id=41615a61-890e-0823-6cd3-8c06fe604d89-561
2026-08-03 18:04:22,122 INFO o.a.j.t.JMeterThread: Thread started: parallel T03_SigninOutllok_08P
2026-08-03 18:04:22,122 INFO o.a.j.t.JMeterThread: Thread started: parallel T03_SigninOutllok_08P
2026-08-03 18:04:22,122 INFO o.a.j.t.JMeterThread: Thread started: parallel T03_SigninOutllok_08P
2026-08-03 18:04:22,122 INFO o.a.j.t.JMeterThread: Thread started: parallel T03_SigninOutllok_08P
2026-08-03 18:04:22,132 INFO o.a.j.t.JMeterThread: Thread started: parallel T03_SigninOutllok_08P
2026-08-03 18:04:22,132 INFO o.a.j.t.JMeterThread: Thread started: parallel T03_SigninOutllok_08P
2026-08-03 18:04:22,287 ERROR o.a.j.v.b.g.TextGraphiteMetricsSender: Error writing to Graphite: Connection refused: no further information
java.net.ConnectException: Connection refused: no further information
	at java.base/sun.nio.ch.Net.pollConnect(Native Method) ~[?:?]
	at java.base/sun.nio.ch.Net.pollConnectNow(Net.java:672) ~[?:?]
	at java.base/sun.nio.ch.NioSocketImpl.timedFinishConnect(NioSocketImpl.java:547) ~[?:?]
	at java.base/sun.nio.ch.NioSocketImpl.connect(NioSocketImpl.java:602) ~[?:?]
	at java.base/java.net.SocksSocketImpl.connect(SocksSocketImpl.java:327) ~[?:?]
	at java.base/java.net.Socket.connect(Socket.java:633) ~[?:?]
	at org.apache.jmeter.visualizers.backend.graphite.SocketOutputStreamPoolFactory.create(SocketOutputStreamPoolFactory.java:76) ~[ApacheJMeter_components.jar:5.6.3]
	at org.apache.jmeter.visualizers.backend.graphite.SocketOutputStreamPoolFactory.makeObject(SocketOutputStreamPoolFactory.java:47) ~[ApacheJMeter_components.jar:5.6.3]
	at org.apache.jmeter.visualizers.backend.graphite.SocketOutputStreamPoolFactory.makeObject(SocketOutputStreamPoolFactory.java:33) ~[ApacheJMeter_components.jar:5.6.3]
	at org.apache.commons.pool2.impl.GenericKeyedObjectPool.create(GenericKeyedObjectPool.java:796) ~[commons-pool2-2.12.0.jar:2.12.0]
	at org.apache.commons.pool2.impl.GenericKeyedObjectPool.borrowObject(GenericKeyedObjectPool.java:444) ~[commons-pool2-2.12.0.jar:2.12.0]
	at org.apache.commons.pool2.impl.GenericKeyedObjectPool.borrowObject(GenericKeyedObjectPool.java:355) ~[commons-pool2-2.12.0.jar:2.12.0]
	at org.apache.jmeter.visualizers.backend.graphite.TextGraphiteMetricsSender.writeMetrics(TextGraphiteMetricsSender.java:110) [ApacheJMeter_components.jar:5.6.3]
	at org.apache.jmeter.visualizers.backend.graphite.TextGraphiteMetricsSender.writeAndSendMetrics(TextGraphiteMetricsSender.java:104) [ApacheJMeter_components.jar:5.6.3]
	at org.apache.jmeter.visualizers.backend.graphite.GraphiteBackendListenerClient.sendMetrics(GraphiteBackendListenerClient.java:186) [ApacheJMeter_components.jar:5.6.3]
	at org.apache.jmeter.visualizers.backend.graphite.GraphiteBackendListenerClient.run(GraphiteBackendListenerClient.java:149) [ApacheJMeter_components.jar:5.6.3]
	at java.base/java.util.concurrent.Executors$RunnableAdapter.call(Executors.java:539) [?:?]
	at java.base/java.util.concurrent.FutureTask.runAndReset(FutureTask.java:305) [?:?]
	at java.base/java.util.concurrent.ScheduledThreadPoolExecutor$ScheduledFutureTask.run(ScheduledThreadPoolExecutor.java:305) [?:?]
	at java.base/java.util.concurrent.ThreadPoolExecutor.runWorker(ThreadPoolExecutor.java:1136) [?:?]
	at java.base/java.util.concurrent.ThreadPoolExecutor$Worker.run(ThreadPoolExecutor.java:635) [?:?]
	at java.base/java.lang.Thread.run(Thread.java:842) [?:?]
2026-08-03 18:04:22,355 INFO o.a.j.t.JMeterThread: Thread is done: org.apache.jmeter.threads.JMeterThread@6d66b008 - T03_SigninOutllok_08P - validate password /api/v1/livepersonacard/configuration?cultureName=en-GB-577
2026-08-03 18:04:22,355 INFO o.a.j.t.JMeterThread: Thread finished: org.apache.jmeter.threads.JMeterThread@6d66b008 - T03_SigninOutllok_08P - validate password /api/v1/livepersonacard/configuration?cultureName=en-GB-577
2026-08-03 18:04:22,355 INFO o.a.j.t.JMeterThread: Thread is done: org.apache.jmeter.threads.JMeterThread@6d66b008 - T03_SigninOutllok_08P - validate password /api/storage/SystemMetadata/User/AppsPinnedData-568
2026-08-03 18:04:22,355 INFO o.a.j.t.JMeterThread: Thread finished: org.apache.jmeter.threads.JMeterThread@6d66b008 - T03_SigninOutllok_08P - validate password /api/storage/SystemMetadata/User/AppsPinnedData-568
2026-08-03 18:04:22,355 INFO o.a.j.t.JMeterThread: Thread is done: org.apache.jmeter.threads.JMeterThread@6d66b008 - T03_SigninOutllok_08P - validate password /api/myapps/GetAllApps?culture=en-GB-582
2026-08-03 18:04:22,363 INFO o.a.j.t.JMeterThread: Thread started: parallel T03_SigninOutllok_08P
2026-08-03 18:04:22,363 INFO o.a.j.t.JMeterThread: Thread finished: org.apache.jmeter.threads.JMeterThread@6d66b008 - T03_SigninOutllok_08P - validate password /api/myapps/GetAllApps?culture=en-GB-582
2026-08-03 18:04:22,363 INFO o.a.j.t.JMeterThread: Thread started: parallel T03_SigninOutllok_08P
2026-08-03 18:04:22,363 INFO o.a.j.t.JMeterThread: Thread started: parallel T03_SigninOutllok_08P
2026-08-03 18:04:22,538 INFO o.a.j.t.JMeterThread: Thread is done: org.apache.jmeter.threads.JMeterThread@6d66b008 - T03_SigninOutllok_08P - validate password /ows/v1.0/OutlookOptions-556
2026-08-03 18:04:22,538 INFO o.a.j.t.JMeterThread: Thread finished: org.apache.jmeter.threads.JMeterThread@6d66b008 - T03_SigninOutllok_08P - validate password /ows/v1.0/OutlookOptions-556
2026-08-03 18:04:22,538 INFO o.a.j.t.JMeterThread: Thread started: parallel T03_SigninOutllok_08P
2026-08-03 18:04:22,553 INFO o.a.j.t.JMeterThread: Thread is done: org.apache.jmeter.threads.JMeterThread@6d66b008 - T03_SigninOutllok_08P - validate password /owa/service.svc?action=GetComplianceConfiguration&app=Mail&n=14-541
2026-08-03 18:04:22,553 INFO o.a.j.t.JMeterThread: Thread finished: org.apache.jmeter.threads.JMeterThread@6d66b008 - T03_SigninOutllok_08P - validate password /owa/service.svc?action=GetComplianceConfiguration&app=Mail&n=14-541
2026-08-03 18:04:22,553 INFO o.a.j.t.JMeterThread: Thread started: parallel T03_SigninOutllok_08P
2026-08-03 18:04:22,582 INFO o.a.j.t.JMeterThread: Thread is done: org.apache.jmeter.threads.JMeterThread@6d66b008 - T03_SigninOutllok_08P - validate password /api/v1/livepersonacard/configuration-585
2026-08-03 18:04:22,582 INFO o.a.j.t.JMeterThread: Thread finished: org.apache.jmeter.threads.JMeterThread@6d66b008 - T03_SigninOutllok_08P - validate password /api/v1/livepersonacard/configuration-585
2026-08-03 18:04:22,676 INFO o.a.j.t.JMeterThread: Thread is done: org.apache.jmeter.threads.JMeterThread@6d66b008 - T03_SigninOutllok_08P - validate password /outlookcopilot/mailIntelligence/v2.0/copilotsettings-559
2026-08-03 18:04:22,676 INFO o.a.j.t.JMeterThread: Thread finished: org.apache.jmeter.threads.JMeterThread@6d66b008 - T03_SigninOutllok_08P - validate password /outlookcopilot/mailIntelligence/v2.0/copilotsettings-559
2026-08-03 18:04:22,713 INFO o.a.j.t.JMeterThread: Thread is done: org.apache.jmeter.threads.JMeterThread@6d66b008 - T03_SigninOutllok_08P - validate password /ows/v1.0/OutlookOptions/MailLayout?n=17&cri=a91ae634-0dbd-6200-9168-ec0957d0e6ef&cv=vHWyfbsM51acLkffDosbHY.18-586
2026-08-03 18:04:22,715 INFO o.a.j.t.JMeterThread: Thread finished: org.apache.jmeter.threads.JMeterThread@6d66b008 - T03_SigninOutllok_08P - validate password /ows/v1.0/OutlookOptions/MailLayout?n=17&cri=a91ae634-0dbd-6200-9168-ec0957d0e6ef&cv=vHWyfbsM51acLkffDosbHY.18-586
2026-08-03 18:04:22,744 INFO o.a.j.t.JMeterThread: Thread is done: org.apache.jmeter.threads.JMeterThread@6d66b008 - T03_SigninOutllok_08P - validate password /api/v1/livepersonacard/configuration?cultureName=en-GB-607
2026-08-03 18:04:22,744 INFO o.a.j.t.JMeterThread: Thread finished: org.apache.jmeter.threads.JMeterThread@6d66b008 - T03_SigninOutllok_08P - validate password /api/v1/livepersonacard/configuration?cultureName=en-GB-607
2026-08-03 18:04:22,797 INFO o.a.j.t.JMeterThread: Thread is done: org.apache.jmeter.threads.JMeterThread@6d66b008 - T03_SigninOutllok_08P - validate password /api/v1/livepersonacard/configuration-616
2026-08-03 18:04:22,797 INFO o.a.j.t.JMeterThread: Thread finished: org.apache.jmeter.threads.JMeterThread@6d66b008 - T03_SigninOutllok_08P - validate password /api/v1/livepersonacard/configuration-616
2026-08-03 18:04:23,103 INFO o.a.j.r.Summariser: summary +     43 in 00:00:06 =    7.1/s Avg:   460 Min:    25 Max:  3523 Err:     0 (0.00%) Active: 3 Started: 286 Finished: 283
2026-08-03 18:04:23,104 INFO o.a.j.r.Summariser: summary =    114 in 00:00:20 =    5.8/s Avg:   384 Min:    24 Max:  3523 Err:     0 (0.00%)
2026-08-03 18:04:23,123 INFO o.a.j.t.JMeterThread: Thread is done: org.apache.jmeter.threads.JMeterThread@6d66b008 - T03_SigninOutllok_08P - validate password /outlookcopilot/mailIntelligence/v4.0/copilotUserPreferences-583
2026-08-03 18:04:23,123 INFO o.a.j.t.JMeterThread: Thread finished: org.apache.jmeter.threads.JMeterThread@6d66b008 - T03_SigninOutllok_08P - validate password /outlookcopilot/mailIntelligence/v4.0/copilotUserPreferences-583
2026-08-03 18:04:23,138 INFO o.a.j.t.JMeterThread: Thread started: parallel T03_SigninOutllok_09P
2026-08-03 18:04:23,143 INFO o.a.j.t.JMeterThread: Thread started: parallel T03_SigninOutllok_09P
2026-08-03 18:04:23,138 INFO o.a.j.t.JMeterThread: Thread started: parallel T03_SigninOutllok_09P
2026-08-03 18:04:23,138 INFO o.a.j.t.JMeterThread: Thread started: parallel T03_SigninOutllok_09P
2026-08-03 18:04:23,143 INFO o.a.j.t.JMeterThread: Thread started: parallel T03_SigninOutllok_09P
2026-08-03 18:04:23,145 INFO o.a.j.t.JMeterThread: Thread started: parallel T03_SigninOutllok_09P
2026-08-03 18:04:23,262 INFO o.a.j.t.JMeterThread: Thread is done: org.apache.jmeter.threads.JMeterThread@6d66b008 - T03_SigninOutllok_09P - validate password /owamail/hashed-v1/resources/graphql/schema.all.min-hash-4d0b317d.graphql-624
2026-08-03 18:04:23,263 INFO o.a.j.t.JMeterThread: Thread finished: org.apache.jmeter.threads.JMeterThread@6d66b008 - T03_SigninOutllok_09P - validate password /owamail/hashed-v1/resources/graphql/schema.all.min-hash-4d0b317d.graphql-624
2026-08-03 18:04:23,263 INFO o.a.j.t.JMeterThread: Thread started: parallel T03_SigninOutllok_09P
2026-08-03 18:04:23,271 ERROR o.a.j.v.b.g.TextGraphiteMetricsSender: Error writing to Graphite: Connection refused: no further information
java.net.ConnectException: Connection refused: no further information
	at java.base/sun.nio.ch.Net.pollConnect(Native Method) ~[?:?]
	at java.base/sun.nio.ch.Net.pollConnectNow(Net.java:672) ~[?:?]
	at java.base/sun.nio.ch.NioSocketImpl.timedFinishConnect(NioSocketImpl.java:547) ~[?:?]
	at java.base/sun.nio.ch.NioSocketImpl.connect(NioSocketImpl.java:602) ~[?:?]
	at java.base/java.net.SocksSocketImpl.connect(SocksSocketImpl.java:327) ~[?:?]
	at java.base/java.net.Socket.connect(Socket.java:633) ~[?:?]
	at org.apache.jmeter.visualizers.backend.graphite.SocketOutputStreamPoolFactory.create(SocketOutputStreamPoolFactory.java:76) ~[ApacheJMeter_components.jar:5.6.3]
	at org.apache.jmeter.visualizers.backend.graphite.SocketOutputStreamPoolFactory.makeObject(SocketOutputStreamPoolFactory.java:47) ~[ApacheJMeter_components.jar:5.6.3]
	at org.apache.jmeter.visualizers.backend.graphite.SocketOutputStreamPoolFactory.makeObject(SocketOutputStreamPoolFactory.java:33) ~[ApacheJMeter_components.jar:5.6.3]
	at org.apache.commons.pool2.impl.GenericKeyedObjectPool.create(GenericKeyedObjectPool.java:796) ~[commons-pool2-2.12.0.jar:2.12.0]
	at org.apache.commons.pool2.impl.GenericKeyedObjectPool.borrowObject(GenericKeyedObjectPool.java:444) ~[commons-pool2-2.12.0.jar:2.12.0]
	at org.apache.commons.pool2.impl.GenericKeyedObjectPool.borrowObject(GenericKeyedObjectPool.java:355) ~[commons-pool2-2.12.0.jar:2.12.0]
	at org.apache.jmeter.visualizers.backend.graphite.TextGraphiteMetricsSender.writeMetrics(TextGraphiteMetricsSender.java:110) [ApacheJMeter_components.jar:5.6.3]
	at org.apache.jmeter.visualizers.backend.graphite.TextGraphiteMetricsSender.writeAndSendMetrics(TextGraphiteMetricsSender.java:104) [ApacheJMeter_components.jar:5.6.3]
	at org.apache.jmeter.visualizers.backend.graphite.GraphiteBackendListenerClient.sendMetrics(GraphiteBackendListenerClient.java:186) [ApacheJMeter_components.jar:5.6.3]
	at org.apache.jmeter.visualizers.backend.graphite.GraphiteBackendListenerClient.run(GraphiteBackendListenerClient.java:149) [ApacheJMeter_components.jar:5.6.3]
	at java.base/java.util.concurrent.Executors$RunnableAdapter.call(Executors.java:539) [?:?]
	at java.base/java.util.concurrent.FutureTask.runAndReset(FutureTask.java:305) [?:?]
	at java.base/java.util.concurrent.ScheduledThreadPoolExecutor$ScheduledFutureTask.run(ScheduledThreadPoolExecutor.java:305) [?:?]
	at java.base/java.util.concurrent.ThreadPoolExecutor.runWorker(ThreadPoolExecutor.java:1136) [?:?]
	at java.base/java.util.concurrent.ThreadPoolExecutor$Worker.run(ThreadPoolExecutor.java:635) [?:?]
	at java.base/java.lang.Thread.run(Thread.java:842) [?:?]
2026-08-03 18:04:23,462 INFO o.a.j.t.JMeterThread: Thread is done: org.apache.jmeter.threads.JMeterThread@6d66b008 - T03_SigninOutllok_09P - validate password /owa/published/service.svc?action=GetTimeZoneOffsets&app=Mail&n=0-614
2026-08-03 18:04:23,463 INFO o.a.j.t.JMeterThread: Thread finished: org.apache.jmeter.threads.JMeterThread@6d66b008 - T03_SigninOutllok_09P - validate password /owa/published/service.svc?action=GetTimeZoneOffsets&app=Mail&n=0-614
2026-08-03 18:04:23,462 INFO o.a.j.t.JMeterThread: Thread is done: org.apache.jmeter.threads.JMeterThread@6d66b008 - T03_SigninOutllok_09P - validate password /owa/published/service.svc?action=GetTimeZoneOffsets&app=Mail&n=2-609
2026-08-03 18:04:23,463 INFO o.a.j.t.JMeterThread: Thread finished: org.apache.jmeter.threads.JMeterThread@6d66b008 - T03_SigninOutllok_09P - validate password /owa/published/service.svc?action=GetTimeZoneOffsets&app=Mail&n=2-609
2026-08-03 18:04:23,463 INFO o.a.j.t.JMeterThread: Thread started: parallel T03_SigninOutllok_09P
2026-08-03 18:04:23,496 INFO o.a.j.t.JMeterThread: Thread is done: org.apache.jmeter.threads.JMeterThread@6d66b008 - T03_SigninOutllok_09P - validate password /owa/service.svc?action=GetTimeZone&app=Mail&n=3-613
2026-08-03 18:04:23,498 INFO o.a.j.t.JMeterThread: Thread finished: org.apache.jmeter.threads.JMeterThread@6d66b008 - T03_SigninOutllok_09P - validate password /owa/service.svc?action=GetTimeZone&app=Mail&n=3-613
2026-08-03 18:04:23,515 INFO o.a.j.t.JMeterThread: Thread is done: org.apache.jmeter.threads.JMeterThread@6d66b008 - T03_SigninOutllok_09P - validate password /owa/service.svc?action=GetTimeZone&app=Mail&n=1-611
2026-08-03 18:04:23,516 INFO o.a.j.t.JMeterThread: Thread finished: org.apache.jmeter.threads.JMeterThread@6d66b008 - T03_SigninOutllok_09P - validate password /owa/service.svc?action=GetTimeZone&app=Mail&n=1-611
2026-08-03 18:04:23,885 INFO o.a.j.t.JMeterThread: Thread is done: org.apache.jmeter.threads.JMeterThread@6d66b008 - T03_SigninOutllok_09P - validate password /organizations/oauth2/v2.0/token?client-request-id=2ffeab41-0b01-281d-9763-66361f2097d5-660
2026-08-03 18:04:23,888 INFO o.a.j.t.JMeterThread: Thread finished: org.apache.jmeter.threads.JMeterThread@6d66b008 - T03_SigninOutllok_09P - validate password /organizations/oauth2/v2.0/token?client-request-id=2ffeab41-0b01-281d-9763-66361f2097d5-660
2026-08-03 18:04:23,897 INFO o.a.j.t.JMeterThread: Thread is done: org.apache.jmeter.threads.JMeterThread@6d66b008 - T03_SigninOutllok_09P - validate password /api/myapps/GetAllApps-588
2026-08-03 18:04:23,897 INFO o.a.j.t.JMeterThread: Thread finished: org.apache.jmeter.threads.JMeterThread@6d66b008 - T03_SigninOutllok_09P - validate password /api/myapps/GetAllApps-588
2026-08-03 18:04:23,904 INFO o.a.j.t.JMeterThread: Thread is done: org.apache.jmeter.threads.JMeterThread@6d66b008 - T03_SigninOutllok_09P - validate password /owa/service.svc?action=GetOwaNonBootUserConfiguration&app=Mail&n=4-634
2026-08-03 18:04:23,904 INFO o.a.j.t.JMeterThread: Thread finished: org.apache.jmeter.threads.JMeterThread@6d66b008 - T03_SigninOutllok_09P - validate password /owa/service.svc?action=GetOwaNonBootUserConfiguration&app=Mail&n=4-634
2026-08-03 18:04:23,925 INFO o.a.j.t.JMeterThread: Thread started: parallel T03_SigninOutllok_10P
2026-08-03 18:04:23,925 INFO o.a.j.t.JMeterThread: Thread started: parallel T03_SigninOutllok_10P
2026-08-03 18:04:23,925 INFO o.a.j.t.JMeterThread: Thread started: parallel T03_SigninOutllok_10P
2026-08-03 18:04:23,933 INFO o.a.j.t.JMeterThread: Thread started: parallel T03_SigninOutllok_10P
2026-08-03 18:04:23,934 INFO o.a.j.t.JMeterThread: Thread started: parallel T03_SigninOutllok_10P
2026-08-03 18:04:24,254 INFO o.a.j.t.JMeterThread: Thread is done: org.apache.jmeter.threads.JMeterThread@6d66b008 - T03_SigninOutllok_10P - validate password /ows/beta/RoamingSignatures/GetRoamingSignaturesStatus-668
2026-08-03 18:04:24,254 INFO o.a.j.t.JMeterThread: Thread finished: org.apache.jmeter.threads.JMeterThread@6d66b008 - T03_SigninOutllok_10P - validate password /ows/beta/RoamingSignatures/GetRoamingSignaturesStatus-668
2026-08-03 18:04:24,285 INFO o.a.j.t.JMeterThread: Thread is done: org.apache.jmeter.threads.JMeterThread@6d66b008 - T03_SigninOutllok_10P - validate password /owa/service.svc?action=GetFolder&app=Mail&n=7-662
2026-08-03 18:04:24,285 INFO o.a.j.t.JMeterThread: Thread is done: org.apache.jmeter.threads.JMeterThread@6d66b008 - T03_SigninOutllok_10P - validate password /owa/service.svc?action=FindFolder&app=Mail&n=8-656
2026-08-03 18:04:24,285 INFO o.a.j.t.JMeterThread: Thread finished: org.apache.jmeter.threads.JMeterThread@6d66b008 - T03_SigninOutllok_10P - validate password /owa/service.svc?action=GetFolder&app=Mail&n=7-662
2026-08-03 18:04:24,285 INFO o.a.j.t.JMeterThread: Thread is done: org.apache.jmeter.threads.JMeterThread@6d66b008 - T03_SigninOutllok_10P - validate password /owa/service.svc?action=FindFolder&app=Mail&n=6-655
2026-08-03 18:04:24,285 INFO o.a.j.t.JMeterThread: Thread finished: org.apache.jmeter.threads.JMeterThread@6d66b008 - T03_SigninOutllok_10P - validate password /owa/service.svc?action=FindFolder&app=Mail&n=6-655
2026-08-03 18:04:24,285 INFO o.a.j.t.JMeterThread: Thread finished: org.apache.jmeter.threads.JMeterThread@6d66b008 - T03_SigninOutllok_10P - validate password /owa/service.svc?action=FindFolder&app=Mail&n=8-656
2026-08-03 18:04:24,289 ERROR o.a.j.v.b.g.TextGraphiteMetricsSender: Error writing to Graphite: Connection refused: no further information
java.net.ConnectException: Connection refused: no further information
	at java.base/sun.nio.ch.Net.pollConnect(Native Method) ~[?:?]
	at java.base/sun.nio.ch.Net.pollConnectNow(Net.java:672) ~[?:?]
	at java.base/sun.nio.ch.NioSocketImpl.timedFinishConnect(NioSocketImpl.java:547) ~[?:?]
	at java.base/sun.nio.ch.NioSocketImpl.connect(NioSocketImpl.java:602) ~[?:?]
	at java.base/java.net.SocksSocketImpl.connect(SocksSocketImpl.java:327) ~[?:?]
	at java.base/java.net.Socket.connect(Socket.java:633) ~[?:?]
	at org.apache.jmeter.visualizers.backend.graphite.SocketOutputStreamPoolFactory.create(SocketOutputStreamPoolFactory.java:76) ~[ApacheJMeter_components.jar:5.6.3]
	at org.apache.jmeter.visualizers.backend.graphite.SocketOutputStreamPoolFactory.makeObject(SocketOutputStreamPoolFactory.java:47) ~[ApacheJMeter_components.jar:5.6.3]
	at org.apache.jmeter.visualizers.backend.graphite.SocketOutputStreamPoolFactory.makeObject(SocketOutputStreamPoolFactory.java:33) ~[ApacheJMeter_components.jar:5.6.3]
	at org.apache.commons.pool2.impl.GenericKeyedObjectPool.create(GenericKeyedObjectPool.java:796) ~[commons-pool2-2.12.0.jar:2.12.0]
	at org.apache.commons.pool2.impl.GenericKeyedObjectPool.borrowObject(GenericKeyedObjectPool.java:444) ~[commons-pool2-2.12.0.jar:2.12.0]
	at org.apache.commons.pool2.impl.GenericKeyedObjectPool.borrowObject(GenericKeyedObjectPool.java:355) ~[commons-pool2-2.12.0.jar:2.12.0]
	at org.apache.jmeter.visualizers.backend.graphite.TextGraphiteMetricsSender.writeMetrics(TextGraphiteMetricsSender.java:110) [ApacheJMeter_components.jar:5.6.3]
	at org.apache.jmeter.visualizers.backend.graphite.TextGraphiteMetricsSender.writeAndSendMetrics(TextGraphiteMetricsSender.java:104) [ApacheJMeter_components.jar:5.6.3]
	at org.apache.jmeter.visualizers.backend.graphite.GraphiteBackendListenerClient.sendMetrics(GraphiteBackendListenerClient.java:186) [ApacheJMeter_components.jar:5.6.3]
	at org.apache.jmeter.visualizers.backend.graphite.GraphiteBackendListenerClient.run(GraphiteBackendListenerClient.java:149) [ApacheJMeter_components.jar:5.6.3]
	at java.base/java.util.concurrent.Executors$RunnableAdapter.call(Executors.java:539) [?:?]
	at java.base/java.util.concurrent.FutureTask.runAndReset(FutureTask.java:305) [?:?]
	at java.base/java.util.concurrent.ScheduledThreadPoolExecutor$ScheduledFutureTask.run(ScheduledThreadPoolExecutor.java:305) [?:?]
	at java.base/java.util.concurrent.ThreadPoolExecutor.runWorker(ThreadPoolExecutor.java:1136) [?:?]
	at java.base/java.util.concurrent.ThreadPoolExecutor$Worker.run(ThreadPoolExecutor.java:635) [?:?]
	at java.base/java.lang.Thread.run(Thread.java:842) [?:?]
2026-08-03 18:04:24,441 INFO o.a.j.t.JMeterThread: Thread is done: org.apache.jmeter.threads.JMeterThread@6d66b008 - T03_SigninOutllok_10P - validate password /owa/service.svc?action=FindConversation&app=Mail&n=5-654
2026-08-03 18:04:24,441 INFO o.a.j.t.JMeterThread: Thread finished: org.apache.jmeter.threads.JMeterThread@6d66b008 - T03_SigninOutllok_10P - validate password /owa/service.svc?action=FindConversation&app=Mail&n=5-654
2026-08-03 18:04:24,471 INFO o.a.j.t.JMeterThread: Thread started: parallel T03_SigninOutllok_11P
2026-08-03 18:04:24,471 INFO o.a.j.t.JMeterThread: Thread started: parallel T03_SigninOutllok_11P
2026-08-03 18:04:24,472 INFO o.a.j.t.JMeterThread: Thread started: parallel T03_SigninOutllok_11P
2026-08-03 18:04:24,472 INFO o.a.j.t.JMeterThread: Thread started: parallel T03_SigninOutllok_11P
2026-08-03 18:04:24,844 INFO o.a.j.t.JMeterThread: Thread is done: org.apache.jmeter.threads.JMeterThread@6d66b008 - T03_SigninOutllok_11P - validate password /ows/v1/OutlookCloudSettings/settings/-669
2026-08-03 18:04:24,844 INFO o.a.j.t.JMeterThread: Thread finished: org.apache.jmeter.threads.JMeterThread@6d66b008 - T03_SigninOutllok_11P - validate password /ows/v1/OutlookCloudSettings/settings/-669
2026-08-03 18:04:24,856 INFO o.a.j.t.JMeterThread: Thread is done: org.apache.jmeter.threads.JMeterThread@6d66b008 - T03_SigninOutllok_11P - validate password /ows/v1/OutlookCloudSettings/settings/-674
2026-08-03 18:04:24,856 INFO o.a.j.t.JMeterThread: Thread finished: org.apache.jmeter.threads.JMeterThread@6d66b008 - T03_SigninOutllok_11P - validate password /ows/v1/OutlookCloudSettings/settings/-674
2026-08-03 18:04:24,886 INFO o.a.j.t.JMeterThread: Thread is done: org.apache.jmeter.threads.JMeterThread@6d66b008 - T03_SigninOutllok_11P - validate password /ows/v1/OutlookCloudSettings/settings/-670
2026-08-03 18:04:24,886 INFO o.a.j.t.JMeterThread: Thread finished: org.apache.jmeter.threads.JMeterThread@6d66b008 - T03_SigninOutllok_11P - validate password /ows/v1/OutlookCloudSettings/settings/-670
2026-08-03 18:04:25,038 INFO o.a.j.t.JMeterThread: Thread is done: org.apache.jmeter.threads.JMeterThread@6d66b008 - T03_SigninOutllok_11P - validate password /ows/v1/OutlookCloudSettings/settings/-673
2026-08-03 18:04:25,038 INFO o.a.j.t.JMeterThread: Thread finished: org.apache.jmeter.threads.JMeterThread@6d66b008 - T03_SigninOutllok_11P - validate password /ows/v1/OutlookCloudSettings/settings/-673
2026-08-03 18:04:25,273 ERROR o.a.j.v.b.g.TextGraphiteMetricsSender: Error writing to Graphite: Connection refused: no further information
java.net.ConnectException: Connection refused: no further information
	at java.base/sun.nio.ch.Net.pollConnect(Native Method) ~[?:?]
	at java.base/sun.nio.ch.Net.pollConnectNow(Net.java:672) ~[?:?]
	at java.base/sun.nio.ch.NioSocketImpl.timedFinishConnect(NioSocketImpl.java:547) ~[?:?]
	at java.base/sun.nio.ch.NioSocketImpl.connect(NioSocketImpl.java:602) ~[?:?]
	at java.base/java.net.SocksSocketImpl.connect(SocksSocketImpl.java:327) ~[?:?]
	at java.base/java.net.Socket.connect(Socket.java:633) ~[?:?]
	at org.apache.jmeter.visualizers.backend.graphite.SocketOutputStreamPoolFactory.create(SocketOutputStreamPoolFactory.java:76) ~[ApacheJMeter_components.jar:5.6.3]
	at org.apache.jmeter.visualizers.backend.graphite.SocketOutputStreamPoolFactory.makeObject(SocketOutputStreamPoolFactory.java:47) ~[ApacheJMeter_components.jar:5.6.3]
	at org.apache.jmeter.visualizers.backend.graphite.SocketOutputStreamPoolFactory.makeObject(SocketOutputStreamPoolFactory.java:33) ~[ApacheJMeter_components.jar:5.6.3]
	at org.apache.commons.pool2.impl.GenericKeyedObjectPool.create(GenericKeyedObjectPool.java:796) ~[commons-pool2-2.12.0.jar:2.12.0]
	at org.apache.commons.pool2.impl.GenericKeyedObjectPool.borrowObject(GenericKeyedObjectPool.java:444) ~[commons-pool2-2.12.0.jar:2.12.0]
	at org.apache.commons.pool2.impl.GenericKeyedObjectPool.borrowObject(GenericKeyedObjectPool.java:355) ~[commons-pool2-2.12.0.jar:2.12.0]
	at org.apache.jmeter.visualizers.backend.graphite.TextGraphiteMetricsSender.writeMetrics(TextGraphiteMetricsSender.java:110) [ApacheJMeter_components.jar:5.6.3]
	at org.apache.jmeter.visualizers.backend.graphite.TextGraphiteMetricsSender.writeAndSendMetrics(TextGraphiteMetricsSender.java:104) [ApacheJMeter_components.jar:5.6.3]
	at org.apache.jmeter.visualizers.backend.graphite.GraphiteBackendListenerClient.sendMetrics(GraphiteBackendListenerClient.java:186) [ApacheJMeter_components.jar:5.6.3]
	at org.apache.jmeter.visualizers.backend.graphite.GraphiteBackendListenerClient.run(GraphiteBackendListenerClient.java:149) [ApacheJMeter_components.jar:5.6.3]
	at java.base/java.util.concurrent.Executors$RunnableAdapter.call(Executors.java:539) [?:?]
	at java.base/java.util.concurrent.FutureTask.runAndReset(FutureTask.java:305) [?:?]
	at java.base/java.util.concurrent.ScheduledThreadPoolExecutor$ScheduledFutureTask.run(ScheduledThreadPoolExecutor.java:305) [?:?]
	at java.base/java.util.concurrent.ThreadPoolExecutor.runWorker(ThreadPoolExecutor.java:1136) [?:?]
	at java.base/java.util.concurrent.ThreadPoolExecutor$Worker.run(ThreadPoolExecutor.java:635) [?:?]
	at java.base/java.lang.Thread.run(Thread.java:842) [?:?]
2026-08-03 18:04:26,273 ERROR o.a.j.v.b.g.TextGraphiteMetricsSender: Error writing to Graphite: Connection refused: no further information
java.net.ConnectException: Connection refused: no further information
	at java.base/sun.nio.ch.Net.pollConnect(Native Method) ~[?:?]
	at java.base/sun.nio.ch.Net.pollConnectNow(Net.java:672) ~[?:?]
	at java.base/sun.nio.ch.NioSocketImpl.timedFinishConnect(NioSocketImpl.java:547) ~[?:?]
	at java.base/sun.nio.ch.NioSocketImpl.connect(NioSocketImpl.java:602) ~[?:?]
	at java.base/java.net.SocksSocketImpl.connect(SocksSocketImpl.java:327) ~[?:?]
	at java.base/java.net.Socket.connect(Socket.java:633) ~[?:?]
	at org.apache.jmeter.visualizers.backend.graphite.SocketOutputStreamPoolFactory.create(SocketOutputStreamPoolFactory.java:76) ~[ApacheJMeter_components.jar:5.6.3]
	at org.apache.jmeter.visualizers.backend.graphite.SocketOutputStreamPoolFactory.makeObject(SocketOutputStreamPoolFactory.java:47) ~[ApacheJMeter_components.jar:5.6.3]
	at org.apache.jmeter.visualizers.backend.graphite.SocketOutputStreamPoolFactory.makeObject(SocketOutputStreamPoolFactory.java:33) ~[ApacheJMeter_components.jar:5.6.3]
	at org.apache.commons.pool2.impl.GenericKeyedObjectPool.create(GenericKeyedObjectPool.java:796) ~[commons-pool2-2.12.0.jar:2.12.0]
	at org.apache.commons.pool2.impl.GenericKeyedObjectPool.borrowObject(GenericKeyedObjectPool.java:444) ~[commons-pool2-2.12.0.jar:2.12.0]
	at org.apache.commons.pool2.impl.GenericKeyedObjectPool.borrowObject(GenericKeyedObjectPool.java:355) ~[commons-pool2-2.12.0.jar:2.12.0]
	at org.apache.jmeter.visualizers.backend.graphite.TextGraphiteMetricsSender.writeMetrics(TextGraphiteMetricsSender.java:110) [ApacheJMeter_components.jar:5.6.3]
	at org.apache.jmeter.visualizers.backend.graphite.TextGraphiteMetricsSender.writeAndSendMetrics(TextGraphiteMetricsSender.java:104) [ApacheJMeter_components.jar:5.6.3]
	at org.apache.jmeter.visualizers.backend.graphite.GraphiteBackendListenerClient.sendMetrics(GraphiteBackendListenerClient.java:186) [ApacheJMeter_components.jar:5.6.3]
	at org.apache.jmeter.visualizers.backend.graphite.GraphiteBackendListenerClient.run(GraphiteBackendListenerClient.java:149) [ApacheJMeter_components.jar:5.6.3]
	at java.base/java.util.concurrent.Executors$RunnableAdapter.call(Executors.java:539) [?:?]
	at java.base/java.util.concurrent.FutureTask.runAndReset(FutureTask.java:305) [?:?]
	at java.base/java.util.concurrent.ScheduledThreadPoolExecutor$ScheduledFutureTask.run(ScheduledThreadPoolExecutor.java:305) [?:?]
	at java.base/java.util.concurrent.ThreadPoolExecutor.runWorker(ThreadPoolExecutor.java:1136) [?:?]
	at java.base/java.util.concurrent.ThreadPoolExecutor$Worker.run(ThreadPoolExecutor.java:635) [?:?]
	at java.base/java.lang.Thread.run(Thread.java:842) [?:?]
2026-08-03 18:04:27,300 ERROR o.a.j.v.b.g.TextGraphiteMetricsSender: Error writing to Graphite: Connection refused: no further information
java.net.ConnectException: Connection refused: no further information
	at java.base/sun.nio.ch.Net.pollConnect(Native Method) ~[?:?]
	at java.base/sun.nio.ch.Net.pollConnectNow(Net.java:672) ~[?:?]
	at java.base/sun.nio.ch.NioSocketImpl.timedFinishConnect(NioSocketImpl.java:547) ~[?:?]
	at java.base/sun.nio.ch.NioSocketImpl.connect(NioSocketImpl.java:602) ~[?:?]
	at java.base/java.net.SocksSocketImpl.connect(SocksSocketImpl.java:327) ~[?:?]
	at java.base/java.net.Socket.connect(Socket.java:633) ~[?:?]
	at org.apache.jmeter.visualizers.backend.graphite.SocketOutputStreamPoolFactory.create(SocketOutputStreamPoolFactory.java:76) ~[ApacheJMeter_components.jar:5.6.3]
	at org.apache.jmeter.visualizers.backend.graphite.SocketOutputStreamPoolFactory.makeObject(SocketOutputStreamPoolFactory.java:47) ~[ApacheJMeter_components.jar:5.6.3]
	at org.apache.jmeter.visualizers.backend.graphite.SocketOutputStreamPoolFactory.makeObject(SocketOutputStreamPoolFactory.java:33) ~[ApacheJMeter_components.jar:5.6.3]
	at org.apache.commons.pool2.impl.GenericKeyedObjectPool.create(GenericKeyedObjectPool.java:796) ~[commons-pool2-2.12.0.jar:2.12.0]
	at org.apache.commons.pool2.impl.GenericKeyedObjectPool.borrowObject(GenericKeyedObjectPool.java:444) ~[commons-pool2-2.12.0.jar:2.12.0]
	at org.apache.commons.pool2.impl.GenericKeyedObjectPool.borrowObject(GenericKeyedObjectPool.java:355) ~[commons-pool2-2.12.0.jar:2.12.0]
	at org.apache.jmeter.visualizers.backend.graphite.TextGraphiteMetricsSender.writeMetrics(TextGraphiteMetricsSender.java:110) [ApacheJMeter_components.jar:5.6.3]
	at org.apache.jmeter.visualizers.backend.graphite.TextGraphiteMetricsSender.writeAndSendMetrics(TextGraphiteMetricsSender.java:104) [ApacheJMeter_components.jar:5.6.3]
	at org.apache.jmeter.visualizers.backend.graphite.GraphiteBackendListenerClient.sendMetrics(GraphiteBackendListenerClient.java:186) [ApacheJMeter_components.jar:5.6.3]
	at org.apache.jmeter.visualizers.backend.graphite.GraphiteBackendListenerClient.run(GraphiteBackendListenerClient.java:149) [ApacheJMeter_components.jar:5.6.3]
	at java.base/java.util.concurrent.Executors$RunnableAdapter.call(Executors.java:539) [?:?]
	at java.base/java.util.concurrent.FutureTask.runAndReset(FutureTask.java:305) [?:?]
	at java.base/java.util.concurrent.ScheduledThreadPoolExecutor$ScheduledFutureTask.run(ScheduledThreadPoolExecutor.java:305) [?:?]
	at java.base/java.util.concurrent.ThreadPoolExecutor.runWorker(ThreadPoolExecutor.java:1136) [?:?]
	at java.base/java.util.concurrent.ThreadPoolExecutor$Worker.run(ThreadPoolExecutor.java:635) [?:?]
	at java.base/java.lang.Thread.run(Thread.java:842) [?:?]
2026-08-03 18:04:27,667 INFO o.a.j.t.JMeterThread: Thread started: parallel T03_SigninOutllok_14P
2026-08-03 18:04:27,667 INFO o.a.j.t.JMeterThread: Thread started: parallel T03_SigninOutllok_14P
2026-08-03 18:04:27,667 INFO o.a.j.t.JMeterThread: Thread started: parallel T03_SigninOutllok_14P
2026-08-03 18:04:27,667 INFO o.a.j.t.JMeterThread: Thread started: parallel T03_SigninOutllok_14P
2026-08-03 18:04:27,667 INFO o.a.j.t.JMeterThread: Thread started: parallel T03_SigninOutllok_14P
2026-08-03 18:04:27,678 INFO o.a.j.t.JMeterThread: Thread started: parallel T03_SigninOutllok_14P
2026-08-03 18:04:27,769 INFO o.a.j.t.JMeterThread: Thread is done: org.apache.jmeter.threads.JMeterThread@6f733945 - T03_SigninOutllok_14P - validate password /assets/mail/illustrations/emptyFolder/v1/dark.svg-1,191
2026-08-03 18:04:27,769 INFO o.a.j.t.JMeterThread: Thread finished: org.apache.jmeter.threads.JMeterThread@6f733945 - T03_SigninOutllok_14P - validate password /assets/mail/illustrations/emptyFolder/v1/dark.svg-1,191
2026-08-03 18:04:27,769 INFO o.a.j.t.JMeterThread: Thread started: parallel T03_SigninOutllok_14P
2026-08-03 18:04:27,769 INFO o.a.j.t.JMeterThread: Thread is done: org.apache.jmeter.threads.JMeterThread@6f733945 - T03_SigninOutllok_14P - validate password /assets/mail/illustrations/emptyFolder/v1/light.svg-1,190
2026-08-03 18:04:27,783 INFO o.a.j.t.JMeterThread: Thread finished: org.apache.jmeter.threads.JMeterThread@6f733945 - T03_SigninOutllok_14P - validate password /assets/mail/illustrations/emptyFolder/v1/light.svg-1,190
2026-08-03 18:04:27,784 INFO o.a.j.t.JMeterThread: Thread started: parallel T03_SigninOutllok_14P
2026-08-03 18:04:27,786 INFO o.a.j.t.JMeterThread: Thread is done: org.apache.jmeter.threads.JMeterThread@6f733945 - T03_SigninOutllok_14P - validate password /assets/mail/illustrations/genericError/v1/dark.svg-1,189
2026-08-03 18:04:27,786 INFO o.a.j.t.JMeterThread: Thread finished: org.apache.jmeter.threads.JMeterThread@6f733945 - T03_SigninOutllok_14P - validate password /assets/mail/illustrations/genericError/v1/dark.svg-1,189
2026-08-03 18:04:27,787 INFO o.a.j.t.JMeterThread: Thread is done: org.apache.jmeter.threads.JMeterThread@6f733945 - T03_SigninOutllok_14P - validate password /assets/framework/microsoft.svg-1,192
2026-08-03 18:04:27,787 INFO o.a.j.t.JMeterThread: Thread finished: org.apache.jmeter.threads.JMeterThread@6f733945 - T03_SigninOutllok_14P - validate password /assets/framework/microsoft.svg-1,192
2026-08-03 18:04:27,787 INFO o.a.j.t.JMeterThread: Thread is done: org.apache.jmeter.threads.JMeterThread@6f733945 - T03_SigninOutllok_14P - validate password /assets/mail/illustrations/genericError/v1/light.svg-1,188
2026-08-03 18:04:27,787 INFO o.a.j.t.JMeterThread: Thread finished: org.apache.jmeter.threads.JMeterThread@6f733945 - T03_SigninOutllok_14P - validate password /assets/mail/illustrations/genericError/v1/light.svg-1,188
2026-08-03 18:04:27,787 INFO o.a.j.t.JMeterThread: Thread started: parallel T03_SigninOutllok_14P
2026-08-03 18:04:27,787 INFO o.a.j.t.JMeterThread: Thread started: parallel T03_SigninOutllok_14P
2026-08-03 18:04:27,787 INFO o.a.j.t.JMeterThread: Thread started: parallel T03_SigninOutllok_14P
2026-08-03 18:04:27,797 INFO o.a.j.t.JMeterThread: Thread is done: org.apache.jmeter.threads.JMeterThread@6f733945 - T03_SigninOutllok_14P - validate password /assets/mail/fonts/aptos/v1.93.230727224051/aptos/Aptos-Italic.woff2-1,195
2026-08-03 18:04:27,798 INFO o.a.j.t.JMeterThread: Thread finished: org.apache.jmeter.threads.JMeterThread@6f733945 - T03_SigninOutllok_14P - validate password /assets/mail/fonts/aptos/v1.93.230727224051/aptos/Aptos-Italic.woff2-1,195
2026-08-03 18:04:27,798 INFO o.a.j.t.JMeterThread: Thread started: parallel T03_SigninOutllok_14P
2026-08-03 18:04:27,900 INFO o.a.j.t.JMeterThread: Thread is done: org.apache.jmeter.threads.JMeterThread@6f733945 - T03_SigninOutllok_14P - validate password /assets/mail/fonts/aptos/v1.93.230727224051/aptos-mono/Aptos-Mono.woff2-1,197
2026-08-03 18:04:27,900 INFO o.a.j.t.JMeterThread: Thread finished: org.apache.jmeter.threads.JMeterThread@6f733945 - T03_SigninOutllok_14P - validate password /assets/mail/fonts/aptos/v1.93.230727224051/aptos-mono/Aptos-Mono.woff2-1,197
2026-08-03 18:04:27,900 INFO o.a.j.t.JMeterThread: Thread started: parallel T03_SigninOutllok_14P
2026-08-03 18:04:27,906 INFO o.a.j.t.JMeterThread: Thread is done: org.apache.jmeter.threads.JMeterThread@6f733945 - T03_SigninOutllok_14P - validate password /assets/mail/fonts/aptos/v1.93.230727224051/aptos-display/Aptos-Display.woff2-1,196
2026-08-03 18:04:27,906 INFO o.a.j.t.JMeterThread: Thread finished: org.apache.jmeter.threads.JMeterThread@6f733945 - T03_SigninOutllok_14P - validate password /assets/mail/fonts/aptos/v1.93.230727224051/aptos-display/Aptos-Display.woff2-1,196
2026-08-03 18:04:27,909 INFO o.a.j.t.JMeterThread: Thread started: parallel T03_SigninOutllok_14P
2026-08-03 18:04:27,910 INFO o.a.j.t.JMeterThread: Thread is done: org.apache.jmeter.threads.JMeterThread@6f733945 - T03_SigninOutllok_14P - validate password /assets/mail/fonts/aptos/v1.93.230727224051/aptos/Aptos-Bold.woff2-1,194
2026-08-03 18:04:27,910 INFO o.a.j.t.JMeterThread: Thread finished: org.apache.jmeter.threads.JMeterThread@6f733945 - T03_SigninOutllok_14P - validate password /assets/mail/fonts/aptos/v1.93.230727224051/aptos/Aptos-Bold.woff2-1,194
2026-08-03 18:04:27,910 INFO o.a.j.t.JMeterThread: Thread is done: org.apache.jmeter.threads.JMeterThread@6f733945 - T03_SigninOutllok_14P - validate password /assets/mail/fonts/aptos/v1.93.230727224051/aptos/Aptos.woff2-1,193
2026-08-03 18:04:27,910 INFO o.a.j.t.JMeterThread: Thread started: parallel T03_SigninOutllok_14P
2026-08-03 18:04:27,910 INFO o.a.j.t.JMeterThread: Thread is done: org.apache.jmeter.threads.JMeterThread@6f733945 - T03_SigninOutllok_14P - validate password /assets/mail/fonts/aptos/v1.93.230727224051/aptos-narrow/Aptos-Narrow.woff2-1,198
2026-08-03 18:04:27,912 INFO o.a.j.t.JMeterThread: Thread finished: org.apache.jmeter.threads.JMeterThread@6f733945 - T03_SigninOutllok_14P - validate password /assets/mail/fonts/aptos/v1.93.230727224051/aptos-narrow/Aptos-Narrow.woff2-1,198
2026-08-03 18:04:27,912 INFO o.a.j.t.JMeterThread: Thread finished: org.apache.jmeter.threads.JMeterThread@6f733945 - T03_SigninOutllok_14P - validate password /assets/mail/fonts/aptos/v1.93.230727224051/aptos/Aptos.woff2-1,193
2026-08-03 18:04:27,913 INFO o.a.j.t.JMeterThread: Thread started: parallel T03_SigninOutllok_14P
2026-08-03 18:04:27,913 INFO o.a.j.t.JMeterThread: Thread started: parallel T03_SigninOutllok_14P
2026-08-03 18:04:27,920 INFO o.a.j.t.JMeterThread: Thread is done: org.apache.jmeter.threads.JMeterThread@6f733945 - T03_SigninOutllok_14P - validate password /assets/mail/fonts/aptos/v1.93.230727224051/aptos-serif/Aptos-Serif.woff2-1,200
2026-08-03 18:04:27,922 INFO o.a.j.t.JMeterThread: Thread finished: org.apache.jmeter.threads.JMeterThread@6f733945 - T03_SigninOutllok_14P - validate password /assets/mail/fonts/aptos/v1.93.230727224051/aptos-serif/Aptos-Serif.woff2-1,200
2026-08-03 18:04:27,922 INFO o.a.j.t.JMeterThread: Thread started: parallel T03_SigninOutllok_14P
2026-08-03 18:04:27,974 INFO o.a.j.t.JMeterThread: Thread started: parallel T03_SigninOutllok_14P
2026-08-03 18:04:27,974 INFO o.a.j.t.JMeterThread: Thread started: parallel T03_SigninOutllok_14P
2026-08-03 18:04:27,978 INFO o.a.j.t.JMeterThread: Thread started: parallel T03_SigninOutllok_14P
2026-08-03 18:04:27,974 INFO o.a.j.t.JMeterThread: Thread started: parallel T03_SigninOutllok_14P
2026-08-03 18:04:27,974 INFO o.a.j.t.JMeterThread: Thread started: parallel T03_SigninOutllok_14P
2026-08-03 18:04:27,974 INFO o.a.j.t.JMeterThread: Thread started: parallel T03_SigninOutllok_14P
2026-08-03 18:04:28,003 INFO o.a.j.t.JMeterThread: Thread is done: org.apache.jmeter.threads.JMeterThread@6f733945 - T03_SigninOutllok_14P - validate password /assets/mail/fonts/aptos/v1.93.230727224051/aptos/Aptos-Black.woff2-1,201
2026-08-03 18:04:28,003 INFO o.a.j.t.JMeterThread: Thread finished: org.apache.jmeter.threads.JMeterThread@6f733945 - T03_SigninOutllok_14P - validate password /assets/mail/fonts/aptos/v1.93.230727224051/aptos/Aptos-Black.woff2-1,201
2026-08-03 18:04:28,003 INFO o.a.j.t.JMeterThread: Thread started: parallel T03_SigninOutllok_14P
2026-08-03 18:04:28,016 INFO o.a.j.t.JMeterThread: Thread is done: org.apache.jmeter.threads.JMeterThread@6f733945 - T03_SigninOutllok_14P - validate password /assets/mail/fonts/aptos/v1.93.230727224051/aptos/Aptos-ExtraBold.woff2-1,203
2026-08-03 18:04:28,016 INFO o.a.j.t.JMeterThread: Thread finished: org.apache.jmeter.threads.JMeterThread@6f733945 - T03_SigninOutllok_14P - validate password /assets/mail/fonts/aptos/v1.93.230727224051/aptos/Aptos-ExtraBold.woff2-1,203
2026-08-03 18:04:28,017 INFO o.a.j.t.JMeterThread: Thread started: parallel T03_SigninOutllok_14P
2026-08-03 18:04:28,026 INFO o.a.j.t.JMeterThread: Thread is done: org.apache.jmeter.threads.JMeterThread@6f733945 - T03_SigninOutllok_14P - validate password /assets/mail/fonts/aptos/v1.93.230727224051/aptos/Aptos-Bold-Italic.woff2-1,199
2026-08-03 18:04:28,026 INFO o.a.j.t.JMeterThread: Thread finished: org.apache.jmeter.threads.JMeterThread@6f733945 - T03_SigninOutllok_14P - validate password /assets/mail/fonts/aptos/v1.93.230727224051/aptos/Aptos-Bold-Italic.woff2-1,199
2026-08-03 18:04:28,026 INFO o.a.j.t.JMeterThread: Thread started: parallel T03_SigninOutllok_14P
2026-08-03 18:04:28,062 INFO o.a.j.t.JMeterThread: Thread is done: org.apache.jmeter.threads.JMeterThread@6f733945 - T03_SigninOutllok_14P - validate password /assets/mail/fonts/aptos/v1.93.230727224051/aptos/Aptos-ExtraBold-Italic.woff2-1,204
2026-08-03 18:04:28,062 INFO o.a.j.t.JMeterThread: Thread is done: org.apache.jmeter.threads.JMeterThread@6f733945 - T03_SigninOutllok_14P - validate password /assets/mail/fonts/aptos/v1.93.230727224051/aptos/Aptos-SemiBold-Italic.woff2-1,211
2026-08-03 18:04:28,062 INFO o.a.j.t.JMeterThread: Thread finished: org.apache.jmeter.threads.JMeterThread@6f733945 - T03_SigninOutllok_14P - validate password /assets/mail/fonts/aptos/v1.93.230727224051/aptos/Aptos-ExtraBold-Italic.woff2-1,204
2026-08-03 18:04:28,062 INFO o.a.j.t.JMeterThread: Thread finished: org.apache.jmeter.threads.JMeterThread@6f733945 - T03_SigninOutllok_14P - validate password /assets/mail/fonts/aptos/v1.93.230727224051/aptos/Aptos-SemiBold-Italic.woff2-1,211
2026-08-03 18:04:28,062 INFO o.a.j.t.JMeterThread: Thread is done: org.apache.jmeter.threads.JMeterThread@6f733945 - T03_SigninOutllok_14P - validate password /assets/mail/fonts/aptos/v1.93.230727224051/aptos/Aptos-Black-Italic.woff2-1,202
2026-08-03 18:04:28,062 INFO o.a.j.t.JMeterThread: Thread finished: org.apache.jmeter.threads.JMeterThread@6f733945 - T03_SigninOutllok_14P - validate password /assets/mail/fonts/aptos/v1.93.230727224051/aptos/Aptos-Black-Italic.woff2-1,202
2026-08-03 18:04:28,062 INFO o.a.j.t.JMeterThread: Thread started: parallel T03_SigninOutllok_14P
2026-08-03 18:04:28,062 INFO o.a.j.t.JMeterThread: Thread started: parallel T03_SigninOutllok_14P
2026-08-03 18:04:28,063 INFO o.a.j.t.JMeterThread: Thread started: parallel T03_SigninOutllok_14P
2026-08-03 18:04:28,117 INFO o.a.j.t.JMeterThread: Thread is done: org.apache.jmeter.threads.JMeterThread@6710ebeb - T03_SigninOutllok_14P - validate password /assets/framework/microsoft.svg-1,192
2026-08-03 18:04:28,117 INFO o.a.j.t.JMeterThread: Thread finished: org.apache.jmeter.threads.JMeterThread@6710ebeb - T03_SigninOutllok_14P - validate password /assets/framework/microsoft.svg-1,192
2026-08-03 18:04:28,117 INFO o.a.j.t.JMeterThread: Thread started: parallel T03_SigninOutllok_14P
2026-08-03 18:04:28,135 INFO o.a.j.t.JMeterThread: Thread is done: org.apache.jmeter.threads.JMeterThread@6f733945 - T03_SigninOutllok_14P - validate password /assets/mail/fonts/aptos/v1.93.230727224051/aptos-display/Aptos-Display-Bold.woff2-1,212
2026-08-03 18:04:28,135 INFO o.a.j.t.JMeterThread: Thread finished: org.apache.jmeter.threads.JMeterThread@6f733945 - T03_SigninOutllok_14P - validate password /assets/mail/fonts/aptos/v1.93.230727224051/aptos-display/Aptos-Display-Bold.woff2-1,212
2026-08-03 18:04:28,136 INFO o.a.j.t.JMeterThread: Thread started: parallel T03_SigninOutllok_14P
2026-08-03 18:04:28,136 INFO o.a.j.t.JMeterThread: Thread is done: org.apache.jmeter.threads.JMeterThread@6710ebeb - T03_SigninOutllok_14P - validate password /assets/mail/illustrations/genericError/v1/light.svg-1,188
2026-08-03 18:04:28,136 INFO o.a.j.t.JMeterThread: Thread finished: org.apache.jmeter.threads.JMeterThread@6710ebeb - T03_SigninOutllok_14P - validate password /assets/mail/illustrations/genericError/v1/light.svg-1,188
2026-08-03 18:04:28,136 INFO o.a.j.t.JMeterThread: Thread is done: org.apache.jmeter.threads.JMeterThread@6710ebeb - T03_SigninOutllok_14P - validate password /assets/mail/illustrations/genericError/v1/dark.svg-1,189
2026-08-03 18:04:28,136 INFO o.a.j.t.JMeterThread: Thread finished: org.apache.jmeter.threads.JMeterThread@6710ebeb - T03_SigninOutllok_14P - validate password /assets/mail/illustrations/genericError/v1/dark.svg-1,189
2026-08-03 18:04:28,136 INFO o.a.j.t.JMeterThread: Thread is done: org.apache.jmeter.threads.JMeterThread@6710ebeb - T03_SigninOutllok_14P - validate password /assets/mail/illustrations/emptyFolder/v1/light.svg-1,190
2026-08-03 18:04:28,136 INFO o.a.j.t.JMeterThread: Thread finished: org.apache.jmeter.threads.JMeterThread@6710ebeb - T03_SigninOutllok_14P - validate password /assets/mail/illustrations/emptyFolder/v1/light.svg-1,190
2026-08-03 18:04:28,136 INFO o.a.j.t.JMeterThread: Thread started: parallel T03_SigninOutllok_14P
2026-08-03 18:04:28,136 INFO o.a.j.t.JMeterThread: Thread started: parallel T03_SigninOutllok_14P
2026-08-03 18:04:28,136 INFO o.a.j.t.JMeterThread: Thread started: parallel T03_SigninOutllok_14P
2026-08-03 18:04:28,136 INFO o.a.j.t.JMeterThread: Thread is done: org.apache.jmeter.threads.JMeterThread@6710ebeb - T03_SigninOutllok_14P - validate password /assets/mail/illustrations/emptyFolder/v1/dark.svg-1,191
2026-08-03 18:04:28,136 INFO o.a.j.t.JMeterThread: Thread finished: org.apache.jmeter.threads.JMeterThread@6710ebeb - T03_SigninOutllok_14P - validate password /assets/mail/illustrations/emptyFolder/v1/dark.svg-1,191
2026-08-03 18:04:28,137 INFO o.a.j.t.JMeterThread: Thread started: parallel T03_SigninOutllok_14P
2026-08-03 18:04:28,137 INFO o.a.j.t.JMeterThread: Thread is done: org.apache.jmeter.threads.JMeterThread@6f733945 - T03_SigninOutllok_14P - validate password /assets/mail/fonts/aptos/v1.93.230727224051/aptos/Aptos-Light-Italic.woff2-1,209
2026-08-03 18:04:28,137 INFO o.a.j.t.JMeterThread: Thread finished: org.apache.jmeter.threads.JMeterThread@6f733945 - T03_SigninOutllok_14P - validate password /assets/mail/fonts/aptos/v1.93.230727224051/aptos/Aptos-Light-Italic.woff2-1,209
2026-08-03 18:04:28,140 INFO o.a.j.t.JMeterThread: Thread started: parallel T03_SigninOutllok_14P
2026-08-03 18:04:28,141 INFO o.a.j.t.JMeterThread: Thread is done: org.apache.jmeter.threads.JMeterThread@6f733945 - T03_SigninOutllok_14P - validate password /assets/mail/fonts/aptos/v1.93.230727224051/aptos/Aptos-SemiBold.woff2-1,210
2026-08-03 18:04:28,142 INFO o.a.j.t.JMeterThread: Thread finished: org.apache.jmeter.threads.JMeterThread@6f733945 - T03_SigninOutllok_14P - validate password /assets/mail/fonts/aptos/v1.93.230727224051/aptos/Aptos-SemiBold.woff2-1,210
2026-08-03 18:04:28,142 INFO o.a.j.t.JMeterThread: Thread started: parallel T03_SigninOutllok_14P
2026-08-03 18:04:28,155 INFO o.a.j.t.JMeterThread: Thread is done: org.apache.jmeter.threads.JMeterThread@6710ebeb - T03_SigninOutllok_14P - validate password /assets/mail/fonts/aptos/v1.93.230727224051/aptos/Aptos-Italic.woff2-1,195
2026-08-03 18:04:28,155 INFO o.a.j.t.JMeterThread: Thread finished: org.apache.jmeter.threads.JMeterThread@6710ebeb - T03_SigninOutllok_14P - validate password /assets/mail/fonts/aptos/v1.93.230727224051/aptos/Aptos-Italic.woff2-1,195
2026-08-03 18:04:28,156 INFO o.a.j.t.JMeterThread: Thread started: parallel T03_SigninOutllok_14P
2026-08-03 18:04:28,183 INFO o.a.j.t.JMeterThread: Thread is done: org.apache.jmeter.threads.JMeterThread@6f733945 - T03_SigninOutllok_14P - validate password /assets/mail/fonts/aptos/v1.93.230727224051/aptos-display/Aptos-Display-Italic.woff2-1,213
2026-08-03 18:04:28,183 INFO o.a.j.t.JMeterThread: Thread is done: org.apache.jmeter.threads.JMeterThread@6f733945 - T03_SigninOutllok_14P - validate password /assets/mail/fonts/aptos/v1.93.230727224051/aptos-display/Aptos-Display-Bold-Italic.woff2-1,214
2026-08-03 18:04:28,187 INFO o.a.j.t.JMeterThread: Thread finished: org.apache.jmeter.threads.JMeterThread@6f733945 - T03_SigninOutllok_14P - validate password /assets/mail/fonts/aptos/v1.93.230727224051/aptos-display/Aptos-Display-Italic.woff2-1,213
2026-08-03 18:04:28,187 INFO o.a.j.t.JMeterThread: Thread finished: org.apache.jmeter.threads.JMeterThread@6f733945 - T03_SigninOutllok_14P - validate password /assets/mail/fonts/aptos/v1.93.230727224051/aptos-display/Aptos-Display-Bold-Italic.woff2-1,214
2026-08-03 18:04:28,183 INFO o.a.j.t.JMeterThread: Thread is done: org.apache.jmeter.threads.JMeterThread@6f733945 - T03_SigninOutllok_14P - validate password /assets/mail/fonts/aptos/v1.93.230727224051/aptos/Aptos-Light.woff2-1,208
2026-08-03 18:04:28,187 INFO o.a.j.t.JMeterThread: Thread finished: org.apache.jmeter.threads.JMeterThread@6f733945 - T03_SigninOutllok_14P - validate password /assets/mail/fonts/aptos/v1.93.230727224051/aptos/Aptos-Light.woff2-1,208
2026-08-03 18:04:28,187 INFO o.a.j.t.JMeterThread: Thread started: parallel T03_SigninOutllok_14P
2026-08-03 18:04:28,187 INFO o.a.j.t.JMeterThread: Thread started: parallel T03_SigninOutllok_14P
2026-08-03 18:04:28,187 INFO o.a.j.t.JMeterThread: Thread started: parallel T03_SigninOutllok_14P
2026-08-03 18:04:28,204 INFO o.a.j.t.JMeterThread: Thread is done: org.apache.jmeter.threads.JMeterThread@6710ebeb - T03_SigninOutllok_14P - validate password /assets/mail/fonts/aptos/v1.93.230727224051/aptos/Aptos-Bold.woff2-1,194
2026-08-03 18:04:28,204 INFO o.a.j.t.JMeterThread: Thread finished: org.apache.jmeter.threads.JMeterThread@6710ebeb - T03_SigninOutllok_14P - validate password /assets/mail/fonts/aptos/v1.93.230727224051/aptos/Aptos-Bold.woff2-1,194
2026-08-03 18:04:28,204 INFO o.a.j.t.JMeterThread: Thread started: parallel T03_SigninOutllok_14P
2026-08-03 18:04:28,242 INFO o.a.j.t.JMeterThread: Thread is done: org.apache.jmeter.threads.JMeterThread@6710ebeb - T03_SigninOutllok_14P - validate password /assets/mail/fonts/aptos/v1.93.230727224051/aptos-mono/Aptos-Mono.woff2-1,197
2026-08-03 18:04:28,242 INFO o.a.j.t.JMeterThread: Thread finished: org.apache.jmeter.threads.JMeterThread@6710ebeb - T03_SigninOutllok_14P - validate password /assets/mail/fonts/aptos/v1.93.230727224051/aptos-mono/Aptos-Mono.woff2-1,197
2026-08-03 18:04:28,242 INFO o.a.j.t.JMeterThread: Thread is done: org.apache.jmeter.threads.JMeterThread@6f733945 - T03_SigninOutllok_14P - validate password /assets/mail/fonts/aptos/v1.93.230727224051/aptos-mono/Aptos-Mono-Bold.woff2-1,215
2026-08-03 18:04:28,242 INFO o.a.j.t.JMeterThread: Thread finished: org.apache.jmeter.threads.JMeterThread@6f733945 - T03_SigninOutllok_14P - validate password /assets/mail/fonts/aptos/v1.93.230727224051/aptos-mono/Aptos-Mono-Bold.woff2-1,215
2026-08-03 18:04:28,242 INFO o.a.j.t.JMeterThread: Thread started: parallel T03_SigninOutllok_14P
2026-08-03 18:04:28,242 INFO o.a.j.t.JMeterThread: Thread started: parallel T03_SigninOutllok_14P
2026-08-03 18:04:28,250 INFO o.a.j.t.JMeterThread: Thread is done: org.apache.jmeter.threads.JMeterThread@6f733945 - T03_SigninOutllok_14P - validate password /assets/mail/fonts/aptos/v1.93.230727224051/aptos-mono/Aptos-Mono-Italic.woff2-1,216
2026-08-03 18:04:28,250 INFO o.a.j.t.JMeterThread: Thread finished: org.apache.jmeter.threads.JMeterThread@6f733945 - T03_SigninOutllok_14P - validate password /assets/mail/fonts/aptos/v1.93.230727224051/aptos-mono/Aptos-Mono-Italic.woff2-1,216
2026-08-03 18:04:28,250 INFO o.a.j.t.JMeterThread: Thread started: parallel T03_SigninOutllok_14P
2026-08-03 18:04:28,258 INFO o.a.j.t.JMeterThread: Thread is done: org.apache.jmeter.threads.JMeterThread@6f733945 - T03_SigninOutllok_14P - validate password /assets/mail/fonts/aptos/v1.93.230727224051/aptos-mono/Aptos-Mono-Bold-Italic.woff2-1,217
2026-08-03 18:04:28,258 INFO o.a.j.t.JMeterThread: Thread finished: org.apache.jmeter.threads.JMeterThread@6f733945 - T03_SigninOutllok_14P - validate password /assets/mail/fonts/aptos/v1.93.230727224051/aptos-mono/Aptos-Mono-Bold-Italic.woff2-1,217
2026-08-03 18:04:28,258 INFO o.a.j.t.JMeterThread: Thread started: parallel T03_SigninOutllok_14P
2026-08-03 18:04:28,258 INFO o.a.j.t.JMeterThread: Thread is done: org.apache.jmeter.threads.JMeterThread@6710ebeb - T03_SigninOutllok_14P - validate password /assets/mail/fonts/aptos/v1.93.230727224051/aptos-display/Aptos-Display.woff2-1,196
2026-08-03 18:04:28,258 INFO o.a.j.t.JMeterThread: Thread finished: org.apache.jmeter.threads.JMeterThread@6710ebeb - T03_SigninOutllok_14P - validate password /assets/mail/fonts/aptos/v1.93.230727224051/aptos-display/Aptos-Display.woff2-1,196
2026-08-03 18:04:28,258 INFO o.a.j.t.JMeterThread: Thread started: parallel T03_SigninOutllok_14P
2026-08-03 18:04:28,264 INFO o.a.j.t.JMeterThread: Thread is done: org.apache.jmeter.threads.JMeterThread@6710ebeb - T03_SigninOutllok_14P - validate password /assets/mail/fonts/aptos/v1.93.230727224051/aptos/Aptos.woff2-1,193
2026-08-03 18:04:28,264 INFO o.a.j.t.JMeterThread: Thread finished: org.apache.jmeter.threads.JMeterThread@6710ebeb - T03_SigninOutllok_14P - validate password /assets/mail/fonts/aptos/v1.93.230727224051/aptos/Aptos.woff2-1,193
2026-08-03 18:04:28,265 INFO o.a.j.t.JMeterThread: Thread started: parallel T03_SigninOutllok_14P
2026-08-03 18:04:28,268 INFO o.a.j.t.JMeterThread: Thread is done: org.apache.jmeter.threads.JMeterThread@6710ebeb - T03_SigninOutllok_14P - validate password /assets/mail/fonts/aptos/v1.93.230727224051/aptos-narrow/Aptos-Narrow.woff2-1,198
2026-08-03 18:04:28,268 INFO o.a.j.t.JMeterThread: Thread finished: org.apache.jmeter.threads.JMeterThread@6710ebeb - T03_SigninOutllok_14P - validate password /assets/mail/fonts/aptos/v1.93.230727224051/aptos-narrow/Aptos-Narrow.woff2-1,198
2026-08-03 18:04:28,270 INFO o.a.j.t.JMeterThread: Thread started: parallel T03_SigninOutllok_14P
2026-08-03 18:04:28,272 ERROR o.a.j.v.b.g.TextGraphiteMetricsSender: Error writing to Graphite: Connection refused: no further information
java.net.ConnectException: Connection refused: no further information
	at java.base/sun.nio.ch.Net.pollConnect(Native Method) ~[?:?]
	at java.base/sun.nio.ch.Net.pollConnectNow(Net.java:672) ~[?:?]
	at java.base/sun.nio.ch.NioSocketImpl.timedFinishConnect(NioSocketImpl.java:547) ~[?:?]
	at java.base/sun.nio.ch.NioSocketImpl.connect(NioSocketImpl.java:602) ~[?:?]
	at java.base/java.net.SocksSocketImpl.connect(SocksSocketImpl.java:327) ~[?:?]
	at java.base/java.net.Socket.connect(Socket.java:633) ~[?:?]
	at org.apache.jmeter.visualizers.backend.graphite.SocketOutputStreamPoolFactory.create(SocketOutputStreamPoolFactory.java:76) ~[ApacheJMeter_components.jar:5.6.3]
	at org.apache.jmeter.visualizers.backend.graphite.SocketOutputStreamPoolFactory.makeObject(SocketOutputStreamPoolFactory.java:47) ~[ApacheJMeter_components.jar:5.6.3]
	at org.apache.jmeter.visualizers.backend.graphite.SocketOutputStreamPoolFactory.makeObject(SocketOutputStreamPoolFactory.java:33) ~[ApacheJMeter_components.jar:5.6.3]
	at org.apache.commons.pool2.impl.GenericKeyedObjectPool.create(GenericKeyedObjectPool.java:796) ~[commons-pool2-2.12.0.jar:2.12.0]
	at org.apache.commons.pool2.impl.GenericKeyedObjectPool.borrowObject(GenericKeyedObjectPool.java:444) ~[commons-pool2-2.12.0.jar:2.12.0]
	at org.apache.commons.pool2.impl.GenericKeyedObjectPool.borrowObject(GenericKeyedObjectPool.java:355) ~[commons-pool2-2.12.0.jar:2.12.0]
	at org.apache.jmeter.visualizers.backend.graphite.TextGraphiteMetricsSender.writeMetrics(TextGraphiteMetricsSender.java:110) [ApacheJMeter_components.jar:5.6.3]
	at org.apache.jmeter.visualizers.backend.graphite.TextGraphiteMetricsSender.writeAndSendMetrics(TextGraphiteMetricsSender.java:104) [ApacheJMeter_components.jar:5.6.3]
	at org.apache.jmeter.visualizers.backend.graphite.GraphiteBackendListenerClient.sendMetrics(GraphiteBackendListenerClient.java:186) [ApacheJMeter_components.jar:5.6.3]
	at org.apache.jmeter.visualizers.backend.graphite.GraphiteBackendListenerClient.run(GraphiteBackendListenerClient.java:149) [ApacheJMeter_components.jar:5.6.3]
	at java.base/java.util.concurrent.Executors$RunnableAdapter.call(Executors.java:539) [?:?]
	at java.base/java.util.concurrent.FutureTask.runAndReset(FutureTask.java:305) [?:?]
	at java.base/java.util.concurrent.ScheduledThreadPoolExecutor$ScheduledFutureTask.run(ScheduledThreadPoolExecutor.java:305) [?:?]
	at java.base/java.util.concurrent.ThreadPoolExecutor.runWorker(ThreadPoolExecutor.java:1136) [?:?]
	at java.base/java.util.concurrent.ThreadPoolExecutor$Worker.run(ThreadPoolExecutor.java:635) [?:?]
	at java.base/java.lang.Thread.run(Thread.java:842) [?:?]
2026-08-03 18:04:28,278 INFO o.a.j.t.JMeterThread: Thread is done: org.apache.jmeter.threads.JMeterThread@6710ebeb - T03_SigninOutllok_14P - validate password /assets/mail/fonts/aptos/v1.93.230727224051/aptos-serif/Aptos-Serif.woff2-1,200
2026-08-03 18:04:28,278 INFO o.a.j.t.JMeterThread: Thread finished: org.apache.jmeter.threads.JMeterThread@6710ebeb - T03_SigninOutllok_14P - validate password /assets/mail/fonts/aptos/v1.93.230727224051/aptos-serif/Aptos-Serif.woff2-1,200
2026-08-03 18:04:28,279 INFO o.a.j.t.JMeterThread: Thread started: parallel T03_SigninOutllok_14P
2026-08-03 18:04:28,312 INFO o.a.j.t.JMeterThread: Thread is done: org.apache.jmeter.threads.JMeterThread@6f733945 - T03_SigninOutllok_14P - validate password /assets/mail/fonts/aptos/v1.93.230727224051/aptos-narrow/Aptos-Narrow-Bold.woff2-1,218
2026-08-03 18:04:28,312 INFO o.a.j.t.JMeterThread: Thread is done: org.apache.jmeter.threads.JMeterThread@6f733945 - T03_SigninOutllok_14P - validate password /assets/mail/fonts/aptos/v1.93.230727224051/aptos-serif/Aptos-Serif-Bold.woff2-1,221
2026-08-03 18:04:28,312 INFO o.a.j.t.JMeterThread: Thread is done: org.apache.jmeter.threads.JMeterThread@6f733945 - T03_SigninOutllok_14P - validate password /assets/mail/fonts/aptos/v1.93.230727224051/aptos-narrow/Aptos-Narrow-Italic.woff2-1,219
2026-08-03 18:04:28,312 INFO o.a.j.t.JMeterThread: Thread finished: org.apache.jmeter.threads.JMeterThread@6f733945 - T03_SigninOutllok_14P - validate password /assets/mail/fonts/aptos/v1.93.230727224051/aptos-narrow/Aptos-Narrow-Bold.woff2-1,218
2026-08-03 18:04:28,312 INFO o.a.j.t.JMeterThread: Thread finished: org.apache.jmeter.threads.JMeterThread@6f733945 - T03_SigninOutllok_14P - validate password /assets/mail/fonts/aptos/v1.93.230727224051/aptos-narrow/Aptos-Narrow-Italic.woff2-1,219
2026-08-03 18:04:28,312 INFO o.a.j.t.JMeterThread: Thread finished: org.apache.jmeter.threads.JMeterThread@6f733945 - T03_SigninOutllok_14P - validate password /assets/mail/fonts/aptos/v1.93.230727224051/aptos-serif/Aptos-Serif-Bold.woff2-1,221
2026-08-03 18:04:28,312 INFO o.a.j.t.JMeterThread: Thread started: parallel T03_SigninOutllok_14P
2026-08-03 18:04:28,333 INFO o.a.j.t.JMeterThread: Thread is done: org.apache.jmeter.threads.JMeterThread@6710ebeb - T03_SigninOutllok_14P - validate password /assets/mail/fonts/aptos/v1.93.230727224051/aptos/Aptos-Black.woff2-1,201
2026-08-03 18:04:28,333 INFO o.a.j.t.JMeterThread: Thread finished: org.apache.jmeter.threads.JMeterThread@6710ebeb - T03_SigninOutllok_14P - validate password /assets/mail/fonts/aptos/v1.93.230727224051/aptos/Aptos-Black.woff2-1,201
2026-08-03 18:04:28,344 INFO o.a.j.t.JMeterThread: Thread started: parallel T03_SigninOutllok_14P
2026-08-03 18:04:28,350 INFO o.a.j.t.JMeterThread: Thread is done: org.apache.jmeter.threads.JMeterThread@6710ebeb - T03_SigninOutllok_14P - validate password /assets/mail/fonts/aptos/v1.93.230727224051/aptos/Aptos-Bold-Italic.woff2-1,199
2026-08-03 18:04:28,350 INFO o.a.j.t.JMeterThread: Thread finished: org.apache.jmeter.threads.JMeterThread@6710ebeb - T03_SigninOutllok_14P - validate password /assets/mail/fonts/aptos/v1.93.230727224051/aptos/Aptos-Bold-Italic.woff2-1,199
2026-08-03 18:04:28,350 INFO o.a.j.t.JMeterThread: Thread is done: org.apache.jmeter.threads.JMeterThread@6f733945 - T03_SigninOutllok_14P - validate password /assets/mail/fonts/aptos/v1.93.230727224051/aptos-serif/Aptos-Serif-Italic.woff2-1,222
2026-08-03 18:04:28,350 INFO o.a.j.t.JMeterThread: Thread finished: org.apache.jmeter.threads.JMeterThread@6f733945 - T03_SigninOutllok_14P - validate password /assets/mail/fonts/aptos/v1.93.230727224051/aptos-serif/Aptos-Serif-Italic.woff2-1,222
2026-08-03 18:04:28,350 INFO o.a.j.t.JMeterThread: Thread started: parallel T03_SigninOutllok_14P
2026-08-03 18:04:28,366 INFO o.a.j.t.JMeterThread: Thread is done: org.apache.jmeter.threads.JMeterThread@6f733945 - T03_SigninOutllok_14P - validate password /assets/mail/fonts/aptos/v1.93.230727224051/aptos-narrow/Aptos-Narrow-Bold-Italic.woff2-1,220
2026-08-03 18:04:28,366 INFO o.a.j.t.JMeterThread: Thread finished: org.apache.jmeter.threads.JMeterThread@6f733945 - T03_SigninOutllok_14P - validate password /assets/mail/fonts/aptos/v1.93.230727224051/aptos-narrow/Aptos-Narrow-Bold-Italic.woff2-1,220
2026-08-03 18:04:28,378 INFO o.a.j.t.JMeterThread: Thread is done: org.apache.jmeter.threads.JMeterThread@6f733945 - T03_SigninOutllok_14P - validate password /assets/mail/fonts/aptos/v1.93.230727224051/aptos-serif/Aptos-Serif-Bold-Italic.woff2-1,223
2026-08-03 18:04:28,378 INFO o.a.j.t.JMeterThread: Thread is done: org.apache.jmeter.threads.JMeterThread@6710ebeb - T03_SigninOutllok_14P - validate password /assets/mail/fonts/aptos/v1.93.230727224051/aptos/Aptos-Black-Italic.woff2-1,202
2026-08-03 18:04:28,379 INFO o.a.j.t.JMeterThread: Thread finished: org.apache.jmeter.threads.JMeterThread@6f733945 - T03_SigninOutllok_14P - validate password /assets/mail/fonts/aptos/v1.93.230727224051/aptos-serif/Aptos-Serif-Bold-Italic.woff2-1,223
2026-08-03 18:04:28,379 INFO o.a.j.t.JMeterThread: Thread finished: org.apache.jmeter.threads.JMeterThread@6710ebeb - T03_SigninOutllok_14P - validate password /assets/mail/fonts/aptos/v1.93.230727224051/aptos/Aptos-Black-Italic.woff2-1,202
2026-08-03 18:04:28,379 INFO o.a.j.t.JMeterThread: Thread started: parallel T03_SigninOutllok_14P
2026-08-03 18:04:28,400 INFO o.a.j.t.JMeterThread: Thread is done: org.apache.jmeter.threads.JMeterThread@6710ebeb - T03_SigninOutllok_14P - validate password /assets/mail/fonts/aptos/v1.93.230727224051/aptos/Aptos-ExtraBold-Italic.woff2-1,204
2026-08-03 18:04:28,400 INFO o.a.j.t.JMeterThread: Thread is done: org.apache.jmeter.threads.JMeterThread@6710ebeb - T03_SigninOutllok_14P - validate password /assets/mail/fonts/aptos/v1.93.230727224051/aptos/Aptos-ExtraBold.woff2-1,203
2026-08-03 18:04:28,400 INFO o.a.j.t.JMeterThread: Thread finished: org.apache.jmeter.threads.JMeterThread@6710ebeb - T03_SigninOutllok_14P - validate password /assets/mail/fonts/aptos/v1.93.230727224051/aptos/Aptos-ExtraBold-Italic.woff2-1,204
2026-08-03 18:04:28,401 INFO o.a.j.t.JMeterThread: Thread finished: org.apache.jmeter.threads.JMeterThread@6710ebeb - T03_SigninOutllok_14P - validate password /assets/mail/fonts/aptos/v1.93.230727224051/aptos/Aptos-ExtraBold.woff2-1,203
2026-08-03 18:04:28,401 INFO o.a.j.t.JMeterThread: Thread started: parallel T03_SigninOutllok_14P
2026-08-03 18:04:28,401 INFO o.a.j.t.JMeterThread: Thread started: parallel T03_SigninOutllok_14P
2026-08-03 18:04:28,407 INFO o.a.j.t.JMeterThread: Thread is done: org.apache.jmeter.threads.JMeterThread@6710ebeb - T03_SigninOutllok_14P - validate password /assets/mail/fonts/aptos/v1.93.230727224051/aptos/Aptos-SemiBold-Italic.woff2-1,211
2026-08-03 18:04:28,407 INFO o.a.j.t.JMeterThread: Thread finished: org.apache.jmeter.threads.JMeterThread@6710ebeb - T03_SigninOutllok_14P - validate password /assets/mail/fonts/aptos/v1.93.230727224051/aptos/Aptos-SemiBold-Italic.woff2-1,211
2026-08-03 18:04:28,408 INFO o.a.j.t.JMeterThread: Thread started: parallel T03_SigninOutllok_14P
2026-08-03 18:04:28,456 INFO o.a.j.t.JMeterThread: Thread is done: org.apache.jmeter.threads.JMeterThread@6710ebeb - T03_SigninOutllok_14P - validate password /assets/mail/fonts/aptos/v1.93.230727224051/aptos/Aptos-Light-Italic.woff2-1,209
2026-08-03 18:04:28,456 INFO o.a.j.t.JMeterThread: Thread finished: org.apache.jmeter.threads.JMeterThread@6710ebeb - T03_SigninOutllok_14P - validate password /assets/mail/fonts/aptos/v1.93.230727224051/aptos/Aptos-Light-Italic.woff2-1,209
2026-08-03 18:04:28,456 INFO o.a.j.t.JMeterThread: Thread started: parallel T03_SigninOutllok_14P
2026-08-03 18:04:28,466 INFO o.a.j.t.JMeterThread: Thread is done: org.apache.jmeter.threads.JMeterThread@6710ebeb - T03_SigninOutllok_14P - validate password /assets/mail/fonts/aptos/v1.93.230727224051/aptos/Aptos-SemiBold.woff2-1,210
2026-08-03 18:04:28,466 INFO o.a.j.t.JMeterThread: Thread finished: org.apache.jmeter.threads.JMeterThread@6710ebeb - T03_SigninOutllok_14P - validate password /assets/mail/fonts/aptos/v1.93.230727224051/aptos/Aptos-SemiBold.woff2-1,210
2026-08-03 18:04:28,467 INFO o.a.j.t.JMeterThread: Thread started: parallel T03_SigninOutllok_14P
2026-08-03 18:04:28,490 INFO o.a.j.t.JMeterThread: Thread is done: org.apache.jmeter.threads.JMeterThread@6710ebeb - T03_SigninOutllok_14P - validate password /assets/mail/fonts/aptos/v1.93.230727224051/aptos-display/Aptos-Display-Bold.woff2-1,212
2026-08-03 18:04:28,490 INFO o.a.j.t.JMeterThread: Thread finished: org.apache.jmeter.threads.JMeterThread@6710ebeb - T03_SigninOutllok_14P - validate password /assets/mail/fonts/aptos/v1.93.230727224051/aptos-display/Aptos-Display-Bold.woff2-1,212
2026-08-03 18:04:28,490 INFO o.a.j.t.JMeterThread: Thread started: parallel T03_SigninOutllok_14P
2026-08-03 18:04:28,500 INFO o.a.j.t.JMeterThread: Thread is done: org.apache.jmeter.threads.JMeterThread@6710ebeb - T03_SigninOutllok_14P - validate password /assets/mail/fonts/aptos/v1.93.230727224051/aptos-display/Aptos-Display-Italic.woff2-1,213
2026-08-03 18:04:28,500 INFO o.a.j.t.JMeterThread: Thread finished: org.apache.jmeter.threads.JMeterThread@6710ebeb - T03_SigninOutllok_14P - validate password /assets/mail/fonts/aptos/v1.93.230727224051/aptos-display/Aptos-Display-Italic.woff2-1,213
2026-08-03 18:04:28,500 INFO o.a.j.t.JMeterThread: Thread started: parallel T03_SigninOutllok_14P
2026-08-03 18:04:28,512 INFO o.a.j.t.JMeterThread: Thread is done: org.apache.jmeter.threads.JMeterThread@6710ebeb - T03_SigninOutllok_14P - validate password /assets/mail/fonts/aptos/v1.93.230727224051/aptos/Aptos-Light.woff2-1,208
2026-08-03 18:04:28,512 INFO o.a.j.t.JMeterThread: Thread finished: org.apache.jmeter.threads.JMeterThread@6710ebeb - T03_SigninOutllok_14P - validate password /assets/mail/fonts/aptos/v1.93.230727224051/aptos/Aptos-Light.woff2-1,208
2026-08-03 18:04:28,515 INFO o.a.j.t.JMeterThread: Thread started: parallel T03_SigninOutllok_14P
2026-08-03 18:04:28,517 INFO o.a.j.t.JMeterThread: Thread is done: org.apache.jmeter.threads.JMeterThread@6710ebeb - T03_SigninOutllok_14P - validate password /assets/mail/fonts/aptos/v1.93.230727224051/aptos-display/Aptos-Display-Bold-Italic.woff2-1,214
2026-08-03 18:04:28,517 INFO o.a.j.t.JMeterThread: Thread finished: org.apache.jmeter.threads.JMeterThread@6710ebeb - T03_SigninOutllok_14P - validate password /assets/mail/fonts/aptos/v1.93.230727224051/aptos-display/Aptos-Display-Bold-Italic.woff2-1,214
2026-08-03 18:04:28,517 INFO o.a.j.t.JMeterThread: Thread started: parallel T03_SigninOutllok_14P
2026-08-03 18:04:28,533 INFO o.a.j.t.JMeterThread: Thread is done: org.apache.jmeter.threads.JMeterThread@6710ebeb - T03_SigninOutllok_14P - validate password /assets/mail/fonts/aptos/v1.93.230727224051/aptos-mono/Aptos-Mono-Bold.woff2-1,215
2026-08-03 18:04:28,533 INFO o.a.j.t.JMeterThread: Thread finished: org.apache.jmeter.threads.JMeterThread@6710ebeb - T03_SigninOutllok_14P - validate password /assets/mail/fonts/aptos/v1.93.230727224051/aptos-mono/Aptos-Mono-Bold.woff2-1,215
2026-08-03 18:04:28,533 INFO o.a.j.t.JMeterThread: Thread started: parallel T03_SigninOutllok_14P
2026-08-03 18:04:28,556 INFO o.a.j.t.JMeterThread: Thread is done: org.apache.jmeter.threads.JMeterThread@6710ebeb - T03_SigninOutllok_14P - validate password /assets/mail/fonts/aptos/v1.93.230727224051/aptos-mono/Aptos-Mono-Bold-Italic.woff2-1,217
2026-08-03 18:04:28,556 INFO o.a.j.t.JMeterThread: Thread finished: org.apache.jmeter.threads.JMeterThread@6710ebeb - T03_SigninOutllok_14P - validate password /assets/mail/fonts/aptos/v1.93.230727224051/aptos-mono/Aptos-Mono-Bold-Italic.woff2-1,217
2026-08-03 18:04:28,556 INFO o.a.j.t.JMeterThread: Thread started: parallel T03_SigninOutllok_14P
2026-08-03 18:04:28,568 INFO o.a.j.t.JMeterThread: Thread is done: org.apache.jmeter.threads.JMeterThread@6710ebeb - T03_SigninOutllok_14P - validate password /assets/mail/fonts/aptos/v1.93.230727224051/aptos-mono/Aptos-Mono-Italic.woff2-1,216
2026-08-03 18:04:28,568 INFO o.a.j.t.JMeterThread: Thread finished: org.apache.jmeter.threads.JMeterThread@6710ebeb - T03_SigninOutllok_14P - validate password /assets/mail/fonts/aptos/v1.93.230727224051/aptos-mono/Aptos-Mono-Italic.woff2-1,216
2026-08-03 18:04:28,568 INFO o.a.j.t.JMeterThread: Thread started: parallel T03_SigninOutllok_14P
2026-08-03 18:04:28,600 INFO o.a.j.r.ResultCollector: Shutdown hook started
2026-08-03 18:04:28,600 INFO o.a.j.r.ResultCollector: Shutdown hook ended
