2026-08-11 16:12:53,288 INFO o.a.j.u.JMeterUtils: Setting Locale to en_EN
2026-08-11 16:12:53,401 INFO o.a.j.JMeter: Loading user properties from: D:\apache-jmeter-5.6.3\bin\user.properties
2026-08-11 16:12:53,403 INFO o.a.j.JMeter: Loading system properties from: D:\apache-jmeter-5.6.3\bin\system.properties
2026-08-11 16:12:53,404 INFO o.a.j.JMeter: Setting JMeter property: jmeter.save.saveservice.autoflush=true
2026-08-11 16:12:53,405 INFO o.a.j.JMeter: Setting JMeter property: summariser.interval=3
2026-08-11 16:12:53,412 INFO o.a.j.JMeter: Copyright (c) 1998-2024 The Apache Software Foundation
2026-08-11 16:12:53,412 INFO o.a.j.JMeter: Version 5.6.3
2026-08-11 16:12:53,412 INFO o.a.j.JMeter: java.version=17.0.12
2026-08-11 16:12:53,421 INFO o.a.j.JMeter: java.vm.name=Java HotSpot(TM) 64-Bit Server VM
2026-08-11 16:12:53,421 INFO o.a.j.JMeter: os.name=Windows 11
2026-08-11 16:12:53,422 INFO o.a.j.JMeter: os.arch=amd64
2026-08-11 16:12:53,422 INFO o.a.j.JMeter: os.version=10.0
2026-08-11 16:12:53,422 INFO o.a.j.JMeter: file.encoding=Cp1252
2026-08-11 16:12:53,422 INFO o.a.j.JMeter: java.awt.headless=true
2026-08-11 16:12:53,422 INFO o.a.j.JMeter: Max memory     =1073741824
2026-08-11 16:12:53,422 INFO o.a.j.JMeter: Available Processors =14
2026-08-11 16:12:53,440 INFO o.a.j.JMeter: Default Locale=English (EN)
2026-08-11 16:12:53,442 INFO o.a.j.JMeter: JMeter  Locale=English (EN)
2026-08-11 16:12:53,442 INFO o.a.j.JMeter: JMeterHome=D:\apache-jmeter-5.6.3
2026-08-11 16:12:53,442 INFO o.a.j.JMeter: user.dir  =D:\BlazemeterMCPZIP\JmeterAI
2026-08-11 16:12:53,442 INFO o.a.j.JMeter: PWD       =D:\BlazemeterMCPZIP\JmeterAI
2026-08-11 16:12:53,442 INFO o.a.j.JMeter: IP: 192.168.128.232 Name: AICPL-L224 FullName: AICPL-L224
2026-08-11 16:12:53,475 INFO o.a.j.s.FileServer: Default base='D:\BlazemeterMCPZIP\JmeterAI'
2026-08-11 16:12:53,475 INFO o.a.j.s.FileServer: Set new base='D:\BlazemeterMCPZIP\JmeterAI\Tests'
2026-08-11 16:12:53,837 INFO o.a.j.s.SaveService: Testplan (JMX) version: 2.2. Testlog (JTL) version: 2.2
2026-08-11 16:12:53,900 INFO o.a.j.s.SaveService: Using SaveService properties version 5.0
2026-08-11 16:12:53,911 INFO o.a.j.s.SaveService: Using SaveService properties file encoding UTF-8
2026-08-11 16:12:53,911 INFO o.a.j.s.SaveService: Loading file: D:\BlazemeterMCPZIP\JmeterAI\Tests\Jpet_01.jmx
2026-08-11 16:12:53,977 INFO o.a.j.p.h.c.CookieManager: Settings: Delete null: true Check: true Allow variable: true Save: false Prefix: COOKIE_
2026-08-11 16:12:54,027 INFO o.a.j.p.h.s.HTTPSamplerBase: Parser for text/html is org.apache.jmeter.protocol.http.parser.LagartoBasedHtmlParser
2026-08-11 16:12:54,027 INFO o.a.j.p.h.s.HTTPSamplerBase: Parser for application/xhtml+xml is org.apache.jmeter.protocol.http.parser.LagartoBasedHtmlParser
2026-08-11 16:12:54,027 INFO o.a.j.p.h.s.HTTPSamplerBase: Parser for application/xml is org.apache.jmeter.protocol.http.parser.LagartoBasedHtmlParser
2026-08-11 16:12:54,027 INFO o.a.j.p.h.s.HTTPSamplerBase: Parser for text/xml is org.apache.jmeter.protocol.http.parser.LagartoBasedHtmlParser
2026-08-11 16:12:54,027 INFO o.a.j.p.h.s.HTTPSamplerBase: Parser for text/vnd.wap.wml is org.apache.jmeter.protocol.http.parser.RegexpHTMLParser
2026-08-11 16:12:54,027 INFO o.a.j.p.h.s.HTTPSamplerBase: Parser for text/css is org.apache.jmeter.protocol.http.parser.CssParser
2026-08-11 16:12:54,431 INFO o.a.j.e.KeyToolUtils: keytool found at 'keytool'
2026-08-11 16:12:54,440 INFO o.a.j.p.h.p.ProxyControl: HTTP(S) Test Script Recorder SSL Proxy will use keys that support embedded 3rd party resources in file D:\apache-jmeter-5.6.3\bin\proxyserver.jks
2026-08-11 16:12:54,474 INFO o.a.j.JMeter: Creating summariser <summary>
2026-08-11 16:12:54,528 INFO o.a.j.e.StandardJMeterEngine: Running the test!
2026-08-11 16:12:54,529 INFO o.a.j.s.SampleEvent: List of sample_variables: []
2026-08-11 16:12:54,529 INFO o.a.j.s.SampleEvent: List of sample_variables: []
2026-08-11 16:12:54,550 INFO o.a.j.e.u.CompoundVariable: Note: Function class names must contain the string: '.functions.'
2026-08-11 16:12:54,550 INFO o.a.j.e.u.CompoundVariable: Note: Function class names must not contain the string: '.gui.'
2026-08-11 16:12:54,641 INFO o.a.j.r.ClassFinder: Will scan jar D:\apache-jmeter-5.6.3\lib\ext\jmeter-plugins-manager-1.12.jar with filter ExtendsClassFilter [parents=[interface org.apache.jmeter.functions.Function], inner=false, contains=null, notContains=null]. Consider exposing JMeter plugins via META-INF/services, and add JMeter-Skip-Class-Scanning=true manifest attribute so JMeter can skip classfile scanning
2026-08-11 16:12:54,824 INFO o.a.j.r.ClassFinder: Will scan jar D:\apache-jmeter-5.6.3\lib\ext\jmeter-parallel-0.12.jar with filter ExtendsClassFilter [parents=[interface org.apache.jmeter.functions.Function], inner=false, contains=null, notContains=null]. Consider exposing JMeter plugins via META-INF/services, and add JMeter-Skip-Class-Scanning=true manifest attribute so JMeter can skip classfile scanning
2026-08-11 16:12:54,845 INFO o.a.j.r.ClassFinder: Will scan jar D:\apache-jmeter-5.6.3\lib\ext\jmeter-plugins-senseuploader-3.5.jar with filter ExtendsClassFilter [parents=[interface org.apache.jmeter.functions.Function], inner=false, contains=null, notContains=null]. Consider exposing JMeter plugins via META-INF/services, and add JMeter-Skip-Class-Scanning=true manifest attribute so JMeter can skip classfile scanning
2026-08-11 16:12:55,024 INFO o.a.j.JMeter: Running test (1786444975024)
2026-08-11 16:12:55,074 INFO o.a.j.e.StandardJMeterEngine: Starting ThreadGroup: 1 : Thread Group
2026-08-11 16:12:55,074 INFO o.a.j.e.StandardJMeterEngine: Starting 15 threads for group Thread Group.
2026-08-11 16:12:55,074 INFO o.a.j.e.StandardJMeterEngine: Thread will continue on error
2026-08-11 16:12:55,074 INFO o.a.j.t.ThreadGroup: Starting thread group... number=1 threads=15 ramp-up=10 delayedStart=false
2026-08-11 16:12:55,139 INFO o.a.j.s.SampleResult: Note: Sample TimeStamps are START times
2026-08-11 16:12:55,142 INFO o.a.j.s.SampleResult: sampleresult.default.encoding is set to UTF-8
2026-08-11 16:12:55,142 INFO o.a.j.s.SampleResult: sampleresult.useNanoTime=true
2026-08-11 16:12:55,142 INFO o.a.j.s.SampleResult: sampleresult.nanoThreadSleep=5000
2026-08-11 16:12:55,150 INFO o.a.j.t.JMeterThread: Thread started: Thread Group 1-1
2026-08-11 16:12:55,174 INFO o.a.j.t.ThreadGroup: Started thread group number 1
2026-08-11 16:12:55,174 INFO o.a.j.e.StandardJMeterEngine: All thread groups have been started
2026-08-11 16:12:55,190 INFO o.a.j.p.h.s.HTTPHCAbstractImpl: Local host = AICPL-L224
2026-08-11 16:12:55,207 INFO o.a.j.p.h.s.HTTPHC4Impl: HTTP request retry count = 0
2026-08-11 16:12:55,418 INFO o.a.j.p.h.s.h.LazyLayeredConnectionSocketFactory: Setting up HTTPS TrustAll Socket Factory
2026-08-11 16:12:55,430 INFO o.a.j.u.JsseSSLManager: Using default SSL protocol: TLS
2026-08-11 16:12:55,430 INFO o.a.j.u.JsseSSLManager: SSL session context: per-thread
2026-08-11 16:12:55,807 INFO o.a.j.t.JMeterThread: Thread started: Thread Group 1-2
2026-08-11 16:12:55,843 INFO o.a.j.u.SSLManager: JmeterKeyStore Location:  type JKS
2026-08-11 16:12:55,843 INFO o.a.j.u.SSLManager: KeyStore created OK
2026-08-11 16:12:55,843 WARN o.a.j.u.SSLManager: Keystore file not found, loading empty keystore
2026-08-11 16:12:56,471 INFO o.a.j.t.JMeterThread: Thread started: Thread Group 1-3
2026-08-11 16:12:57,138 INFO o.a.j.t.JMeterThread: Thread started: Thread Group 1-4
2026-08-11 16:12:57,420 INFO o.a.j.r.Summariser: summary +      1 in 00:00:02 =    0.4/s Avg:  1600 Min:  1600 Max:  1600 Err:     0 (0.00%) Active: 4 Started: 4 Finished: 0
2026-08-11 16:12:57,788 INFO o.a.j.t.JMeterThread: Thread started: Thread Group 1-5
2026-08-11 16:12:58,454 INFO o.a.j.t.JMeterThread: Thread started: Thread Group 1-6
2026-08-11 16:12:59,103 INFO o.a.j.t.JMeterThread: Thread started: Thread Group 1-7
2026-08-11 16:12:59,769 INFO o.a.j.t.JMeterThread: Thread started: Thread Group 1-8
2026-08-11 16:13:00,286 WARN o.a.j.p.h.s.HTTPSamplerBase: Existing CookieManager HTTP Cookie Manager superseded by HTTP Cookie Manager
2026-08-11 16:13:00,386 WARN o.a.j.p.h.s.HTTPSamplerBase: Existing CookieManager HTTP Cookie Manager superseded by HTTP Cookie Manager
2026-08-11 16:13:00,388 WARN o.a.j.p.h.s.HTTPSamplerBase: Existing CookieManager HTTP Cookie Manager superseded by HTTP Cookie Manager
2026-08-11 16:13:00,418 INFO o.a.j.t.JMeterThread: Thread started: Thread Group 1-9
2026-08-11 16:13:00,621 WARN o.a.j.p.h.s.HTTPSamplerBase: Existing CookieManager HTTP Cookie Manager superseded by HTTP Cookie Manager
2026-08-11 16:13:01,102 INFO o.a.j.t.JMeterThread: Thread started: Thread Group 1-10
2026-08-11 16:13:01,252 WARN o.a.j.p.h.s.HTTPSamplerBase: Existing CookieManager HTTP Cookie Manager superseded by HTTP Cookie Manager
2026-08-11 16:13:01,767 INFO o.a.j.t.JMeterThread: Thread started: Thread Group 1-11
2026-08-11 16:13:01,901 WARN o.a.j.p.h.s.HTTPSamplerBase: Existing CookieManager HTTP Cookie Manager superseded by HTTP Cookie Manager
2026-08-11 16:13:02,433 INFO o.a.j.t.JMeterThread: Thread started: Thread Group 1-12
2026-08-11 16:13:02,492 WARN o.a.j.p.h.s.HTTPSamplerBase: Existing CookieManager HTTP Cookie Manager superseded by HTTP Cookie Manager
2026-08-11 16:13:02,734 WARN o.a.j.p.h.s.HTTPSamplerBase: Existing CookieManager HTTP Cookie Manager superseded by HTTP Cookie Manager
2026-08-11 16:13:02,925 WARN o.a.j.p.h.s.HTTPSamplerBase: Existing CookieManager HTTP Cookie Manager superseded by HTTP Cookie Manager
2026-08-11 16:13:02,929 WARN o.a.j.p.h.s.HTTPSamplerBase: Existing CookieManager HTTP Cookie Manager superseded by HTTP Cookie Manager
2026-08-11 16:13:03,031 INFO o.a.j.r.Summariser: summary +    204 in 00:00:06 =   36.3/s Avg:   229 Min:   141 Max:  2166 Err:     0 (0.00%) Active: 12 Started: 12 Finished: 0
2026-08-11 16:13:03,032 INFO o.a.j.r.Summariser: summary =    205 in 00:00:08 =   25.6/s Avg:   236 Min:   141 Max:  2166 Err:     0 (0.00%)
2026-08-11 16:13:03,067 WARN o.a.j.p.h.s.HTTPSamplerBase: Existing CookieManager HTTP Cookie Manager superseded by HTTP Cookie Manager
2026-08-11 16:13:03,082 INFO o.a.j.t.JMeterThread: Thread started: Thread Group 1-13
2026-08-11 16:13:03,118 WARN o.a.j.p.h.s.HTTPSamplerBase: Existing CookieManager HTTP Cookie Manager superseded by HTTP Cookie Manager
2026-08-11 16:13:03,124 WARN o.a.j.p.h.s.HTTPSamplerBase: Existing CookieManager HTTP Cookie Manager superseded by HTTP Cookie Manager
2026-08-11 16:13:03,201 WARN o.a.j.p.h.s.HTTPSamplerBase: Existing CookieManager HTTP Cookie Manager superseded by HTTP Cookie Manager
2026-08-11 16:13:03,234 WARN o.a.j.p.h.s.HTTPSamplerBase: Existing CookieManager HTTP Cookie Manager superseded by HTTP Cookie Manager
2026-08-11 16:13:03,452 WARN o.a.j.p.h.s.HTTPSamplerBase: Existing CookieManager HTTP Cookie Manager superseded by HTTP Cookie Manager
2026-08-11 16:13:03,735 WARN o.a.j.p.h.s.HTTPSamplerBase: Existing CookieManager HTTP Cookie Manager superseded by HTTP Cookie Manager
2026-08-11 16:13:03,766 INFO o.a.j.t.JMeterThread: Thread started: Thread Group 1-14
2026-08-11 16:13:03,802 WARN o.a.j.p.h.s.HTTPSamplerBase: Existing CookieManager HTTP Cookie Manager superseded by HTTP Cookie Manager
2026-08-11 16:13:04,029 WARN o.a.j.p.h.s.HTTPSamplerBase: Existing CookieManager HTTP Cookie Manager superseded by HTTP Cookie Manager
2026-08-11 16:13:04,319 WARN o.a.j.p.h.s.HTTPSamplerBase: Existing CookieManager HTTP Cookie Manager superseded by HTTP Cookie Manager
2026-08-11 16:13:04,415 INFO o.a.j.t.JMeterThread: Thread started: Thread Group 1-15
2026-08-11 16:13:04,526 WARN o.a.j.p.h.s.HTTPSamplerBase: Existing CookieManager HTTP Cookie Manager superseded by HTTP Cookie Manager
2026-08-11 16:13:04,617 WARN o.a.j.p.h.s.HTTPSamplerBase: Existing CookieManager HTTP Cookie Manager superseded by HTTP Cookie Manager
2026-08-11 16:13:04,944 WARN o.a.j.p.h.s.HTTPSamplerBase: Existing CookieManager HTTP Cookie Manager superseded by HTTP Cookie Manager
2026-08-11 16:13:05,224 WARN o.a.j.p.h.s.HTTPSamplerBase: Existing CookieManager HTTP Cookie Manager superseded by HTTP Cookie Manager
2026-08-11 16:13:05,284 WARN o.a.j.p.h.s.HTTPSamplerBase: Existing CookieManager HTTP Cookie Manager superseded by HTTP Cookie Manager
2026-08-11 16:13:05,517 WARN o.a.j.p.h.s.HTTPSamplerBase: Existing CookieManager HTTP Cookie Manager superseded by HTTP Cookie Manager
2026-08-11 16:13:05,591 WARN o.a.j.p.h.s.HTTPSamplerBase: Existing CookieManager HTTP Cookie Manager superseded by HTTP Cookie Manager
2026-08-11 16:13:05,733 WARN o.a.j.p.h.s.HTTPSamplerBase: Existing CookieManager HTTP Cookie Manager superseded by HTTP Cookie Manager
2026-08-11 16:13:05,817 WARN o.a.j.p.h.s.HTTPSamplerBase: Existing CookieManager HTTP Cookie Manager superseded by HTTP Cookie Manager
2026-08-11 16:13:05,817 WARN o.a.j.p.h.s.HTTPSamplerBase: Existing CookieManager HTTP Cookie Manager superseded by HTTP Cookie Manager
2026-08-11 16:13:05,818 WARN o.a.j.p.h.s.HTTPSamplerBase: Existing CookieManager HTTP Cookie Manager superseded by HTTP Cookie Manager
2026-08-11 16:13:05,882 WARN o.a.j.p.h.s.HTTPSamplerBase: Existing CookieManager HTTP Cookie Manager superseded by HTTP Cookie Manager
2026-08-11 16:13:05,966 WARN o.a.j.p.h.s.HTTPSamplerBase: Existing CookieManager HTTP Cookie Manager superseded by HTTP Cookie Manager
2026-08-11 16:13:06,138 WARN o.a.j.p.h.s.HTTPSamplerBase: Existing CookieManager HTTP Cookie Manager superseded by HTTP Cookie Manager
2026-08-11 16:13:06,298 WARN o.a.j.p.h.s.HTTPSamplerBase: Existing CookieManager HTTP Cookie Manager superseded by HTTP Cookie Manager
2026-08-11 16:13:06,502 WARN o.a.j.p.h.s.HTTPSamplerBase: Existing CookieManager HTTP Cookie Manager superseded by HTTP Cookie Manager
2026-08-11 16:13:06,528 WARN o.a.j.p.h.s.HTTPSamplerBase: Existing CookieManager HTTP Cookie Manager superseded by HTTP Cookie Manager
2026-08-11 16:13:06,584 WARN o.a.j.p.h.s.HTTPSamplerBase: Existing CookieManager HTTP Cookie Manager superseded by HTTP Cookie Manager
2026-08-11 16:13:06,917 WARN o.a.j.p.h.s.HTTPSamplerBase: Existing CookieManager HTTP Cookie Manager superseded by HTTP Cookie Manager
2026-08-11 16:13:07,005 WARN o.a.j.p.h.s.HTTPSamplerBase: Existing CookieManager HTTP Cookie Manager superseded by HTTP Cookie Manager
2026-08-11 16:13:07,071 WARN o.a.j.p.h.s.HTTPSamplerBase: Existing CookieManager HTTP Cookie Manager superseded by HTTP Cookie Manager
2026-08-11 16:13:07,115 WARN o.a.j.p.h.s.HTTPSamplerBase: Existing CookieManager HTTP Cookie Manager superseded by HTTP Cookie Manager
2026-08-11 16:13:07,183 WARN o.a.j.p.h.s.HTTPSamplerBase: Existing CookieManager HTTP Cookie Manager superseded by HTTP Cookie Manager
2026-08-11 16:13:07,204 WARN o.a.j.p.h.s.HTTPSamplerBase: Existing CookieManager HTTP Cookie Manager superseded by HTTP Cookie Manager
2026-08-11 16:13:07,298 WARN o.a.j.p.h.s.HTTPSamplerBase: Existing CookieManager HTTP Cookie Manager superseded by HTTP Cookie Manager
2026-08-11 16:13:07,396 WARN o.a.j.p.h.s.HTTPSamplerBase: Existing CookieManager HTTP Cookie Manager superseded by HTTP Cookie Manager
2026-08-11 16:13:07,680 WARN o.a.j.p.h.s.HTTPSamplerBase: Existing CookieManager HTTP Cookie Manager superseded by HTTP Cookie Manager
2026-08-11 16:13:07,732 WARN o.a.j.p.h.s.HTTPSamplerBase: Existing CookieManager HTTP Cookie Manager superseded by HTTP Cookie Manager
2026-08-11 16:13:07,797 WARN o.a.j.p.h.s.HTTPSamplerBase: Existing CookieManager HTTP Cookie Manager superseded by HTTP Cookie Manager
2026-08-11 16:13:08,011 WARN o.a.j.p.h.s.HTTPSamplerBase: Existing CookieManager HTTP Cookie Manager superseded by HTTP Cookie Manager
2026-08-11 16:13:08,120 WARN o.a.j.p.h.s.HTTPSamplerBase: Existing CookieManager HTTP Cookie Manager superseded by HTTP Cookie Manager
2026-08-11 16:13:08,268 WARN o.a.j.p.h.s.HTTPSamplerBase: Existing CookieManager HTTP Cookie Manager superseded by HTTP Cookie Manager
2026-08-11 16:13:08,306 WARN o.a.j.p.h.s.HTTPSamplerBase: Existing CookieManager HTTP Cookie Manager superseded by HTTP Cookie Manager
2026-08-11 16:13:08,343 WARN o.a.j.p.h.s.HTTPSamplerBase: Existing CookieManager HTTP Cookie Manager superseded by HTTP Cookie Manager
2026-08-11 16:13:08,613 WARN o.a.j.p.h.s.HTTPSamplerBase: Existing CookieManager HTTP Cookie Manager superseded by HTTP Cookie Manager
2026-08-11 16:13:08,644 WARN o.a.j.p.h.s.HTTPSamplerBase: Existing CookieManager HTTP Cookie Manager superseded by HTTP Cookie Manager
2026-08-11 16:13:08,646 WARN o.a.j.p.h.s.HTTPSamplerBase: Existing CookieManager HTTP Cookie Manager superseded by HTTP Cookie Manager
2026-08-11 16:13:08,664 WARN o.a.j.p.h.s.HTTPSamplerBase: Existing CookieManager HTTP Cookie Manager superseded by HTTP Cookie Manager
2026-08-11 16:13:08,946 WARN o.a.j.p.h.s.HTTPSamplerBase: Existing CookieManager HTTP Cookie Manager superseded by HTTP Cookie Manager
2026-08-11 16:13:08,963 WARN o.a.j.p.h.s.HTTPSamplerBase: Existing CookieManager HTTP Cookie Manager superseded by HTTP Cookie Manager
2026-08-11 16:13:09,003 INFO o.a.j.r.Summariser: summary +    447 in 00:00:06 =   74.9/s Avg:   196 Min:    97 Max:  1284 Err:     0 (0.00%) Active: 15 Started: 15 Finished: 0
2026-08-11 16:13:09,003 INFO o.a.j.r.Summariser: summary =    652 in 00:00:14 =   46.6/s Avg:   209 Min:    97 Max:  2166 Err:     0 (0.00%)
2026-08-11 16:13:09,030 WARN o.a.j.p.h.s.HTTPSamplerBase: Existing CookieManager HTTP Cookie Manager superseded by HTTP Cookie Manager
2026-08-11 16:13:09,246 WARN o.a.j.p.h.s.HTTPSamplerBase: Existing CookieManager HTTP Cookie Manager superseded by HTTP Cookie Manager
2026-08-11 16:13:09,316 WARN o.a.j.p.h.s.HTTPSamplerBase: Existing CookieManager HTTP Cookie Manager superseded by HTTP Cookie Manager
2026-08-11 16:13:09,446 WARN o.a.j.p.h.s.HTTPSamplerBase: Existing CookieManager HTTP Cookie Manager superseded by HTTP Cookie Manager
2026-08-11 16:13:09,588 WARN o.a.j.p.h.s.HTTPSamplerBase: Existing CookieManager HTTP Cookie Manager superseded by HTTP Cookie Manager
2026-08-11 16:13:09,630 WARN o.a.j.p.h.s.HTTPSamplerBase: Existing CookieManager HTTP Cookie Manager superseded by HTTP Cookie Manager
2026-08-11 16:13:09,731 WARN o.a.j.p.h.s.HTTPSamplerBase: Existing CookieManager HTTP Cookie Manager superseded by HTTP Cookie Manager
2026-08-11 16:13:09,736 WARN o.a.j.p.h.s.HTTPSamplerBase: Existing CookieManager HTTP Cookie Manager superseded by HTTP Cookie Manager
2026-08-11 16:13:09,785 WARN o.a.j.p.h.s.HTTPSamplerBase: Existing CookieManager HTTP Cookie Manager superseded by HTTP Cookie Manager
2026-08-11 16:13:09,829 WARN o.a.j.p.h.s.HTTPSamplerBase: Existing CookieManager HTTP Cookie Manager superseded by HTTP Cookie Manager
2026-08-11 16:13:09,929 WARN o.a.j.p.h.s.HTTPSamplerBase: Existing CookieManager HTTP Cookie Manager superseded by HTTP Cookie Manager
2026-08-11 16:13:09,929 WARN o.a.j.p.h.s.HTTPSamplerBase: Existing CookieManager HTTP Cookie Manager superseded by HTTP Cookie Manager
2026-08-11 16:13:10,035 WARN o.a.j.p.h.s.HTTPSamplerBase: Existing CookieManager HTTP Cookie Manager superseded by HTTP Cookie Manager
2026-08-11 16:13:10,165 WARN o.a.j.p.h.s.HTTPSamplerBase: Existing CookieManager HTTP Cookie Manager superseded by HTTP Cookie Manager
2026-08-11 16:13:10,199 WARN o.a.j.p.h.s.HTTPSamplerBase: Existing CookieManager HTTP Cookie Manager superseded by HTTP Cookie Manager
2026-08-11 16:13:10,199 WARN o.a.j.p.h.s.HTTPSamplerBase: Existing CookieManager HTTP Cookie Manager superseded by HTTP Cookie Manager
2026-08-11 16:13:10,489 WARN o.a.j.p.h.s.HTTPSamplerBase: Existing CookieManager HTTP Cookie Manager superseded by HTTP Cookie Manager
2026-08-11 16:13:10,525 WARN o.a.j.p.h.s.HTTPSamplerBase: Existing CookieManager HTTP Cookie Manager superseded by HTTP Cookie Manager
2026-08-11 16:13:10,675 WARN o.a.j.p.h.s.HTTPSamplerBase: Existing CookieManager HTTP Cookie Manager superseded by HTTP Cookie Manager
2026-08-11 16:13:10,811 WARN o.a.j.p.h.s.HTTPSamplerBase: Existing CookieManager HTTP Cookie Manager superseded by HTTP Cookie Manager
2026-08-11 16:13:10,996 WARN o.a.j.p.h.s.HTTPSamplerBase: Existing CookieManager HTTP Cookie Manager superseded by HTTP Cookie Manager
2026-08-11 16:13:11,077 WARN o.a.j.p.h.s.HTTPSamplerBase: Existing CookieManager HTTP Cookie Manager superseded by HTTP Cookie Manager
2026-08-11 16:13:11,127 WARN o.a.j.p.h.s.HTTPSamplerBase: Existing CookieManager HTTP Cookie Manager superseded by HTTP Cookie Manager
2026-08-11 16:13:11,127 WARN o.a.j.p.h.s.HTTPSamplerBase: Existing CookieManager HTTP Cookie Manager superseded by HTTP Cookie Manager
2026-08-11 16:13:11,461 WARN o.a.j.p.h.s.HTTPSamplerBase: Existing CookieManager HTTP Cookie Manager superseded by HTTP Cookie Manager
2026-08-11 16:13:11,472 WARN o.a.j.p.h.s.HTTPSamplerBase: Existing CookieManager HTTP Cookie Manager superseded by HTTP Cookie Manager
2026-08-11 16:13:11,513 WARN o.a.j.p.h.s.HTTPSamplerBase: Existing CookieManager HTTP Cookie Manager superseded by HTTP Cookie Manager
2026-08-11 16:13:11,513 WARN o.a.j.p.h.s.HTTPSamplerBase: Existing CookieManager HTTP Cookie Manager superseded by HTTP Cookie Manager
2026-08-11 16:13:11,773 WARN o.a.j.p.h.s.HTTPSamplerBase: Existing CookieManager HTTP Cookie Manager superseded by HTTP Cookie Manager
2026-08-11 16:13:11,787 WARN o.a.j.p.h.s.HTTPSamplerBase: Existing CookieManager HTTP Cookie Manager superseded by HTTP Cookie Manager
2026-08-11 16:13:11,802 WARN o.a.j.p.h.s.HTTPSamplerBase: Existing CookieManager HTTP Cookie Manager superseded by HTTP Cookie Manager
2026-08-11 16:13:12,089 WARN o.a.j.p.h.s.HTTPSamplerBase: Existing CookieManager HTTP Cookie Manager superseded by HTTP Cookie Manager
2026-08-11 16:13:12,118 WARN o.a.j.p.h.s.HTTPSamplerBase: Existing CookieManager HTTP Cookie Manager superseded by HTTP Cookie Manager
2026-08-11 16:13:12,236 WARN o.a.j.p.h.s.HTTPSamplerBase: Existing CookieManager HTTP Cookie Manager superseded by HTTP Cookie Manager
2026-08-11 16:13:12,350 WARN o.a.j.p.h.s.HTTPSamplerBase: Existing CookieManager HTTP Cookie Manager superseded by HTTP Cookie Manager
2026-08-11 16:13:12,398 WARN o.a.j.p.h.s.HTTPSamplerBase: Existing CookieManager HTTP Cookie Manager superseded by HTTP Cookie Manager
2026-08-11 16:13:12,570 WARN o.a.j.p.h.s.HTTPSamplerBase: Existing CookieManager HTTP Cookie Manager superseded by HTTP Cookie Manager
2026-08-11 16:13:12,572 WARN o.a.j.p.h.s.HTTPSamplerBase: Existing CookieManager HTTP Cookie Manager superseded by HTTP Cookie Manager
2026-08-11 16:13:12,626 WARN o.a.j.p.h.s.HTTPSamplerBase: Existing CookieManager HTTP Cookie Manager superseded by HTTP Cookie Manager
2026-08-11 16:13:12,644 WARN o.a.j.p.h.s.HTTPSamplerBase: Existing CookieManager HTTP Cookie Manager superseded by HTTP Cookie Manager
2026-08-11 16:13:12,699 WARN o.a.j.p.h.s.HTTPSamplerBase: Existing CookieManager HTTP Cookie Manager superseded by HTTP Cookie Manager
2026-08-11 16:13:12,700 WARN o.a.j.p.h.s.HTTPSamplerBase: Existing CookieManager HTTP Cookie Manager superseded by HTTP Cookie Manager
2026-08-11 16:13:12,861 WARN o.a.j.p.h.s.HTTPSamplerBase: Existing CookieManager HTTP Cookie Manager superseded by HTTP Cookie Manager
2026-08-11 16:13:12,926 WARN o.a.j.p.h.s.HTTPSamplerBase: Existing CookieManager HTTP Cookie Manager superseded by HTTP Cookie Manager
2026-08-11 16:13:12,926 WARN o.a.j.p.h.s.HTTPSamplerBase: Existing CookieManager HTTP Cookie Manager superseded by HTTP Cookie Manager
2026-08-11 16:13:12,961 WARN o.a.j.p.h.s.HTTPSamplerBase: Existing CookieManager HTTP Cookie Manager superseded by HTTP Cookie Manager
2026-08-11 16:13:13,228 WARN o.a.j.p.h.s.HTTPSamplerBase: Existing CookieManager HTTP Cookie Manager superseded by HTTP Cookie Manager
2026-08-11 16:13:13,286 WARN o.a.j.p.h.s.HTTPSamplerBase: Existing CookieManager HTTP Cookie Manager superseded by HTTP Cookie Manager
2026-08-11 16:13:13,522 WARN o.a.j.p.h.s.HTTPSamplerBase: Existing CookieManager HTTP Cookie Manager superseded by HTTP Cookie Manager
2026-08-11 16:13:13,554 WARN o.a.j.p.h.s.HTTPSamplerBase: Existing CookieManager HTTP Cookie Manager superseded by HTTP Cookie Manager
2026-08-11 16:13:13,812 WARN o.a.j.p.h.s.HTTPSamplerBase: Existing CookieManager HTTP Cookie Manager superseded by HTTP Cookie Manager
2026-08-11 16:13:13,920 WARN o.a.j.p.h.s.HTTPSamplerBase: Existing CookieManager HTTP Cookie Manager superseded by HTTP Cookie Manager
2026-08-11 16:13:13,947 WARN o.a.j.p.h.s.HTTPSamplerBase: Existing CookieManager HTTP Cookie Manager superseded by HTTP Cookie Manager
2026-08-11 16:13:13,955 WARN o.a.j.p.h.s.HTTPSamplerBase: Existing CookieManager HTTP Cookie Manager superseded by HTTP Cookie Manager
2026-08-11 16:13:14,228 WARN o.a.j.p.h.s.HTTPSamplerBase: Existing CookieManager HTTP Cookie Manager superseded by HTTP Cookie Manager
2026-08-11 16:13:14,238 WARN o.a.j.p.h.s.HTTPSamplerBase: Existing CookieManager HTTP Cookie Manager superseded by HTTP Cookie Manager
2026-08-11 16:13:14,243 WARN o.a.j.p.h.s.HTTPSamplerBase: Existing CookieManager HTTP Cookie Manager superseded by HTTP Cookie Manager
2026-08-11 16:13:14,322 WARN o.a.j.p.h.s.HTTPSamplerBase: Existing CookieManager HTTP Cookie Manager superseded by HTTP Cookie Manager
2026-08-11 16:13:14,513 WARN o.a.j.p.h.s.HTTPSamplerBase: Existing CookieManager HTTP Cookie Manager superseded by HTTP Cookie Manager
2026-08-11 16:13:14,525 WARN o.a.j.p.h.s.HTTPSamplerBase: Existing CookieManager HTTP Cookie Manager superseded by HTTP Cookie Manager
2026-08-11 16:13:14,662 WARN o.a.j.p.h.s.HTTPSamplerBase: Existing CookieManager HTTP Cookie Manager superseded by HTTP Cookie Manager
2026-08-11 16:13:14,829 WARN o.a.j.p.h.s.HTTPSamplerBase: Existing CookieManager HTTP Cookie Manager superseded by HTTP Cookie Manager
2026-08-11 16:13:14,860 WARN o.a.j.p.h.s.HTTPSamplerBase: Existing CookieManager HTTP Cookie Manager superseded by HTTP Cookie Manager
2026-08-11 16:13:15,010 INFO o.a.j.r.Summariser: summary +    481 in 00:00:06 =   80.1/s Avg:   185 Min:    94 Max:   374 Err:     0 (0.00%) Active: 15 Started: 15 Finished: 0
2026-08-11 16:13:15,010 INFO o.a.j.r.Summariser: summary =   1133 in 00:00:20 =   56.7/s Avg:   199 Min:    94 Max:  2166 Err:     0 (0.00%)
2026-08-11 16:13:15,063 WARN o.a.j.p.h.s.HTTPSamplerBase: Existing CookieManager HTTP Cookie Manager superseded by HTTP Cookie Manager
2026-08-11 16:13:15,118 WARN o.a.j.p.h.s.HTTPSamplerBase: Existing CookieManager HTTP Cookie Manager superseded by HTTP Cookie Manager
2026-08-11 16:13:15,207 WARN o.a.j.p.h.s.HTTPSamplerBase: Existing CookieManager HTTP Cookie Manager superseded by HTTP Cookie Manager
2026-08-11 16:13:15,391 WARN o.a.j.p.h.s.HTTPSamplerBase: Existing CookieManager HTTP Cookie Manager superseded by HTTP Cookie Manager
2026-08-11 16:13:15,404 WARN o.a.j.p.h.s.HTTPSamplerBase: Existing CookieManager HTTP Cookie Manager superseded by HTTP Cookie Manager
2026-08-11 16:13:15,408 WARN o.a.j.p.h.s.HTTPSamplerBase: Existing CookieManager HTTP Cookie Manager superseded by HTTP Cookie Manager
2026-08-11 16:13:15,440 WARN o.a.j.p.h.s.HTTPSamplerBase: Existing CookieManager HTTP Cookie Manager superseded by HTTP Cookie Manager
2026-08-11 16:13:15,481 WARN o.a.j.p.h.s.HTTPSamplerBase: Existing CookieManager HTTP Cookie Manager superseded by HTTP Cookie Manager
2026-08-11 16:13:15,546 WARN o.a.j.p.h.s.HTTPSamplerBase: Existing CookieManager HTTP Cookie Manager superseded by HTTP Cookie Manager
2026-08-11 16:13:15,675 WARN o.a.j.p.h.s.HTTPSamplerBase: Existing CookieManager HTTP Cookie Manager superseded by HTTP Cookie Manager
2026-08-11 16:13:15,725 WARN o.a.j.p.h.s.HTTPSamplerBase: Existing CookieManager HTTP Cookie Manager superseded by HTTP Cookie Manager
2026-08-11 16:13:15,757 WARN o.a.j.p.h.s.HTTPSamplerBase: Existing CookieManager HTTP Cookie Manager superseded by HTTP Cookie Manager
2026-08-11 16:13:15,757 WARN o.a.j.p.h.s.HTTPSamplerBase: Existing CookieManager HTTP Cookie Manager superseded by HTTP Cookie Manager
2026-08-11 16:13:16,011 WARN o.a.j.p.h.s.HTTPSamplerBase: Existing CookieManager HTTP Cookie Manager superseded by HTTP Cookie Manager
2026-08-11 16:13:16,044 WARN o.a.j.p.h.s.HTTPSamplerBase: Existing CookieManager HTTP Cookie Manager superseded by HTTP Cookie Manager
2026-08-11 16:13:16,371 WARN o.a.j.p.h.s.HTTPSamplerBase: Existing CookieManager HTTP Cookie Manager superseded by HTTP Cookie Manager
2026-08-11 16:13:16,373 WARN o.a.j.p.h.s.HTTPSamplerBase: Existing CookieManager HTTP Cookie Manager superseded by HTTP Cookie Manager
2026-08-11 16:13:16,673 WARN o.a.j.p.h.s.HTTPSamplerBase: Existing CookieManager HTTP Cookie Manager superseded by HTTP Cookie Manager
2026-08-11 16:13:16,706 WARN o.a.j.p.h.s.HTTPSamplerBase: Existing CookieManager HTTP Cookie Manager superseded by HTTP Cookie Manager
2026-08-11 16:13:16,707 WARN o.a.j.p.h.s.HTTPSamplerBase: Existing CookieManager HTTP Cookie Manager superseded by HTTP Cookie Manager
2026-08-11 16:13:16,707 WARN o.a.j.p.h.s.HTTPSamplerBase: Existing CookieManager HTTP Cookie Manager superseded by HTTP Cookie Manager
2026-08-11 16:13:17,010 WARN o.a.j.p.h.s.HTTPSamplerBase: Existing CookieManager HTTP Cookie Manager superseded by HTTP Cookie Manager
2026-08-11 16:13:17,072 WARN o.a.j.p.h.s.HTTPSamplerBase: Existing CookieManager HTTP Cookie Manager superseded by HTTP Cookie Manager
2026-08-11 16:13:17,075 WARN o.a.j.p.h.s.HTTPSamplerBase: Existing CookieManager HTTP Cookie Manager superseded by HTTP Cookie Manager
2026-08-11 16:13:17,261 WARN o.a.j.p.h.s.HTTPSamplerBase: Existing CookieManager HTTP Cookie Manager superseded by HTTP Cookie Manager
2026-08-11 16:13:17,289 WARN o.a.j.p.h.s.HTTPSamplerBase: Existing CookieManager HTTP Cookie Manager superseded by HTTP Cookie Manager
2026-08-11 16:13:17,333 WARN o.a.j.p.h.s.HTTPSamplerBase: Existing CookieManager HTTP Cookie Manager superseded by HTTP Cookie Manager
2026-08-11 16:13:17,571 WARN o.a.j.p.h.s.HTTPSamplerBase: Existing CookieManager HTTP Cookie Manager superseded by HTTP Cookie Manager
2026-08-11 16:13:17,589 WARN o.a.j.p.h.s.HTTPSamplerBase: Existing CookieManager HTTP Cookie Manager superseded by HTTP Cookie Manager
2026-08-11 16:13:17,656 WARN o.a.j.p.h.s.HTTPSamplerBase: Existing CookieManager HTTP Cookie Manager superseded by HTTP Cookie Manager
2026-08-11 16:13:17,923 WARN o.a.j.p.h.s.HTTPSamplerBase: Existing CookieManager HTTP Cookie Manager superseded by HTTP Cookie Manager
2026-08-11 16:13:17,972 WARN o.a.j.p.h.s.HTTPSamplerBase: Existing CookieManager HTTP Cookie Manager superseded by HTTP Cookie Manager
2026-08-11 16:13:18,068 WARN o.a.j.p.h.s.HTTPSamplerBase: Existing CookieManager HTTP Cookie Manager superseded by HTTP Cookie Manager
2026-08-11 16:13:18,188 WARN o.a.j.p.h.s.HTTPSamplerBase: Existing CookieManager HTTP Cookie Manager superseded by HTTP Cookie Manager
2026-08-11 16:13:18,222 WARN o.a.j.p.h.s.HTTPSamplerBase: Existing CookieManager HTTP Cookie Manager superseded by HTTP Cookie Manager
2026-08-11 16:13:18,243 WARN o.a.j.p.h.s.HTTPSamplerBase: Existing CookieManager HTTP Cookie Manager superseded by HTTP Cookie Manager
2026-08-11 16:13:18,271 WARN o.a.j.p.h.s.HTTPSamplerBase: Existing CookieManager HTTP Cookie Manager superseded by HTTP Cookie Manager
2026-08-11 16:13:18,300 WARN o.a.j.p.h.s.HTTPSamplerBase: Existing CookieManager HTTP Cookie Manager superseded by HTTP Cookie Manager
2026-08-11 16:13:18,409 WARN o.a.j.p.h.s.HTTPSamplerBase: Existing CookieManager HTTP Cookie Manager superseded by HTTP Cookie Manager
2026-08-11 16:13:18,471 WARN o.a.j.p.h.s.HTTPSamplerBase: Existing CookieManager HTTP Cookie Manager superseded by HTTP Cookie Manager
2026-08-11 16:13:18,472 WARN o.a.j.p.h.s.HTTPSamplerBase: Existing CookieManager HTTP Cookie Manager superseded by HTTP Cookie Manager
2026-08-11 16:13:18,508 WARN o.a.j.p.h.s.HTTPSamplerBase: Existing CookieManager HTTP Cookie Manager superseded by HTTP Cookie Manager
2026-08-11 16:13:18,573 WARN o.a.j.p.h.s.HTTPSamplerBase: Existing CookieManager HTTP Cookie Manager superseded by HTTP Cookie Manager
2026-08-11 16:13:18,749 WARN o.a.j.p.h.s.HTTPSamplerBase: Existing CookieManager HTTP Cookie Manager superseded by HTTP Cookie Manager
2026-08-11 16:13:18,844 WARN o.a.j.p.h.s.HTTPSamplerBase: Existing CookieManager HTTP Cookie Manager superseded by HTTP Cookie Manager
2026-08-11 16:13:19,176 WARN o.a.j.p.h.s.HTTPSamplerBase: Existing CookieManager HTTP Cookie Manager superseded by HTTP Cookie Manager
2026-08-11 16:13:19,256 WARN o.a.j.p.h.s.HTTPSamplerBase: Existing CookieManager HTTP Cookie Manager superseded by HTTP Cookie Manager
2026-08-11 16:13:19,504 WARN o.a.j.p.h.s.HTTPSamplerBase: Existing CookieManager HTTP Cookie Manager superseded by HTTP Cookie Manager
2026-08-11 16:13:19,535 WARN o.a.j.p.h.s.HTTPSamplerBase: Existing CookieManager HTTP Cookie Manager superseded by HTTP Cookie Manager
2026-08-11 16:13:19,537 WARN o.a.j.p.h.s.HTTPSamplerBase: Existing CookieManager HTTP Cookie Manager superseded by HTTP Cookie Manager
2026-08-11 16:13:19,537 WARN o.a.j.p.h.s.HTTPSamplerBase: Existing CookieManager HTTP Cookie Manager superseded by HTTP Cookie Manager
2026-08-11 16:13:19,805 WARN o.a.j.p.h.s.HTTPSamplerBase: Existing CookieManager HTTP Cookie Manager superseded by HTTP Cookie Manager
2026-08-11 16:13:19,821 WARN o.a.j.p.h.s.HTTPSamplerBase: Existing CookieManager HTTP Cookie Manager superseded by HTTP Cookie Manager
2026-08-11 16:13:19,872 WARN o.a.j.p.h.s.HTTPSamplerBase: Existing CookieManager HTTP Cookie Manager superseded by HTTP Cookie Manager
2026-08-11 16:13:20,023 WARN o.a.j.p.h.s.HTTPSamplerBase: Existing CookieManager HTTP Cookie Manager superseded by HTTP Cookie Manager
2026-08-11 16:13:20,104 WARN o.a.j.p.h.s.HTTPSamplerBase: Existing CookieManager HTTP Cookie Manager superseded by HTTP Cookie Manager
2026-08-11 16:13:20,124 WARN o.a.j.p.h.s.HTTPSamplerBase: Existing CookieManager HTTP Cookie Manager superseded by HTTP Cookie Manager
2026-08-11 16:13:20,330 WARN o.a.j.p.h.s.HTTPSamplerBase: Existing CookieManager HTTP Cookie Manager superseded by HTTP Cookie Manager
2026-08-11 16:13:20,387 WARN o.a.j.p.h.s.HTTPSamplerBase: Existing CookieManager HTTP Cookie Manager superseded by HTTP Cookie Manager
2026-08-11 16:13:20,420 WARN o.a.j.p.h.s.HTTPSamplerBase: Existing CookieManager HTTP Cookie Manager superseded by HTTP Cookie Manager
2026-08-11 16:13:20,712 WARN o.a.j.p.h.s.HTTPSamplerBase: Existing CookieManager HTTP Cookie Manager superseded by HTTP Cookie Manager
2026-08-11 16:13:20,756 WARN o.a.j.p.h.s.HTTPSamplerBase: Existing CookieManager HTTP Cookie Manager superseded by HTTP Cookie Manager
2026-08-11 16:13:20,894 WARN o.a.j.p.h.s.HTTPSamplerBase: Existing CookieManager HTTP Cookie Manager superseded by HTTP Cookie Manager
2026-08-11 16:13:20,946 WARN o.a.j.p.h.s.HTTPSamplerBase: Existing CookieManager HTTP Cookie Manager superseded by HTTP Cookie Manager
2026-08-11 16:13:20,986 WARN o.a.j.p.h.s.HTTPSamplerBase: Existing CookieManager HTTP Cookie Manager superseded by HTTP Cookie Manager
2026-08-11 16:13:21,019 INFO o.a.j.r.Summariser: summary +    480 in 00:00:06 =   79.9/s Avg:   186 Min:    92 Max:   376 Err:     0 (0.00%) Active: 15 Started: 15 Finished: 0
2026-08-11 16:13:21,019 INFO o.a.j.r.Summariser: summary =   1613 in 00:00:26 =   62.1/s Avg:   195 Min:    92 Max:  2166 Err:     0 (0.00%)
2026-08-11 16:13:21,046 WARN o.a.j.p.h.s.HTTPSamplerBase: Existing CookieManager HTTP Cookie Manager superseded by HTTP Cookie Manager
2026-08-11 16:13:21,056 WARN o.a.j.p.h.s.HTTPSamplerBase: Existing CookieManager HTTP Cookie Manager superseded by HTTP Cookie Manager
2026-08-11 16:13:21,103 WARN o.a.j.p.h.s.HTTPSamplerBase: Existing CookieManager HTTP Cookie Manager superseded by HTTP Cookie Manager
2026-08-11 16:13:21,186 WARN o.a.j.p.h.s.HTTPSamplerBase: Existing CookieManager HTTP Cookie Manager superseded by HTTP Cookie Manager
2026-08-11 16:13:21,239 WARN o.a.j.p.h.s.HTTPSamplerBase: Existing CookieManager HTTP Cookie Manager superseded by HTTP Cookie Manager
2026-08-11 16:13:21,272 WARN o.a.j.p.h.s.HTTPSamplerBase: Existing CookieManager HTTP Cookie Manager superseded by HTTP Cookie Manager
2026-08-11 16:13:21,402 WARN o.a.j.p.h.s.HTTPSamplerBase: Existing CookieManager HTTP Cookie Manager superseded by HTTP Cookie Manager
2026-08-11 16:13:21,419 WARN o.a.j.p.h.s.HTTPSamplerBase: Existing CookieManager HTTP Cookie Manager superseded by HTTP Cookie Manager
2026-08-11 16:13:21,518 WARN o.a.j.p.h.s.HTTPSamplerBase: Existing CookieManager HTTP Cookie Manager superseded by HTTP Cookie Manager
2026-08-11 16:13:21,655 WARN o.a.j.p.h.s.HTTPSamplerBase: Existing CookieManager HTTP Cookie Manager superseded by HTTP Cookie Manager
2026-08-11 16:13:21,944 WARN o.a.j.p.h.s.HTTPSamplerBase: Existing CookieManager HTTP Cookie Manager superseded by HTTP Cookie Manager
2026-08-11 16:13:22,068 WARN o.a.j.p.h.s.HTTPSamplerBase: Existing CookieManager HTTP Cookie Manager superseded by HTTP Cookie Manager
2026-08-11 16:13:22,271 WARN o.a.j.p.h.s.HTTPSamplerBase: Existing CookieManager HTTP Cookie Manager superseded by HTTP Cookie Manager
2026-08-11 16:13:22,338 WARN o.a.j.p.h.s.HTTPSamplerBase: Existing CookieManager HTTP Cookie Manager superseded by HTTP Cookie Manager
2026-08-11 16:13:22,338 WARN o.a.j.p.h.s.HTTPSamplerBase: Existing CookieManager HTTP Cookie Manager superseded by HTTP Cookie Manager
2026-08-11 16:13:22,409 WARN o.a.j.p.h.s.HTTPSamplerBase: Existing CookieManager HTTP Cookie Manager superseded by HTTP Cookie Manager
2026-08-11 16:13:22,587 WARN o.a.j.p.h.s.HTTPSamplerBase: Existing CookieManager HTTP Cookie Manager superseded by HTTP Cookie Manager
2026-08-11 16:13:22,633 WARN o.a.j.p.h.s.HTTPSamplerBase: Existing CookieManager HTTP Cookie Manager superseded by HTTP Cookie Manager
2026-08-11 16:13:22,635 WARN o.a.j.p.h.s.HTTPSamplerBase: Existing CookieManager HTTP Cookie Manager superseded by HTTP Cookie Manager
2026-08-11 16:13:22,827 WARN o.a.j.p.h.s.HTTPSamplerBase: Existing CookieManager HTTP Cookie Manager superseded by HTTP Cookie Manager
2026-08-11 16:13:22,835 WARN o.a.j.p.h.s.HTTPSamplerBase: Existing CookieManager HTTP Cookie Manager superseded by HTTP Cookie Manager
2026-08-11 16:13:22,972 WARN o.a.j.p.h.s.HTTPSamplerBase: Existing CookieManager HTTP Cookie Manager superseded by HTTP Cookie Manager
2026-08-11 16:13:23,103 WARN o.a.j.p.h.s.HTTPSamplerBase: Existing CookieManager HTTP Cookie Manager superseded by HTTP Cookie Manager
2026-08-11 16:13:23,168 WARN o.a.j.p.h.s.HTTPSamplerBase: Existing CookieManager HTTP Cookie Manager superseded by HTTP Cookie Manager
2026-08-11 16:13:23,334 WARN o.a.j.p.h.s.HTTPSamplerBase: Existing CookieManager HTTP Cookie Manager superseded by HTTP Cookie Manager
2026-08-11 16:13:23,434 WARN o.a.j.p.h.s.HTTPSamplerBase: Existing CookieManager HTTP Cookie Manager superseded by HTTP Cookie Manager
2026-08-11 16:13:23,554 WARN o.a.j.p.h.s.HTTPSamplerBase: Existing CookieManager HTTP Cookie Manager superseded by HTTP Cookie Manager
2026-08-11 16:13:23,609 WARN o.a.j.p.h.s.HTTPSamplerBase: Existing CookieManager HTTP Cookie Manager superseded by HTTP Cookie Manager
2026-08-11 16:13:23,734 WARN o.a.j.p.h.s.HTTPSamplerBase: Existing CookieManager HTTP Cookie Manager superseded by HTTP Cookie Manager
2026-08-11 16:13:23,767 WARN o.a.j.p.h.s.HTTPSamplerBase: Existing CookieManager HTTP Cookie Manager superseded by HTTP Cookie Manager
2026-08-11 16:13:23,833 WARN o.a.j.p.h.s.HTTPSamplerBase: Existing CookieManager HTTP Cookie Manager superseded by HTTP Cookie Manager
2026-08-11 16:13:23,884 WARN o.a.j.p.h.s.HTTPSamplerBase: Existing CookieManager HTTP Cookie Manager superseded by HTTP Cookie Manager
2026-08-11 16:13:23,884 WARN o.a.j.p.h.s.HTTPSamplerBase: Existing CookieManager HTTP Cookie Manager superseded by HTTP Cookie Manager
2026-08-11 16:13:23,950 WARN o.a.j.p.h.s.HTTPSamplerBase: Existing CookieManager HTTP Cookie Manager superseded by HTTP Cookie Manager
2026-08-11 16:13:23,966 WARN o.a.j.p.h.s.HTTPSamplerBase: Existing CookieManager HTTP Cookie Manager superseded by HTTP Cookie Manager
2026-08-11 16:13:24,129 WARN o.a.j.p.h.s.HTTPSamplerBase: Existing CookieManager HTTP Cookie Manager superseded by HTTP Cookie Manager
2026-08-11 16:13:24,216 WARN o.a.j.p.h.s.HTTPSamplerBase: Existing CookieManager HTTP Cookie Manager superseded by HTTP Cookie Manager
2026-08-11 16:13:24,228 WARN o.a.j.p.h.s.HTTPSamplerBase: Existing CookieManager HTTP Cookie Manager superseded by HTTP Cookie Manager
2026-08-11 16:13:24,302 WARN o.a.j.p.h.s.HTTPSamplerBase: Existing CookieManager HTTP Cookie Manager superseded by HTTP Cookie Manager
2026-08-11 16:13:24,434 WARN o.a.j.p.h.s.HTTPSamplerBase: Existing CookieManager HTTP Cookie Manager superseded by HTTP Cookie Manager
2026-08-11 16:13:24,751 WARN o.a.j.p.h.s.HTTPSamplerBase: Existing CookieManager HTTP Cookie Manager superseded by HTTP Cookie Manager
2026-08-11 16:13:24,933 WARN o.a.j.p.h.s.HTTPSamplerBase: Existing CookieManager HTTP Cookie Manager superseded by HTTP Cookie Manager
2026-08-11 16:13:24,984 WARN o.a.j.p.h.s.HTTPSamplerBase: Existing CookieManager HTTP Cookie Manager superseded by HTTP Cookie Manager
2026-08-11 16:13:25,072 WARN o.a.j.p.h.s.HTTPSamplerBase: Existing CookieManager HTTP Cookie Manager superseded by HTTP Cookie Manager
2026-08-11 16:13:25,102 WARN o.a.j.p.h.s.HTTPSamplerBase: Existing CookieManager HTTP Cookie Manager superseded by HTTP Cookie Manager
2026-08-11 16:13:25,236 WARN o.a.j.p.h.s.HTTPSamplerBase: Existing CookieManager HTTP Cookie Manager superseded by HTTP Cookie Manager
2026-08-11 16:13:25,309 WARN o.a.j.p.h.s.HTTPSamplerBase: Existing CookieManager HTTP Cookie Manager superseded by HTTP Cookie Manager
2026-08-11 16:13:25,428 WARN o.a.j.p.h.s.HTTPSamplerBase: Existing CookieManager HTTP Cookie Manager superseded by HTTP Cookie Manager
2026-08-11 16:13:25,434 WARN o.a.j.p.h.s.HTTPSamplerBase: Existing CookieManager HTTP Cookie Manager superseded by HTTP Cookie Manager
2026-08-11 16:13:25,538 WARN o.a.j.p.h.s.HTTPSamplerBase: Existing CookieManager HTTP Cookie Manager superseded by HTTP Cookie Manager
2026-08-11 16:13:25,716 WARN o.a.j.p.h.s.HTTPSamplerBase: Existing CookieManager HTTP Cookie Manager superseded by HTTP Cookie Manager
2026-08-11 16:13:25,864 WARN o.a.j.p.h.s.HTTPSamplerBase: Existing CookieManager HTTP Cookie Manager superseded by HTTP Cookie Manager
2026-08-11 16:13:25,899 WARN o.a.j.p.h.s.HTTPSamplerBase: Existing CookieManager HTTP Cookie Manager superseded by HTTP Cookie Manager
2026-08-11 16:13:26,035 WARN o.a.j.p.h.s.HTTPSamplerBase: Existing CookieManager HTTP Cookie Manager superseded by HTTP Cookie Manager
2026-08-11 16:13:26,235 WARN o.a.j.p.h.s.HTTPSamplerBase: Existing CookieManager HTTP Cookie Manager superseded by HTTP Cookie Manager
2026-08-11 16:13:26,238 WARN o.a.j.p.h.s.HTTPSamplerBase: Existing CookieManager HTTP Cookie Manager superseded by HTTP Cookie Manager
2026-08-11 16:13:26,364 WARN o.a.j.p.h.s.HTTPSamplerBase: Existing CookieManager HTTP Cookie Manager superseded by HTTP Cookie Manager
2026-08-11 16:13:26,369 WARN o.a.j.p.h.s.HTTPSamplerBase: Existing CookieManager HTTP Cookie Manager superseded by HTTP Cookie Manager
2026-08-11 16:13:26,515 WARN o.a.j.p.h.s.HTTPSamplerBase: Existing CookieManager HTTP Cookie Manager superseded by HTTP Cookie Manager
2026-08-11 16:13:26,637 WARN o.a.j.p.h.s.HTTPSamplerBase: Existing CookieManager HTTP Cookie Manager superseded by HTTP Cookie Manager
2026-08-11 16:13:26,665 WARN o.a.j.p.h.s.HTTPSamplerBase: Existing CookieManager HTTP Cookie Manager superseded by HTTP Cookie Manager
2026-08-11 16:13:26,682 WARN o.a.j.p.h.s.HTTPSamplerBase: Existing CookieManager HTTP Cookie Manager superseded by HTTP Cookie Manager
2026-08-11 16:13:26,710 WARN o.a.j.p.h.s.HTTPSamplerBase: Existing CookieManager HTTP Cookie Manager superseded by HTTP Cookie Manager
2026-08-11 16:13:26,750 WARN o.a.j.p.h.s.HTTPSamplerBase: Existing CookieManager HTTP Cookie Manager superseded by HTTP Cookie Manager
2026-08-11 16:13:26,831 WARN o.a.j.p.h.s.HTTPSamplerBase: Existing CookieManager HTTP Cookie Manager superseded by HTTP Cookie Manager
2026-08-11 16:13:26,950 WARN o.a.j.p.h.s.HTTPSamplerBase: Existing CookieManager HTTP Cookie Manager superseded by HTTP Cookie Manager
2026-08-11 16:13:27,004 INFO o.a.j.r.Summariser: summary +    482 in 00:00:06 =   80.5/s Avg:   186 Min:    96 Max:   367 Err:     0 (0.00%) Active: 15 Started: 15 Finished: 0
2026-08-11 16:13:27,005 INFO o.a.j.r.Summariser: summary =   2095 in 00:00:32 =   65.5/s Avg:   193 Min:    92 Max:  2166 Err:     0 (0.00%)
2026-08-11 16:13:27,049 WARN o.a.j.p.h.s.HTTPSamplerBase: Existing CookieManager HTTP Cookie Manager superseded by HTTP Cookie Manager
2026-08-11 16:13:27,097 WARN o.a.j.p.h.s.HTTPSamplerBase: Existing CookieManager HTTP Cookie Manager superseded by HTTP Cookie Manager
2026-08-11 16:13:27,150 WARN o.a.j.p.h.s.HTTPSamplerBase: Existing CookieManager HTTP Cookie Manager superseded by HTTP Cookie Manager
2026-08-11 16:13:27,263 WARN o.a.j.p.h.s.HTTPSamplerBase: Existing CookieManager HTTP Cookie Manager superseded by HTTP Cookie Manager
2026-08-11 16:13:27,537 WARN o.a.j.p.h.s.HTTPSamplerBase: Existing CookieManager HTTP Cookie Manager superseded by HTTP Cookie Manager
2026-08-11 16:13:27,748 WARN o.a.j.p.h.s.HTTPSamplerBase: Existing CookieManager HTTP Cookie Manager superseded by HTTP Cookie Manager
2026-08-11 16:13:27,814 WARN o.a.j.p.h.s.HTTPSamplerBase: Existing CookieManager HTTP Cookie Manager superseded by HTTP Cookie Manager
2026-08-11 16:13:27,881 WARN o.a.j.p.h.s.HTTPSamplerBase: Existing CookieManager HTTP Cookie Manager superseded by HTTP Cookie Manager
2026-08-11 16:13:27,941 WARN o.a.j.p.h.s.HTTPSamplerBase: Existing CookieManager HTTP Cookie Manager superseded by HTTP Cookie Manager
2026-08-11 16:13:28,080 WARN o.a.j.p.h.s.HTTPSamplerBase: Existing CookieManager HTTP Cookie Manager superseded by HTTP Cookie Manager
2026-08-11 16:13:28,138 WARN o.a.j.p.h.s.HTTPSamplerBase: Existing CookieManager HTTP Cookie Manager superseded by HTTP Cookie Manager
2026-08-11 16:13:28,231 WARN o.a.j.p.h.s.HTTPSamplerBase: Existing CookieManager HTTP Cookie Manager superseded by HTTP Cookie Manager
2026-08-11 16:13:28,233 WARN o.a.j.p.h.s.HTTPSamplerBase: Existing CookieManager HTTP Cookie Manager superseded by HTTP Cookie Manager
2026-08-11 16:13:28,329 WARN o.a.j.p.h.s.HTTPSamplerBase: Existing CookieManager HTTP Cookie Manager superseded by HTTP Cookie Manager
2026-08-11 16:13:28,505 WARN o.a.j.p.h.s.HTTPSamplerBase: Existing CookieManager HTTP Cookie Manager superseded by HTTP Cookie Manager
2026-08-11 16:13:28,647 WARN o.a.j.p.h.s.HTTPSamplerBase: Existing CookieManager HTTP Cookie Manager superseded by HTTP Cookie Manager
2026-08-11 16:13:28,781 WARN o.a.j.p.h.s.HTTPSamplerBase: Existing CookieManager HTTP Cookie Manager superseded by HTTP Cookie Manager
2026-08-11 16:13:28,830 WARN o.a.j.p.h.s.HTTPSamplerBase: Existing CookieManager HTTP Cookie Manager superseded by HTTP Cookie Manager
2026-08-11 16:13:28,950 WARN o.a.j.p.h.s.HTTPSamplerBase: Existing CookieManager HTTP Cookie Manager superseded by HTTP Cookie Manager
2026-08-11 16:13:29,113 WARN o.a.j.p.h.s.HTTPSamplerBase: Existing CookieManager HTTP Cookie Manager superseded by HTTP Cookie Manager
2026-08-11 16:13:29,130 WARN o.a.j.p.h.s.HTTPSamplerBase: Existing CookieManager HTTP Cookie Manager superseded by HTTP Cookie Manager
2026-08-11 16:13:29,233 WARN o.a.j.p.h.s.HTTPSamplerBase: Existing CookieManager HTTP Cookie Manager superseded by HTTP Cookie Manager
2026-08-11 16:13:29,294 WARN o.a.j.p.h.s.HTTPSamplerBase: Existing CookieManager HTTP Cookie Manager superseded by HTTP Cookie Manager
2026-08-11 16:13:29,417 WARN o.a.j.p.h.s.HTTPSamplerBase: Existing CookieManager HTTP Cookie Manager superseded by HTTP Cookie Manager
2026-08-11 16:13:29,456 WARN o.a.j.p.h.s.HTTPSamplerBase: Existing CookieManager HTTP Cookie Manager superseded by HTTP Cookie Manager
2026-08-11 16:13:29,536 WARN o.a.j.p.h.s.HTTPSamplerBase: Existing CookieManager HTTP Cookie Manager superseded by HTTP Cookie Manager
2026-08-11 16:13:29,557 WARN o.a.j.p.h.s.HTTPSamplerBase: Existing CookieManager HTTP Cookie Manager superseded by HTTP Cookie Manager
2026-08-11 16:13:29,568 WARN o.a.j.p.h.s.HTTPSamplerBase: Existing CookieManager HTTP Cookie Manager superseded by HTTP Cookie Manager
2026-08-11 16:13:29,722 WARN o.a.j.p.h.s.HTTPSamplerBase: Existing CookieManager HTTP Cookie Manager superseded by HTTP Cookie Manager
2026-08-11 16:13:29,796 WARN o.a.j.p.h.s.HTTPSamplerBase: Existing CookieManager HTTP Cookie Manager superseded by HTTP Cookie Manager
2026-08-11 16:13:29,803 WARN o.a.j.p.h.s.HTTPSamplerBase: Existing CookieManager HTTP Cookie Manager superseded by HTTP Cookie Manager
2026-08-11 16:13:29,841 WARN o.a.j.p.h.s.HTTPSamplerBase: Existing CookieManager HTTP Cookie Manager superseded by HTTP Cookie Manager
2026-08-11 16:13:30,029 WARN o.a.j.p.h.s.HTTPSamplerBase: Existing CookieManager HTTP Cookie Manager superseded by HTTP Cookie Manager
2026-08-11 16:13:30,066 WARN o.a.j.p.h.s.HTTPSamplerBase: Existing CookieManager HTTP Cookie Manager superseded by HTTP Cookie Manager
2026-08-11 16:13:30,412 WARN o.a.j.p.h.s.HTTPSamplerBase: Existing CookieManager HTTP Cookie Manager superseded by HTTP Cookie Manager
2026-08-11 16:13:30,579 WARN o.a.j.p.h.s.HTTPSamplerBase: Existing CookieManager HTTP Cookie Manager superseded by HTTP Cookie Manager
2026-08-11 16:13:30,687 WARN o.a.j.p.h.s.HTTPSamplerBase: Existing CookieManager HTTP Cookie Manager superseded by HTTP Cookie Manager
2026-08-11 16:13:30,728 WARN o.a.j.p.h.s.HTTPSamplerBase: Existing CookieManager HTTP Cookie Manager superseded by HTTP Cookie Manager
2026-08-11 16:13:30,770 WARN o.a.j.p.h.s.HTTPSamplerBase: Existing CookieManager HTTP Cookie Manager superseded by HTTP Cookie Manager
2026-08-11 16:13:30,911 WARN o.a.j.p.h.s.HTTPSamplerBase: Existing CookieManager HTTP Cookie Manager superseded by HTTP Cookie Manager
2026-08-11 16:13:30,962 WARN o.a.j.p.h.s.HTTPSamplerBase: Existing CookieManager HTTP Cookie Manager superseded by HTTP Cookie Manager
2026-08-11 16:13:31,045 WARN o.a.j.p.h.s.HTTPSamplerBase: Existing CookieManager HTTP Cookie Manager superseded by HTTP Cookie Manager
2026-08-11 16:13:31,104 WARN o.a.j.p.h.s.HTTPSamplerBase: Existing CookieManager HTTP Cookie Manager superseded by HTTP Cookie Manager
2026-08-11 16:13:31,121 WARN o.a.j.p.h.s.HTTPSamplerBase: Existing CookieManager HTTP Cookie Manager superseded by HTTP Cookie Manager
2026-08-11 16:13:31,312 WARN o.a.j.p.h.s.HTTPSamplerBase: Existing CookieManager HTTP Cookie Manager superseded by HTTP Cookie Manager
2026-08-11 16:13:31,428 WARN o.a.j.p.h.s.HTTPSamplerBase: Existing CookieManager HTTP Cookie Manager superseded by HTTP Cookie Manager
2026-08-11 16:13:31,594 WARN o.a.j.p.h.s.HTTPSamplerBase: Existing CookieManager HTTP Cookie Manager superseded by HTTP Cookie Manager
2026-08-11 16:13:31,645 WARN o.a.j.p.h.s.HTTPSamplerBase: Existing CookieManager HTTP Cookie Manager superseded by HTTP Cookie Manager
2026-08-11 16:13:31,711 WARN o.a.j.p.h.s.HTTPSamplerBase: Existing CookieManager HTTP Cookie Manager superseded by HTTP Cookie Manager
2026-08-11 16:13:31,817 WARN o.a.j.p.h.s.HTTPSamplerBase: Existing CookieManager HTTP Cookie Manager superseded by HTTP Cookie Manager
2026-08-11 16:13:31,927 WARN o.a.j.p.h.s.HTTPSamplerBase: Existing CookieManager HTTP Cookie Manager superseded by HTTP Cookie Manager
2026-08-11 16:13:32,048 WARN o.a.j.p.h.s.HTTPSamplerBase: Existing CookieManager HTTP Cookie Manager superseded by HTTP Cookie Manager
2026-08-11 16:13:32,061 WARN o.a.j.p.h.s.HTTPSamplerBase: Existing CookieManager HTTP Cookie Manager superseded by HTTP Cookie Manager
2026-08-11 16:13:32,096 WARN o.a.j.p.h.s.HTTPSamplerBase: Existing CookieManager HTTP Cookie Manager superseded by HTTP Cookie Manager
2026-08-11 16:13:32,230 WARN o.a.j.p.h.s.HTTPSamplerBase: Existing CookieManager HTTP Cookie Manager superseded by HTTP Cookie Manager
2026-08-11 16:13:32,311 WARN o.a.j.p.h.s.HTTPSamplerBase: Existing CookieManager HTTP Cookie Manager superseded by HTTP Cookie Manager
2026-08-11 16:13:32,313 WARN o.a.j.p.h.s.HTTPSamplerBase: Existing CookieManager HTTP Cookie Manager superseded by HTTP Cookie Manager
2026-08-11 16:13:32,393 WARN o.a.j.p.h.s.HTTPSamplerBase: Existing CookieManager HTTP Cookie Manager superseded by HTTP Cookie Manager
2026-08-11 16:13:32,544 WARN o.a.j.p.h.s.HTTPSamplerBase: Existing CookieManager HTTP Cookie Manager superseded by HTTP Cookie Manager
2026-08-11 16:13:32,585 WARN o.a.j.p.h.s.HTTPSamplerBase: Existing CookieManager HTTP Cookie Manager superseded by HTTP Cookie Manager
2026-08-11 16:13:32,599 WARN o.a.j.p.h.s.HTTPSamplerBase: Existing CookieManager HTTP Cookie Manager superseded by HTTP Cookie Manager
2026-08-11 16:13:32,604 WARN o.a.j.p.h.s.HTTPSamplerBase: Existing CookieManager HTTP Cookie Manager superseded by HTTP Cookie Manager
2026-08-11 16:13:32,881 WARN o.a.j.p.h.s.HTTPSamplerBase: Existing CookieManager HTTP Cookie Manager superseded by HTTP Cookie Manager
2026-08-11 16:13:32,922 WARN o.a.j.p.h.s.HTTPSamplerBase: Existing CookieManager HTTP Cookie Manager superseded by HTTP Cookie Manager
2026-08-11 16:13:33,009 INFO o.a.j.r.Summariser: summary +    483 in 00:00:06 =   80.4/s Avg:   186 Min:    91 Max:   372 Err:     0 (0.00%) Active: 15 Started: 15 Finished: 0
2026-08-11 16:13:33,009 INFO o.a.j.r.Summariser: summary =   2578 in 00:00:38 =   67.9/s Avg:   191 Min:    91 Max:  2166 Err:     0 (0.00%)
2026-08-11 16:13:33,211 WARN o.a.j.p.h.s.HTTPSamplerBase: Existing CookieManager HTTP Cookie Manager superseded by HTTP Cookie Manager
2026-08-11 16:13:33,307 WARN o.a.j.p.h.s.HTTPSamplerBase: Existing CookieManager HTTP Cookie Manager superseded by HTTP Cookie Manager
2026-08-11 16:13:33,486 WARN o.a.j.p.h.s.HTTPSamplerBase: Existing CookieManager HTTP Cookie Manager superseded by HTTP Cookie Manager
2026-08-11 16:13:33,492 WARN o.a.j.p.h.s.HTTPSamplerBase: Existing CookieManager HTTP Cookie Manager superseded by HTTP Cookie Manager
2026-08-11 16:13:33,545 WARN o.a.j.p.h.s.HTTPSamplerBase: Existing CookieManager HTTP Cookie Manager superseded by HTTP Cookie Manager
2026-08-11 16:13:33,609 WARN o.a.j.p.h.s.HTTPSamplerBase: Existing CookieManager HTTP Cookie Manager superseded by HTTP Cookie Manager
2026-08-11 16:13:33,759 WARN o.a.j.p.h.s.HTTPSamplerBase: Existing CookieManager HTTP Cookie Manager superseded by HTTP Cookie Manager
2026-08-11 16:13:33,846 WARN o.a.j.p.h.s.HTTPSamplerBase: Existing CookieManager HTTP Cookie Manager superseded by HTTP Cookie Manager
2026-08-11 16:13:33,846 WARN o.a.j.p.h.s.HTTPSamplerBase: Existing CookieManager HTTP Cookie Manager superseded by HTTP Cookie Manager
2026-08-11 16:13:33,897 WARN o.a.j.p.h.s.HTTPSamplerBase: Existing CookieManager HTTP Cookie Manager superseded by HTTP Cookie Manager
2026-08-11 16:13:34,039 WARN o.a.j.p.h.s.HTTPSamplerBase: Existing CookieManager HTTP Cookie Manager superseded by HTTP Cookie Manager
2026-08-11 16:13:34,226 WARN o.a.j.p.h.s.HTTPSamplerBase: Existing CookieManager HTTP Cookie Manager superseded by HTTP Cookie Manager
2026-08-11 16:13:34,373 WARN o.a.j.p.h.s.HTTPSamplerBase: Existing CookieManager HTTP Cookie Manager superseded by HTTP Cookie Manager
2026-08-11 16:13:34,464 WARN o.a.j.p.h.s.HTTPSamplerBase: Existing CookieManager HTTP Cookie Manager superseded by HTTP Cookie Manager
2026-08-11 16:13:34,541 WARN o.a.j.p.h.s.HTTPSamplerBase: Existing CookieManager HTTP Cookie Manager superseded by HTTP Cookie Manager
2026-08-11 16:13:34,541 WARN o.a.j.p.h.s.HTTPSamplerBase: Existing CookieManager HTTP Cookie Manager superseded by HTTP Cookie Manager
2026-08-11 16:13:34,783 WARN o.a.j.p.h.s.HTTPSamplerBase: Existing CookieManager HTTP Cookie Manager superseded by HTTP Cookie Manager
2026-08-11 16:13:34,821 WARN o.a.j.p.h.s.HTTPSamplerBase: Existing CookieManager HTTP Cookie Manager superseded by HTTP Cookie Manager
2026-08-11 16:13:34,867 WARN o.a.j.p.h.s.HTTPSamplerBase: Existing CookieManager HTTP Cookie Manager superseded by HTTP Cookie Manager
2026-08-11 16:13:34,948 WARN o.a.j.p.h.s.HTTPSamplerBase: Existing CookieManager HTTP Cookie Manager superseded by HTTP Cookie Manager
2026-08-11 16:13:34,960 WARN o.a.j.p.h.s.HTTPSamplerBase: Existing CookieManager HTTP Cookie Manager superseded by HTTP Cookie Manager
2026-08-11 16:13:35,074 WARN o.a.j.p.h.s.HTTPSamplerBase: Existing CookieManager HTTP Cookie Manager superseded by HTTP Cookie Manager
2026-08-11 16:13:35,109 WARN o.a.j.p.h.s.HTTPSamplerBase: Existing CookieManager HTTP Cookie Manager superseded by HTTP Cookie Manager
2026-08-11 16:13:35,224 WARN o.a.j.p.h.s.HTTPSamplerBase: Existing CookieManager HTTP Cookie Manager superseded by HTTP Cookie Manager
2026-08-11 16:13:35,268 WARN o.a.j.p.h.s.HTTPSamplerBase: Existing CookieManager HTTP Cookie Manager superseded by HTTP Cookie Manager
2026-08-11 16:13:35,392 WARN o.a.j.p.h.s.HTTPSamplerBase: Existing CookieManager HTTP Cookie Manager superseded by HTTP Cookie Manager
2026-08-11 16:13:35,408 WARN o.a.j.p.h.s.HTTPSamplerBase: Existing CookieManager HTTP Cookie Manager superseded by HTTP Cookie Manager
2026-08-11 16:13:35,442 WARN o.a.j.p.h.s.HTTPSamplerBase: Existing CookieManager HTTP Cookie Manager superseded by HTTP Cookie Manager
2026-08-11 16:13:35,643 WARN o.a.j.p.h.s.HTTPSamplerBase: Existing CookieManager HTTP Cookie Manager superseded by HTTP Cookie Manager
2026-08-11 16:13:35,724 WARN o.a.j.p.h.s.HTTPSamplerBase: Existing CookieManager HTTP Cookie Manager superseded by HTTP Cookie Manager
2026-08-11 16:13:35,972 WARN o.a.j.p.h.s.HTTPSamplerBase: Existing CookieManager HTTP Cookie Manager superseded by HTTP Cookie Manager
2026-08-11 16:13:35,991 WARN o.a.j.p.h.s.HTTPSamplerBase: Existing CookieManager HTTP Cookie Manager superseded by HTTP Cookie Manager
2026-08-11 16:13:36,309 WARN o.a.j.p.h.s.HTTPSamplerBase: Existing CookieManager HTTP Cookie Manager superseded by HTTP Cookie Manager
2026-08-11 16:13:36,309 WARN o.a.j.p.h.s.HTTPSamplerBase: Existing CookieManager HTTP Cookie Manager superseded by HTTP Cookie Manager
2026-08-11 16:13:36,309 WARN o.a.j.p.h.s.HTTPSamplerBase: Existing CookieManager HTTP Cookie Manager superseded by HTTP Cookie Manager
2026-08-11 16:13:36,361 WARN o.a.j.p.h.s.HTTPSamplerBase: Existing CookieManager HTTP Cookie Manager superseded by HTTP Cookie Manager
2026-08-11 16:13:36,607 WARN o.a.j.p.h.s.HTTPSamplerBase: Existing CookieManager HTTP Cookie Manager superseded by HTTP Cookie Manager
2026-08-11 16:13:36,653 WARN o.a.j.p.h.s.HTTPSamplerBase: Existing CookieManager HTTP Cookie Manager superseded by HTTP Cookie Manager
2026-08-11 16:13:36,664 WARN o.a.j.p.h.s.HTTPSamplerBase: Existing CookieManager HTTP Cookie Manager superseded by HTTP Cookie Manager
2026-08-11 16:13:36,674 WARN o.a.j.p.h.s.HTTPSamplerBase: Existing CookieManager HTTP Cookie Manager superseded by HTTP Cookie Manager
2026-08-11 16:13:36,840 WARN o.a.j.p.h.s.HTTPSamplerBase: Existing CookieManager HTTP Cookie Manager superseded by HTTP Cookie Manager
2026-08-11 16:13:36,975 WARN o.a.j.p.h.s.HTTPSamplerBase: Existing CookieManager HTTP Cookie Manager superseded by HTTP Cookie Manager
2026-08-11 16:13:37,128 WARN o.a.j.p.h.s.HTTPSamplerBase: Existing CookieManager HTTP Cookie Manager superseded by HTTP Cookie Manager
2026-08-11 16:13:37,272 WARN o.a.j.p.h.s.HTTPSamplerBase: Existing CookieManager HTTP Cookie Manager superseded by HTTP Cookie Manager
2026-08-11 16:13:37,328 WARN o.a.j.p.h.s.HTTPSamplerBase: Existing CookieManager HTTP Cookie Manager superseded by HTTP Cookie Manager
2026-08-11 16:13:37,339 WARN o.a.j.p.h.s.HTTPSamplerBase: Existing CookieManager HTTP Cookie Manager superseded by HTTP Cookie Manager
2026-08-11 16:13:37,642 WARN o.a.j.p.h.s.HTTPSamplerBase: Existing CookieManager HTTP Cookie Manager superseded by HTTP Cookie Manager
2026-08-11 16:13:37,661 WARN o.a.j.p.h.s.HTTPSamplerBase: Existing CookieManager HTTP Cookie Manager superseded by HTTP Cookie Manager
2026-08-11 16:13:37,673 WARN o.a.j.p.h.s.HTTPSamplerBase: Existing CookieManager HTTP Cookie Manager superseded by HTTP Cookie Manager
2026-08-11 16:13:37,723 WARN o.a.j.p.h.s.HTTPSamplerBase: Existing CookieManager HTTP Cookie Manager superseded by HTTP Cookie Manager
2026-08-11 16:13:37,773 WARN o.a.j.p.h.s.HTTPSamplerBase: Existing CookieManager HTTP Cookie Manager superseded by HTTP Cookie Manager
2026-08-11 16:13:37,857 WARN o.a.j.p.h.s.HTTPSamplerBase: Existing CookieManager HTTP Cookie Manager superseded by HTTP Cookie Manager
2026-08-11 16:13:37,944 WARN o.a.j.p.h.s.HTTPSamplerBase: Existing CookieManager HTTP Cookie Manager superseded by HTTP Cookie Manager
2026-08-11 16:13:38,068 WARN o.a.j.p.h.s.HTTPSamplerBase: Existing CookieManager HTTP Cookie Manager superseded by HTTP Cookie Manager
2026-08-11 16:13:38,230 WARN o.a.j.p.h.s.HTTPSamplerBase: Existing CookieManager HTTP Cookie Manager superseded by HTTP Cookie Manager
2026-08-11 16:13:38,327 WARN o.a.j.p.h.s.HTTPSamplerBase: Existing CookieManager HTTP Cookie Manager superseded by HTTP Cookie Manager
2026-08-11 16:13:38,505 WARN o.a.j.p.h.s.HTTPSamplerBase: Existing CookieManager HTTP Cookie Manager superseded by HTTP Cookie Manager
2026-08-11 16:13:38,556 WARN o.a.j.p.h.s.HTTPSamplerBase: Existing CookieManager HTTP Cookie Manager superseded by HTTP Cookie Manager
2026-08-11 16:13:38,689 WARN o.a.j.p.h.s.HTTPSamplerBase: Existing CookieManager HTTP Cookie Manager superseded by HTTP Cookie Manager
2026-08-11 16:13:38,805 WARN o.a.j.p.h.s.HTTPSamplerBase: Existing CookieManager HTTP Cookie Manager superseded by HTTP Cookie Manager
2026-08-11 16:13:38,821 WARN o.a.j.p.h.s.HTTPSamplerBase: Existing CookieManager HTTP Cookie Manager superseded by HTTP Cookie Manager
2026-08-11 16:13:38,871 WARN o.a.j.p.h.s.HTTPSamplerBase: Existing CookieManager HTTP Cookie Manager superseded by HTTP Cookie Manager
2026-08-11 16:13:39,033 INFO o.a.j.r.Summariser: summary +    476 in 00:00:06 =   79.0/s Avg:   189 Min:    94 Max:   776 Err:     0 (0.00%) Active: 15 Started: 15 Finished: 0
2026-08-11 16:13:39,033 INFO o.a.j.r.Summariser: summary =   3054 in 00:00:44 =   69.4/s Avg:   191 Min:    91 Max:  2166 Err:     0 (0.00%)
2026-08-11 16:13:39,133 WARN o.a.j.p.h.s.HTTPSamplerBase: Existing CookieManager HTTP Cookie Manager superseded by HTTP Cookie Manager
2026-08-11 16:13:39,163 WARN o.a.j.p.h.s.HTTPSamplerBase: Existing CookieManager HTTP Cookie Manager superseded by HTTP Cookie Manager
2026-08-11 16:13:39,170 WARN o.a.j.p.h.s.HTTPSamplerBase: Existing CookieManager HTTP Cookie Manager superseded by HTTP Cookie Manager
2026-08-11 16:13:39,220 WARN o.a.j.p.h.s.HTTPSamplerBase: Existing CookieManager HTTP Cookie Manager superseded by HTTP Cookie Manager
2026-08-11 16:13:39,429 WARN o.a.j.p.h.s.HTTPSamplerBase: Existing CookieManager HTTP Cookie Manager superseded by HTTP Cookie Manager
2026-08-11 16:13:39,471 WARN o.a.j.p.h.s.HTTPSamplerBase: Existing CookieManager HTTP Cookie Manager superseded by HTTP Cookie Manager
2026-08-11 16:13:39,471 WARN o.a.j.p.h.s.HTTPSamplerBase: Existing CookieManager HTTP Cookie Manager superseded by HTTP Cookie Manager
2026-08-11 16:13:39,507 WARN o.a.j.p.h.s.HTTPSamplerBase: Existing CookieManager HTTP Cookie Manager superseded by HTTP Cookie Manager
2026-08-11 16:13:39,589 WARN o.a.j.p.h.s.HTTPSamplerBase: Existing CookieManager HTTP Cookie Manager superseded by HTTP Cookie Manager
2026-08-11 16:13:39,746 WARN o.a.j.p.h.s.HTTPSamplerBase: Existing CookieManager HTTP Cookie Manager superseded by HTTP Cookie Manager
2026-08-11 16:13:39,888 WARN o.a.j.p.h.s.HTTPSamplerBase: Existing CookieManager HTTP Cookie Manager superseded by HTTP Cookie Manager
2026-08-11 16:13:40,120 WARN o.a.j.p.h.s.HTTPSamplerBase: Existing CookieManager HTTP Cookie Manager superseded by HTTP Cookie Manager
2026-08-11 16:13:40,120 WARN o.a.j.p.h.s.HTTPSamplerBase: Existing CookieManager HTTP Cookie Manager superseded by HTTP Cookie Manager
2026-08-11 16:13:40,202 WARN o.a.j.p.h.s.HTTPSamplerBase: Existing CookieManager HTTP Cookie Manager superseded by HTTP Cookie Manager
2026-08-11 16:13:40,453 WARN o.a.j.p.h.s.HTTPSamplerBase: Existing CookieManager HTTP Cookie Manager superseded by HTTP Cookie Manager
2026-08-11 16:13:40,453 WARN o.a.j.p.h.s.HTTPSamplerBase: Existing CookieManager HTTP Cookie Manager superseded by HTTP Cookie Manager
2026-08-11 16:13:40,539 WARN o.a.j.p.h.s.HTTPSamplerBase: Existing CookieManager HTTP Cookie Manager superseded by HTTP Cookie Manager
2026-08-11 16:13:40,587 WARN o.a.j.p.h.s.HTTPSamplerBase: Existing CookieManager HTTP Cookie Manager superseded by HTTP Cookie Manager
2026-08-11 16:13:40,741 WARN o.a.j.p.h.s.HTTPSamplerBase: Existing CookieManager HTTP Cookie Manager superseded by HTTP Cookie Manager
2026-08-11 16:13:40,870 WARN o.a.j.p.h.s.HTTPSamplerBase: Existing CookieManager HTTP Cookie Manager superseded by HTTP Cookie Manager
2026-08-11 16:13:41,053 WARN o.a.j.p.h.s.HTTPSamplerBase: Existing CookieManager HTTP Cookie Manager superseded by HTTP Cookie Manager
2026-08-11 16:13:41,059 WARN o.a.j.p.h.s.HTTPSamplerBase: Existing CookieManager HTTP Cookie Manager superseded by HTTP Cookie Manager
2026-08-11 16:13:41,119 WARN o.a.j.p.h.s.HTTPSamplerBase: Existing CookieManager HTTP Cookie Manager superseded by HTTP Cookie Manager
2026-08-11 16:13:41,303 WARN o.a.j.p.h.s.HTTPSamplerBase: Existing CookieManager HTTP Cookie Manager superseded by HTTP Cookie Manager
2026-08-11 16:13:41,303 WARN o.a.j.p.h.s.HTTPSamplerBase: Existing CookieManager HTTP Cookie Manager superseded by HTTP Cookie Manager
2026-08-11 16:13:41,386 WARN o.a.j.p.h.s.HTTPSamplerBase: Existing CookieManager HTTP Cookie Manager superseded by HTTP Cookie Manager
2026-08-11 16:13:41,429 WARN o.a.j.p.h.s.HTTPSamplerBase: Existing CookieManager HTTP Cookie Manager superseded by HTTP Cookie Manager
2026-08-11 16:13:41,652 WARN o.a.j.p.h.s.HTTPSamplerBase: Existing CookieManager HTTP Cookie Manager superseded by HTTP Cookie Manager
2026-08-11 16:13:41,660 WARN o.a.j.p.h.s.HTTPSamplerBase: Existing CookieManager HTTP Cookie Manager superseded by HTTP Cookie Manager
2026-08-11 16:13:41,660 WARN o.a.j.p.h.s.HTTPSamplerBase: Existing CookieManager HTTP Cookie Manager superseded by HTTP Cookie Manager
2026-08-11 16:13:41,936 WARN o.a.j.p.h.s.HTTPSamplerBase: Existing CookieManager HTTP Cookie Manager superseded by HTTP Cookie Manager
2026-08-11 16:13:41,970 WARN o.a.j.p.h.s.HTTPSamplerBase: Existing CookieManager HTTP Cookie Manager superseded by HTTP Cookie Manager
2026-08-11 16:13:41,970 WARN o.a.j.p.h.s.HTTPSamplerBase: Existing CookieManager HTTP Cookie Manager superseded by HTTP Cookie Manager
2026-08-11 16:13:41,970 WARN o.a.j.p.h.s.HTTPSamplerBase: Existing CookieManager HTTP Cookie Manager superseded by HTTP Cookie Manager
2026-08-11 16:13:42,173 WARN o.a.j.p.h.s.HTTPSamplerBase: Existing CookieManager HTTP Cookie Manager superseded by HTTP Cookie Manager
2026-08-11 16:13:42,268 WARN o.a.j.p.h.s.HTTPSamplerBase: Existing CookieManager HTTP Cookie Manager superseded by HTTP Cookie Manager
2026-08-11 16:13:42,322 WARN o.a.j.p.h.s.HTTPSamplerBase: Existing CookieManager HTTP Cookie Manager superseded by HTTP Cookie Manager
2026-08-11 16:13:42,339 WARN o.a.j.p.h.s.HTTPSamplerBase: Existing CookieManager HTTP Cookie Manager superseded by HTTP Cookie Manager
2026-08-11 16:13:42,339 WARN o.a.j.p.h.s.HTTPSamplerBase: Existing CookieManager HTTP Cookie Manager superseded by HTTP Cookie Manager
2026-08-11 16:13:42,437 WARN o.a.j.p.h.s.HTTPSamplerBase: Existing CookieManager HTTP Cookie Manager superseded by HTTP Cookie Manager
2026-08-11 16:13:42,590 WARN o.a.j.p.h.s.HTTPSamplerBase: Existing CookieManager HTTP Cookie Manager superseded by HTTP Cookie Manager
2026-08-11 16:13:42,869 WARN o.a.j.p.h.s.HTTPSamplerBase: Existing CookieManager HTTP Cookie Manager superseded by HTTP Cookie Manager
2026-08-11 16:13:42,873 WARN o.a.j.p.h.s.HTTPSamplerBase: Existing CookieManager HTTP Cookie Manager superseded by HTTP Cookie Manager
2026-08-11 16:13:43,073 WARN o.a.j.p.h.s.HTTPSamplerBase: Existing CookieManager HTTP Cookie Manager superseded by HTTP Cookie Manager
2026-08-11 16:13:43,153 WARN o.a.j.p.h.s.HTTPSamplerBase: Existing CookieManager HTTP Cookie Manager superseded by HTTP Cookie Manager
2026-08-11 16:13:43,153 WARN o.a.j.p.h.s.HTTPSamplerBase: Existing CookieManager HTTP Cookie Manager superseded by HTTP Cookie Manager
2026-08-11 16:13:43,396 WARN o.a.j.p.h.s.HTTPSamplerBase: Existing CookieManager HTTP Cookie Manager superseded by HTTP Cookie Manager
2026-08-11 16:13:43,410 WARN o.a.j.p.h.s.HTTPSamplerBase: Existing CookieManager HTTP Cookie Manager superseded by HTTP Cookie Manager
2026-08-11 16:13:43,539 WARN o.a.j.p.h.s.HTTPSamplerBase: Existing CookieManager HTTP Cookie Manager superseded by HTTP Cookie Manager
2026-08-11 16:13:43,690 WARN o.a.j.p.h.s.HTTPSamplerBase: Existing CookieManager HTTP Cookie Manager superseded by HTTP Cookie Manager
2026-08-11 16:13:43,833 WARN o.a.j.p.h.s.HTTPSamplerBase: Existing CookieManager HTTP Cookie Manager superseded by HTTP Cookie Manager
2026-08-11 16:13:43,886 WARN o.a.j.p.h.s.HTTPSamplerBase: Existing CookieManager HTTP Cookie Manager superseded by HTTP Cookie Manager
2026-08-11 16:13:43,901 WARN o.a.j.p.h.s.HTTPSamplerBase: Existing CookieManager HTTP Cookie Manager superseded by HTTP Cookie Manager
2026-08-11 16:13:44,155 WARN o.a.j.p.h.s.HTTPSamplerBase: Existing CookieManager HTTP Cookie Manager superseded by HTTP Cookie Manager
2026-08-11 16:13:44,155 WARN o.a.j.p.h.s.HTTPSamplerBase: Existing CookieManager HTTP Cookie Manager superseded by HTTP Cookie Manager
2026-08-11 16:13:44,223 WARN o.a.j.p.h.s.HTTPSamplerBase: Existing CookieManager HTTP Cookie Manager superseded by HTTP Cookie Manager
2026-08-11 16:13:44,237 WARN o.a.j.p.h.s.HTTPSamplerBase: Existing CookieManager HTTP Cookie Manager superseded by HTTP Cookie Manager
2026-08-11 16:13:44,446 WARN o.a.j.p.h.s.HTTPSamplerBase: Existing CookieManager HTTP Cookie Manager superseded by HTTP Cookie Manager
2026-08-11 16:13:44,480 WARN o.a.j.p.h.s.HTTPSamplerBase: Existing CookieManager HTTP Cookie Manager superseded by HTTP Cookie Manager
2026-08-11 16:13:44,486 WARN o.a.j.p.h.s.HTTPSamplerBase: Existing CookieManager HTTP Cookie Manager superseded by HTTP Cookie Manager
2026-08-11 16:13:44,752 WARN o.a.j.p.h.s.HTTPSamplerBase: Existing CookieManager HTTP Cookie Manager superseded by HTTP Cookie Manager
2026-08-11 16:13:44,798 WARN o.a.j.p.h.s.HTTPSamplerBase: Existing CookieManager HTTP Cookie Manager superseded by HTTP Cookie Manager
2026-08-11 16:13:44,798 WARN o.a.j.p.h.s.HTTPSamplerBase: Existing CookieManager HTTP Cookie Manager superseded by HTTP Cookie Manager
2026-08-11 16:13:44,873 WARN o.a.j.p.h.s.HTTPSamplerBase: Existing CookieManager HTTP Cookie Manager superseded by HTTP Cookie Manager
2026-08-11 16:13:44,971 WARN o.a.j.p.h.s.HTTPSamplerBase: Existing CookieManager HTTP Cookie Manager superseded by HTTP Cookie Manager
2026-08-11 16:13:45,053 INFO o.a.j.r.Summariser: summary +    481 in 00:00:06 =   79.9/s Avg:   186 Min:    95 Max:   397 Err:     1 (0.21%) Active: 15 Started: 15 Finished: 0
2026-08-11 16:13:45,054 INFO o.a.j.r.Summariser: summary =   3535 in 00:00:50 =   70.7/s Avg:   190 Min:    91 Max:  2166 Err:     1 (0.03%)
2026-08-11 16:13:45,082 WARN o.a.j.p.h.s.HTTPSamplerBase: Existing CookieManager HTTP Cookie Manager superseded by HTTP Cookie Manager
2026-08-11 16:13:45,117 WARN o.a.j.p.h.s.HTTPSamplerBase: Existing CookieManager HTTP Cookie Manager superseded by HTTP Cookie Manager
2026-08-11 16:13:45,128 WARN o.a.j.p.h.s.HTTPSamplerBase: Existing CookieManager HTTP Cookie Manager superseded by HTTP Cookie Manager
2026-08-11 16:13:45,170 WARN o.a.j.p.h.s.HTTPSamplerBase: Existing CookieManager HTTP Cookie Manager superseded by HTTP Cookie Manager
2026-08-11 16:13:45,246 WARN o.a.j.p.h.s.HTTPSamplerBase: Existing CookieManager HTTP Cookie Manager superseded by HTTP Cookie Manager
2026-08-11 16:13:45,434 WARN o.a.j.p.h.s.HTTPSamplerBase: Existing CookieManager HTTP Cookie Manager superseded by HTTP Cookie Manager
2026-08-11 16:13:45,643 WARN o.a.j.p.h.s.HTTPSamplerBase: Existing CookieManager HTTP Cookie Manager superseded by HTTP Cookie Manager
2026-08-11 16:13:45,664 WARN o.a.j.p.h.s.HTTPSamplerBase: Existing CookieManager HTTP Cookie Manager superseded by HTTP Cookie Manager
2026-08-11 16:13:45,938 WARN o.a.j.p.h.s.HTTPSamplerBase: Existing CookieManager HTTP Cookie Manager superseded by HTTP Cookie Manager
2026-08-11 16:13:45,947 WARN o.a.j.p.h.s.HTTPSamplerBase: Existing CookieManager HTTP Cookie Manager superseded by HTTP Cookie Manager
2026-08-11 16:13:45,967 WARN o.a.j.p.h.s.HTTPSamplerBase: Existing CookieManager HTTP Cookie Manager superseded by HTTP Cookie Manager
2026-08-11 16:13:46,167 WARN o.a.j.p.h.s.HTTPSamplerBase: Existing CookieManager HTTP Cookie Manager superseded by HTTP Cookie Manager
2026-08-11 16:13:46,218 WARN o.a.j.p.h.s.HTTPSamplerBase: Existing CookieManager HTTP Cookie Manager superseded by HTTP Cookie Manager
2026-08-11 16:13:46,341 WARN o.a.j.p.h.s.HTTPSamplerBase: Existing CookieManager HTTP Cookie Manager superseded by HTTP Cookie Manager
2026-08-11 16:13:46,460 WARN o.a.j.p.h.s.HTTPSamplerBase: Existing CookieManager HTTP Cookie Manager superseded by HTTP Cookie Manager
2026-08-11 16:13:46,665 WARN o.a.j.p.h.s.HTTPSamplerBase: Existing CookieManager HTTP Cookie Manager superseded by HTTP Cookie Manager
2026-08-11 16:13:46,693 WARN o.a.j.p.h.s.HTTPSamplerBase: Existing CookieManager HTTP Cookie Manager superseded by HTTP Cookie Manager
2026-08-11 16:13:46,775 WARN o.a.j.p.h.s.HTTPSamplerBase: Existing CookieManager HTTP Cookie Manager superseded by HTTP Cookie Manager
2026-08-11 16:13:47,028 WARN o.a.j.p.h.s.HTTPSamplerBase: Existing CookieManager HTTP Cookie Manager superseded by HTTP Cookie Manager
2026-08-11 16:13:47,033 WARN o.a.j.p.h.s.HTTPSamplerBase: Existing CookieManager HTTP Cookie Manager superseded by HTTP Cookie Manager
2026-08-11 16:13:47,037 WARN o.a.j.p.h.s.HTTPSamplerBase: Existing CookieManager HTTP Cookie Manager superseded by HTTP Cookie Manager
2026-08-11 16:13:47,116 WARN o.a.j.p.h.s.HTTPSamplerBase: Existing CookieManager HTTP Cookie Manager superseded by HTTP Cookie Manager
2026-08-11 16:13:47,214 WARN o.a.j.p.h.s.HTTPSamplerBase: Existing CookieManager HTTP Cookie Manager superseded by HTTP Cookie Manager
2026-08-11 16:13:47,365 WARN o.a.j.p.h.s.HTTPSamplerBase: Existing CookieManager HTTP Cookie Manager superseded by HTTP Cookie Manager
2026-08-11 16:13:47,366 WARN o.a.j.p.h.s.HTTPSamplerBase: Existing CookieManager HTTP Cookie Manager superseded by HTTP Cookie Manager
2026-08-11 16:13:47,492 WARN o.a.j.p.h.s.HTTPSamplerBase: Existing CookieManager HTTP Cookie Manager superseded by HTTP Cookie Manager
2026-08-11 16:13:47,571 WARN o.a.j.p.h.s.HTTPSamplerBase: Existing CookieManager HTTP Cookie Manager superseded by HTTP Cookie Manager
2026-08-11 16:13:47,573 WARN o.a.j.p.h.s.HTTPSamplerBase: Existing CookieManager HTTP Cookie Manager superseded by HTTP Cookie Manager
2026-08-11 16:13:47,732 WARN o.a.j.p.h.s.HTTPSamplerBase: Existing CookieManager HTTP Cookie Manager superseded by HTTP Cookie Manager
2026-08-11 16:13:47,764 WARN o.a.j.p.h.s.HTTPSamplerBase: Existing CookieManager HTTP Cookie Manager superseded by HTTP Cookie Manager
2026-08-11 16:13:47,864 WARN o.a.j.p.h.s.HTTPSamplerBase: Existing CookieManager HTTP Cookie Manager superseded by HTTP Cookie Manager
2026-08-11 16:13:47,904 WARN o.a.j.p.h.s.HTTPSamplerBase: Existing CookieManager HTTP Cookie Manager superseded by HTTP Cookie Manager
2026-08-11 16:13:47,918 WARN o.a.j.p.h.s.HTTPSamplerBase: Existing CookieManager HTTP Cookie Manager superseded by HTTP Cookie Manager
2026-08-11 16:13:48,072 WARN o.a.j.p.h.s.HTTPSamplerBase: Existing CookieManager HTTP Cookie Manager superseded by HTTP Cookie Manager
2026-08-11 16:13:48,082 WARN o.a.j.p.h.s.HTTPSamplerBase: Existing CookieManager HTTP Cookie Manager superseded by HTTP Cookie Manager
2026-08-11 16:13:48,236 WARN o.a.j.p.h.s.HTTPSamplerBase: Existing CookieManager HTTP Cookie Manager superseded by HTTP Cookie Manager
2026-08-11 16:13:48,440 WARN o.a.j.p.h.s.HTTPSamplerBase: Existing CookieManager HTTP Cookie Manager superseded by HTTP Cookie Manager
2026-08-11 16:13:48,443 WARN o.a.j.p.h.s.HTTPSamplerBase: Existing CookieManager HTTP Cookie Manager superseded by HTTP Cookie Manager
2026-08-11 16:13:48,732 WARN o.a.j.p.h.s.HTTPSamplerBase: Existing CookieManager HTTP Cookie Manager superseded by HTTP Cookie Manager
2026-08-11 16:13:48,782 WARN o.a.j.p.h.s.HTTPSamplerBase: Existing CookieManager HTTP Cookie Manager superseded by HTTP Cookie Manager
2026-08-11 16:13:48,790 WARN o.a.j.p.h.s.HTTPSamplerBase: Existing CookieManager HTTP Cookie Manager superseded by HTTP Cookie Manager
2026-08-11 16:13:49,002 WARN o.a.j.p.h.s.HTTPSamplerBase: Existing CookieManager HTTP Cookie Manager superseded by HTTP Cookie Manager
2026-08-11 16:13:49,071 WARN o.a.j.p.h.s.HTTPSamplerBase: Existing CookieManager HTTP Cookie Manager superseded by HTTP Cookie Manager
2026-08-11 16:13:49,146 WARN o.a.j.p.h.s.HTTPSamplerBase: Existing CookieManager HTTP Cookie Manager superseded by HTTP Cookie Manager
2026-08-11 16:13:49,279 WARN o.a.j.p.h.s.HTTPSamplerBase: Existing CookieManager HTTP Cookie Manager superseded by HTTP Cookie Manager
2026-08-11 16:13:49,476 WARN o.a.j.p.h.s.HTTPSamplerBase: Existing CookieManager HTTP Cookie Manager superseded by HTTP Cookie Manager
2026-08-11 16:13:49,478 WARN o.a.j.p.h.s.HTTPSamplerBase: Existing CookieManager HTTP Cookie Manager superseded by HTTP Cookie Manager
2026-08-11 16:13:49,612 WARN o.a.j.p.h.s.HTTPSamplerBase: Existing CookieManager HTTP Cookie Manager superseded by HTTP Cookie Manager
2026-08-11 16:13:49,799 WARN o.a.j.p.h.s.HTTPSamplerBase: Existing CookieManager HTTP Cookie Manager superseded by HTTP Cookie Manager
2026-08-11 16:13:49,862 WARN o.a.j.p.h.s.HTTPSamplerBase: Existing CookieManager HTTP Cookie Manager superseded by HTTP Cookie Manager
2026-08-11 16:13:49,862 WARN o.a.j.p.h.s.HTTPSamplerBase: Existing CookieManager HTTP Cookie Manager superseded by HTTP Cookie Manager
2026-08-11 16:13:49,932 WARN o.a.j.p.h.s.HTTPSamplerBase: Existing CookieManager HTTP Cookie Manager superseded by HTTP Cookie Manager
2026-08-11 16:13:49,941 WARN o.a.j.p.h.s.HTTPSamplerBase: Existing CookieManager HTTP Cookie Manager superseded by HTTP Cookie Manager
2026-08-11 16:13:50,199 WARN o.a.j.p.h.s.HTTPSamplerBase: Existing CookieManager HTTP Cookie Manager superseded by HTTP Cookie Manager
2026-08-11 16:13:50,199 WARN o.a.j.p.h.s.HTTPSamplerBase: Existing CookieManager HTTP Cookie Manager superseded by HTTP Cookie Manager
2026-08-11 16:13:50,261 WARN o.a.j.p.h.s.HTTPSamplerBase: Existing CookieManager HTTP Cookie Manager superseded by HTTP Cookie Manager
2026-08-11 16:13:50,302 WARN o.a.j.p.h.s.HTTPSamplerBase: Existing CookieManager HTTP Cookie Manager superseded by HTTP Cookie Manager
2026-08-11 16:13:50,355 WARN o.a.j.p.h.s.HTTPSamplerBase: Existing CookieManager HTTP Cookie Manager superseded by HTTP Cookie Manager
2026-08-11 16:13:50,487 WARN o.a.j.p.h.s.HTTPSamplerBase: Existing CookieManager HTTP Cookie Manager superseded by HTTP Cookie Manager
2026-08-11 16:13:50,598 WARN o.a.j.p.h.s.HTTPSamplerBase: Existing CookieManager HTTP Cookie Manager superseded by HTTP Cookie Manager
2026-08-11 16:13:50,634 WARN o.a.j.p.h.s.HTTPSamplerBase: Existing CookieManager HTTP Cookie Manager superseded by HTTP Cookie Manager
2026-08-11 16:13:50,646 WARN o.a.j.p.h.s.HTTPSamplerBase: Existing CookieManager HTTP Cookie Manager superseded by HTTP Cookie Manager
2026-08-11 16:13:50,646 WARN o.a.j.p.h.s.HTTPSamplerBase: Existing CookieManager HTTP Cookie Manager superseded by HTTP Cookie Manager
2026-08-11 16:13:50,764 WARN o.a.j.p.h.s.HTTPSamplerBase: Existing CookieManager HTTP Cookie Manager superseded by HTTP Cookie Manager
2026-08-11 16:13:50,979 WARN o.a.j.p.h.s.HTTPSamplerBase: Existing CookieManager HTTP Cookie Manager superseded by HTTP Cookie Manager
2026-08-11 16:13:50,979 WARN o.a.j.p.h.s.HTTPSamplerBase: Existing CookieManager HTTP Cookie Manager superseded by HTTP Cookie Manager
2026-08-11 16:13:51,036 INFO o.a.j.r.Summariser: summary +    483 in 00:00:06 =   80.7/s Avg:   186 Min:    92 Max:   384 Err:     0 (0.00%) Active: 15 Started: 15 Finished: 0
2026-08-11 16:13:51,036 INFO o.a.j.r.Summariser: summary =   4018 in 00:00:56 =   71.7/s Avg:   190 Min:    91 Max:  2166 Err:     1 (0.02%)
2026-08-11 16:13:51,148 WARN o.a.j.p.h.s.HTTPSamplerBase: Existing CookieManager HTTP Cookie Manager superseded by HTTP Cookie Manager
2026-08-11 16:13:51,230 WARN o.a.j.p.h.s.HTTPSamplerBase: Existing CookieManager HTTP Cookie Manager superseded by HTTP Cookie Manager
2026-08-11 16:13:51,491 WARN o.a.j.p.h.s.HTTPSamplerBase: Existing CookieManager HTTP Cookie Manager superseded by HTTP Cookie Manager
2026-08-11 16:13:51,562 WARN o.a.j.p.h.s.HTTPSamplerBase: Existing CookieManager HTTP Cookie Manager superseded by HTTP Cookie Manager
2026-08-11 16:13:51,596 WARN o.a.j.p.h.s.HTTPSamplerBase: Existing CookieManager HTTP Cookie Manager superseded by HTTP Cookie Manager
2026-08-11 16:13:51,762 WARN o.a.j.p.h.s.HTTPSamplerBase: Existing CookieManager HTTP Cookie Manager superseded by HTTP Cookie Manager
2026-08-11 16:13:51,927 WARN o.a.j.p.h.s.HTTPSamplerBase: Existing CookieManager HTTP Cookie Manager superseded by HTTP Cookie Manager
2026-08-11 16:13:51,944 WARN o.a.j.p.h.s.HTTPSamplerBase: Existing CookieManager HTTP Cookie Manager superseded by HTTP Cookie Manager
2026-08-11 16:13:52,110 WARN o.a.j.p.h.s.HTTPSamplerBase: Existing CookieManager HTTP Cookie Manager superseded by HTTP Cookie Manager
2026-08-11 16:13:52,227 WARN o.a.j.p.h.s.HTTPSamplerBase: Existing CookieManager HTTP Cookie Manager superseded by HTTP Cookie Manager
2026-08-11 16:13:52,303 WARN o.a.j.p.h.s.HTTPSamplerBase: Existing CookieManager HTTP Cookie Manager superseded by HTTP Cookie Manager
2026-08-11 16:13:52,427 WARN o.a.j.p.h.s.HTTPSamplerBase: Existing CookieManager HTTP Cookie Manager superseded by HTTP Cookie Manager
2026-08-11 16:13:52,511 WARN o.a.j.p.h.s.HTTPSamplerBase: Existing CookieManager HTTP Cookie Manager superseded by HTTP Cookie Manager
2026-08-11 16:13:52,712 WARN o.a.j.p.h.s.HTTPSamplerBase: Existing CookieManager HTTP Cookie Manager superseded by HTTP Cookie Manager
2026-08-11 16:13:52,712 WARN o.a.j.p.h.s.HTTPSamplerBase: Existing CookieManager HTTP Cookie Manager superseded by HTTP Cookie Manager
2026-08-11 16:13:52,729 WARN o.a.j.p.h.s.HTTPSamplerBase: Existing CookieManager HTTP Cookie Manager superseded by HTTP Cookie Manager
2026-08-11 16:13:52,794 WARN o.a.j.p.h.s.HTTPSamplerBase: Existing CookieManager HTTP Cookie Manager superseded by HTTP Cookie Manager
2026-08-11 16:13:53,010 WARN o.a.j.p.h.s.HTTPSamplerBase: Existing CookieManager HTTP Cookie Manager superseded by HTTP Cookie Manager
2026-08-11 16:13:53,061 WARN o.a.j.p.h.s.HTTPSamplerBase: Existing CookieManager HTTP Cookie Manager superseded by HTTP Cookie Manager
2026-08-11 16:13:53,089 WARN o.a.j.p.h.s.HTTPSamplerBase: Existing CookieManager HTTP Cookie Manager superseded by HTTP Cookie Manager
2026-08-11 16:13:53,089 WARN o.a.j.p.h.s.HTTPSamplerBase: Existing CookieManager HTTP Cookie Manager superseded by HTTP Cookie Manager
2026-08-11 16:13:53,156 WARN o.a.j.p.h.s.HTTPSamplerBase: Existing CookieManager HTTP Cookie Manager superseded by HTTP Cookie Manager
2026-08-11 16:13:53,261 WARN o.a.j.p.h.s.HTTPSamplerBase: Existing CookieManager HTTP Cookie Manager superseded by HTTP Cookie Manager
2026-08-11 16:13:53,416 WARN o.a.j.p.h.s.HTTPSamplerBase: Existing CookieManager HTTP Cookie Manager superseded by HTTP Cookie Manager
2026-08-11 16:13:53,427 WARN o.a.j.p.h.s.HTTPSamplerBase: Existing CookieManager HTTP Cookie Manager superseded by HTTP Cookie Manager
2026-08-11 16:13:53,434 WARN o.a.j.p.h.s.HTTPSamplerBase: Existing CookieManager HTTP Cookie Manager superseded by HTTP Cookie Manager
2026-08-11 16:13:53,510 WARN o.a.j.p.h.s.HTTPSamplerBase: Existing CookieManager HTTP Cookie Manager superseded by HTTP Cookie Manager
2026-08-11 16:13:53,632 WARN o.a.j.p.h.s.HTTPSamplerBase: Existing CookieManager HTTP Cookie Manager superseded by HTTP Cookie Manager
2026-08-11 16:13:53,790 WARN o.a.j.p.h.s.HTTPSamplerBase: Existing CookieManager HTTP Cookie Manager superseded by HTTP Cookie Manager
2026-08-11 16:13:53,843 WARN o.a.j.p.h.s.HTTPSamplerBase: Existing CookieManager HTTP Cookie Manager superseded by HTTP Cookie Manager
2026-08-11 16:13:53,959 WARN o.a.j.p.h.s.HTTPSamplerBase: Existing CookieManager HTTP Cookie Manager superseded by HTTP Cookie Manager
2026-08-11 16:13:53,981 WARN o.a.j.p.h.s.HTTPSamplerBase: Existing CookieManager HTTP Cookie Manager superseded by HTTP Cookie Manager
2026-08-11 16:13:54,226 WARN o.a.j.p.h.s.HTTPSamplerBase: Existing CookieManager HTTP Cookie Manager superseded by HTTP Cookie Manager
2026-08-11 16:13:54,332 WARN o.a.j.p.h.s.HTTPSamplerBase: Existing CookieManager HTTP Cookie Manager superseded by HTTP Cookie Manager
2026-08-11 16:13:54,473 WARN o.a.j.p.h.s.HTTPSamplerBase: Existing CookieManager HTTP Cookie Manager superseded by HTTP Cookie Manager
2026-08-11 16:13:54,645 WARN o.a.j.p.h.s.HTTPSamplerBase: Existing CookieManager HTTP Cookie Manager superseded by HTTP Cookie Manager
2026-08-11 16:13:54,767 WARN o.a.j.p.h.s.HTTPSamplerBase: Existing CookieManager HTTP Cookie Manager superseded by HTTP Cookie Manager
2026-08-11 16:13:54,843 WARN o.a.j.p.h.s.HTTPSamplerBase: Existing CookieManager HTTP Cookie Manager superseded by HTTP Cookie Manager
2026-08-11 16:13:54,965 WARN o.a.j.p.h.s.HTTPSamplerBase: Existing CookieManager HTTP Cookie Manager superseded by HTTP Cookie Manager
2026-08-11 16:13:55,025 WARN o.a.j.p.h.s.HTTPSamplerBase: Existing CookieManager HTTP Cookie Manager superseded by HTTP Cookie Manager
2026-08-11 16:13:55,109 WARN o.a.j.p.h.s.HTTPSamplerBase: Existing CookieManager HTTP Cookie Manager superseded by HTTP Cookie Manager
2026-08-11 16:13:55,243 WARN o.a.j.p.h.s.HTTPSamplerBase: Existing CookieManager HTTP Cookie Manager superseded by HTTP Cookie Manager
2026-08-11 16:13:55,375 WARN o.a.j.p.h.s.HTTPSamplerBase: Existing CookieManager HTTP Cookie Manager superseded by HTTP Cookie Manager
2026-08-11 16:13:55,462 WARN o.a.j.p.h.s.HTTPSamplerBase: Existing CookieManager HTTP Cookie Manager superseded by HTTP Cookie Manager
2026-08-11 16:13:55,560 WARN o.a.j.p.h.s.HTTPSamplerBase: Existing CookieManager HTTP Cookie Manager superseded by HTTP Cookie Manager
2026-08-11 16:13:55,588 WARN o.a.j.p.h.s.HTTPSamplerBase: Existing CookieManager HTTP Cookie Manager superseded by HTTP Cookie Manager
2026-08-11 16:13:55,666 WARN o.a.j.p.h.s.HTTPSamplerBase: Existing CookieManager HTTP Cookie Manager superseded by HTTP Cookie Manager
2026-08-11 16:13:55,768 WARN o.a.j.p.h.s.HTTPSamplerBase: Existing CookieManager HTTP Cookie Manager superseded by HTTP Cookie Manager
2026-08-11 16:13:55,920 WARN o.a.j.p.h.s.HTTPSamplerBase: Existing CookieManager HTTP Cookie Manager superseded by HTTP Cookie Manager
2026-08-11 16:13:55,933 WARN o.a.j.p.h.s.HTTPSamplerBase: Existing CookieManager HTTP Cookie Manager superseded by HTTP Cookie Manager
2026-08-11 16:13:56,000 WARN o.a.j.p.h.s.HTTPSamplerBase: Existing CookieManager HTTP Cookie Manager superseded by HTTP Cookie Manager
2026-08-11 16:13:56,108 WARN o.a.j.p.h.s.HTTPSamplerBase: Existing CookieManager HTTP Cookie Manager superseded by HTTP Cookie Manager
2026-08-11 16:13:56,241 WARN o.a.j.p.h.s.HTTPSamplerBase: Existing CookieManager HTTP Cookie Manager superseded by HTTP Cookie Manager
2026-08-11 16:13:56,290 WARN o.a.j.p.h.s.HTTPSamplerBase: Existing CookieManager HTTP Cookie Manager superseded by HTTP Cookie Manager
2026-08-11 16:13:56,290 WARN o.a.j.p.h.s.HTTPSamplerBase: Existing CookieManager HTTP Cookie Manager superseded by HTTP Cookie Manager
2026-08-11 16:13:56,411 WARN o.a.j.p.h.s.HTTPSamplerBase: Existing CookieManager HTTP Cookie Manager superseded by HTTP Cookie Manager
2026-08-11 16:13:56,438 WARN o.a.j.p.h.s.HTTPSamplerBase: Existing CookieManager HTTP Cookie Manager superseded by HTTP Cookie Manager
2026-08-11 16:13:56,597 WARN o.a.j.p.h.s.HTTPSamplerBase: Existing CookieManager HTTP Cookie Manager superseded by HTTP Cookie Manager
2026-08-11 16:13:56,625 WARN o.a.j.p.h.s.HTTPSamplerBase: Existing CookieManager HTTP Cookie Manager superseded by HTTP Cookie Manager
2026-08-11 16:13:56,708 WARN o.a.j.p.h.s.HTTPSamplerBase: Existing CookieManager HTTP Cookie Manager superseded by HTTP Cookie Manager
2026-08-11 16:13:56,708 WARN o.a.j.p.h.s.HTTPSamplerBase: Existing CookieManager HTTP Cookie Manager superseded by HTTP Cookie Manager
2026-08-11 16:13:56,811 WARN o.a.j.p.h.s.HTTPSamplerBase: Existing CookieManager HTTP Cookie Manager superseded by HTTP Cookie Manager
2026-08-11 16:13:57,026 INFO o.a.j.r.Summariser: summary +    471 in 00:00:06 =   78.7/s Avg:   189 Min:    92 Max:   533 Err:     0 (0.00%) Active: 15 Started: 15 Finished: 0
2026-08-11 16:13:57,026 INFO o.a.j.r.Summariser: summary =   4489 in 00:01:02 =   72.4/s Avg:   190 Min:    91 Max:  2166 Err:     1 (0.02%)
2026-08-11 16:13:57,060 WARN o.a.j.p.h.s.HTTPSamplerBase: Existing CookieManager HTTP Cookie Manager superseded by HTTP Cookie Manager
2026-08-11 16:13:57,144 WARN o.a.j.p.h.s.HTTPSamplerBase: Existing CookieManager HTTP Cookie Manager superseded by HTTP Cookie Manager
2026-08-11 16:13:57,439 WARN o.a.j.p.h.s.HTTPSamplerBase: Existing CookieManager HTTP Cookie Manager superseded by HTTP Cookie Manager
2026-08-11 16:13:57,560 WARN o.a.j.p.h.s.HTTPSamplerBase: Existing CookieManager HTTP Cookie Manager superseded by HTTP Cookie Manager
2026-08-11 16:13:57,767 WARN o.a.j.p.h.s.HTTPSamplerBase: Existing CookieManager HTTP Cookie Manager superseded by HTTP Cookie Manager
2026-08-11 16:13:57,845 WARN o.a.j.p.h.s.HTTPSamplerBase: Existing CookieManager HTTP Cookie Manager superseded by HTTP Cookie Manager
2026-08-11 16:13:57,888 WARN o.a.j.p.h.s.HTTPSamplerBase: Existing CookieManager HTTP Cookie Manager superseded by HTTP Cookie Manager
2026-08-11 16:13:57,888 WARN o.a.j.p.h.s.HTTPSamplerBase: Existing CookieManager HTTP Cookie Manager superseded by HTTP Cookie Manager
2026-08-11 16:13:58,209 WARN o.a.j.p.h.s.HTTPSamplerBase: Existing CookieManager HTTP Cookie Manager superseded by HTTP Cookie Manager
2026-08-11 16:13:58,209 WARN o.a.j.p.h.s.HTTPSamplerBase: Existing CookieManager HTTP Cookie Manager superseded by HTTP Cookie Manager
2026-08-11 16:13:58,258 WARN o.a.j.p.h.s.HTTPSamplerBase: Existing CookieManager HTTP Cookie Manager superseded by HTTP Cookie Manager
2026-08-11 16:13:58,373 WARN o.a.j.p.h.s.HTTPSamplerBase: Existing CookieManager HTTP Cookie Manager superseded by HTTP Cookie Manager
2026-08-11 16:13:58,440 WARN o.a.j.p.h.s.HTTPSamplerBase: Existing CookieManager HTTP Cookie Manager superseded by HTTP Cookie Manager
2026-08-11 16:13:58,634 WARN o.a.j.p.h.s.HTTPSamplerBase: Existing CookieManager HTTP Cookie Manager superseded by HTTP Cookie Manager
2026-08-11 16:13:58,676 WARN o.a.j.p.h.s.HTTPSamplerBase: Existing CookieManager HTTP Cookie Manager superseded by HTTP Cookie Manager
2026-08-11 16:13:58,746 WARN o.a.j.p.h.s.HTTPSamplerBase: Existing CookieManager HTTP Cookie Manager superseded by HTTP Cookie Manager
2026-08-11 16:13:58,759 WARN o.a.j.p.h.s.HTTPSamplerBase: Existing CookieManager HTTP Cookie Manager superseded by HTTP Cookie Manager
2026-08-11 16:13:58,774 WARN o.a.j.p.h.s.HTTPSamplerBase: Existing CookieManager HTTP Cookie Manager superseded by HTTP Cookie Manager
2026-08-11 16:13:58,869 WARN o.a.j.p.h.s.HTTPSamplerBase: Existing CookieManager HTTP Cookie Manager superseded by HTTP Cookie Manager
2026-08-11 16:13:59,022 WARN o.a.j.p.h.s.HTTPSamplerBase: Existing CookieManager HTTP Cookie Manager superseded by HTTP Cookie Manager
2026-08-11 16:13:59,081 WARN o.a.j.p.h.s.HTTPSamplerBase: Existing CookieManager HTTP Cookie Manager superseded by HTTP Cookie Manager
2026-08-11 16:13:59,110 WARN o.a.j.p.h.s.HTTPSamplerBase: Existing CookieManager HTTP Cookie Manager superseded by HTTP Cookie Manager
2026-08-11 16:13:59,120 WARN o.a.j.p.h.s.HTTPSamplerBase: Existing CookieManager HTTP Cookie Manager superseded by HTTP Cookie Manager
2026-08-11 16:13:59,205 WARN o.a.j.p.h.s.HTTPSamplerBase: Existing CookieManager HTTP Cookie Manager superseded by HTTP Cookie Manager
2026-08-11 16:13:59,256 WARN o.a.j.p.h.s.HTTPSamplerBase: Existing CookieManager HTTP Cookie Manager superseded by HTTP Cookie Manager
2026-08-11 16:13:59,393 WARN o.a.j.p.h.s.HTTPSamplerBase: Existing CookieManager HTTP Cookie Manager superseded by HTTP Cookie Manager
2026-08-11 16:13:59,429 WARN o.a.j.p.h.s.HTTPSamplerBase: Existing CookieManager HTTP Cookie Manager superseded by HTTP Cookie Manager
2026-08-11 16:13:59,532 WARN o.a.j.p.h.s.HTTPSamplerBase: Existing CookieManager HTTP Cookie Manager superseded by HTTP Cookie Manager
2026-08-11 16:13:59,589 WARN o.a.j.p.h.s.HTTPSamplerBase: Existing CookieManager HTTP Cookie Manager superseded by HTTP Cookie Manager
2026-08-11 16:13:59,887 WARN o.a.j.p.h.s.HTTPSamplerBase: Existing CookieManager HTTP Cookie Manager superseded by HTTP Cookie Manager
2026-08-11 16:13:59,933 WARN o.a.j.p.h.s.HTTPSamplerBase: Existing CookieManager HTTP Cookie Manager superseded by HTTP Cookie Manager
2026-08-11 16:14:00,262 WARN o.a.j.p.h.s.HTTPSamplerBase: Existing CookieManager HTTP Cookie Manager superseded by HTTP Cookie Manager
2026-08-11 16:14:00,362 WARN o.a.j.p.h.s.HTTPSamplerBase: Existing CookieManager HTTP Cookie Manager superseded by HTTP Cookie Manager
2026-08-11 16:14:00,606 WARN o.a.j.p.h.s.HTTPSamplerBase: Existing CookieManager HTTP Cookie Manager superseded by HTTP Cookie Manager
2026-08-11 16:14:00,664 WARN o.a.j.p.h.s.HTTPSamplerBase: Existing CookieManager HTTP Cookie Manager superseded by HTTP Cookie Manager
2026-08-11 16:14:00,664 WARN o.a.j.p.h.s.HTTPSamplerBase: Existing CookieManager HTTP Cookie Manager superseded by HTTP Cookie Manager
2026-08-11 16:14:00,664 WARN o.a.j.p.h.s.HTTPSamplerBase: Existing CookieManager HTTP Cookie Manager superseded by HTTP Cookie Manager
2026-08-11 16:14:00,904 WARN o.a.j.p.h.s.HTTPSamplerBase: Existing CookieManager HTTP Cookie Manager superseded by HTTP Cookie Manager
2026-08-11 16:14:00,996 WARN o.a.j.p.h.s.HTTPSamplerBase: Existing CookieManager HTTP Cookie Manager superseded by HTTP Cookie Manager
2026-08-11 16:14:01,100 WARN o.a.j.p.h.s.HTTPSamplerBase: Existing CookieManager HTTP Cookie Manager superseded by HTTP Cookie Manager
2026-08-11 16:14:01,182 WARN o.a.j.p.h.s.HTTPSamplerBase: Existing CookieManager HTTP Cookie Manager superseded by HTTP Cookie Manager
2026-08-11 16:14:01,521 WARN o.a.j.p.h.s.HTTPSamplerBase: Existing CookieManager HTTP Cookie Manager superseded by HTTP Cookie Manager
2026-08-11 16:14:01,535 WARN o.a.j.p.h.s.HTTPSamplerBase: Existing CookieManager HTTP Cookie Manager superseded by HTTP Cookie Manager
2026-08-11 16:14:01,535 WARN o.a.j.p.h.s.HTTPSamplerBase: Existing CookieManager HTTP Cookie Manager superseded by HTTP Cookie Manager
2026-08-11 16:14:01,568 WARN o.a.j.p.h.s.HTTPSamplerBase: Existing CookieManager HTTP Cookie Manager superseded by HTTP Cookie Manager
2026-08-11 16:14:01,779 WARN o.a.j.p.h.s.HTTPSamplerBase: Existing CookieManager HTTP Cookie Manager superseded by HTTP Cookie Manager
2026-08-11 16:14:01,942 WARN o.a.j.p.h.s.HTTPSamplerBase: Existing CookieManager HTTP Cookie Manager superseded by HTTP Cookie Manager
2026-08-11 16:14:01,953 WARN o.a.j.p.h.s.HTTPSamplerBase: Existing CookieManager HTTP Cookie Manager superseded by HTTP Cookie Manager
2026-08-11 16:14:01,953 WARN o.a.j.p.h.s.HTTPSamplerBase: Existing CookieManager HTTP Cookie Manager superseded by HTTP Cookie Manager
2026-08-11 16:14:01,953 WARN o.a.j.p.h.s.HTTPSamplerBase: Existing CookieManager HTTP Cookie Manager superseded by HTTP Cookie Manager
2026-08-11 16:14:02,069 WARN o.a.j.p.h.s.HTTPSamplerBase: Existing CookieManager HTTP Cookie Manager superseded by HTTP Cookie Manager
2026-08-11 16:14:02,118 WARN o.a.j.p.h.s.HTTPSamplerBase: Existing CookieManager HTTP Cookie Manager superseded by HTTP Cookie Manager
2026-08-11 16:14:02,134 WARN o.a.j.p.h.s.HTTPSamplerBase: Existing CookieManager HTTP Cookie Manager superseded by HTTP Cookie Manager
2026-08-11 16:14:02,268 WARN o.a.j.p.h.s.HTTPSamplerBase: Existing CookieManager HTTP Cookie Manager superseded by HTTP Cookie Manager
2026-08-11 16:14:02,386 WARN o.a.j.p.h.s.HTTPSamplerBase: Existing CookieManager HTTP Cookie Manager superseded by HTTP Cookie Manager
2026-08-11 16:14:02,452 WARN o.a.j.p.h.s.HTTPSamplerBase: Existing CookieManager HTTP Cookie Manager superseded by HTTP Cookie Manager
2026-08-11 16:14:02,520 WARN o.a.j.p.h.s.HTTPSamplerBase: Existing CookieManager HTTP Cookie Manager superseded by HTTP Cookie Manager
2026-08-11 16:14:02,703 WARN o.a.j.p.h.s.HTTPSamplerBase: Existing CookieManager HTTP Cookie Manager superseded by HTTP Cookie Manager
2026-08-11 16:14:02,768 WARN o.a.j.p.h.s.HTTPSamplerBase: Existing CookieManager HTTP Cookie Manager superseded by HTTP Cookie Manager
2026-08-11 16:14:02,856 WARN o.a.j.p.h.s.HTTPSamplerBase: Existing CookieManager HTTP Cookie Manager superseded by HTTP Cookie Manager
2026-08-11 16:14:03,012 INFO o.a.j.r.Summariser: summary +    449 in 00:00:06 =   75.0/s Avg:   198 Min:    94 Max:   764 Err:     0 (0.00%) Active: 15 Started: 15 Finished: 0
2026-08-11 16:14:03,012 INFO o.a.j.r.Summariser: summary =   4938 in 00:01:08 =   72.6/s Avg:   190 Min:    91 Max:  2166 Err:     1 (0.02%)
2026-08-11 16:14:03,030 WARN o.a.j.p.h.s.HTTPSamplerBase: Existing CookieManager HTTP Cookie Manager superseded by HTTP Cookie Manager
2026-08-11 16:14:03,193 WARN o.a.j.p.h.s.HTTPSamplerBase: Existing CookieManager HTTP Cookie Manager superseded by HTTP Cookie Manager
2026-08-11 16:14:03,372 WARN o.a.j.p.h.s.HTTPSamplerBase: Existing CookieManager HTTP Cookie Manager superseded by HTTP Cookie Manager
2026-08-11 16:14:03,535 WARN o.a.j.p.h.s.HTTPSamplerBase: Existing CookieManager HTTP Cookie Manager superseded by HTTP Cookie Manager
2026-08-11 16:14:03,535 WARN o.a.j.p.h.s.HTTPSamplerBase: Existing CookieManager HTTP Cookie Manager superseded by HTTP Cookie Manager
2026-08-11 16:14:03,728 WARN o.a.j.p.h.s.HTTPSamplerBase: Existing CookieManager HTTP Cookie Manager superseded by HTTP Cookie Manager
2026-08-11 16:14:03,840 WARN o.a.j.p.h.s.HTTPSamplerBase: Existing CookieManager HTTP Cookie Manager superseded by HTTP Cookie Manager
2026-08-11 16:14:03,840 WARN o.a.j.p.h.s.HTTPSamplerBase: Existing CookieManager HTTP Cookie Manager superseded by HTTP Cookie Manager
2026-08-11 16:14:03,868 WARN o.a.j.p.h.s.HTTPSamplerBase: Existing CookieManager HTTP Cookie Manager superseded by HTTP Cookie Manager
2026-08-11 16:14:04,014 WARN o.a.j.p.h.s.HTTPSamplerBase: Existing CookieManager HTTP Cookie Manager superseded by HTTP Cookie Manager
2026-08-11 16:14:04,016 WARN o.a.j.p.h.s.HTTPSamplerBase: Existing CookieManager HTTP Cookie Manager superseded by HTTP Cookie Manager
2026-08-11 16:14:04,335 WARN o.a.j.p.h.s.HTTPSamplerBase: Existing CookieManager HTTP Cookie Manager superseded by HTTP Cookie Manager
2026-08-11 16:14:04,438 WARN o.a.j.p.h.s.HTTPSamplerBase: Existing CookieManager HTTP Cookie Manager superseded by HTTP Cookie Manager
2026-08-11 16:14:04,452 WARN o.a.j.p.h.s.HTTPSamplerBase: Existing CookieManager HTTP Cookie Manager superseded by HTTP Cookie Manager
2026-08-11 16:14:04,628 WARN o.a.j.p.h.s.HTTPSamplerBase: Existing CookieManager HTTP Cookie Manager superseded by HTTP Cookie Manager
2026-08-11 16:14:04,801 WARN o.a.j.p.h.s.HTTPSamplerBase: Existing CookieManager HTTP Cookie Manager superseded by HTTP Cookie Manager
2026-08-11 16:14:04,804 WARN o.a.j.p.h.s.HTTPSamplerBase: Existing CookieManager HTTP Cookie Manager superseded by HTTP Cookie Manager
2026-08-11 16:14:04,820 WARN o.a.j.p.h.s.HTTPSamplerBase: Existing CookieManager HTTP Cookie Manager superseded by HTTP Cookie Manager
2026-08-11 16:14:04,863 WARN o.a.j.p.h.s.HTTPSamplerBase: Existing CookieManager HTTP Cookie Manager superseded by HTTP Cookie Manager
2026-08-11 16:14:04,973 WARN o.a.j.p.h.s.HTTPSamplerBase: Existing CookieManager HTTP Cookie Manager superseded by HTTP Cookie Manager
2026-08-11 16:14:05,028 WARN o.a.j.p.h.s.HTTPSamplerBase: Existing CookieManager HTTP Cookie Manager superseded by HTTP Cookie Manager
2026-08-11 16:14:05,049 WARN o.a.j.p.h.s.HTTPSamplerBase: Existing CookieManager HTTP Cookie Manager superseded by HTTP Cookie Manager
2026-08-11 16:14:05,133 WARN o.a.j.p.h.s.HTTPSamplerBase: Existing CookieManager HTTP Cookie Manager superseded by HTTP Cookie Manager
2026-08-11 16:14:05,149 WARN o.a.j.p.h.s.HTTPSamplerBase: Existing CookieManager HTTP Cookie Manager superseded by HTTP Cookie Manager
2026-08-11 16:14:05,333 WARN o.a.j.p.h.s.HTTPSamplerBase: Existing CookieManager HTTP Cookie Manager superseded by HTTP Cookie Manager
2026-08-11 16:14:05,335 WARN o.a.j.p.h.s.HTTPSamplerBase: Existing CookieManager HTTP Cookie Manager superseded by HTTP Cookie Manager
2026-08-11 16:14:05,427 WARN o.a.j.p.h.s.HTTPSamplerBase: Existing CookieManager HTTP Cookie Manager superseded by HTTP Cookie Manager
2026-08-11 16:14:05,656 WARN o.a.j.p.h.s.HTTPSamplerBase: Existing CookieManager HTTP Cookie Manager superseded by HTTP Cookie Manager
2026-08-11 16:14:05,783 WARN o.a.j.p.h.s.HTTPSamplerBase: Existing CookieManager HTTP Cookie Manager superseded by HTTP Cookie Manager
2026-08-11 16:14:05,900 WARN o.a.j.p.h.s.HTTPSamplerBase: Existing CookieManager HTTP Cookie Manager superseded by HTTP Cookie Manager
2026-08-11 16:14:06,000 WARN o.a.j.p.h.s.HTTPSamplerBase: Existing CookieManager HTTP Cookie Manager superseded by HTTP Cookie Manager
2026-08-11 16:14:06,198 WARN o.a.j.p.h.s.HTTPSamplerBase: Existing CookieManager HTTP Cookie Manager superseded by HTTP Cookie Manager
2026-08-11 16:14:06,255 WARN o.a.j.p.h.s.HTTPSamplerBase: Existing CookieManager HTTP Cookie Manager superseded by HTTP Cookie Manager
2026-08-11 16:14:06,315 WARN o.a.j.p.h.s.HTTPSamplerBase: Existing CookieManager HTTP Cookie Manager superseded by HTTP Cookie Manager
2026-08-11 16:14:06,464 WARN o.a.j.p.h.s.HTTPSamplerBase: Existing CookieManager HTTP Cookie Manager superseded by HTTP Cookie Manager
2026-08-11 16:14:06,615 WARN o.a.j.p.h.s.HTTPSamplerBase: Existing CookieManager HTTP Cookie Manager superseded by HTTP Cookie Manager
2026-08-11 16:14:06,665 WARN o.a.j.p.h.s.HTTPSamplerBase: Existing CookieManager HTTP Cookie Manager superseded by HTTP Cookie Manager
2026-08-11 16:14:06,731 WARN o.a.j.p.h.s.HTTPSamplerBase: Existing CookieManager HTTP Cookie Manager superseded by HTTP Cookie Manager
2026-08-11 16:14:06,765 WARN o.a.j.p.h.s.HTTPSamplerBase: Existing CookieManager HTTP Cookie Manager superseded by HTTP Cookie Manager
2026-08-11 16:14:06,812 WARN o.a.j.p.h.s.HTTPSamplerBase: Existing CookieManager HTTP Cookie Manager superseded by HTTP Cookie Manager
2026-08-11 16:14:07,015 WARN o.a.j.p.h.s.HTTPSamplerBase: Existing CookieManager HTTP Cookie Manager superseded by HTTP Cookie Manager
2026-08-11 16:14:07,098 WARN o.a.j.p.h.s.HTTPSamplerBase: Existing CookieManager HTTP Cookie Manager superseded by HTTP Cookie Manager
2026-08-11 16:14:07,212 WARN o.a.j.p.h.s.HTTPSamplerBase: Existing CookieManager HTTP Cookie Manager superseded by HTTP Cookie Manager
2026-08-11 16:14:07,364 WARN o.a.j.p.h.s.HTTPSamplerBase: Existing CookieManager HTTP Cookie Manager superseded by HTTP Cookie Manager
2026-08-11 16:14:07,535 WARN o.a.j.p.h.s.HTTPSamplerBase: Existing CookieManager HTTP Cookie Manager superseded by HTTP Cookie Manager
2026-08-11 16:14:07,535 WARN o.a.j.p.h.s.HTTPSamplerBase: Existing CookieManager HTTP Cookie Manager superseded by HTTP Cookie Manager
2026-08-11 16:14:07,564 WARN o.a.j.p.h.s.HTTPSamplerBase: Existing CookieManager HTTP Cookie Manager superseded by HTTP Cookie Manager
2026-08-11 16:14:07,663 WARN o.a.j.p.h.s.HTTPSamplerBase: Existing CookieManager HTTP Cookie Manager superseded by HTTP Cookie Manager
2026-08-11 16:14:07,714 WARN o.a.j.p.h.s.HTTPSamplerBase: Existing CookieManager HTTP Cookie Manager superseded by HTTP Cookie Manager
2026-08-11 16:14:07,733 WARN o.a.j.p.h.s.HTTPSamplerBase: Existing CookieManager HTTP Cookie Manager superseded by HTTP Cookie Manager
2026-08-11 16:14:07,881 WARN o.a.j.p.h.s.HTTPSamplerBase: Existing CookieManager HTTP Cookie Manager superseded by HTTP Cookie Manager
2026-08-11 16:14:07,881 WARN o.a.j.p.h.s.HTTPSamplerBase: Existing CookieManager HTTP Cookie Manager superseded by HTTP Cookie Manager
2026-08-11 16:14:07,901 WARN o.a.j.p.h.s.HTTPSamplerBase: Existing CookieManager HTTP Cookie Manager superseded by HTTP Cookie Manager
2026-08-11 16:14:08,130 WARN o.a.j.p.h.s.HTTPSamplerBase: Existing CookieManager HTTP Cookie Manager superseded by HTTP Cookie Manager
2026-08-11 16:14:08,164 WARN o.a.j.p.h.s.HTTPSamplerBase: Existing CookieManager HTTP Cookie Manager superseded by HTTP Cookie Manager
2026-08-11 16:14:08,219 WARN o.a.j.p.h.s.HTTPSamplerBase: Existing CookieManager HTTP Cookie Manager superseded by HTTP Cookie Manager
2026-08-11 16:14:08,284 WARN o.a.j.p.h.s.HTTPSamplerBase: Existing CookieManager HTTP Cookie Manager superseded by HTTP Cookie Manager
2026-08-11 16:14:08,430 WARN o.a.j.p.h.s.HTTPSamplerBase: Existing CookieManager HTTP Cookie Manager superseded by HTTP Cookie Manager
2026-08-11 16:14:08,632 WARN o.a.j.p.h.s.HTTPSamplerBase: Existing CookieManager HTTP Cookie Manager superseded by HTTP Cookie Manager
2026-08-11 16:14:08,679 WARN o.a.j.p.h.s.HTTPSamplerBase: Existing CookieManager HTTP Cookie Manager superseded by HTTP Cookie Manager
2026-08-11 16:14:08,749 WARN o.a.j.p.h.s.HTTPSamplerBase: Existing CookieManager HTTP Cookie Manager superseded by HTTP Cookie Manager
2026-08-11 16:14:09,001 INFO o.a.j.r.Summariser: summary +    476 in 00:00:06 =   79.5/s Avg:   190 Min:   102 Max:   719 Err:     0 (0.00%) Active: 15 Started: 15 Finished: 0
2026-08-11 16:14:09,002 INFO o.a.j.r.Summariser: summary =   5414 in 00:01:14 =   73.2/s Avg:   190 Min:    91 Max:  2166 Err:     1 (0.02%)
2026-08-11 16:14:09,080 WARN o.a.j.p.h.s.HTTPSamplerBase: Existing CookieManager HTTP Cookie Manager superseded by HTTP Cookie Manager
2026-08-11 16:14:09,105 WARN o.a.j.p.h.s.HTTPSamplerBase: Existing CookieManager HTTP Cookie Manager superseded by HTTP Cookie Manager
2026-08-11 16:14:09,244 WARN o.a.j.p.h.s.HTTPSamplerBase: Existing CookieManager HTTP Cookie Manager superseded by HTTP Cookie Manager
2026-08-11 16:14:09,275 WARN o.a.j.p.h.s.HTTPSamplerBase: Existing CookieManager HTTP Cookie Manager superseded by HTTP Cookie Manager
2026-08-11 16:14:09,407 WARN o.a.j.p.h.s.HTTPSamplerBase: Existing CookieManager HTTP Cookie Manager superseded by HTTP Cookie Manager
2026-08-11 16:14:09,473 WARN o.a.j.p.h.s.HTTPSamplerBase: Existing CookieManager HTTP Cookie Manager superseded by HTTP Cookie Manager
2026-08-11 16:14:09,506 WARN o.a.j.p.h.s.HTTPSamplerBase: Existing CookieManager HTTP Cookie Manager superseded by HTTP Cookie Manager
2026-08-11 16:14:09,552 WARN o.a.j.p.h.s.HTTPSamplerBase: Existing CookieManager HTTP Cookie Manager superseded by HTTP Cookie Manager
2026-08-11 16:14:09,801 WARN o.a.j.p.h.s.HTTPSamplerBase: Existing CookieManager HTTP Cookie Manager superseded by HTTP Cookie Manager
2026-08-11 16:14:09,946 WARN o.a.j.p.h.s.HTTPSamplerBase: Existing CookieManager HTTP Cookie Manager superseded by HTTP Cookie Manager
2026-08-11 16:14:10,056 WARN o.a.j.p.h.s.HTTPSamplerBase: Existing CookieManager HTTP Cookie Manager superseded by HTTP Cookie Manager
2026-08-11 16:14:10,118 WARN o.a.j.p.h.s.HTTPSamplerBase: Existing CookieManager HTTP Cookie Manager superseded by HTTP Cookie Manager
2026-08-11 16:14:10,164 WARN o.a.j.p.h.s.HTTPSamplerBase: Existing CookieManager HTTP Cookie Manager superseded by HTTP Cookie Manager
2026-08-11 16:14:10,266 WARN o.a.j.p.h.s.HTTPSamplerBase: Existing CookieManager HTTP Cookie Manager superseded by HTTP Cookie Manager
2026-08-11 16:14:10,309 WARN o.a.j.p.h.s.HTTPSamplerBase: Existing CookieManager HTTP Cookie Manager superseded by HTTP Cookie Manager
2026-08-11 16:14:10,312 WARN o.a.j.p.h.s.HTTPSamplerBase: Existing CookieManager HTTP Cookie Manager superseded by HTTP Cookie Manager
2026-08-11 16:14:10,483 WARN o.a.j.p.h.s.HTTPSamplerBase: Existing CookieManager HTTP Cookie Manager superseded by HTTP Cookie Manager
2026-08-11 16:14:10,529 WARN o.a.j.p.h.s.HTTPSamplerBase: Existing CookieManager HTTP Cookie Manager superseded by HTTP Cookie Manager
2026-08-11 16:14:10,612 WARN o.a.j.p.h.s.HTTPSamplerBase: Existing CookieManager HTTP Cookie Manager superseded by HTTP Cookie Manager
2026-08-11 16:14:10,612 WARN o.a.j.p.h.s.HTTPSamplerBase: Existing CookieManager HTTP Cookie Manager superseded by HTTP Cookie Manager
2026-08-11 16:14:10,637 WARN o.a.j.p.h.s.HTTPSamplerBase: Existing CookieManager HTTP Cookie Manager superseded by HTTP Cookie Manager
2026-08-11 16:14:10,683 WARN o.a.j.p.h.s.HTTPSamplerBase: Existing CookieManager HTTP Cookie Manager superseded by HTTP Cookie Manager
2026-08-11 16:14:10,814 WARN o.a.j.p.h.s.HTTPSamplerBase: Existing CookieManager HTTP Cookie Manager superseded by HTTP Cookie Manager
2026-08-11 16:14:10,932 WARN o.a.j.p.h.s.HTTPSamplerBase: Existing CookieManager HTTP Cookie Manager superseded by HTTP Cookie Manager
2026-08-11 16:14:11,028 WARN o.a.j.p.h.s.HTTPSamplerBase: Existing CookieManager HTTP Cookie Manager superseded by HTTP Cookie Manager
2026-08-11 16:14:11,128 WARN o.a.j.p.h.s.HTTPSamplerBase: Existing CookieManager HTTP Cookie Manager superseded by HTTP Cookie Manager
2026-08-11 16:14:11,161 WARN o.a.j.p.h.s.HTTPSamplerBase: Existing CookieManager HTTP Cookie Manager superseded by HTTP Cookie Manager
2026-08-11 16:14:11,461 WARN o.a.j.p.h.s.HTTPSamplerBase: Existing CookieManager HTTP Cookie Manager superseded by HTTP Cookie Manager
2026-08-11 16:14:11,501 WARN o.a.j.p.h.s.HTTPSamplerBase: Existing CookieManager HTTP Cookie Manager superseded by HTTP Cookie Manager
2026-08-11 16:14:11,689 WARN o.a.j.p.h.s.HTTPSamplerBase: Existing CookieManager HTTP Cookie Manager superseded by HTTP Cookie Manager
2026-08-11 16:14:11,829 WARN o.a.j.p.h.s.HTTPSamplerBase: Existing CookieManager HTTP Cookie Manager superseded by HTTP Cookie Manager
2026-08-11 16:14:12,011 WARN o.a.j.p.h.s.HTTPSamplerBase: Existing CookieManager HTTP Cookie Manager superseded by HTTP Cookie Manager
2026-08-11 16:14:12,028 WARN o.a.j.p.h.s.HTTPSamplerBase: Existing CookieManager HTTP Cookie Manager superseded by HTTP Cookie Manager
2026-08-11 16:14:12,162 WARN o.a.j.p.h.s.HTTPSamplerBase: Existing CookieManager HTTP Cookie Manager superseded by HTTP Cookie Manager
2026-08-11 16:14:12,217 WARN o.a.j.p.h.s.HTTPSamplerBase: Existing CookieManager HTTP Cookie Manager superseded by HTTP Cookie Manager
2026-08-11 16:14:12,326 WARN o.a.j.p.h.s.HTTPSamplerBase: Existing CookieManager HTTP Cookie Manager superseded by HTTP Cookie Manager
2026-08-11 16:14:12,560 WARN o.a.j.p.h.s.HTTPSamplerBase: Existing CookieManager HTTP Cookie Manager superseded by HTTP Cookie Manager
2026-08-11 16:14:12,582 WARN o.a.j.p.h.s.HTTPSamplerBase: Existing CookieManager HTTP Cookie Manager superseded by HTTP Cookie Manager
2026-08-11 16:14:12,661 WARN o.a.j.p.h.s.HTTPSamplerBase: Existing CookieManager HTTP Cookie Manager superseded by HTTP Cookie Manager
2026-08-11 16:14:12,677 WARN o.a.j.p.h.s.HTTPSamplerBase: Existing CookieManager HTTP Cookie Manager superseded by HTTP Cookie Manager
2026-08-11 16:14:12,878 WARN o.a.j.p.h.s.HTTPSamplerBase: Existing CookieManager HTTP Cookie Manager superseded by HTTP Cookie Manager
2026-08-11 16:14:12,960 WARN o.a.j.p.h.s.HTTPSamplerBase: Existing CookieManager HTTP Cookie Manager superseded by HTTP Cookie Manager
2026-08-11 16:14:12,994 WARN o.a.j.p.h.s.HTTPSamplerBase: Existing CookieManager HTTP Cookie Manager superseded by HTTP Cookie Manager
2026-08-11 16:14:12,994 WARN o.a.j.p.h.s.HTTPSamplerBase: Existing CookieManager HTTP Cookie Manager superseded by HTTP Cookie Manager
2026-08-11 16:14:13,044 WARN o.a.j.p.h.s.HTTPSamplerBase: Existing CookieManager HTTP Cookie Manager superseded by HTTP Cookie Manager
2026-08-11 16:14:13,060 WARN o.a.j.p.h.s.HTTPSamplerBase: Existing CookieManager HTTP Cookie Manager superseded by HTTP Cookie Manager
2026-08-11 16:14:13,164 WARN o.a.j.p.h.s.HTTPSamplerBase: Existing CookieManager HTTP Cookie Manager superseded by HTTP Cookie Manager
2026-08-11 16:14:13,266 WARN o.a.j.p.h.s.HTTPSamplerBase: Existing CookieManager HTTP Cookie Manager superseded by HTTP Cookie Manager
2026-08-11 16:14:13,325 WARN o.a.j.p.h.s.HTTPSamplerBase: Existing CookieManager HTTP Cookie Manager superseded by HTTP Cookie Manager
2026-08-11 16:14:13,391 WARN o.a.j.p.h.s.HTTPSamplerBase: Existing CookieManager HTTP Cookie Manager superseded by HTTP Cookie Manager
2026-08-11 16:14:13,433 WARN o.a.j.p.h.s.HTTPSamplerBase: Existing CookieManager HTTP Cookie Manager superseded by HTTP Cookie Manager
2026-08-11 16:14:13,476 WARN o.a.j.p.h.s.HTTPSamplerBase: Existing CookieManager HTTP Cookie Manager superseded by HTTP Cookie Manager
2026-08-11 16:14:13,525 WARN o.a.j.p.h.s.HTTPSamplerBase: Existing CookieManager HTTP Cookie Manager superseded by HTTP Cookie Manager
2026-08-11 16:14:13,799 WARN o.a.j.p.h.s.HTTPSamplerBase: Existing CookieManager HTTP Cookie Manager superseded by HTTP Cookie Manager
2026-08-11 16:14:13,875 WARN o.a.j.p.h.s.HTTPSamplerBase: Existing CookieManager HTTP Cookie Manager superseded by HTTP Cookie Manager
2026-08-11 16:14:13,941 WARN o.a.j.p.h.s.HTTPSamplerBase: Existing CookieManager HTTP Cookie Manager superseded by HTTP Cookie Manager
2026-08-11 16:14:13,942 WARN o.a.j.p.h.s.HTTPSamplerBase: Existing CookieManager HTTP Cookie Manager superseded by HTTP Cookie Manager
2026-08-11 16:14:14,263 WARN o.a.j.p.h.s.HTTPSamplerBase: Existing CookieManager HTTP Cookie Manager superseded by HTTP Cookie Manager
2026-08-11 16:14:14,296 WARN o.a.j.p.h.s.HTTPSamplerBase: Existing CookieManager HTTP Cookie Manager superseded by HTTP Cookie Manager
2026-08-11 16:14:14,514 WARN o.a.j.p.h.s.HTTPSamplerBase: Existing CookieManager HTTP Cookie Manager superseded by HTTP Cookie Manager
2026-08-11 16:14:14,565 WARN o.a.j.p.h.s.HTTPSamplerBase: Existing CookieManager HTTP Cookie Manager superseded by HTTP Cookie Manager
2026-08-11 16:14:14,825 WARN o.a.j.p.h.s.HTTPSamplerBase: Existing CookieManager HTTP Cookie Manager superseded by HTTP Cookie Manager
2026-08-11 16:14:14,842 WARN o.a.j.p.h.s.HTTPSamplerBase: Existing CookieManager HTTP Cookie Manager superseded by HTTP Cookie Manager
2026-08-11 16:14:14,880 WARN o.a.j.p.h.s.HTTPSamplerBase: Existing CookieManager HTTP Cookie Manager superseded by HTTP Cookie Manager
2026-08-11 16:14:14,925 WARN o.a.j.p.h.s.HTTPSamplerBase: Existing CookieManager HTTP Cookie Manager superseded by HTTP Cookie Manager
2026-08-11 16:14:15,008 INFO o.a.j.r.Summariser: summary +    478 in 00:00:06 =   79.6/s Avg:   185 Min:    96 Max:   680 Err:     0 (0.00%) Active: 15 Started: 15 Finished: 0
2026-08-11 16:14:15,008 INFO o.a.j.r.Summariser: summary =   5892 in 00:01:20 =   73.7/s Avg:   190 Min:    91 Max:  2166 Err:     1 (0.02%)
2026-08-11 16:14:15,198 WARN o.a.j.p.h.s.HTTPSamplerBase: Existing CookieManager HTTP Cookie Manager superseded by HTTP Cookie Manager
2026-08-11 16:14:15,267 WARN o.a.j.p.h.s.HTTPSamplerBase: Existing CookieManager HTTP Cookie Manager superseded by HTTP Cookie Manager
2026-08-11 16:14:15,378 WARN o.a.j.p.h.s.HTTPSamplerBase: Existing CookieManager HTTP Cookie Manager superseded by HTTP Cookie Manager
2026-08-11 16:14:15,407 WARN o.a.j.p.h.s.HTTPSamplerBase: Existing CookieManager HTTP Cookie Manager superseded by HTTP Cookie Manager
2026-08-11 16:14:15,411 WARN o.a.j.p.h.s.HTTPSamplerBase: Existing CookieManager HTTP Cookie Manager superseded by HTTP Cookie Manager
2026-08-11 16:14:15,691 WARN o.a.j.p.h.s.HTTPSamplerBase: Existing CookieManager HTTP Cookie Manager superseded by HTTP Cookie Manager
2026-08-11 16:14:15,710 WARN o.a.j.p.h.s.HTTPSamplerBase: Existing CookieManager HTTP Cookie Manager superseded by HTTP Cookie Manager
2026-08-11 16:14:15,710 WARN o.a.j.p.h.s.HTTPSamplerBase: Existing CookieManager HTTP Cookie Manager superseded by HTTP Cookie Manager
2026-08-11 16:14:15,710 WARN o.a.j.p.h.s.HTTPSamplerBase: Existing CookieManager HTTP Cookie Manager superseded by HTTP Cookie Manager
2026-08-11 16:14:15,791 WARN o.a.j.p.h.s.HTTPSamplerBase: Existing CookieManager HTTP Cookie Manager superseded by HTTP Cookie Manager
2026-08-11 16:14:15,808 WARN o.a.j.p.h.s.HTTPSamplerBase: Existing CookieManager HTTP Cookie Manager superseded by HTTP Cookie Manager
2026-08-11 16:14:15,893 WARN o.a.j.p.h.s.HTTPSamplerBase: Existing CookieManager HTTP Cookie Manager superseded by HTTP Cookie Manager
2026-08-11 16:14:16,035 WARN o.a.j.p.h.s.HTTPSamplerBase: Existing CookieManager HTTP Cookie Manager superseded by HTTP Cookie Manager
2026-08-11 16:14:16,092 WARN o.a.j.p.h.s.HTTPSamplerBase: Existing CookieManager HTTP Cookie Manager superseded by HTTP Cookie Manager
2026-08-11 16:14:16,107 WARN o.a.j.p.h.s.HTTPSamplerBase: Existing CookieManager HTTP Cookie Manager superseded by HTTP Cookie Manager
2026-08-11 16:14:16,207 WARN o.a.j.p.h.s.HTTPSamplerBase: Existing CookieManager HTTP Cookie Manager superseded by HTTP Cookie Manager
2026-08-11 16:14:16,293 WARN o.a.j.p.h.s.HTTPSamplerBase: Existing CookieManager HTTP Cookie Manager superseded by HTTP Cookie Manager
2026-08-11 16:14:16,307 WARN o.a.j.p.h.s.HTTPSamplerBase: Existing CookieManager HTTP Cookie Manager superseded by HTTP Cookie Manager
2026-08-11 16:14:16,624 WARN o.a.j.p.h.s.HTTPSamplerBase: Existing CookieManager HTTP Cookie Manager superseded by HTTP Cookie Manager
2026-08-11 16:14:16,648 WARN o.a.j.p.h.s.HTTPSamplerBase: Existing CookieManager HTTP Cookie Manager superseded by HTTP Cookie Manager
2026-08-11 16:14:16,811 WARN o.a.j.p.h.s.HTTPSamplerBase: Existing CookieManager HTTP Cookie Manager superseded by HTTP Cookie Manager
2026-08-11 16:14:16,820 WARN o.a.j.p.h.s.HTTPSamplerBase: Existing CookieManager HTTP Cookie Manager superseded by HTTP Cookie Manager
2026-08-11 16:14:17,090 WARN o.a.j.p.h.s.HTTPSamplerBase: Existing CookieManager HTTP Cookie Manager superseded by HTTP Cookie Manager
2026-08-11 16:14:17,156 WARN o.a.j.p.h.s.HTTPSamplerBase: Existing CookieManager HTTP Cookie Manager superseded by HTTP Cookie Manager
2026-08-11 16:14:17,356 WARN o.a.j.p.h.s.HTTPSamplerBase: Existing CookieManager HTTP Cookie Manager superseded by HTTP Cookie Manager
2026-08-11 16:14:17,368 WARN o.a.j.p.h.s.HTTPSamplerBase: Existing CookieManager HTTP Cookie Manager superseded by HTTP Cookie Manager
2026-08-11 16:14:17,722 WARN o.a.j.p.h.s.HTTPSamplerBase: Existing CookieManager HTTP Cookie Manager superseded by HTTP Cookie Manager
2026-08-11 16:14:17,727 WARN o.a.j.p.h.s.HTTPSamplerBase: Existing CookieManager HTTP Cookie Manager superseded by HTTP Cookie Manager
2026-08-11 16:14:17,727 WARN o.a.j.p.h.s.HTTPSamplerBase: Existing CookieManager HTTP Cookie Manager superseded by HTTP Cookie Manager
2026-08-11 16:14:17,741 WARN o.a.j.p.h.s.HTTPSamplerBase: Existing CookieManager HTTP Cookie Manager superseded by HTTP Cookie Manager
2026-08-11 16:14:18,045 WARN o.a.j.p.h.s.HTTPSamplerBase: Existing CookieManager HTTP Cookie Manager superseded by HTTP Cookie Manager
2026-08-11 16:14:18,059 WARN o.a.j.p.h.s.HTTPSamplerBase: Existing CookieManager HTTP Cookie Manager superseded by HTTP Cookie Manager
2026-08-11 16:14:18,206 WARN o.a.j.p.h.s.HTTPSamplerBase: Existing CookieManager HTTP Cookie Manager superseded by HTTP Cookie Manager
2026-08-11 16:14:18,263 WARN o.a.j.p.h.s.HTTPSamplerBase: Existing CookieManager HTTP Cookie Manager superseded by HTTP Cookie Manager
2026-08-11 16:14:18,274 WARN o.a.j.p.h.s.HTTPSamplerBase: Existing CookieManager HTTP Cookie Manager superseded by HTTP Cookie Manager
2026-08-11 16:14:18,481 WARN o.a.j.p.h.s.HTTPSamplerBase: Existing CookieManager HTTP Cookie Manager superseded by HTTP Cookie Manager
2026-08-11 16:14:18,533 WARN o.a.j.p.h.s.HTTPSamplerBase: Existing CookieManager HTTP Cookie Manager superseded by HTTP Cookie Manager
2026-08-11 16:14:18,558 WARN o.a.j.p.h.s.HTTPSamplerBase: Existing CookieManager HTTP Cookie Manager superseded by HTTP Cookie Manager
2026-08-11 16:14:18,563 WARN o.a.j.p.h.s.HTTPSamplerBase: Existing CookieManager HTTP Cookie Manager superseded by HTTP Cookie Manager
2026-08-11 16:14:18,621 WARN o.a.j.p.h.s.HTTPSamplerBase: Existing CookieManager HTTP Cookie Manager superseded by HTTP Cookie Manager
2026-08-11 16:14:18,653 WARN o.a.j.p.h.s.HTTPSamplerBase: Existing CookieManager HTTP Cookie Manager superseded by HTTP Cookie Manager
2026-08-11 16:14:18,671 WARN o.a.j.p.h.s.HTTPSamplerBase: Existing CookieManager HTTP Cookie Manager superseded by HTTP Cookie Manager
2026-08-11 16:14:18,810 WARN o.a.j.p.h.s.HTTPSamplerBase: Existing CookieManager HTTP Cookie Manager superseded by HTTP Cookie Manager
2026-08-11 16:14:18,955 WARN o.a.j.p.h.s.HTTPSamplerBase: Existing CookieManager HTTP Cookie Manager superseded by HTTP Cookie Manager
2026-08-11 16:14:19,005 WARN o.a.j.p.h.s.HTTPSamplerBase: Existing CookieManager HTTP Cookie Manager superseded by HTTP Cookie Manager
2026-08-11 16:14:19,005 WARN o.a.j.p.h.s.HTTPSamplerBase: Existing CookieManager HTTP Cookie Manager superseded by HTTP Cookie Manager
2026-08-11 16:14:19,154 WARN o.a.j.p.h.s.HTTPSamplerBase: Existing CookieManager HTTP Cookie Manager superseded by HTTP Cookie Manager
2026-08-11 16:14:19,214 WARN o.a.j.p.h.s.HTTPSamplerBase: Existing CookieManager HTTP Cookie Manager superseded by HTTP Cookie Manager
2026-08-11 16:14:19,472 WARN o.a.j.p.h.s.HTTPSamplerBase: Existing CookieManager HTTP Cookie Manager superseded by HTTP Cookie Manager
2026-08-11 16:14:19,539 WARN o.a.j.p.h.s.HTTPSamplerBase: Existing CookieManager HTTP Cookie Manager superseded by HTTP Cookie Manager
2026-08-11 16:14:19,556 WARN o.a.j.p.h.s.HTTPSamplerBase: Existing CookieManager HTTP Cookie Manager superseded by HTTP Cookie Manager
2026-08-11 16:14:19,740 WARN o.a.j.p.h.s.HTTPSamplerBase: Existing CookieManager HTTP Cookie Manager superseded by HTTP Cookie Manager
2026-08-11 16:14:19,888 WARN o.a.j.p.h.s.HTTPSamplerBase: Existing CookieManager HTTP Cookie Manager superseded by HTTP Cookie Manager
2026-08-11 16:14:20,057 WARN o.a.j.p.h.s.HTTPSamplerBase: Existing CookieManager HTTP Cookie Manager superseded by HTTP Cookie Manager
2026-08-11 16:14:20,157 WARN o.a.j.p.h.s.HTTPSamplerBase: Existing CookieManager HTTP Cookie Manager superseded by HTTP Cookie Manager
2026-08-11 16:14:20,257 WARN o.a.j.p.h.s.HTTPSamplerBase: Existing CookieManager HTTP Cookie Manager superseded by HTTP Cookie Manager
2026-08-11 16:14:20,385 WARN o.a.j.p.h.s.HTTPSamplerBase: Existing CookieManager HTTP Cookie Manager superseded by HTTP Cookie Manager
2026-08-11 16:14:20,470 WARN o.a.j.p.h.s.HTTPSamplerBase: Existing CookieManager HTTP Cookie Manager superseded by HTTP Cookie Manager
2026-08-11 16:14:20,506 WARN o.a.j.p.h.s.HTTPSamplerBase: Existing CookieManager HTTP Cookie Manager superseded by HTTP Cookie Manager
2026-08-11 16:14:20,605 WARN o.a.j.p.h.s.HTTPSamplerBase: Existing CookieManager HTTP Cookie Manager superseded by HTTP Cookie Manager
2026-08-11 16:14:20,703 WARN o.a.j.p.h.s.HTTPSamplerBase: Existing CookieManager HTTP Cookie Manager superseded by HTTP Cookie Manager
2026-08-11 16:14:20,837 WARN o.a.j.p.h.s.HTTPSamplerBase: Existing CookieManager HTTP Cookie Manager superseded by HTTP Cookie Manager
2026-08-11 16:14:20,920 WARN o.a.j.p.h.s.HTTPSamplerBase: Existing CookieManager HTTP Cookie Manager superseded by HTTP Cookie Manager
2026-08-11 16:14:21,009 INFO o.a.j.r.Summariser: summary +    486 in 00:00:06 =   81.0/s Avg:   186 Min:   101 Max:   390 Err:     0 (0.00%) Active: 15 Started: 15 Finished: 0
2026-08-11 16:14:21,018 INFO o.a.j.r.Summariser: summary =   6378 in 00:01:26 =   74.2/s Avg:   190 Min:    91 Max:  2166 Err:     1 (0.02%)
2026-08-11 16:14:21,031 WARN o.a.j.p.h.s.HTTPSamplerBase: Existing CookieManager HTTP Cookie Manager superseded by HTTP Cookie Manager
2026-08-11 16:14:21,058 WARN o.a.j.p.h.s.HTTPSamplerBase: Existing CookieManager HTTP Cookie Manager superseded by HTTP Cookie Manager
2026-08-11 16:14:21,186 WARN o.a.j.p.h.s.HTTPSamplerBase: Existing CookieManager HTTP Cookie Manager superseded by HTTP Cookie Manager
2026-08-11 16:14:21,256 WARN o.a.j.p.h.s.HTTPSamplerBase: Existing CookieManager HTTP Cookie Manager superseded by HTTP Cookie Manager
2026-08-11 16:14:21,320 WARN o.a.j.p.h.s.HTTPSamplerBase: Existing CookieManager HTTP Cookie Manager superseded by HTTP Cookie Manager
2026-08-11 16:14:21,357 WARN o.a.j.p.h.s.HTTPSamplerBase: Existing CookieManager HTTP Cookie Manager superseded by HTTP Cookie Manager
2026-08-11 16:14:21,375 WARN o.a.j.p.h.s.HTTPSamplerBase: Existing CookieManager HTTP Cookie Manager superseded by HTTP Cookie Manager
2026-08-11 16:14:21,503 WARN o.a.j.p.h.s.HTTPSamplerBase: Existing CookieManager HTTP Cookie Manager superseded by HTTP Cookie Manager
2026-08-11 16:14:21,526 WARN o.a.j.p.h.s.HTTPSamplerBase: Existing CookieManager HTTP Cookie Manager superseded by HTTP Cookie Manager
2026-08-11 16:14:21,536 WARN o.a.j.p.h.s.HTTPSamplerBase: Existing CookieManager HTTP Cookie Manager superseded by HTTP Cookie Manager
2026-08-11 16:14:21,620 WARN o.a.j.p.h.s.HTTPSamplerBase: Existing CookieManager HTTP Cookie Manager superseded by HTTP Cookie Manager
2026-08-11 16:14:21,791 WARN o.a.j.p.h.s.HTTPSamplerBase: Existing CookieManager HTTP Cookie Manager superseded by HTTP Cookie Manager
2026-08-11 16:14:21,850 WARN o.a.j.p.h.s.HTTPSamplerBase: Existing CookieManager HTTP Cookie Manager superseded by HTTP Cookie Manager
2026-08-11 16:14:21,897 WARN o.a.j.p.h.s.HTTPSamplerBase: Existing CookieManager HTTP Cookie Manager superseded by HTTP Cookie Manager
2026-08-11 16:14:22,090 WARN o.a.j.p.h.s.HTTPSamplerBase: Existing CookieManager HTTP Cookie Manager superseded by HTTP Cookie Manager
2026-08-11 16:14:22,220 WARN o.a.j.p.h.s.HTTPSamplerBase: Existing CookieManager HTTP Cookie Manager superseded by HTTP Cookie Manager
2026-08-11 16:14:22,303 WARN o.a.j.p.h.s.HTTPSamplerBase: Existing CookieManager HTTP Cookie Manager superseded by HTTP Cookie Manager
2026-08-11 16:14:22,403 WARN o.a.j.p.h.s.HTTPSamplerBase: Existing CookieManager HTTP Cookie Manager superseded by HTTP Cookie Manager
2026-08-11 16:14:22,625 WARN o.a.j.p.h.s.HTTPSamplerBase: Existing CookieManager HTTP Cookie Manager superseded by HTTP Cookie Manager
2026-08-11 16:14:22,635 WARN o.a.j.p.h.s.HTTPSamplerBase: Existing CookieManager HTTP Cookie Manager superseded by HTTP Cookie Manager
2026-08-11 16:14:22,912 WARN o.a.j.p.h.s.HTTPSamplerBase: Existing CookieManager HTTP Cookie Manager superseded by HTTP Cookie Manager
2026-08-11 16:14:22,942 WARN o.a.j.p.h.s.HTTPSamplerBase: Existing CookieManager HTTP Cookie Manager superseded by HTTP Cookie Manager
2026-08-11 16:14:23,085 WARN o.a.j.p.h.s.HTTPSamplerBase: Existing CookieManager HTTP Cookie Manager superseded by HTTP Cookie Manager
2026-08-11 16:14:23,169 WARN o.a.j.p.h.s.HTTPSamplerBase: Existing CookieManager HTTP Cookie Manager superseded by HTTP Cookie Manager
2026-08-11 16:14:23,232 WARN o.a.j.p.h.s.HTTPSamplerBase: Existing CookieManager HTTP Cookie Manager superseded by HTTP Cookie Manager
2026-08-11 16:14:23,265 WARN o.a.j.p.h.s.HTTPSamplerBase: Existing CookieManager HTTP Cookie Manager superseded by HTTP Cookie Manager
2026-08-11 16:14:23,401 WARN o.a.j.p.h.s.HTTPSamplerBase: Existing CookieManager HTTP Cookie Manager superseded by HTTP Cookie Manager
2026-08-11 16:14:23,485 WARN o.a.j.p.h.s.HTTPSamplerBase: Existing CookieManager HTTP Cookie Manager superseded by HTTP Cookie Manager
2026-08-11 16:14:23,534 WARN o.a.j.p.h.s.HTTPSamplerBase: Existing CookieManager HTTP Cookie Manager superseded by HTTP Cookie Manager
2026-08-11 16:14:23,657 WARN o.a.j.p.h.s.HTTPSamplerBase: Existing CookieManager HTTP Cookie Manager superseded by HTTP Cookie Manager
2026-08-11 16:14:23,753 WARN o.a.j.p.h.s.HTTPSamplerBase: Existing CookieManager HTTP Cookie Manager superseded by HTTP Cookie Manager
2026-08-11 16:14:23,878 WARN o.a.j.p.h.s.HTTPSamplerBase: Existing CookieManager HTTP Cookie Manager superseded by HTTP Cookie Manager
2026-08-11 16:14:23,987 WARN o.a.j.p.h.s.HTTPSamplerBase: Existing CookieManager HTTP Cookie Manager superseded by HTTP Cookie Manager
2026-08-11 16:14:23,987 WARN o.a.j.p.h.s.HTTPSamplerBase: Existing CookieManager HTTP Cookie Manager superseded by HTTP Cookie Manager
2026-08-11 16:14:23,987 WARN o.a.j.p.h.s.HTTPSamplerBase: Existing CookieManager HTTP Cookie Manager superseded by HTTP Cookie Manager
2026-08-11 16:14:24,155 WARN o.a.j.p.h.s.HTTPSamplerBase: Existing CookieManager HTTP Cookie Manager superseded by HTTP Cookie Manager
2026-08-11 16:14:24,198 WARN o.a.j.p.h.s.HTTPSamplerBase: Existing CookieManager HTTP Cookie Manager superseded by HTTP Cookie Manager
2026-08-11 16:14:24,209 WARN o.a.j.p.h.s.HTTPSamplerBase: Existing CookieManager HTTP Cookie Manager superseded by HTTP Cookie Manager
2026-08-11 16:14:24,234 WARN o.a.j.p.h.s.HTTPSamplerBase: Existing CookieManager HTTP Cookie Manager superseded by HTTP Cookie Manager
2026-08-11 16:14:24,303 WARN o.a.j.p.h.s.HTTPSamplerBase: Existing CookieManager HTTP Cookie Manager superseded by HTTP Cookie Manager
2026-08-11 16:14:24,303 WARN o.a.j.p.h.s.HTTPSamplerBase: Existing CookieManager HTTP Cookie Manager superseded by HTTP Cookie Manager
2026-08-11 16:14:24,527 WARN o.a.j.p.h.s.HTTPSamplerBase: Existing CookieManager HTTP Cookie Manager superseded by HTTP Cookie Manager
2026-08-11 16:14:24,569 WARN o.a.j.p.h.s.HTTPSamplerBase: Existing CookieManager HTTP Cookie Manager superseded by HTTP Cookie Manager
2026-08-11 16:14:24,677 WARN o.a.j.p.h.s.HTTPSamplerBase: Existing CookieManager HTTP Cookie Manager superseded by HTTP Cookie Manager
2026-08-11 16:14:24,876 WARN o.a.j.p.h.s.HTTPSamplerBase: Existing CookieManager HTTP Cookie Manager superseded by HTTP Cookie Manager
2026-08-11 16:14:25,004 WARN o.a.j.p.h.s.HTTPSamplerBase: Existing CookieManager HTTP Cookie Manager superseded by HTTP Cookie Manager
2026-08-11 16:14:25,052 WARN o.a.j.p.h.s.HTTPSamplerBase: Existing CookieManager HTTP Cookie Manager superseded by HTTP Cookie Manager
2026-08-11 16:14:25,223 WARN o.a.j.p.h.s.HTTPSamplerBase: Existing CookieManager HTTP Cookie Manager superseded by HTTP Cookie Manager
2026-08-11 16:14:25,342 WARN o.a.j.p.h.s.HTTPSamplerBase: Existing CookieManager HTTP Cookie Manager superseded by HTTP Cookie Manager
2026-08-11 16:14:25,415 WARN o.a.j.p.h.s.HTTPSamplerBase: Existing CookieManager HTTP Cookie Manager superseded by HTTP Cookie Manager
2026-08-11 16:14:25,701 WARN o.a.j.p.h.s.HTTPSamplerBase: Existing CookieManager HTTP Cookie Manager superseded by HTTP Cookie Manager
2026-08-11 16:14:25,786 WARN o.a.j.p.h.s.HTTPSamplerBase: Existing CookieManager HTTP Cookie Manager superseded by HTTP Cookie Manager
2026-08-11 16:14:25,850 WARN o.a.j.p.h.s.HTTPSamplerBase: Existing CookieManager HTTP Cookie Manager superseded by HTTP Cookie Manager
2026-08-11 16:14:25,950 WARN o.a.j.p.h.s.HTTPSamplerBase: Existing CookieManager HTTP Cookie Manager superseded by HTTP Cookie Manager
2026-08-11 16:14:25,974 WARN o.a.j.p.h.s.HTTPSamplerBase: Existing CookieManager HTTP Cookie Manager superseded by HTTP Cookie Manager
2026-08-11 16:14:26,012 WARN o.a.j.p.h.s.HTTPSamplerBase: Existing CookieManager HTTP Cookie Manager superseded by HTTP Cookie Manager
2026-08-11 16:14:26,160 WARN o.a.j.p.h.s.HTTPSamplerBase: Existing CookieManager HTTP Cookie Manager superseded by HTTP Cookie Manager
2026-08-11 16:14:26,249 WARN o.a.j.p.h.s.HTTPSamplerBase: Existing CookieManager HTTP Cookie Manager superseded by HTTP Cookie Manager
2026-08-11 16:14:26,312 WARN o.a.j.p.h.s.HTTPSamplerBase: Existing CookieManager HTTP Cookie Manager superseded by HTTP Cookie Manager
2026-08-11 16:14:26,382 WARN o.a.j.p.h.s.HTTPSamplerBase: Existing CookieManager HTTP Cookie Manager superseded by HTTP Cookie Manager
2026-08-11 16:14:26,604 WARN o.a.j.p.h.s.HTTPSamplerBase: Existing CookieManager HTTP Cookie Manager superseded by HTTP Cookie Manager
2026-08-11 16:14:26,672 WARN o.a.j.p.h.s.HTTPSamplerBase: Existing CookieManager HTTP Cookie Manager superseded by HTTP Cookie Manager
2026-08-11 16:14:26,683 WARN o.a.j.p.h.s.HTTPSamplerBase: Existing CookieManager HTTP Cookie Manager superseded by HTTP Cookie Manager
2026-08-11 16:14:26,744 WARN o.a.j.p.h.s.HTTPSamplerBase: Existing CookieManager HTTP Cookie Manager superseded by HTTP Cookie Manager
2026-08-11 16:14:26,744 WARN o.a.j.p.h.s.HTTPSamplerBase: Existing CookieManager HTTP Cookie Manager superseded by HTTP Cookie Manager
2026-08-11 16:14:26,955 WARN o.a.j.p.h.s.HTTPSamplerBase: Existing CookieManager HTTP Cookie Manager superseded by HTTP Cookie Manager
2026-08-11 16:14:26,961 WARN o.a.j.p.h.s.HTTPSamplerBase: Existing CookieManager HTTP Cookie Manager superseded by HTTP Cookie Manager
2026-08-11 16:14:26,974 WARN o.a.j.p.h.s.HTTPSamplerBase: Existing CookieManager HTTP Cookie Manager superseded by HTTP Cookie Manager
2026-08-11 16:14:27,001 INFO o.a.j.r.Summariser: summary +    486 in 00:00:06 =   81.1/s Avg:   183 Min:    94 Max:   405 Err:     0 (0.00%) Active: 15 Started: 15 Finished: 0
2026-08-11 16:14:27,001 INFO o.a.j.r.Summariser: summary =   6864 in 00:01:32 =   74.6/s Avg:   189 Min:    91 Max:  2166 Err:     1 (0.01%)
2026-08-11 16:14:27,002 WARN o.a.j.p.h.s.HTTPSamplerBase: Existing CookieManager HTTP Cookie Manager superseded by HTTP Cookie Manager
2026-08-11 16:14:27,020 WARN o.a.j.p.h.s.HTTPSamplerBase: Existing CookieManager HTTP Cookie Manager superseded by HTTP Cookie Manager
2026-08-11 16:14:27,054 WARN o.a.j.p.h.s.HTTPSamplerBase: Existing CookieManager HTTP Cookie Manager superseded by HTTP Cookie Manager
2026-08-11 16:14:27,273 WARN o.a.j.p.h.s.HTTPSamplerBase: Existing CookieManager HTTP Cookie Manager superseded by HTTP Cookie Manager
2026-08-11 16:14:27,329 WARN o.a.j.p.h.s.HTTPSamplerBase: Existing CookieManager HTTP Cookie Manager superseded by HTTP Cookie Manager
2026-08-11 16:14:27,435 WARN o.a.j.p.h.s.HTTPSamplerBase: Existing CookieManager HTTP Cookie Manager superseded by HTTP Cookie Manager
2026-08-11 16:14:27,722 WARN o.a.j.p.h.s.HTTPSamplerBase: Existing CookieManager HTTP Cookie Manager superseded by HTTP Cookie Manager
2026-08-11 16:14:27,753 WARN o.a.j.p.h.s.HTTPSamplerBase: Existing CookieManager HTTP Cookie Manager superseded by HTTP Cookie Manager
2026-08-11 16:14:27,753 WARN o.a.j.p.h.s.HTTPSamplerBase: Existing CookieManager HTTP Cookie Manager superseded by HTTP Cookie Manager
2026-08-11 16:14:28,041 WARN o.a.j.p.h.s.HTTPSamplerBase: Existing CookieManager HTTP Cookie Manager superseded by HTTP Cookie Manager
2026-08-11 16:14:28,091 WARN o.a.j.p.h.s.HTTPSamplerBase: Existing CookieManager HTTP Cookie Manager superseded by HTTP Cookie Manager
2026-08-11 16:14:28,252 WARN o.a.j.p.h.s.HTTPSamplerBase: Existing CookieManager HTTP Cookie Manager superseded by HTTP Cookie Manager
2026-08-11 16:14:28,427 WARN o.a.j.p.h.s.HTTPSamplerBase: Existing CookieManager HTTP Cookie Manager superseded by HTTP Cookie Manager
2026-08-11 16:14:28,546 WARN o.a.j.p.h.s.HTTPSamplerBase: Existing CookieManager HTTP Cookie Manager superseded by HTTP Cookie Manager
2026-08-11 16:14:28,572 WARN o.a.j.p.h.s.HTTPSamplerBase: Existing CookieManager HTTP Cookie Manager superseded by HTTP Cookie Manager
2026-08-11 16:14:28,749 WARN o.a.j.p.h.s.HTTPSamplerBase: Existing CookieManager HTTP Cookie Manager superseded by HTTP Cookie Manager
2026-08-11 16:14:28,750 WARN o.a.j.p.h.s.HTTPSamplerBase: Existing CookieManager HTTP Cookie Manager superseded by HTTP Cookie Manager
2026-08-11 16:14:28,764 WARN o.a.j.p.h.s.HTTPSamplerBase: Existing CookieManager HTTP Cookie Manager superseded by HTTP Cookie Manager
2026-08-11 16:14:28,864 WARN o.a.j.p.h.s.HTTPSamplerBase: Existing CookieManager HTTP Cookie Manager superseded by HTTP Cookie Manager
2026-08-11 16:14:29,064 WARN o.a.j.p.h.s.HTTPSamplerBase: Existing CookieManager HTTP Cookie Manager superseded by HTTP Cookie Manager
2026-08-11 16:14:29,082 WARN o.a.j.p.h.s.HTTPSamplerBase: Existing CookieManager HTTP Cookie Manager superseded by HTTP Cookie Manager
2026-08-11 16:14:29,102 WARN o.a.j.p.h.s.HTTPSamplerBase: Existing CookieManager HTTP Cookie Manager superseded by HTTP Cookie Manager
2026-08-11 16:14:29,331 WARN o.a.j.p.h.s.HTTPSamplerBase: Existing CookieManager HTTP Cookie Manager superseded by HTTP Cookie Manager
2026-08-11 16:14:29,365 WARN o.a.j.p.h.s.HTTPSamplerBase: Existing CookieManager HTTP Cookie Manager superseded by HTTP Cookie Manager
2026-08-11 16:14:29,465 WARN o.a.j.p.h.s.HTTPSamplerBase: Existing CookieManager HTTP Cookie Manager superseded by HTTP Cookie Manager
2026-08-11 16:14:29,465 WARN o.a.j.p.h.s.HTTPSamplerBase: Existing CookieManager HTTP Cookie Manager superseded by HTTP Cookie Manager
2026-08-11 16:14:29,531 WARN o.a.j.p.h.s.HTTPSamplerBase: Existing CookieManager HTTP Cookie Manager superseded by HTTP Cookie Manager
2026-08-11 16:14:29,611 WARN o.a.j.p.h.s.HTTPSamplerBase: Existing CookieManager HTTP Cookie Manager superseded by HTTP Cookie Manager
2026-08-11 16:14:29,702 WARN o.a.j.p.h.s.HTTPSamplerBase: Existing CookieManager HTTP Cookie Manager superseded by HTTP Cookie Manager
2026-08-11 16:14:29,783 WARN o.a.j.p.h.s.HTTPSamplerBase: Existing CookieManager HTTP Cookie Manager superseded by HTTP Cookie Manager
2026-08-11 16:14:29,783 WARN o.a.j.p.h.s.HTTPSamplerBase: Existing CookieManager HTTP Cookie Manager superseded by HTTP Cookie Manager
2026-08-11 16:14:29,797 WARN o.a.j.p.h.s.HTTPSamplerBase: Existing CookieManager HTTP Cookie Manager superseded by HTTP Cookie Manager
2026-08-11 16:14:29,807 WARN o.a.j.p.h.s.HTTPSamplerBase: Existing CookieManager HTTP Cookie Manager superseded by HTTP Cookie Manager
2026-08-11 16:14:29,983 WARN o.a.j.p.h.s.HTTPSamplerBase: Existing CookieManager HTTP Cookie Manager superseded by HTTP Cookie Manager
2026-08-11 16:14:30,130 WARN o.a.j.p.h.s.HTTPSamplerBase: Existing CookieManager HTTP Cookie Manager superseded by HTTP Cookie Manager
2026-08-11 16:14:30,167 WARN o.a.j.p.h.s.HTTPSamplerBase: Existing CookieManager HTTP Cookie Manager superseded by HTTP Cookie Manager
2026-08-11 16:14:30,504 WARN o.a.j.p.h.s.HTTPSamplerBase: Existing CookieManager HTTP Cookie Manager superseded by HTTP Cookie Manager
2026-08-11 16:14:30,510 WARN o.a.j.p.h.s.HTTPSamplerBase: Existing CookieManager HTTP Cookie Manager superseded by HTTP Cookie Manager
2026-08-11 16:14:30,514 WARN o.a.j.p.h.s.HTTPSamplerBase: Existing CookieManager HTTP Cookie Manager superseded by HTTP Cookie Manager
2026-08-11 16:14:30,796 WARN o.a.j.p.h.s.HTTPSamplerBase: Existing CookieManager HTTP Cookie Manager superseded by HTTP Cookie Manager
2026-08-11 16:14:30,829 WARN o.a.j.p.h.s.HTTPSamplerBase: Existing CookieManager HTTP Cookie Manager superseded by HTTP Cookie Manager
2026-08-11 16:14:31,052 WARN o.a.j.p.h.s.HTTPSamplerBase: Existing CookieManager HTTP Cookie Manager superseded by HTTP Cookie Manager
2026-08-11 16:14:31,130 WARN o.a.j.p.h.s.HTTPSamplerBase: Existing CookieManager HTTP Cookie Manager superseded by HTTP Cookie Manager
2026-08-11 16:14:31,226 WARN o.a.j.p.h.s.HTTPSamplerBase: Existing CookieManager HTTP Cookie Manager superseded by HTTP Cookie Manager
2026-08-11 16:14:31,370 WARN o.a.j.p.h.s.HTTPSamplerBase: Existing CookieManager HTTP Cookie Manager superseded by HTTP Cookie Manager
2026-08-11 16:14:31,446 WARN o.a.j.p.h.s.HTTPSamplerBase: Existing CookieManager HTTP Cookie Manager superseded by HTTP Cookie Manager
2026-08-11 16:14:31,491 WARN o.a.j.p.h.s.HTTPSamplerBase: Existing CookieManager HTTP Cookie Manager superseded by HTTP Cookie Manager
2026-08-11 16:14:31,529 WARN o.a.j.p.h.s.HTTPSamplerBase: Existing CookieManager HTTP Cookie Manager superseded by HTTP Cookie Manager
2026-08-11 16:14:31,562 WARN o.a.j.p.h.s.HTTPSamplerBase: Existing CookieManager HTTP Cookie Manager superseded by HTTP Cookie Manager
2026-08-11 16:14:31,764 WARN o.a.j.p.h.s.HTTPSamplerBase: Existing CookieManager HTTP Cookie Manager superseded by HTTP Cookie Manager
2026-08-11 16:14:31,783 WARN o.a.j.p.h.s.HTTPSamplerBase: Existing CookieManager HTTP Cookie Manager superseded by HTTP Cookie Manager
2026-08-11 16:14:31,895 WARN o.a.j.p.h.s.HTTPSamplerBase: Existing CookieManager HTTP Cookie Manager superseded by HTTP Cookie Manager
2026-08-11 16:14:31,962 WARN o.a.j.p.h.s.HTTPSamplerBase: Existing CookieManager HTTP Cookie Manager superseded by HTTP Cookie Manager
2026-08-11 16:14:32,085 WARN o.a.j.p.h.s.HTTPSamplerBase: Existing CookieManager HTTP Cookie Manager superseded by HTTP Cookie Manager
2026-08-11 16:14:32,211 WARN o.a.j.p.h.s.HTTPSamplerBase: Existing CookieManager HTTP Cookie Manager superseded by HTTP Cookie Manager
2026-08-11 16:14:32,261 WARN o.a.j.p.h.s.HTTPSamplerBase: Existing CookieManager HTTP Cookie Manager superseded by HTTP Cookie Manager
2026-08-11 16:14:32,293 WARN o.a.j.p.h.s.HTTPSamplerBase: Existing CookieManager HTTP Cookie Manager superseded by HTTP Cookie Manager
2026-08-11 16:14:32,294 WARN o.a.j.p.h.s.HTTPSamplerBase: Existing CookieManager HTTP Cookie Manager superseded by HTTP Cookie Manager
2026-08-11 16:14:32,411 WARN o.a.j.p.h.s.HTTPSamplerBase: Existing CookieManager HTTP Cookie Manager superseded by HTTP Cookie Manager
2026-08-11 16:14:32,497 WARN o.a.j.p.h.s.HTTPSamplerBase: Existing CookieManager HTTP Cookie Manager superseded by HTTP Cookie Manager
2026-08-11 16:14:32,512 WARN o.a.j.p.h.s.HTTPSamplerBase: Existing CookieManager HTTP Cookie Manager superseded by HTTP Cookie Manager
2026-08-11 16:14:32,562 WARN o.a.j.p.h.s.HTTPSamplerBase: Existing CookieManager HTTP Cookie Manager superseded by HTTP Cookie Manager
2026-08-11 16:14:32,562 WARN o.a.j.p.h.s.HTTPSamplerBase: Existing CookieManager HTTP Cookie Manager superseded by HTTP Cookie Manager
2026-08-11 16:14:32,747 WARN o.a.j.p.h.s.HTTPSamplerBase: Existing CookieManager HTTP Cookie Manager superseded by HTTP Cookie Manager
2026-08-11 16:14:32,844 WARN o.a.j.p.h.s.HTTPSamplerBase: Existing CookieManager HTTP Cookie Manager superseded by HTTP Cookie Manager
2026-08-11 16:14:32,983 WARN o.a.j.p.h.s.HTTPSamplerBase: Existing CookieManager HTTP Cookie Manager superseded by HTTP Cookie Manager
2026-08-11 16:14:33,014 INFO o.a.j.r.Summariser: summary +    494 in 00:00:06 =   82.2/s Avg:   182 Min:    90 Max:   372 Err:     0 (0.00%) Active: 15 Started: 15 Finished: 0
2026-08-11 16:14:33,014 INFO o.a.j.r.Summariser: summary =   7358 in 00:01:38 =   75.1/s Avg:   189 Min:    90 Max:  2166 Err:     1 (0.01%)
2026-08-11 16:14:33,211 WARN o.a.j.p.h.s.HTTPSamplerBase: Existing CookieManager HTTP Cookie Manager superseded by HTTP Cookie Manager
2026-08-11 16:14:33,296 WARN o.a.j.p.h.s.HTTPSamplerBase: Existing CookieManager HTTP Cookie Manager superseded by HTTP Cookie Manager
2026-08-11 16:14:33,327 WARN o.a.j.p.h.s.HTTPSamplerBase: Existing CookieManager HTTP Cookie Manager superseded by HTTP Cookie Manager
2026-08-11 16:14:33,526 WARN o.a.j.p.h.s.HTTPSamplerBase: Existing CookieManager HTTP Cookie Manager superseded by HTTP Cookie Manager
2026-08-11 16:14:33,635 WARN o.a.j.p.h.s.HTTPSamplerBase: Existing CookieManager HTTP Cookie Manager superseded by HTTP Cookie Manager
2026-08-11 16:14:33,797 WARN o.a.j.p.h.s.HTTPSamplerBase: Existing CookieManager HTTP Cookie Manager superseded by HTTP Cookie Manager
2026-08-11 16:14:33,845 WARN o.a.j.p.h.s.HTTPSamplerBase: Existing CookieManager HTTP Cookie Manager superseded by HTTP Cookie Manager
2026-08-11 16:14:33,911 WARN o.a.j.p.h.s.HTTPSamplerBase: Existing CookieManager HTTP Cookie Manager superseded by HTTP Cookie Manager
2026-08-11 16:14:34,109 WARN o.a.j.p.h.s.HTTPSamplerBase: Existing CookieManager HTTP Cookie Manager superseded by HTTP Cookie Manager
2026-08-11 16:14:34,175 WARN o.a.j.p.h.s.HTTPSamplerBase: Existing CookieManager HTTP Cookie Manager superseded by HTTP Cookie Manager
2026-08-11 16:14:34,210 WARN o.a.j.p.h.s.HTTPSamplerBase: Existing CookieManager HTTP Cookie Manager superseded by HTTP Cookie Manager
2026-08-11 16:14:34,226 WARN o.a.j.p.h.s.HTTPSamplerBase: Existing CookieManager HTTP Cookie Manager superseded by HTTP Cookie Manager
2026-08-11 16:14:34,346 WARN o.a.j.p.h.s.HTTPSamplerBase: Existing CookieManager HTTP Cookie Manager superseded by HTTP Cookie Manager
2026-08-11 16:14:34,459 WARN o.a.j.p.h.s.HTTPSamplerBase: Existing CookieManager HTTP Cookie Manager superseded by HTTP Cookie Manager
2026-08-11 16:14:34,529 WARN o.a.j.p.h.s.HTTPSamplerBase: Existing CookieManager HTTP Cookie Manager superseded by HTTP Cookie Manager
2026-08-11 16:14:34,625 WARN o.a.j.p.h.s.HTTPSamplerBase: Existing CookieManager HTTP Cookie Manager superseded by HTTP Cookie Manager
2026-08-11 16:14:34,686 WARN o.a.j.p.h.s.HTTPSamplerBase: Existing CookieManager HTTP Cookie Manager superseded by HTTP Cookie Manager
2026-08-11 16:14:34,786 WARN o.a.j.p.h.s.HTTPSamplerBase: Existing CookieManager HTTP Cookie Manager superseded by HTTP Cookie Manager
2026-08-11 16:14:34,894 WARN o.a.j.p.h.s.HTTPSamplerBase: Existing CookieManager HTTP Cookie Manager superseded by HTTP Cookie Manager
2026-08-11 16:14:34,942 WARN o.a.j.p.h.s.HTTPSamplerBase: Existing CookieManager HTTP Cookie Manager superseded by HTTP Cookie Manager
2026-08-11 16:14:34,994 WARN o.a.j.p.h.s.HTTPSamplerBase: Existing CookieManager HTTP Cookie Manager superseded by HTTP Cookie Manager
2026-08-11 16:14:35,008 WARN o.a.j.p.h.s.HTTPSamplerBase: Existing CookieManager HTTP Cookie Manager superseded by HTTP Cookie Manager
2026-08-11 16:14:35,160 WARN o.a.j.p.h.s.HTTPSamplerBase: Existing CookieManager HTTP Cookie Manager superseded by HTTP Cookie Manager
2026-08-11 16:14:35,200 WARN o.a.j.p.h.s.HTTPSamplerBase: Existing CookieManager HTTP Cookie Manager superseded by HTTP Cookie Manager
2026-08-11 16:14:35,248 WARN o.a.j.p.h.s.HTTPSamplerBase: Existing CookieManager HTTP Cookie Manager superseded by HTTP Cookie Manager
2026-08-11 16:14:35,271 WARN o.a.j.p.h.s.HTTPSamplerBase: Existing CookieManager HTTP Cookie Manager superseded by HTTP Cookie Manager
2026-08-11 16:14:35,343 WARN o.a.j.p.h.s.HTTPSamplerBase: Existing CookieManager HTTP Cookie Manager superseded by HTTP Cookie Manager
2026-08-11 16:14:35,482 WARN o.a.j.p.h.s.HTTPSamplerBase: Existing CookieManager HTTP Cookie Manager superseded by HTTP Cookie Manager
2026-08-11 16:14:35,566 WARN o.a.j.p.h.s.HTTPSamplerBase: Existing CookieManager HTTP Cookie Manager superseded by HTTP Cookie Manager
2026-08-11 16:14:35,706 WARN o.a.j.p.h.s.HTTPSamplerBase: Existing CookieManager HTTP Cookie Manager superseded by HTTP Cookie Manager
2026-08-11 16:14:35,927 WARN o.a.j.p.h.s.HTTPSamplerBase: Existing CookieManager HTTP Cookie Manager superseded by HTTP Cookie Manager
2026-08-11 16:14:36,009 WARN o.a.j.p.h.s.HTTPSamplerBase: Existing CookieManager HTTP Cookie Manager superseded by HTTP Cookie Manager
2026-08-11 16:14:36,076 WARN o.a.j.p.h.s.HTTPSamplerBase: Existing CookieManager HTTP Cookie Manager superseded by HTTP Cookie Manager
2026-08-11 16:14:36,248 WARN o.a.j.p.h.s.HTTPSamplerBase: Existing CookieManager HTTP Cookie Manager superseded by HTTP Cookie Manager
2026-08-11 16:14:36,398 WARN o.a.j.p.h.s.HTTPSamplerBase: Existing CookieManager HTTP Cookie Manager superseded by HTTP Cookie Manager
2026-08-11 16:14:36,510 WARN o.a.j.p.h.s.HTTPSamplerBase: Existing CookieManager HTTP Cookie Manager superseded by HTTP Cookie Manager
2026-08-11 16:14:36,578 WARN o.a.j.p.h.s.HTTPSamplerBase: Existing CookieManager HTTP Cookie Manager superseded by HTTP Cookie Manager
2026-08-11 16:14:36,607 WARN o.a.j.p.h.s.HTTPSamplerBase: Existing CookieManager HTTP Cookie Manager superseded by HTTP Cookie Manager
2026-08-11 16:14:36,842 WARN o.a.j.p.h.s.HTTPSamplerBase: Existing CookieManager HTTP Cookie Manager superseded by HTTP Cookie Manager
2026-08-11 16:14:36,889 WARN o.a.j.p.h.s.HTTPSamplerBase: Existing CookieManager HTTP Cookie Manager superseded by HTTP Cookie Manager
2026-08-11 16:14:36,941 WARN o.a.j.p.h.s.HTTPSamplerBase: Existing CookieManager HTTP Cookie Manager superseded by HTTP Cookie Manager
2026-08-11 16:14:36,946 WARN o.a.j.p.h.s.HTTPSamplerBase: Existing CookieManager HTTP Cookie Manager superseded by HTTP Cookie Manager
2026-08-11 16:14:37,128 WARN o.a.j.p.h.s.HTTPSamplerBase: Existing CookieManager HTTP Cookie Manager superseded by HTTP Cookie Manager
2026-08-11 16:14:37,199 WARN o.a.j.p.h.s.HTTPSamplerBase: Existing CookieManager HTTP Cookie Manager superseded by HTTP Cookie Manager
2026-08-11 16:14:37,224 WARN o.a.j.p.h.s.HTTPSamplerBase: Existing CookieManager HTTP Cookie Manager superseded by HTTP Cookie Manager
2026-08-11 16:14:37,292 WARN o.a.j.p.h.s.HTTPSamplerBase: Existing CookieManager HTTP Cookie Manager superseded by HTTP Cookie Manager
2026-08-11 16:14:37,466 WARN o.a.j.p.h.s.HTTPSamplerBase: Existing CookieManager HTTP Cookie Manager superseded by HTTP Cookie Manager
2026-08-11 16:14:37,469 WARN o.a.j.p.h.s.HTTPSamplerBase: Existing CookieManager HTTP Cookie Manager superseded by HTTP Cookie Manager
2026-08-11 16:14:37,590 WARN o.a.j.p.h.s.HTTPSamplerBase: Existing CookieManager HTTP Cookie Manager superseded by HTTP Cookie Manager
2026-08-11 16:14:37,609 WARN o.a.j.p.h.s.HTTPSamplerBase: Existing CookieManager HTTP Cookie Manager superseded by HTTP Cookie Manager
2026-08-11 16:14:37,674 WARN o.a.j.p.h.s.HTTPSamplerBase: Existing CookieManager HTTP Cookie Manager superseded by HTTP Cookie Manager
2026-08-11 16:14:37,823 WARN o.a.j.p.h.s.HTTPSamplerBase: Existing CookieManager HTTP Cookie Manager superseded by HTTP Cookie Manager
2026-08-11 16:14:37,889 WARN o.a.j.p.h.s.HTTPSamplerBase: Existing CookieManager HTTP Cookie Manager superseded by HTTP Cookie Manager
2026-08-11 16:14:37,940 WARN o.a.j.p.h.s.HTTPSamplerBase: Existing CookieManager HTTP Cookie Manager superseded by HTTP Cookie Manager
2026-08-11 16:14:37,973 WARN o.a.j.p.h.s.HTTPSamplerBase: Existing CookieManager HTTP Cookie Manager superseded by HTTP Cookie Manager
2026-08-11 16:14:37,989 WARN o.a.j.p.h.s.HTTPSamplerBase: Existing CookieManager HTTP Cookie Manager superseded by HTTP Cookie Manager
2026-08-11 16:14:38,121 WARN o.a.j.p.h.s.HTTPSamplerBase: Existing CookieManager HTTP Cookie Manager superseded by HTTP Cookie Manager
2026-08-11 16:14:38,223 WARN o.a.j.p.h.s.HTTPSamplerBase: Existing CookieManager HTTP Cookie Manager superseded by HTTP Cookie Manager
2026-08-11 16:14:38,292 WARN o.a.j.p.h.s.HTTPSamplerBase: Existing CookieManager HTTP Cookie Manager superseded by HTTP Cookie Manager
2026-08-11 16:14:38,448 WARN o.a.j.p.h.s.HTTPSamplerBase: Existing CookieManager HTTP Cookie Manager superseded by HTTP Cookie Manager
2026-08-11 16:14:38,641 WARN o.a.j.p.h.s.HTTPSamplerBase: Existing CookieManager HTTP Cookie Manager superseded by HTTP Cookie Manager
2026-08-11 16:14:38,771 WARN o.a.j.p.h.s.HTTPSamplerBase: Existing CookieManager HTTP Cookie Manager superseded by HTTP Cookie Manager
2026-08-11 16:14:38,851 WARN o.a.j.p.h.s.HTTPSamplerBase: Existing CookieManager HTTP Cookie Manager superseded by HTTP Cookie Manager
2026-08-11 16:14:38,966 WARN o.a.j.p.h.s.HTTPSamplerBase: Existing CookieManager HTTP Cookie Manager superseded by HTTP Cookie Manager
2026-08-11 16:14:39,001 INFO o.a.j.r.Summariser: summary +    494 in 00:00:06 =   82.5/s Avg:   181 Min:    91 Max:   355 Err:     0 (0.00%) Active: 15 Started: 15 Finished: 0
2026-08-11 16:14:39,001 INFO o.a.j.r.Summariser: summary =   7852 in 00:01:44 =   75.5/s Avg:   188 Min:    90 Max:  2166 Err:     1 (0.01%)
2026-08-11 16:14:39,156 WARN o.a.j.p.h.s.HTTPSamplerBase: Existing CookieManager HTTP Cookie Manager superseded by HTTP Cookie Manager
2026-08-11 16:14:39,222 WARN o.a.j.p.h.s.HTTPSamplerBase: Existing CookieManager HTTP Cookie Manager superseded by HTTP Cookie Manager
2026-08-11 16:14:39,254 WARN o.a.j.p.h.s.HTTPSamplerBase: Existing CookieManager HTTP Cookie Manager superseded by HTTP Cookie Manager
2026-08-11 16:14:39,422 WARN o.a.j.p.h.s.HTTPSamplerBase: Existing CookieManager HTTP Cookie Manager superseded by HTTP Cookie Manager
2026-08-11 16:14:39,563 WARN o.a.j.p.h.s.HTTPSamplerBase: Existing CookieManager HTTP Cookie Manager superseded by HTTP Cookie Manager
2026-08-11 16:14:39,565 WARN o.a.j.p.h.s.HTTPSamplerBase: Existing CookieManager HTTP Cookie Manager superseded by HTTP Cookie Manager
2026-08-11 16:14:39,655 WARN o.a.j.p.h.s.HTTPSamplerBase: Existing CookieManager HTTP Cookie Manager superseded by HTTP Cookie Manager
2026-08-11 16:14:39,771 WARN o.a.j.p.h.s.HTTPSamplerBase: Existing CookieManager HTTP Cookie Manager superseded by HTTP Cookie Manager
2026-08-11 16:14:39,847 WARN o.a.j.p.h.s.HTTPSamplerBase: Existing CookieManager HTTP Cookie Manager superseded by HTTP Cookie Manager
2026-08-11 16:14:39,912 WARN o.a.j.p.h.s.HTTPSamplerBase: Existing CookieManager HTTP Cookie Manager superseded by HTTP Cookie Manager
2026-08-11 16:14:39,921 WARN o.a.j.p.h.s.HTTPSamplerBase: Existing CookieManager HTTP Cookie Manager superseded by HTTP Cookie Manager
2026-08-11 16:14:39,921 WARN o.a.j.p.h.s.HTTPSamplerBase: Existing CookieManager HTTP Cookie Manager superseded by HTTP Cookie Manager
2026-08-11 16:14:40,120 WARN o.a.j.p.h.s.HTTPSamplerBase: Existing CookieManager HTTP Cookie Manager superseded by HTTP Cookie Manager
2026-08-11 16:14:40,221 WARN o.a.j.p.h.s.HTTPSamplerBase: Existing CookieManager HTTP Cookie Manager superseded by HTTP Cookie Manager
2026-08-11 16:14:40,221 WARN o.a.j.p.h.s.HTTPSamplerBase: Existing CookieManager HTTP Cookie Manager superseded by HTTP Cookie Manager
2026-08-11 16:14:40,350 WARN o.a.j.p.h.s.HTTPSamplerBase: Existing CookieManager HTTP Cookie Manager superseded by HTTP Cookie Manager
2026-08-11 16:14:40,421 WARN o.a.j.p.h.s.HTTPSamplerBase: Existing CookieManager HTTP Cookie Manager superseded by HTTP Cookie Manager
2026-08-11 16:14:40,588 WARN o.a.j.p.h.s.HTTPSamplerBase: Existing CookieManager HTTP Cookie Manager superseded by HTTP Cookie Manager
2026-08-11 16:14:40,651 WARN o.a.j.p.h.s.HTTPSamplerBase: Existing CookieManager HTTP Cookie Manager superseded by HTTP Cookie Manager
2026-08-11 16:14:40,720 WARN o.a.j.p.h.s.HTTPSamplerBase: Existing CookieManager HTTP Cookie Manager superseded by HTTP Cookie Manager
2026-08-11 16:14:40,987 WARN o.a.j.p.h.s.HTTPSamplerBase: Existing CookieManager HTTP Cookie Manager superseded by HTTP Cookie Manager
2026-08-11 16:14:41,040 WARN o.a.j.p.h.s.HTTPSamplerBase: Existing CookieManager HTTP Cookie Manager superseded by HTTP Cookie Manager
2026-08-11 16:14:41,147 WARN o.a.j.p.h.s.HTTPSamplerBase: Existing CookieManager HTTP Cookie Manager superseded by HTTP Cookie Manager
2026-08-11 16:14:41,204 WARN o.a.j.p.h.s.HTTPSamplerBase: Existing CookieManager HTTP Cookie Manager superseded by HTTP Cookie Manager
2026-08-11 16:14:41,326 WARN o.a.j.p.h.s.HTTPSamplerBase: Existing CookieManager HTTP Cookie Manager superseded by HTTP Cookie Manager
2026-08-11 16:14:41,326 WARN o.a.j.p.h.s.HTTPSamplerBase: Existing CookieManager HTTP Cookie Manager superseded by HTTP Cookie Manager
2026-08-11 16:14:41,387 WARN o.a.j.p.h.s.HTTPSamplerBase: Existing CookieManager HTTP Cookie Manager superseded by HTTP Cookie Manager
2026-08-11 16:14:41,536 WARN o.a.j.p.h.s.HTTPSamplerBase: Existing CookieManager HTTP Cookie Manager superseded by HTTP Cookie Manager
2026-08-11 16:14:41,623 WARN o.a.j.p.h.s.HTTPSamplerBase: Existing CookieManager HTTP Cookie Manager superseded by HTTP Cookie Manager
2026-08-11 16:14:41,741 WARN o.a.j.p.h.s.HTTPSamplerBase: Existing CookieManager HTTP Cookie Manager superseded by HTTP Cookie Manager
2026-08-11 16:14:41,942 WARN o.a.j.p.h.s.HTTPSamplerBase: Existing CookieManager HTTP Cookie Manager superseded by HTTP Cookie Manager
2026-08-11 16:14:41,953 WARN o.a.j.p.h.s.HTTPSamplerBase: Existing CookieManager HTTP Cookie Manager superseded by HTTP Cookie Manager
2026-08-11 16:14:41,969 WARN o.a.j.p.h.s.HTTPSamplerBase: Existing CookieManager HTTP Cookie Manager superseded by HTTP Cookie Manager
2026-08-11 16:14:42,243 WARN o.a.j.p.h.s.HTTPSamplerBase: Existing CookieManager HTTP Cookie Manager superseded by HTTP Cookie Manager
2026-08-11 16:14:42,286 WARN o.a.j.p.h.s.HTTPSamplerBase: Existing CookieManager HTTP Cookie Manager superseded by HTTP Cookie Manager
2026-08-11 16:14:42,286 WARN o.a.j.p.h.s.HTTPSamplerBase: Existing CookieManager HTTP Cookie Manager superseded by HTTP Cookie Manager
2026-08-11 16:14:42,369 WARN o.a.j.p.h.s.HTTPSamplerBase: Existing CookieManager HTTP Cookie Manager superseded by HTTP Cookie Manager
2026-08-11 16:14:42,522 WARN o.a.j.p.h.s.HTTPSamplerBase: Existing CookieManager HTTP Cookie Manager superseded by HTTP Cookie Manager
2026-08-11 16:14:42,573 WARN o.a.j.p.h.s.HTTPSamplerBase: Existing CookieManager HTTP Cookie Manager superseded by HTTP Cookie Manager
2026-08-11 16:14:42,635 WARN o.a.j.p.h.s.HTTPSamplerBase: Existing CookieManager HTTP Cookie Manager superseded by HTTP Cookie Manager
2026-08-11 16:14:42,654 WARN o.a.j.p.h.s.HTTPSamplerBase: Existing CookieManager HTTP Cookie Manager superseded by HTTP Cookie Manager
2026-08-11 16:14:42,720 WARN o.a.j.p.h.s.HTTPSamplerBase: Existing CookieManager HTTP Cookie Manager superseded by HTTP Cookie Manager
2026-08-11 16:14:42,838 WARN o.a.j.p.h.s.HTTPSamplerBase: Existing CookieManager HTTP Cookie Manager superseded by HTTP Cookie Manager
2026-08-11 16:14:42,969 WARN o.a.j.p.h.s.HTTPSamplerBase: Existing CookieManager HTTP Cookie Manager superseded by HTTP Cookie Manager
2026-08-11 16:14:43,052 WARN o.a.j.p.h.s.HTTPSamplerBase: Existing CookieManager HTTP Cookie Manager superseded by HTTP Cookie Manager
2026-08-11 16:14:43,436 WARN o.a.j.p.h.s.HTTPSamplerBase: Existing CookieManager HTTP Cookie Manager superseded by HTTP Cookie Manager
2026-08-11 16:14:43,527 WARN o.a.j.p.h.s.HTTPSamplerBase: Existing CookieManager HTTP Cookie Manager superseded by HTTP Cookie Manager
2026-08-11 16:14:43,586 WARN o.a.j.p.h.s.HTTPSamplerBase: Existing CookieManager HTTP Cookie Manager superseded by HTTP Cookie Manager
2026-08-11 16:14:43,756 WARN o.a.j.p.h.s.HTTPSamplerBase: Existing CookieManager HTTP Cookie Manager superseded by HTTP Cookie Manager
2026-08-11 16:14:43,770 WARN o.a.j.p.h.s.HTTPSamplerBase: Existing CookieManager HTTP Cookie Manager superseded by HTTP Cookie Manager
2026-08-11 16:14:43,835 WARN o.a.j.p.h.s.HTTPSamplerBase: Existing CookieManager HTTP Cookie Manager superseded by HTTP Cookie Manager
2026-08-11 16:14:43,871 WARN o.a.j.p.h.s.HTTPSamplerBase: Existing CookieManager HTTP Cookie Manager superseded by HTTP Cookie Manager
2026-08-11 16:14:43,928 WARN o.a.j.p.h.s.HTTPSamplerBase: Existing CookieManager HTTP Cookie Manager superseded by HTTP Cookie Manager
2026-08-11 16:14:43,954 WARN o.a.j.p.h.s.HTTPSamplerBase: Existing CookieManager HTTP Cookie Manager superseded by HTTP Cookie Manager
2026-08-11 16:14:44,101 WARN o.a.j.p.h.s.HTTPSamplerBase: Existing CookieManager HTTP Cookie Manager superseded by HTTP Cookie Manager
2026-08-11 16:14:44,125 WARN o.a.j.p.h.s.HTTPSamplerBase: Existing CookieManager HTTP Cookie Manager superseded by HTTP Cookie Manager
2026-08-11 16:14:44,164 WARN o.a.j.p.h.s.HTTPSamplerBase: Existing CookieManager HTTP Cookie Manager superseded by HTTP Cookie Manager
2026-08-11 16:14:44,274 WARN o.a.j.p.h.s.HTTPSamplerBase: Existing CookieManager HTTP Cookie Manager superseded by HTTP Cookie Manager
2026-08-11 16:14:44,451 WARN o.a.j.p.h.s.HTTPSamplerBase: Existing CookieManager HTTP Cookie Manager superseded by HTTP Cookie Manager
2026-08-11 16:14:44,468 WARN o.a.j.p.h.s.HTTPSamplerBase: Existing CookieManager HTTP Cookie Manager superseded by HTTP Cookie Manager
2026-08-11 16:14:44,670 WARN o.a.j.p.h.s.HTTPSamplerBase: Existing CookieManager HTTP Cookie Manager superseded by HTTP Cookie Manager
2026-08-11 16:14:44,735 WARN o.a.j.p.h.s.HTTPSamplerBase: Existing CookieManager HTTP Cookie Manager superseded by HTTP Cookie Manager
2026-08-11 16:14:44,785 WARN o.a.j.p.h.s.HTTPSamplerBase: Existing CookieManager HTTP Cookie Manager superseded by HTTP Cookie Manager
2026-08-11 16:14:44,983 WARN o.a.j.p.h.s.HTTPSamplerBase: Existing CookieManager HTTP Cookie Manager superseded by HTTP Cookie Manager
2026-08-11 16:14:45,007 INFO o.a.j.r.Summariser: summary +    482 in 00:00:06 =   80.3/s Avg:   186 Min:    95 Max:   554 Err:     0 (0.00%) Active: 15 Started: 15 Finished: 0
2026-08-11 16:14:45,008 INFO o.a.j.r.Summariser: summary =   8334 in 00:01:50 =   75.8/s Avg:   188 Min:    90 Max:  2166 Err:     1 (0.01%)
2026-08-11 16:14:45,048 WARN o.a.j.p.h.s.HTTPSamplerBase: Existing CookieManager HTTP Cookie Manager superseded by HTTP Cookie Manager
2026-08-11 16:14:45,053 WARN o.a.j.p.h.s.HTTPSamplerBase: Existing CookieManager HTTP Cookie Manager superseded by HTTP Cookie Manager
2026-08-11 16:14:45,144 WARN o.a.j.p.h.s.HTTPSamplerBase: Existing CookieManager HTTP Cookie Manager superseded by HTTP Cookie Manager
2026-08-11 16:14:45,251 WARN o.a.j.p.h.s.HTTPSamplerBase: Existing CookieManager HTTP Cookie Manager superseded by HTTP Cookie Manager
2026-08-11 16:14:45,334 WARN o.a.j.p.h.s.HTTPSamplerBase: Existing CookieManager HTTP Cookie Manager superseded by HTTP Cookie Manager
2026-08-11 16:14:45,486 WARN o.a.j.p.h.s.HTTPSamplerBase: Existing CookieManager HTTP Cookie Manager superseded by HTTP Cookie Manager
2026-08-11 16:14:45,486 WARN o.a.j.p.h.s.HTTPSamplerBase: Existing CookieManager HTTP Cookie Manager superseded by HTTP Cookie Manager
2026-08-11 16:14:45,527 WARN o.a.j.p.h.s.HTTPSamplerBase: Existing CookieManager HTTP Cookie Manager superseded by HTTP Cookie Manager
2026-08-11 16:14:45,528 WARN o.a.j.p.h.s.HTTPSamplerBase: Existing CookieManager HTTP Cookie Manager superseded by HTTP Cookie Manager
2026-08-11 16:14:45,627 WARN o.a.j.p.h.s.HTTPSamplerBase: Existing CookieManager HTTP Cookie Manager superseded by HTTP Cookie Manager
2026-08-11 16:14:45,900 WARN o.a.j.p.h.s.HTTPSamplerBase: Existing CookieManager HTTP Cookie Manager superseded by HTTP Cookie Manager
2026-08-11 16:14:46,217 WARN o.a.j.p.h.s.HTTPSamplerBase: Existing CookieManager HTTP Cookie Manager superseded by HTTP Cookie Manager
2026-08-11 16:14:46,400 WARN o.a.j.p.h.s.HTTPSamplerBase: Existing CookieManager HTTP Cookie Manager superseded by HTTP Cookie Manager
2026-08-11 16:14:46,437 WARN o.a.j.p.h.s.HTTPSamplerBase: Existing CookieManager HTTP Cookie Manager superseded by HTTP Cookie Manager
2026-08-11 16:14:46,532 WARN o.a.j.p.h.s.HTTPSamplerBase: Existing CookieManager HTTP Cookie Manager superseded by HTTP Cookie Manager
2026-08-11 16:14:46,616 WARN o.a.j.p.h.s.HTTPSamplerBase: Existing CookieManager HTTP Cookie Manager superseded by HTTP Cookie Manager
2026-08-11 16:14:46,626 WARN o.a.j.p.h.s.HTTPSamplerBase: Existing CookieManager HTTP Cookie Manager superseded by HTTP Cookie Manager
2026-08-11 16:14:46,728 WARN o.a.j.p.h.s.HTTPSamplerBase: Existing CookieManager HTTP Cookie Manager superseded by HTTP Cookie Manager
2026-08-11 16:14:46,735 WARN o.a.j.p.h.s.HTTPSamplerBase: Existing CookieManager HTTP Cookie Manager superseded by HTTP Cookie Manager
2026-08-11 16:14:46,766 WARN o.a.j.p.h.s.HTTPSamplerBase: Existing CookieManager HTTP Cookie Manager superseded by HTTP Cookie Manager
2026-08-11 16:14:46,932 WARN o.a.j.p.h.s.HTTPSamplerBase: Existing CookieManager HTTP Cookie Manager superseded by HTTP Cookie Manager
2026-08-11 16:14:46,934 WARN o.a.j.p.h.s.HTTPSamplerBase: Existing CookieManager HTTP Cookie Manager superseded by HTTP Cookie Manager
2026-08-11 16:14:46,938 WARN o.a.j.p.h.s.HTTPSamplerBase: Existing CookieManager HTTP Cookie Manager superseded by HTTP Cookie Manager
2026-08-11 16:14:46,954 WARN o.a.j.p.h.s.HTTPSamplerBase: Existing CookieManager HTTP Cookie Manager superseded by HTTP Cookie Manager
2026-08-11 16:14:47,126 WARN o.a.j.p.h.s.HTTPSamplerBase: Existing CookieManager HTTP Cookie Manager superseded by HTTP Cookie Manager
2026-08-11 16:14:47,332 WARN o.a.j.p.h.s.HTTPSamplerBase: Existing CookieManager HTTP Cookie Manager superseded by HTTP Cookie Manager
2026-08-11 16:14:47,358 WARN o.a.j.p.h.s.HTTPSamplerBase: Existing CookieManager HTTP Cookie Manager superseded by HTTP Cookie Manager
2026-08-11 16:14:47,448 WARN o.a.j.p.h.s.HTTPSamplerBase: Existing CookieManager HTTP Cookie Manager superseded by HTTP Cookie Manager
2026-08-11 16:14:47,510 WARN o.a.j.p.h.s.HTTPSamplerBase: Existing CookieManager HTTP Cookie Manager superseded by HTTP Cookie Manager
2026-08-11 16:14:47,702 WARN o.a.j.p.h.s.HTTPSamplerBase: Existing CookieManager HTTP Cookie Manager superseded by HTTP Cookie Manager
2026-08-11 16:14:47,791 WARN o.a.j.p.h.s.HTTPSamplerBase: Existing CookieManager HTTP Cookie Manager superseded by HTTP Cookie Manager
2026-08-11 16:14:47,883 WARN o.a.j.p.h.s.HTTPSamplerBase: Existing CookieManager HTTP Cookie Manager superseded by HTTP Cookie Manager
2026-08-11 16:14:48,004 WARN o.a.j.p.h.s.HTTPSamplerBase: Existing CookieManager HTTP Cookie Manager superseded by HTTP Cookie Manager
2026-08-11 16:14:48,007 WARN o.a.j.p.h.s.HTTPSamplerBase: Existing CookieManager HTTP Cookie Manager superseded by HTTP Cookie Manager
2026-08-11 16:14:48,054 WARN o.a.j.p.h.s.HTTPSamplerBase: Existing CookieManager HTTP Cookie Manager superseded by HTTP Cookie Manager
2026-08-11 16:14:48,299 WARN o.a.j.p.h.s.HTTPSamplerBase: Existing CookieManager HTTP Cookie Manager superseded by HTTP Cookie Manager
2026-08-11 16:14:48,315 WARN o.a.j.p.h.s.HTTPSamplerBase: Existing CookieManager HTTP Cookie Manager superseded by HTTP Cookie Manager
2026-08-11 16:14:48,411 WARN o.a.j.p.h.s.HTTPSamplerBase: Existing CookieManager HTTP Cookie Manager superseded by HTTP Cookie Manager
2026-08-11 16:14:48,581 WARN o.a.j.p.h.s.HTTPSamplerBase: Existing CookieManager HTTP Cookie Manager superseded by HTTP Cookie Manager
2026-08-11 16:14:48,714 WARN o.a.j.p.h.s.HTTPSamplerBase: Existing CookieManager HTTP Cookie Manager superseded by HTTP Cookie Manager
2026-08-11 16:14:48,803 WARN o.a.j.p.h.s.HTTPSamplerBase: Existing CookieManager HTTP Cookie Manager superseded by HTTP Cookie Manager
2026-08-11 16:14:48,947 WARN o.a.j.p.h.s.HTTPSamplerBase: Existing CookieManager HTTP Cookie Manager superseded by HTTP Cookie Manager
2026-08-11 16:14:49,152 WARN o.a.j.p.h.s.HTTPSamplerBase: Existing CookieManager HTTP Cookie Manager superseded by HTTP Cookie Manager
2026-08-11 16:14:49,204 WARN o.a.j.p.h.s.HTTPSamplerBase: Existing CookieManager HTTP Cookie Manager superseded by HTTP Cookie Manager
2026-08-11 16:14:49,298 WARN o.a.j.p.h.s.HTTPSamplerBase: Existing CookieManager HTTP Cookie Manager superseded by HTTP Cookie Manager
2026-08-11 16:14:49,408 WARN o.a.j.p.h.s.HTTPSamplerBase: Existing CookieManager HTTP Cookie Manager superseded by HTTP Cookie Manager
2026-08-11 16:14:49,409 WARN o.a.j.p.h.s.HTTPSamplerBase: Existing CookieManager HTTP Cookie Manager superseded by HTTP Cookie Manager
2026-08-11 16:14:49,418 WARN o.a.j.p.h.s.HTTPSamplerBase: Existing CookieManager HTTP Cookie Manager superseded by HTTP Cookie Manager
2026-08-11 16:14:49,464 WARN o.a.j.p.h.s.HTTPSamplerBase: Existing CookieManager HTTP Cookie Manager superseded by HTTP Cookie Manager
2026-08-11 16:14:49,495 WARN o.a.j.p.h.s.HTTPSamplerBase: Existing CookieManager HTTP Cookie Manager superseded by HTTP Cookie Manager
2026-08-11 16:14:49,546 WARN o.a.j.p.h.s.HTTPSamplerBase: Existing CookieManager HTTP Cookie Manager superseded by HTTP Cookie Manager
2026-08-11 16:14:49,700 WARN o.a.j.p.h.s.HTTPSamplerBase: Existing CookieManager HTTP Cookie Manager superseded by HTTP Cookie Manager
2026-08-11 16:14:49,703 WARN o.a.j.p.h.s.HTTPSamplerBase: Existing CookieManager HTTP Cookie Manager superseded by HTTP Cookie Manager
2026-08-11 16:14:50,012 WARN o.a.j.p.h.s.HTTPSamplerBase: Existing CookieManager HTTP Cookie Manager superseded by HTTP Cookie Manager
2026-08-11 16:14:50,030 WARN o.a.j.p.h.s.HTTPSamplerBase: Existing CookieManager HTTP Cookie Manager superseded by HTTP Cookie Manager
2026-08-11 16:14:50,074 WARN o.a.j.p.h.s.HTTPSamplerBase: Existing CookieManager HTTP Cookie Manager superseded by HTTP Cookie Manager
2026-08-11 16:14:50,146 WARN o.a.j.p.h.s.HTTPSamplerBase: Existing CookieManager HTTP Cookie Manager superseded by HTTP Cookie Manager
2026-08-11 16:14:50,280 WARN o.a.j.p.h.s.HTTPSamplerBase: Existing CookieManager HTTP Cookie Manager superseded by HTTP Cookie Manager
2026-08-11 16:14:50,380 WARN o.a.j.p.h.s.HTTPSamplerBase: Existing CookieManager HTTP Cookie Manager superseded by HTTP Cookie Manager
2026-08-11 16:14:50,380 WARN o.a.j.p.h.s.HTTPSamplerBase: Existing CookieManager HTTP Cookie Manager superseded by HTTP Cookie Manager
2026-08-11 16:14:50,446 WARN o.a.j.p.h.s.HTTPSamplerBase: Existing CookieManager HTTP Cookie Manager superseded by HTTP Cookie Manager
2026-08-11 16:14:50,647 WARN o.a.j.p.h.s.HTTPSamplerBase: Existing CookieManager HTTP Cookie Manager superseded by HTTP Cookie Manager
2026-08-11 16:14:50,712 WARN o.a.j.p.h.s.HTTPSamplerBase: Existing CookieManager HTTP Cookie Manager superseded by HTTP Cookie Manager
2026-08-11 16:14:50,964 WARN o.a.j.p.h.s.HTTPSamplerBase: Existing CookieManager HTTP Cookie Manager superseded by HTTP Cookie Manager
2026-08-11 16:14:51,008 INFO o.a.j.r.Summariser: summary +    477 in 00:00:06 =   79.5/s Avg:   185 Min:     1 Max:   559 Err:     5 (1.05%) Active: 15 Started: 15 Finished: 0
2026-08-11 16:14:51,009 INFO o.a.j.r.Summariser: summary =   8811 in 00:01:56 =   76.0/s Avg:   188 Min:     1 Max:  2166 Err:     6 (0.07%)
2026-08-11 16:14:51,010 WARN o.a.j.p.h.s.HTTPSamplerBase: Existing CookieManager HTTP Cookie Manager superseded by HTTP Cookie Manager
2026-08-11 16:14:51,012 WARN o.a.j.p.h.s.HTTPSamplerBase: Existing CookieManager HTTP Cookie Manager superseded by HTTP Cookie Manager
2026-08-11 16:14:51,196 WARN o.a.j.p.h.s.HTTPSamplerBase: Existing CookieManager HTTP Cookie Manager superseded by HTTP Cookie Manager
2026-08-11 16:14:51,262 WARN o.a.j.p.h.s.HTTPSamplerBase: Existing CookieManager HTTP Cookie Manager superseded by HTTP Cookie Manager
2026-08-11 16:14:51,334 WARN o.a.j.p.h.s.HTTPSamplerBase: Existing CookieManager HTTP Cookie Manager superseded by HTTP Cookie Manager
2026-08-11 16:14:51,543 WARN o.a.j.p.h.s.HTTPSamplerBase: Existing CookieManager HTTP Cookie Manager superseded by HTTP Cookie Manager
2026-08-11 16:14:51,593 WARN o.a.j.p.h.s.HTTPSamplerBase: Existing CookieManager HTTP Cookie Manager superseded by HTTP Cookie Manager
2026-08-11 16:14:51,713 WARN o.a.j.p.h.s.HTTPSamplerBase: Existing CookieManager HTTP Cookie Manager superseded by HTTP Cookie Manager
2026-08-11 16:14:51,886 WARN o.a.j.p.h.s.HTTPSamplerBase: Existing CookieManager HTTP Cookie Manager superseded by HTTP Cookie Manager
2026-08-11 16:14:51,914 WARN o.a.j.p.h.s.HTTPSamplerBase: Existing CookieManager HTTP Cookie Manager superseded by HTTP Cookie Manager
2026-08-11 16:14:51,999 WARN o.a.j.p.h.s.HTTPSamplerBase: Existing CookieManager HTTP Cookie Manager superseded by HTTP Cookie Manager
2026-08-11 16:14:52,114 WARN o.a.j.p.h.s.HTTPSamplerBase: Existing CookieManager HTTP Cookie Manager superseded by HTTP Cookie Manager
2026-08-11 16:14:52,172 WARN o.a.j.p.h.s.HTTPSamplerBase: Existing CookieManager HTTP Cookie Manager superseded by HTTP Cookie Manager
2026-08-11 16:14:52,213 WARN o.a.j.p.h.s.HTTPSamplerBase: Existing CookieManager HTTP Cookie Manager superseded by HTTP Cookie Manager
2026-08-11 16:14:52,244 WARN o.a.j.p.h.s.HTTPSamplerBase: Existing CookieManager HTTP Cookie Manager superseded by HTTP Cookie Manager
2026-08-11 16:14:52,428 WARN o.a.j.p.h.s.HTTPSamplerBase: Existing CookieManager HTTP Cookie Manager superseded by HTTP Cookie Manager
2026-08-11 16:14:52,447 WARN o.a.j.p.h.s.HTTPSamplerBase: Existing CookieManager HTTP Cookie Manager superseded by HTTP Cookie Manager
2026-08-11 16:14:52,497 WARN o.a.j.p.h.s.HTTPSamplerBase: Existing CookieManager HTTP Cookie Manager superseded by HTTP Cookie Manager
2026-08-11 16:14:52,694 WARN o.a.j.p.h.s.HTTPSamplerBase: Existing CookieManager HTTP Cookie Manager superseded by HTTP Cookie Manager
2026-08-11 16:14:52,748 WARN o.a.j.p.h.s.HTTPSamplerBase: Existing CookieManager HTTP Cookie Manager superseded by HTTP Cookie Manager
2026-08-11 16:14:52,788 WARN o.a.j.p.h.s.HTTPSamplerBase: Existing CookieManager HTTP Cookie Manager superseded by HTTP Cookie Manager
2026-08-11 16:14:52,828 WARN o.a.j.p.h.s.HTTPSamplerBase: Existing CookieManager HTTP Cookie Manager superseded by HTTP Cookie Manager
2026-08-11 16:14:52,893 WARN o.a.j.p.h.s.HTTPSamplerBase: Existing CookieManager HTTP Cookie Manager superseded by HTTP Cookie Manager
2026-08-11 16:14:53,027 WARN o.a.j.p.h.s.HTTPSamplerBase: Existing CookieManager HTTP Cookie Manager superseded by HTTP Cookie Manager
2026-08-11 16:14:53,111 WARN o.a.j.p.h.s.HTTPSamplerBase: Existing CookieManager HTTP Cookie Manager superseded by HTTP Cookie Manager
2026-08-11 16:14:53,149 WARN o.a.j.p.h.s.HTTPSamplerBase: Existing CookieManager HTTP Cookie Manager superseded by HTTP Cookie Manager
2026-08-11 16:14:53,227 WARN o.a.j.p.h.s.HTTPSamplerBase: Existing CookieManager HTTP Cookie Manager superseded by HTTP Cookie Manager
2026-08-11 16:14:53,311 WARN o.a.j.p.h.s.HTTPSamplerBase: Existing CookieManager HTTP Cookie Manager superseded by HTTP Cookie Manager
2026-08-11 16:14:53,454 WARN o.a.j.p.h.s.HTTPSamplerBase: Existing CookieManager HTTP Cookie Manager superseded by HTTP Cookie Manager
2026-08-11 16:14:53,587 WARN o.a.j.p.h.s.HTTPSamplerBase: Existing CookieManager HTTP Cookie Manager superseded by HTTP Cookie Manager
2026-08-11 16:14:53,750 WARN o.a.j.p.h.s.HTTPSamplerBase: Existing CookieManager HTTP Cookie Manager superseded by HTTP Cookie Manager
2026-08-11 16:14:53,780 WARN o.a.j.p.h.s.HTTPSamplerBase: Existing CookieManager HTTP Cookie Manager superseded by HTTP Cookie Manager
2026-08-11 16:14:53,990 WARN o.a.j.p.h.s.HTTPSamplerBase: Existing CookieManager HTTP Cookie Manager superseded by HTTP Cookie Manager
2026-08-11 16:14:54,051 WARN o.a.j.p.h.s.HTTPSamplerBase: Existing CookieManager HTTP Cookie Manager superseded by HTTP Cookie Manager
2026-08-11 16:14:54,064 WARN o.a.j.p.h.s.HTTPSamplerBase: Existing CookieManager HTTP Cookie Manager superseded by HTTP Cookie Manager
2026-08-11 16:14:54,327 WARN o.a.j.p.h.s.HTTPSamplerBase: Existing CookieManager HTTP Cookie Manager superseded by HTTP Cookie Manager
2026-08-11 16:14:54,375 WARN o.a.j.p.h.s.HTTPSamplerBase: Existing CookieManager HTTP Cookie Manager superseded by HTTP Cookie Manager
2026-08-11 16:14:54,451 WARN o.a.j.p.h.s.HTTPSamplerBase: Existing CookieManager HTTP Cookie Manager superseded by HTTP Cookie Manager
2026-08-11 16:14:54,630 WARN o.a.j.p.h.s.HTTPSamplerBase: Existing CookieManager HTTP Cookie Manager superseded by HTTP Cookie Manager
2026-08-11 16:14:54,659 WARN o.a.j.p.h.s.HTTPSamplerBase: Existing CookieManager HTTP Cookie Manager superseded by HTTP Cookie Manager
2026-08-11 16:14:54,775 WARN o.a.j.p.h.s.HTTPSamplerBase: Existing CookieManager HTTP Cookie Manager superseded by HTTP Cookie Manager
2026-08-11 16:14:54,862 WARN o.a.j.p.h.s.HTTPSamplerBase: Existing CookieManager HTTP Cookie Manager superseded by HTTP Cookie Manager
2026-08-11 16:14:54,942 WARN o.a.j.p.h.s.HTTPSamplerBase: Existing CookieManager HTTP Cookie Manager superseded by HTTP Cookie Manager
2026-08-11 16:14:54,966 WARN o.a.j.p.h.s.HTTPSamplerBase: Existing CookieManager HTTP Cookie Manager superseded by HTTP Cookie Manager
2026-08-11 16:14:54,972 WARN o.a.j.p.h.s.HTTPSamplerBase: Existing CookieManager HTTP Cookie Manager superseded by HTTP Cookie Manager
2026-08-11 16:14:55,143 WARN o.a.j.p.h.s.HTTPSamplerBase: Existing CookieManager HTTP Cookie Manager superseded by HTTP Cookie Manager
2026-08-11 16:14:55,185 WARN o.a.j.p.h.s.HTTPSamplerBase: Existing CookieManager HTTP Cookie Manager superseded by HTTP Cookie Manager
2026-08-11 16:14:55,265 WARN o.a.j.p.h.s.HTTPSamplerBase: Existing CookieManager HTTP Cookie Manager superseded by HTTP Cookie Manager
2026-08-11 16:14:55,411 WARN o.a.j.p.h.s.HTTPSamplerBase: Existing CookieManager HTTP Cookie Manager superseded by HTTP Cookie Manager
2026-08-11 16:14:55,465 WARN o.a.j.p.h.s.HTTPSamplerBase: Existing CookieManager HTTP Cookie Manager superseded by HTTP Cookie Manager
2026-08-11 16:14:55,509 WARN o.a.j.p.h.s.HTTPSamplerBase: Existing CookieManager HTTP Cookie Manager superseded by HTTP Cookie Manager
2026-08-11 16:14:55,532 WARN o.a.j.p.h.s.HTTPSamplerBase: Existing CookieManager HTTP Cookie Manager superseded by HTTP Cookie Manager
2026-08-11 16:14:55,724 WARN o.a.j.p.h.s.HTTPSamplerBase: Existing CookieManager HTTP Cookie Manager superseded by HTTP Cookie Manager
2026-08-11 16:14:55,725 WARN o.a.j.p.h.s.HTTPSamplerBase: Existing CookieManager HTTP Cookie Manager superseded by HTTP Cookie Manager
2026-08-11 16:14:55,795 WARN o.a.j.p.h.s.HTTPSamplerBase: Existing CookieManager HTTP Cookie Manager superseded by HTTP Cookie Manager
2026-08-11 16:14:55,859 WARN o.a.j.p.h.s.HTTPSamplerBase: Existing CookieManager HTTP Cookie Manager superseded by HTTP Cookie Manager
2026-08-11 16:14:55,925 WARN o.a.j.p.h.s.HTTPSamplerBase: Existing CookieManager HTTP Cookie Manager superseded by HTTP Cookie Manager
2026-08-11 16:14:56,067 WARN o.a.j.p.h.s.HTTPSamplerBase: Existing CookieManager HTTP Cookie Manager superseded by HTTP Cookie Manager
2026-08-11 16:14:56,208 WARN o.a.j.p.h.s.HTTPSamplerBase: Existing CookieManager HTTP Cookie Manager superseded by HTTP Cookie Manager
2026-08-11 16:14:56,525 WARN o.a.j.p.h.s.HTTPSamplerBase: Existing CookieManager HTTP Cookie Manager superseded by HTTP Cookie Manager
2026-08-11 16:14:56,580 WARN o.a.j.p.h.s.HTTPSamplerBase: Existing CookieManager HTTP Cookie Manager superseded by HTTP Cookie Manager
2026-08-11 16:14:56,794 WARN o.a.j.p.h.s.HTTPSamplerBase: Existing CookieManager HTTP Cookie Manager superseded by HTTP Cookie Manager
2026-08-11 16:14:56,857 WARN o.a.j.p.h.s.HTTPSamplerBase: Existing CookieManager HTTP Cookie Manager superseded by HTTP Cookie Manager
2026-08-11 16:14:56,862 WARN o.a.j.p.h.s.HTTPSamplerBase: Existing CookieManager HTTP Cookie Manager superseded by HTTP Cookie Manager
2026-08-11 16:14:57,041 INFO o.a.j.r.Summariser: summary +    489 in 00:00:06 =   81.1/s Avg:   184 Min:    97 Max:   734 Err:     0 (0.00%) Active: 15 Started: 15 Finished: 0
2026-08-11 16:14:57,041 INFO o.a.j.r.Summariser: summary =   9300 in 00:02:02 =   76.2/s Avg:   188 Min:     1 Max:  2166 Err:     6 (0.06%)
2026-08-11 16:14:57,146 WARN o.a.j.p.h.s.HTTPSamplerBase: Existing CookieManager HTTP Cookie Manager superseded by HTTP Cookie Manager
2026-08-11 16:14:57,179 WARN o.a.j.p.h.s.HTTPSamplerBase: Existing CookieManager HTTP Cookie Manager superseded by HTTP Cookie Manager
2026-08-11 16:14:57,223 WARN o.a.j.p.h.s.HTTPSamplerBase: Existing CookieManager HTTP Cookie Manager superseded by HTTP Cookie Manager
2026-08-11 16:14:57,224 WARN o.a.j.p.h.s.HTTPSamplerBase: Existing CookieManager HTTP Cookie Manager superseded by HTTP Cookie Manager
2026-08-11 16:14:57,406 WARN o.a.j.p.h.s.HTTPSamplerBase: Existing CookieManager HTTP Cookie Manager superseded by HTTP Cookie Manager
2026-08-11 16:14:57,452 WARN o.a.j.p.h.s.HTTPSamplerBase: Existing CookieManager HTTP Cookie Manager superseded by HTTP Cookie Manager
2026-08-11 16:14:57,531 WARN o.a.j.p.h.s.HTTPSamplerBase: Existing CookieManager HTTP Cookie Manager superseded by HTTP Cookie Manager
2026-08-11 16:14:57,726 WARN o.a.j.p.h.s.HTTPSamplerBase: Existing CookieManager HTTP Cookie Manager superseded by HTTP Cookie Manager
2026-08-11 16:14:57,776 WARN o.a.j.p.h.s.HTTPSamplerBase: Existing CookieManager HTTP Cookie Manager superseded by HTTP Cookie Manager
2026-08-11 16:14:57,791 WARN o.a.j.p.h.s.HTTPSamplerBase: Existing CookieManager HTTP Cookie Manager superseded by HTTP Cookie Manager
2026-08-11 16:14:57,941 WARN o.a.j.p.h.s.HTTPSamplerBase: Existing CookieManager HTTP Cookie Manager superseded by HTTP Cookie Manager
2026-08-11 16:14:58,006 WARN o.a.j.p.h.s.HTTPSamplerBase: Existing CookieManager HTTP Cookie Manager superseded by HTTP Cookie Manager
2026-08-11 16:14:58,123 WARN o.a.j.p.h.s.HTTPSamplerBase: Existing CookieManager HTTP Cookie Manager superseded by HTTP Cookie Manager
2026-08-11 16:14:58,157 WARN o.a.j.p.h.s.HTTPSamplerBase: Existing CookieManager HTTP Cookie Manager superseded by HTTP Cookie Manager
2026-08-11 16:14:58,279 WARN o.a.j.p.h.s.HTTPSamplerBase: Existing CookieManager HTTP Cookie Manager superseded by HTTP Cookie Manager
2026-08-11 16:14:58,300 WARN o.a.j.p.h.s.HTTPSamplerBase: Existing CookieManager HTTP Cookie Manager superseded by HTTP Cookie Manager
2026-08-11 16:14:58,489 WARN o.a.j.p.h.s.HTTPSamplerBase: Existing CookieManager HTTP Cookie Manager superseded by HTTP Cookie Manager
2026-08-11 16:14:58,489 WARN o.a.j.p.h.s.HTTPSamplerBase: Existing CookieManager HTTP Cookie Manager superseded by HTTP Cookie Manager
2026-08-11 16:14:58,506 WARN o.a.j.p.h.s.HTTPSamplerBase: Existing CookieManager HTTP Cookie Manager superseded by HTTP Cookie Manager
2026-08-11 16:14:58,589 WARN o.a.j.p.h.s.HTTPSamplerBase: Existing CookieManager HTTP Cookie Manager superseded by HTTP Cookie Manager
2026-08-11 16:14:58,639 WARN o.a.j.p.h.s.HTTPSamplerBase: Existing CookieManager HTTP Cookie Manager superseded by HTTP Cookie Manager
2026-08-11 16:14:58,816 WARN o.a.j.p.h.s.HTTPSamplerBase: Existing CookieManager HTTP Cookie Manager superseded by HTTP Cookie Manager
2026-08-11 16:14:58,862 WARN o.a.j.p.h.s.HTTPSamplerBase: Existing CookieManager HTTP Cookie Manager superseded by HTTP Cookie Manager
2026-08-11 16:14:58,906 WARN o.a.j.p.h.s.HTTPSamplerBase: Existing CookieManager HTTP Cookie Manager superseded by HTTP Cookie Manager
2026-08-11 16:14:58,993 WARN o.a.j.p.h.s.HTTPSamplerBase: Existing CookieManager HTTP Cookie Manager superseded by HTTP Cookie Manager
2026-08-11 16:14:59,375 WARN o.a.j.p.h.s.HTTPSamplerBase: Existing CookieManager HTTP Cookie Manager superseded by HTTP Cookie Manager
2026-08-11 16:14:59,572 WARN o.a.j.p.h.s.HTTPSamplerBase: Existing CookieManager HTTP Cookie Manager superseded by HTTP Cookie Manager
2026-08-11 16:14:59,646 WARN o.a.j.p.h.s.HTTPSamplerBase: Existing CookieManager HTTP Cookie Manager superseded by HTTP Cookie Manager
2026-08-11 16:14:59,649 WARN o.a.j.p.h.s.HTTPSamplerBase: Existing CookieManager HTTP Cookie Manager superseded by HTTP Cookie Manager
2026-08-11 16:14:59,671 WARN o.a.j.p.h.s.HTTPSamplerBase: Existing CookieManager HTTP Cookie Manager superseded by HTTP Cookie Manager
2026-08-11 16:14:59,922 WARN o.a.j.p.h.s.HTTPSamplerBase: Existing CookieManager HTTP Cookie Manager superseded by HTTP Cookie Manager
2026-08-11 16:14:59,956 WARN o.a.j.p.h.s.HTTPSamplerBase: Existing CookieManager HTTP Cookie Manager superseded by HTTP Cookie Manager
2026-08-11 16:14:59,962 WARN o.a.j.p.h.s.HTTPSamplerBase: Existing CookieManager HTTP Cookie Manager superseded by HTTP Cookie Manager
2026-08-11 16:14:59,989 WARN o.a.j.p.h.s.HTTPSamplerBase: Existing CookieManager HTTP Cookie Manager superseded by HTTP Cookie Manager
2026-08-11 16:15:00,251 WARN o.a.j.p.h.s.HTTPSamplerBase: Existing CookieManager HTTP Cookie Manager superseded by HTTP Cookie Manager
2026-08-11 16:15:00,496 WARN o.a.j.p.h.s.HTTPSamplerBase: Existing CookieManager HTTP Cookie Manager superseded by HTTP Cookie Manager
2026-08-11 16:15:00,539 WARN o.a.j.p.h.s.HTTPSamplerBase: Existing CookieManager HTTP Cookie Manager superseded by HTTP Cookie Manager
2026-08-11 16:15:00,671 WARN o.a.j.p.h.s.HTTPSamplerBase: Existing CookieManager HTTP Cookie Manager superseded by HTTP Cookie Manager
2026-08-11 16:15:00,671 WARN o.a.j.p.h.s.HTTPSamplerBase: Existing CookieManager HTTP Cookie Manager superseded by HTTP Cookie Manager
2026-08-11 16:15:00,820 WARN o.a.j.p.h.s.HTTPSamplerBase: Existing CookieManager HTTP Cookie Manager superseded by HTTP Cookie Manager
2026-08-11 16:15:00,854 WARN o.a.j.p.h.s.HTTPSamplerBase: Existing CookieManager HTTP Cookie Manager superseded by HTTP Cookie Manager
2026-08-11 16:15:00,953 WARN o.a.j.p.h.s.HTTPSamplerBase: Existing CookieManager HTTP Cookie Manager superseded by HTTP Cookie Manager
2026-08-11 16:15:01,076 WARN o.a.j.p.h.s.HTTPSamplerBase: Existing CookieManager HTTP Cookie Manager superseded by HTTP Cookie Manager
2026-08-11 16:15:01,135 WARN o.a.j.p.h.s.HTTPSamplerBase: Existing CookieManager HTTP Cookie Manager superseded by HTTP Cookie Manager
2026-08-11 16:15:01,253 WARN o.a.j.p.h.s.HTTPSamplerBase: Existing CookieManager HTTP Cookie Manager superseded by HTTP Cookie Manager
2026-08-11 16:15:01,276 WARN o.a.j.p.h.s.HTTPSamplerBase: Existing CookieManager HTTP Cookie Manager superseded by HTTP Cookie Manager
2026-08-11 16:15:01,276 WARN o.a.j.p.h.s.HTTPSamplerBase: Existing CookieManager HTTP Cookie Manager superseded by HTTP Cookie Manager
2026-08-11 16:15:01,354 WARN o.a.j.p.h.s.HTTPSamplerBase: Existing CookieManager HTTP Cookie Manager superseded by HTTP Cookie Manager
2026-08-11 16:15:01,407 WARN o.a.j.p.h.s.HTTPSamplerBase: Existing CookieManager HTTP Cookie Manager superseded by HTTP Cookie Manager
2026-08-11 16:15:01,449 WARN o.a.j.p.h.s.HTTPSamplerBase: Existing CookieManager HTTP Cookie Manager superseded by HTTP Cookie Manager
2026-08-11 16:15:01,552 WARN o.a.j.p.h.s.HTTPSamplerBase: Existing CookieManager HTTP Cookie Manager superseded by HTTP Cookie Manager
2026-08-11 16:15:01,568 WARN o.a.j.p.h.s.HTTPSamplerBase: Existing CookieManager HTTP Cookie Manager superseded by HTTP Cookie Manager
2026-08-11 16:15:01,577 WARN o.a.j.p.h.s.HTTPSamplerBase: Existing CookieManager HTTP Cookie Manager superseded by HTTP Cookie Manager
2026-08-11 16:15:01,803 WARN o.a.j.p.h.s.HTTPSamplerBase: Existing CookieManager HTTP Cookie Manager superseded by HTTP Cookie Manager
2026-08-11 16:15:01,803 WARN o.a.j.p.h.s.HTTPSamplerBase: Existing CookieManager HTTP Cookie Manager superseded by HTTP Cookie Manager
2026-08-11 16:15:02,105 WARN o.a.j.p.h.s.HTTPSamplerBase: Existing CookieManager HTTP Cookie Manager superseded by HTTP Cookie Manager
2026-08-11 16:15:02,413 WARN o.a.j.p.h.s.HTTPSamplerBase: Existing CookieManager HTTP Cookie Manager superseded by HTTP Cookie Manager
2026-08-11 16:15:02,425 WARN o.a.j.p.h.s.HTTPSamplerBase: Existing CookieManager HTTP Cookie Manager superseded by HTTP Cookie Manager
2026-08-11 16:15:02,504 WARN o.a.j.p.h.s.HTTPSamplerBase: Existing CookieManager HTTP Cookie Manager superseded by HTTP Cookie Manager
2026-08-11 16:15:02,730 WARN o.a.j.p.h.s.HTTPSamplerBase: Existing CookieManager HTTP Cookie Manager superseded by HTTP Cookie Manager
2026-08-11 16:15:02,786 WARN o.a.j.p.h.s.HTTPSamplerBase: Existing CookieManager HTTP Cookie Manager superseded by HTTP Cookie Manager
2026-08-11 16:15:02,786 WARN o.a.j.p.h.s.HTTPSamplerBase: Existing CookieManager HTTP Cookie Manager superseded by HTTP Cookie Manager
2026-08-11 16:15:03,036 INFO o.a.j.r.Summariser: summary +    469 in 00:00:06 =   78.2/s Avg:   191 Min:    94 Max:   541 Err:     0 (0.00%) Active: 15 Started: 15 Finished: 0
2026-08-11 16:15:03,036 INFO o.a.j.r.Summariser: summary =   9769 in 00:02:08 =   76.3/s Avg:   188 Min:     1 Max:  2166 Err:     6 (0.06%)
2026-08-11 16:15:03,103 WARN o.a.j.p.h.s.HTTPSamplerBase: Existing CookieManager HTTP Cookie Manager superseded by HTTP Cookie Manager
2026-08-11 16:15:03,134 WARN o.a.j.p.h.s.HTTPSamplerBase: Existing CookieManager HTTP Cookie Manager superseded by HTTP Cookie Manager
2026-08-11 16:15:03,250 WARN o.a.j.p.h.s.HTTPSamplerBase: Existing CookieManager HTTP Cookie Manager superseded by HTTP Cookie Manager
2026-08-11 16:15:03,292 WARN o.a.j.p.h.s.HTTPSamplerBase: Existing CookieManager HTTP Cookie Manager superseded by HTTP Cookie Manager
2026-08-11 16:15:03,405 WARN o.a.j.p.h.s.HTTPSamplerBase: Existing CookieManager HTTP Cookie Manager superseded by HTTP Cookie Manager
2026-08-11 16:15:03,429 WARN o.a.j.p.h.s.HTTPSamplerBase: Existing CookieManager HTTP Cookie Manager superseded by HTTP Cookie Manager
2026-08-11 16:15:03,568 WARN o.a.j.p.h.s.HTTPSamplerBase: Existing CookieManager HTTP Cookie Manager superseded by HTTP Cookie Manager
2026-08-11 16:15:03,603 WARN o.a.j.p.h.s.HTTPSamplerBase: Existing CookieManager HTTP Cookie Manager superseded by HTTP Cookie Manager
2026-08-11 16:15:03,622 WARN o.a.j.p.h.s.HTTPSamplerBase: Existing CookieManager HTTP Cookie Manager superseded by HTTP Cookie Manager
2026-08-11 16:15:03,735 WARN o.a.j.p.h.s.HTTPSamplerBase: Existing CookieManager HTTP Cookie Manager superseded by HTTP Cookie Manager
2026-08-11 16:15:03,871 WARN o.a.j.p.h.s.HTTPSamplerBase: Existing CookieManager HTTP Cookie Manager superseded by HTTP Cookie Manager
2026-08-11 16:15:03,984 WARN o.a.j.p.h.s.HTTPSamplerBase: Existing CookieManager HTTP Cookie Manager superseded by HTTP Cookie Manager
2026-08-11 16:15:04,056 WARN o.a.j.p.h.s.HTTPSamplerBase: Existing CookieManager HTTP Cookie Manager superseded by HTTP Cookie Manager
2026-08-11 16:15:04,201 WARN o.a.j.p.h.s.HTTPSamplerBase: Existing CookieManager HTTP Cookie Manager superseded by HTTP Cookie Manager
2026-08-11 16:15:04,251 WARN o.a.j.p.h.s.HTTPSamplerBase: Existing CookieManager HTTP Cookie Manager superseded by HTTP Cookie Manager
2026-08-11 16:15:04,251 WARN o.a.j.p.h.s.HTTPSamplerBase: Existing CookieManager HTTP Cookie Manager superseded by HTTP Cookie Manager
2026-08-11 16:15:04,340 WARN o.a.j.p.h.s.HTTPSamplerBase: Existing CookieManager HTTP Cookie Manager superseded by HTTP Cookie Manager
2026-08-11 16:15:04,340 WARN o.a.j.p.h.s.HTTPSamplerBase: Existing CookieManager HTTP Cookie Manager superseded by HTTP Cookie Manager
2026-08-11 16:15:04,402 WARN o.a.j.p.h.s.HTTPSamplerBase: Existing CookieManager HTTP Cookie Manager superseded by HTTP Cookie Manager
2026-08-11 16:15:04,684 WARN o.a.j.p.h.s.HTTPSamplerBase: Existing CookieManager HTTP Cookie Manager superseded by HTTP Cookie Manager
2026-08-11 16:15:04,757 WARN o.a.j.p.h.s.HTTPSamplerBase: Existing CookieManager HTTP Cookie Manager superseded by HTTP Cookie Manager
2026-08-11 16:15:04,829 WARN o.a.j.p.h.s.HTTPSamplerBase: Existing CookieManager HTTP Cookie Manager superseded by HTTP Cookie Manager
2026-08-11 16:15:04,829 WARN o.a.j.p.h.s.HTTPSamplerBase: Existing CookieManager HTTP Cookie Manager superseded by HTTP Cookie Manager
2026-08-11 16:15:05,100 WARN o.a.j.p.h.s.HTTPSamplerBase: Existing CookieManager HTTP Cookie Manager superseded by HTTP Cookie Manager
2026-08-11 16:15:05,367 WARN o.a.j.p.h.s.HTTPSamplerBase: Existing CookieManager HTTP Cookie Manager superseded by HTTP Cookie Manager
2026-08-11 16:15:05,367 WARN o.a.j.p.h.s.HTTPSamplerBase: Existing CookieManager HTTP Cookie Manager superseded by HTTP Cookie Manager
2026-08-11 16:15:05,768 WARN o.a.j.p.h.s.HTTPSamplerBase: Existing CookieManager HTTP Cookie Manager superseded by HTTP Cookie Manager
2026-08-11 16:15:05,773 WARN o.a.j.p.h.s.HTTPSamplerBase: Existing CookieManager HTTP Cookie Manager superseded by HTTP Cookie Manager
2026-08-11 16:15:05,918 WARN o.a.j.p.h.s.HTTPSamplerBase: Existing CookieManager HTTP Cookie Manager superseded by HTTP Cookie Manager
2026-08-11 16:15:06,116 WARN o.a.j.p.h.s.HTTPSamplerBase: Existing CookieManager HTTP Cookie Manager superseded by HTTP Cookie Manager
2026-08-11 16:15:06,183 WARN o.a.j.p.h.s.HTTPSamplerBase: Existing CookieManager HTTP Cookie Manager superseded by HTTP Cookie Manager
2026-08-11 16:15:06,324 WARN o.a.j.p.h.s.HTTPSamplerBase: Existing CookieManager HTTP Cookie Manager superseded by HTTP Cookie Manager
2026-08-11 16:15:06,325 WARN o.a.j.p.h.s.HTTPSamplerBase: Existing CookieManager HTTP Cookie Manager superseded by HTTP Cookie Manager
2026-08-11 16:15:06,383 WARN o.a.j.p.h.s.HTTPSamplerBase: Existing CookieManager HTTP Cookie Manager superseded by HTTP Cookie Manager
2026-08-11 16:15:06,633 WARN o.a.j.p.h.s.HTTPSamplerBase: Existing CookieManager HTTP Cookie Manager superseded by HTTP Cookie Manager
2026-08-11 16:15:06,816 WARN o.a.j.p.h.s.HTTPSamplerBase: Existing CookieManager HTTP Cookie Manager superseded by HTTP Cookie Manager
2026-08-11 16:15:06,883 WARN o.a.j.p.h.s.HTTPSamplerBase: Existing CookieManager HTTP Cookie Manager superseded by HTTP Cookie Manager
2026-08-11 16:15:06,921 WARN o.a.j.p.h.s.HTTPSamplerBase: Existing CookieManager HTTP Cookie Manager superseded by HTTP Cookie Manager
2026-08-11 16:15:06,923 WARN o.a.j.p.h.s.HTTPSamplerBase: Existing CookieManager HTTP Cookie Manager superseded by HTTP Cookie Manager
2026-08-11 16:15:07,084 WARN o.a.j.p.h.s.HTTPSamplerBase: Existing CookieManager HTTP Cookie Manager superseded by HTTP Cookie Manager
2026-08-11 16:15:07,109 WARN o.a.j.p.h.s.HTTPSamplerBase: Existing CookieManager HTTP Cookie Manager superseded by HTTP Cookie Manager
2026-08-11 16:15:07,154 WARN o.a.j.p.h.s.HTTPSamplerBase: Existing CookieManager HTTP Cookie Manager superseded by HTTP Cookie Manager
2026-08-11 16:15:07,265 WARN o.a.j.p.h.s.HTTPSamplerBase: Existing CookieManager HTTP Cookie Manager superseded by HTTP Cookie Manager
2026-08-11 16:15:07,406 WARN o.a.j.p.h.s.HTTPSamplerBase: Existing CookieManager HTTP Cookie Manager superseded by HTTP Cookie Manager
2026-08-11 16:15:07,419 WARN o.a.j.p.h.s.HTTPSamplerBase: Existing CookieManager HTTP Cookie Manager superseded by HTTP Cookie Manager
2026-08-11 16:15:07,466 WARN o.a.j.p.h.s.HTTPSamplerBase: Existing CookieManager HTTP Cookie Manager superseded by HTTP Cookie Manager
2026-08-11 16:15:07,551 WARN o.a.j.p.h.s.HTTPSamplerBase: Existing CookieManager HTTP Cookie Manager superseded by HTTP Cookie Manager
2026-08-11 16:15:07,601 WARN o.a.j.p.h.s.HTTPSamplerBase: Existing CookieManager HTTP Cookie Manager superseded by HTTP Cookie Manager
2026-08-11 16:15:07,614 WARN o.a.j.p.h.s.HTTPSamplerBase: Existing CookieManager HTTP Cookie Manager superseded by HTTP Cookie Manager
2026-08-11 16:15:07,614 WARN o.a.j.p.h.s.HTTPSamplerBase: Existing CookieManager HTTP Cookie Manager superseded by HTTP Cookie Manager
2026-08-11 16:15:07,763 WARN o.a.j.p.h.s.HTTPSamplerBase: Existing CookieManager HTTP Cookie Manager superseded by HTTP Cookie Manager
2026-08-11 16:15:07,789 WARN o.a.j.p.h.s.HTTPSamplerBase: Existing CookieManager HTTP Cookie Manager superseded by HTTP Cookie Manager
2026-08-11 16:15:07,938 WARN o.a.j.p.h.s.HTTPSamplerBase: Existing CookieManager HTTP Cookie Manager superseded by HTTP Cookie Manager
2026-08-11 16:15:08,037 WARN o.a.j.p.h.s.HTTPSamplerBase: Existing CookieManager HTTP Cookie Manager superseded by HTTP Cookie Manager
2026-08-11 16:15:08,348 WARN o.a.j.p.h.s.HTTPSamplerBase: Existing CookieManager HTTP Cookie Manager superseded by HTTP Cookie Manager
2026-08-11 16:15:08,419 WARN o.a.j.p.h.s.HTTPSamplerBase: Existing CookieManager HTTP Cookie Manager superseded by HTTP Cookie Manager
2026-08-11 16:15:08,664 WARN o.a.j.p.h.s.HTTPSamplerBase: Existing CookieManager HTTP Cookie Manager superseded by HTTP Cookie Manager
2026-08-11 16:15:08,686 WARN o.a.j.p.h.s.HTTPSamplerBase: Existing CookieManager HTTP Cookie Manager superseded by HTTP Cookie Manager
2026-08-11 16:15:08,863 WARN o.a.j.p.h.s.HTTPSamplerBase: Existing CookieManager HTTP Cookie Manager superseded by HTTP Cookie Manager
2026-08-11 16:15:09,019 INFO o.a.j.r.Summariser: summary +    440 in 00:00:06 =   73.6/s Avg:   202 Min:     1 Max:   616 Err:     5 (1.14%) Active: 15 Started: 15 Finished: 0
2026-08-11 16:15:09,019 INFO o.a.j.r.Summariser: summary =  10209 in 00:02:14 =   76.2/s Avg:   189 Min:     1 Max:  2166 Err:    11 (0.11%)
2026-08-11 16:15:09,019 WARN o.a.j.p.h.s.HTTPSamplerBase: Existing CookieManager HTTP Cookie Manager superseded by HTTP Cookie Manager
2026-08-11 16:15:09,229 WARN o.a.j.p.h.s.HTTPSamplerBase: Existing CookieManager HTTP Cookie Manager superseded by HTTP Cookie Manager
2026-08-11 16:15:09,264 WARN o.a.j.p.h.s.HTTPSamplerBase: Existing CookieManager HTTP Cookie Manager superseded by HTTP Cookie Manager
2026-08-11 16:15:09,332 WARN o.a.j.p.h.s.HTTPSamplerBase: Existing CookieManager HTTP Cookie Manager superseded by HTTP Cookie Manager
2026-08-11 16:15:09,388 WARN o.a.j.p.h.s.HTTPSamplerBase: Existing CookieManager HTTP Cookie Manager superseded by HTTP Cookie Manager
2026-08-11 16:15:09,547 WARN o.a.j.p.h.s.HTTPSamplerBase: Existing CookieManager HTTP Cookie Manager superseded by HTTP Cookie Manager
2026-08-11 16:15:09,547 WARN o.a.j.p.h.s.HTTPSamplerBase: Existing CookieManager HTTP Cookie Manager superseded by HTTP Cookie Manager
2026-08-11 16:15:09,570 WARN o.a.j.p.h.s.HTTPSamplerBase: Existing CookieManager HTTP Cookie Manager superseded by HTTP Cookie Manager
2026-08-11 16:15:09,667 WARN o.a.j.p.h.s.HTTPSamplerBase: Existing CookieManager HTTP Cookie Manager superseded by HTTP Cookie Manager
2026-08-11 16:15:09,830 WARN o.a.j.p.h.s.HTTPSamplerBase: Existing CookieManager HTTP Cookie Manager superseded by HTTP Cookie Manager
2026-08-11 16:15:09,926 WARN o.a.j.p.h.s.HTTPSamplerBase: Existing CookieManager HTTP Cookie Manager superseded by HTTP Cookie Manager
2026-08-11 16:15:09,926 WARN o.a.j.p.h.s.HTTPSamplerBase: Existing CookieManager HTTP Cookie Manager superseded by HTTP Cookie Manager
2026-08-11 16:15:10,005 WARN o.a.j.p.h.s.HTTPSamplerBase: Existing CookieManager HTTP Cookie Manager superseded by HTTP Cookie Manager
2026-08-11 16:15:10,109 WARN o.a.j.p.h.s.HTTPSamplerBase: Existing CookieManager HTTP Cookie Manager superseded by HTTP Cookie Manager
2026-08-11 16:15:10,161 WARN o.a.j.p.h.s.HTTPSamplerBase: Existing CookieManager HTTP Cookie Manager superseded by HTTP Cookie Manager
2026-08-11 16:15:10,251 WARN o.a.j.p.h.s.HTTPSamplerBase: Existing CookieManager HTTP Cookie Manager superseded by HTTP Cookie Manager
2026-08-11 16:15:10,252 WARN o.a.j.p.h.s.HTTPSamplerBase: Existing CookieManager HTTP Cookie Manager superseded by HTTP Cookie Manager
2026-08-11 16:15:10,289 WARN o.a.j.p.h.s.HTTPSamplerBase: Existing CookieManager HTTP Cookie Manager superseded by HTTP Cookie Manager
2026-08-11 16:15:10,429 WARN o.a.j.p.h.s.HTTPSamplerBase: Existing CookieManager HTTP Cookie Manager superseded by HTTP Cookie Manager
2026-08-11 16:15:10,481 WARN o.a.j.p.h.s.HTTPSamplerBase: Existing CookieManager HTTP Cookie Manager superseded by HTTP Cookie Manager
2026-08-11 16:15:10,506 WARN o.a.j.p.h.s.HTTPSamplerBase: Existing CookieManager HTTP Cookie Manager superseded by HTTP Cookie Manager
2026-08-11 16:15:10,729 WARN o.a.j.p.h.s.HTTPSamplerBase: Existing CookieManager HTTP Cookie Manager superseded by HTTP Cookie Manager
2026-08-11 16:15:10,813 WARN o.a.j.p.h.s.HTTPSamplerBase: Existing CookieManager HTTP Cookie Manager superseded by HTTP Cookie Manager
2026-08-11 16:15:10,903 WARN o.a.j.p.h.s.HTTPSamplerBase: Existing CookieManager HTTP Cookie Manager superseded by HTTP Cookie Manager
2026-08-11 16:15:10,914 WARN o.a.j.p.h.s.HTTPSamplerBase: Existing CookieManager HTTP Cookie Manager superseded by HTTP Cookie Manager
2026-08-11 16:15:11,164 WARN o.a.j.p.h.s.HTTPSamplerBase: Existing CookieManager HTTP Cookie Manager superseded by HTTP Cookie Manager
2026-08-11 16:15:11,488 WARN o.a.j.p.h.s.HTTPSamplerBase: Existing CookieManager HTTP Cookie Manager superseded by HTTP Cookie Manager
2026-08-11 16:15:11,536 WARN o.a.j.p.h.s.HTTPSamplerBase: Existing CookieManager HTTP Cookie Manager superseded by HTTP Cookie Manager
2026-08-11 16:15:11,862 WARN o.a.j.p.h.s.HTTPSamplerBase: Existing CookieManager HTTP Cookie Manager superseded by HTTP Cookie Manager
2026-08-11 16:15:12,011 WARN o.a.j.p.h.s.HTTPSamplerBase: Existing CookieManager HTTP Cookie Manager superseded by HTTP Cookie Manager
2026-08-11 16:15:12,100 WARN o.a.j.p.h.s.HTTPSamplerBase: Existing CookieManager HTTP Cookie Manager superseded by HTTP Cookie Manager
2026-08-11 16:15:12,118 WARN o.a.j.p.h.s.HTTPSamplerBase: Existing CookieManager HTTP Cookie Manager superseded by HTTP Cookie Manager
2026-08-11 16:15:12,345 WARN o.a.j.p.h.s.HTTPSamplerBase: Existing CookieManager HTTP Cookie Manager superseded by HTTP Cookie Manager
2026-08-11 16:15:12,427 WARN o.a.j.p.h.s.HTTPSamplerBase: Existing CookieManager HTTP Cookie Manager superseded by HTTP Cookie Manager
2026-08-11 16:15:12,446 WARN o.a.j.p.h.s.HTTPSamplerBase: Existing CookieManager HTTP Cookie Manager superseded by HTTP Cookie Manager
2026-08-11 16:15:12,501 WARN o.a.j.p.h.s.HTTPSamplerBase: Existing CookieManager HTTP Cookie Manager superseded by HTTP Cookie Manager
2026-08-11 16:15:12,537 WARN o.a.j.p.h.s.HTTPSamplerBase: Existing CookieManager HTTP Cookie Manager superseded by HTTP Cookie Manager
2026-08-11 16:15:12,539 WARN o.a.j.p.h.s.HTTPSamplerBase: Existing CookieManager HTTP Cookie Manager superseded by HTTP Cookie Manager
2026-08-11 16:15:12,682 WARN o.a.j.p.h.s.HTTPSamplerBase: Existing CookieManager HTTP Cookie Manager superseded by HTTP Cookie Manager
2026-08-11 16:15:12,711 WARN o.a.j.p.h.s.HTTPSamplerBase: Existing CookieManager HTTP Cookie Manager superseded by HTTP Cookie Manager
2026-08-11 16:15:12,711 WARN o.a.j.p.h.s.HTTPSamplerBase: Existing CookieManager HTTP Cookie Manager superseded by HTTP Cookie Manager
2026-08-11 16:15:12,745 WARN o.a.j.p.h.s.HTTPSamplerBase: Existing CookieManager HTTP Cookie Manager superseded by HTTP Cookie Manager
2026-08-11 16:15:12,762 WARN o.a.j.p.h.s.HTTPSamplerBase: Existing CookieManager HTTP Cookie Manager superseded by HTTP Cookie Manager
2026-08-11 16:15:12,942 WARN o.a.j.p.h.s.HTTPSamplerBase: Existing CookieManager HTTP Cookie Manager superseded by HTTP Cookie Manager
2026-08-11 16:15:13,012 WARN o.a.j.p.h.s.HTTPSamplerBase: Existing CookieManager HTTP Cookie Manager superseded by HTTP Cookie Manager
2026-08-11 16:15:13,027 WARN o.a.j.p.h.s.HTTPSamplerBase: Existing CookieManager HTTP Cookie Manager superseded by HTTP Cookie Manager
2026-08-11 16:15:13,084 WARN o.a.j.p.h.s.HTTPSamplerBase: Existing CookieManager HTTP Cookie Manager superseded by HTTP Cookie Manager
2026-08-11 16:15:13,165 WARN o.a.j.p.h.s.HTTPSamplerBase: Existing CookieManager HTTP Cookie Manager superseded by HTTP Cookie Manager
2026-08-11 16:15:13,263 WARN o.a.j.p.h.s.HTTPSamplerBase: Existing CookieManager HTTP Cookie Manager superseded by HTTP Cookie Manager
2026-08-11 16:15:13,294 WARN o.a.j.p.h.s.HTTPSamplerBase: Existing CookieManager HTTP Cookie Manager superseded by HTTP Cookie Manager
2026-08-11 16:15:13,447 WARN o.a.j.p.h.s.HTTPSamplerBase: Existing CookieManager HTTP Cookie Manager superseded by HTTP Cookie Manager
2026-08-11 16:15:13,477 WARN o.a.j.p.h.s.HTTPSamplerBase: Existing CookieManager HTTP Cookie Manager superseded by HTTP Cookie Manager
2026-08-11 16:15:13,610 WARN o.a.j.p.h.s.HTTPSamplerBase: Existing CookieManager HTTP Cookie Manager superseded by HTTP Cookie Manager
2026-08-11 16:15:13,774 WARN o.a.j.p.h.s.HTTPSamplerBase: Existing CookieManager HTTP Cookie Manager superseded by HTTP Cookie Manager
2026-08-11 16:15:13,932 WARN o.a.j.p.h.s.HTTPSamplerBase: Existing CookieManager HTTP Cookie Manager superseded by HTTP Cookie Manager
2026-08-11 16:15:14,264 WARN o.a.j.p.h.s.HTTPSamplerBase: Existing CookieManager HTTP Cookie Manager superseded by HTTP Cookie Manager
2026-08-11 16:15:14,282 WARN o.a.j.p.h.s.HTTPSamplerBase: Existing CookieManager HTTP Cookie Manager superseded by HTTP Cookie Manager
2026-08-11 16:15:14,601 WARN o.a.j.p.h.s.HTTPSamplerBase: Existing CookieManager HTTP Cookie Manager superseded by HTTP Cookie Manager
2026-08-11 16:15:14,760 WARN o.a.j.p.h.s.HTTPSamplerBase: Existing CookieManager HTTP Cookie Manager superseded by HTTP Cookie Manager
2026-08-11 16:15:14,960 WARN o.a.j.p.h.s.HTTPSamplerBase: Existing CookieManager HTTP Cookie Manager superseded by HTTP Cookie Manager
2026-08-11 16:15:14,995 WARN o.a.j.p.h.s.HTTPSamplerBase: Existing CookieManager HTTP Cookie Manager superseded by HTTP Cookie Manager
2026-08-11 16:15:14,995 WARN o.a.j.p.h.s.HTTPSamplerBase: Existing CookieManager HTTP Cookie Manager superseded by HTTP Cookie Manager
2026-08-11 16:15:15,001 INFO o.a.j.r.Summariser: summary +    473 in 00:00:06 =   79.0/s Avg:   191 Min:    97 Max:  1416 Err:     0 (0.00%) Active: 15 Started: 15 Finished: 0
2026-08-11 16:15:15,003 INFO o.a.j.r.Summariser: summary =  10682 in 00:02:20 =   76.3/s Avg:   189 Min:     1 Max:  2166 Err:    11 (0.10%)
2026-08-11 16:15:15,059 WARN o.a.j.p.h.s.HTTPSamplerBase: Existing CookieManager HTTP Cookie Manager superseded by HTTP Cookie Manager
2026-08-11 16:15:15,166 WARN o.a.j.p.h.s.HTTPSamplerBase: Existing CookieManager HTTP Cookie Manager superseded by HTTP Cookie Manager
2026-08-11 16:15:15,240 WARN o.a.j.p.h.s.HTTPSamplerBase: Existing CookieManager HTTP Cookie Manager superseded by HTTP Cookie Manager
2026-08-11 16:15:15,257 WARN o.a.j.p.h.s.HTTPSamplerBase: Existing CookieManager HTTP Cookie Manager superseded by HTTP Cookie Manager
2026-08-11 16:15:15,342 WARN o.a.j.p.h.s.HTTPSamplerBase: Existing CookieManager HTTP Cookie Manager superseded by HTTP Cookie Manager
2026-08-11 16:15:15,342 WARN o.a.j.p.h.s.HTTPSamplerBase: Existing CookieManager HTTP Cookie Manager superseded by HTTP Cookie Manager
2026-08-11 16:15:15,469 WARN o.a.j.p.h.s.HTTPSamplerBase: Existing CookieManager HTTP Cookie Manager superseded by HTTP Cookie Manager
2026-08-11 16:15:15,512 WARN o.a.j.p.h.s.HTTPSamplerBase: Existing CookieManager HTTP Cookie Manager superseded by HTTP Cookie Manager
2026-08-11 16:15:15,533 WARN o.a.j.p.h.s.HTTPSamplerBase: Existing CookieManager HTTP Cookie Manager superseded by HTTP Cookie Manager
2026-08-11 16:15:15,542 WARN o.a.j.p.h.s.HTTPSamplerBase: Existing CookieManager HTTP Cookie Manager superseded by HTTP Cookie Manager
2026-08-11 16:15:15,542 WARN o.a.j.p.h.s.HTTPSamplerBase: Existing CookieManager HTTP Cookie Manager superseded by HTTP Cookie Manager
2026-08-11 16:15:15,723 WARN o.a.j.p.h.s.HTTPSamplerBase: Existing CookieManager HTTP Cookie Manager superseded by HTTP Cookie Manager
2026-08-11 16:15:15,816 WARN o.a.j.p.h.s.HTTPSamplerBase: Existing CookieManager HTTP Cookie Manager superseded by HTTP Cookie Manager
2026-08-11 16:15:15,875 WARN o.a.j.p.h.s.HTTPSamplerBase: Existing CookieManager HTTP Cookie Manager superseded by HTTP Cookie Manager
2026-08-11 16:15:15,875 WARN o.a.j.p.h.s.HTTPSamplerBase: Existing CookieManager HTTP Cookie Manager superseded by HTTP Cookie Manager
2026-08-11 16:15:15,959 WARN o.a.j.p.h.s.HTTPSamplerBase: Existing CookieManager HTTP Cookie Manager superseded by HTTP Cookie Manager
2026-08-11 16:15:16,058 WARN o.a.j.p.h.s.HTTPSamplerBase: Existing CookieManager HTTP Cookie Manager superseded by HTTP Cookie Manager
2026-08-11 16:15:16,075 WARN o.a.j.p.h.s.HTTPSamplerBase: Existing CookieManager HTTP Cookie Manager superseded by HTTP Cookie Manager
2026-08-11 16:15:16,308 WARN o.a.j.p.h.s.HTTPSamplerBase: Existing CookieManager HTTP Cookie Manager superseded by HTTP Cookie Manager
2026-08-11 16:15:16,375 WARN o.a.j.p.h.s.HTTPSamplerBase: Existing CookieManager HTTP Cookie Manager superseded by HTTP Cookie Manager
2026-08-11 16:15:16,408 WARN o.a.j.p.h.s.HTTPSamplerBase: Existing CookieManager HTTP Cookie Manager superseded by HTTP Cookie Manager
2026-08-11 16:15:16,573 WARN o.a.j.p.h.s.HTTPSamplerBase: Existing CookieManager HTTP Cookie Manager superseded by HTTP Cookie Manager
2026-08-11 16:15:16,791 WARN o.a.j.p.h.s.HTTPSamplerBase: Existing CookieManager HTTP Cookie Manager superseded by HTTP Cookie Manager
2026-08-11 16:15:17,091 WARN o.a.j.p.h.s.HTTPSamplerBase: Existing CookieManager HTTP Cookie Manager superseded by HTTP Cookie Manager
2026-08-11 16:15:17,108 WARN o.a.j.p.h.s.HTTPSamplerBase: Existing CookieManager HTTP Cookie Manager superseded by HTTP Cookie Manager
2026-08-11 16:15:17,424 WARN o.a.j.p.h.s.HTTPSamplerBase: Existing CookieManager HTTP Cookie Manager superseded by HTTP Cookie Manager
2026-08-11 16:15:17,508 WARN o.a.j.p.h.s.HTTPSamplerBase: Existing CookieManager HTTP Cookie Manager superseded by HTTP Cookie Manager
2026-08-11 16:15:17,707 WARN o.a.j.p.h.s.HTTPSamplerBase: Existing CookieManager HTTP Cookie Manager superseded by HTTP Cookie Manager
2026-08-11 16:15:17,783 WARN o.a.j.p.h.s.HTTPSamplerBase: Existing CookieManager HTTP Cookie Manager superseded by HTTP Cookie Manager
2026-08-11 16:15:17,908 WARN o.a.j.p.h.s.HTTPSamplerBase: Existing CookieManager HTTP Cookie Manager superseded by HTTP Cookie Manager
2026-08-11 16:15:17,910 WARN o.a.j.p.h.s.HTTPSamplerBase: Existing CookieManager HTTP Cookie Manager superseded by HTTP Cookie Manager
2026-08-11 16:15:18,076 WARN o.a.j.p.h.s.HTTPSamplerBase: Existing CookieManager HTTP Cookie Manager superseded by HTTP Cookie Manager
2026-08-11 16:15:18,076 WARN o.a.j.p.h.s.HTTPSamplerBase: Existing CookieManager HTTP Cookie Manager superseded by HTTP Cookie Manager
2026-08-11 16:15:18,099 WARN o.a.j.p.h.s.HTTPSamplerBase: Existing CookieManager HTTP Cookie Manager superseded by HTTP Cookie Manager
2026-08-11 16:15:18,191 WARN o.a.j.p.h.s.HTTPSamplerBase: Existing CookieManager HTTP Cookie Manager superseded by HTTP Cookie Manager
2026-08-11 16:15:18,207 WARN o.a.j.p.h.s.HTTPSamplerBase: Existing CookieManager HTTP Cookie Manager superseded by HTTP Cookie Manager
2026-08-11 16:15:18,242 WARN o.a.j.p.h.s.HTTPSamplerBase: Existing CookieManager HTTP Cookie Manager superseded by HTTP Cookie Manager
2026-08-11 16:15:18,359 WARN o.a.j.p.h.s.HTTPSamplerBase: Existing CookieManager HTTP Cookie Manager superseded by HTTP Cookie Manager
2026-08-11 16:15:18,362 WARN o.a.j.p.h.s.HTTPSamplerBase: Existing CookieManager HTTP Cookie Manager superseded by HTTP Cookie Manager
2026-08-11 16:15:18,415 WARN o.a.j.p.h.s.HTTPSamplerBase: Existing CookieManager HTTP Cookie Manager superseded by HTTP Cookie Manager
2026-08-11 16:15:18,443 WARN o.a.j.p.h.s.HTTPSamplerBase: Existing CookieManager HTTP Cookie Manager superseded by HTTP Cookie Manager
2026-08-11 16:15:18,541 WARN o.a.j.p.h.s.HTTPSamplerBase: Existing CookieManager HTTP Cookie Manager superseded by HTTP Cookie Manager
2026-08-11 16:15:18,571 WARN o.a.j.p.h.s.HTTPSamplerBase: Existing CookieManager HTTP Cookie Manager superseded by HTTP Cookie Manager
2026-08-11 16:15:18,697 WARN o.a.j.p.h.s.HTTPSamplerBase: Existing CookieManager HTTP Cookie Manager superseded by HTTP Cookie Manager
2026-08-11 16:15:18,740 WARN o.a.j.p.h.s.HTTPSamplerBase: Existing CookieManager HTTP Cookie Manager superseded by HTTP Cookie Manager
2026-08-11 16:15:18,771 WARN o.a.j.p.h.s.HTTPSamplerBase: Existing CookieManager HTTP Cookie Manager superseded by HTTP Cookie Manager
2026-08-11 16:15:18,855 WARN o.a.j.p.h.s.HTTPSamplerBase: Existing CookieManager HTTP Cookie Manager superseded by HTTP Cookie Manager
2026-08-11 16:15:18,890 WARN o.a.j.p.h.s.HTTPSamplerBase: Existing CookieManager HTTP Cookie Manager superseded by HTTP Cookie Manager
2026-08-11 16:15:19,122 WARN o.a.j.p.h.s.HTTPSamplerBase: Existing CookieManager HTTP Cookie Manager superseded by HTTP Cookie Manager
2026-08-11 16:15:19,122 WARN o.a.j.p.h.s.HTTPSamplerBase: Existing CookieManager HTTP Cookie Manager superseded by HTTP Cookie Manager
2026-08-11 16:15:19,208 WARN o.a.j.p.h.s.HTTPSamplerBase: Existing CookieManager HTTP Cookie Manager superseded by HTTP Cookie Manager
2026-08-11 16:15:19,589 WARN o.a.j.p.h.s.HTTPSamplerBase: Existing CookieManager HTTP Cookie Manager superseded by HTTP Cookie Manager
2026-08-11 16:15:19,589 WARN o.a.j.p.h.s.HTTPSamplerBase: Existing CookieManager HTTP Cookie Manager superseded by HTTP Cookie Manager
2026-08-11 16:15:19,926 WARN o.a.j.p.h.s.HTTPSamplerBase: Existing CookieManager HTTP Cookie Manager superseded by HTTP Cookie Manager
2026-08-11 16:15:19,945 WARN o.a.j.p.h.s.HTTPSamplerBase: Existing CookieManager HTTP Cookie Manager superseded by HTTP Cookie Manager
2026-08-11 16:15:20,274 WARN o.a.j.p.h.s.HTTPSamplerBase: Existing CookieManager HTTP Cookie Manager superseded by HTTP Cookie Manager
2026-08-11 16:15:20,294 WARN o.a.j.p.h.s.HTTPSamplerBase: Existing CookieManager HTTP Cookie Manager superseded by HTTP Cookie Manager
2026-08-11 16:15:20,622 WARN o.a.j.p.h.s.HTTPSamplerBase: Existing CookieManager HTTP Cookie Manager superseded by HTTP Cookie Manager
2026-08-11 16:15:20,645 WARN o.a.j.p.h.s.HTTPSamplerBase: Existing CookieManager HTTP Cookie Manager superseded by HTTP Cookie Manager
2026-08-11 16:15:20,721 WARN o.a.j.p.h.s.HTTPSamplerBase: Existing CookieManager HTTP Cookie Manager superseded by HTTP Cookie Manager
2026-08-11 16:15:20,721 WARN o.a.j.p.h.s.HTTPSamplerBase: Existing CookieManager HTTP Cookie Manager superseded by HTTP Cookie Manager
2026-08-11 16:15:20,914 WARN o.a.j.p.h.s.HTTPSamplerBase: Existing CookieManager HTTP Cookie Manager superseded by HTTP Cookie Manager
2026-08-11 16:15:20,943 WARN o.a.j.p.h.s.HTTPSamplerBase: Existing CookieManager HTTP Cookie Manager superseded by HTTP Cookie Manager
2026-08-11 16:15:21,014 INFO o.a.j.r.Summariser: summary +    470 in 00:00:06 =   78.2/s Avg:   189 Min:     1 Max:   419 Err:     1 (0.21%) Active: 15 Started: 15 Finished: 0
2026-08-11 16:15:21,015 WARN o.a.j.p.h.s.HTTPSamplerBase: Existing CookieManager HTTP Cookie Manager superseded by HTTP Cookie Manager
2026-08-11 16:15:21,015 INFO o.a.j.r.Summariser: summary =  11152 in 00:02:26 =   76.4/s Avg:   189 Min:     1 Max:  2166 Err:    12 (0.11%)
2026-08-11 16:15:21,089 WARN o.a.j.p.h.s.HTTPSamplerBase: Existing CookieManager HTTP Cookie Manager superseded by HTTP Cookie Manager
2026-08-11 16:15:21,089 WARN o.a.j.p.h.s.HTTPSamplerBase: Existing CookieManager HTTP Cookie Manager superseded by HTTP Cookie Manager
2026-08-11 16:15:21,089 WARN o.a.j.p.h.s.HTTPSamplerBase: Existing CookieManager HTTP Cookie Manager superseded by HTTP Cookie Manager
2026-08-11 16:15:21,277 WARN o.a.j.p.h.s.HTTPSamplerBase: Existing CookieManager HTTP Cookie Manager superseded by HTTP Cookie Manager
2026-08-11 16:15:21,324 WARN o.a.j.p.h.s.HTTPSamplerBase: Existing CookieManager HTTP Cookie Manager superseded by HTTP Cookie Manager
2026-08-11 16:15:21,324 WARN o.a.j.p.h.s.HTTPSamplerBase: Existing CookieManager HTTP Cookie Manager superseded by HTTP Cookie Manager
2026-08-11 16:15:21,453 WARN o.a.j.p.h.s.HTTPSamplerBase: Existing CookieManager HTTP Cookie Manager superseded by HTTP Cookie Manager
2026-08-11 16:15:21,463 WARN o.a.j.p.h.s.HTTPSamplerBase: Existing CookieManager HTTP Cookie Manager superseded by HTTP Cookie Manager
2026-08-11 16:15:21,489 WARN o.a.j.p.h.s.HTTPSamplerBase: Existing CookieManager HTTP Cookie Manager superseded by HTTP Cookie Manager
2026-08-11 16:15:21,629 WARN o.a.j.p.h.s.HTTPSamplerBase: Existing CookieManager HTTP Cookie Manager superseded by HTTP Cookie Manager
2026-08-11 16:15:21,656 WARN o.a.j.p.h.s.HTTPSamplerBase: Existing CookieManager HTTP Cookie Manager superseded by HTTP Cookie Manager
2026-08-11 16:15:21,770 WARN o.a.j.p.h.s.HTTPSamplerBase: Existing CookieManager HTTP Cookie Manager superseded by HTTP Cookie Manager
2026-08-11 16:15:21,808 WARN o.a.j.p.h.s.HTTPSamplerBase: Existing CookieManager HTTP Cookie Manager superseded by HTTP Cookie Manager
2026-08-11 16:15:21,821 WARN o.a.j.p.h.s.HTTPSamplerBase: Existing CookieManager HTTP Cookie Manager superseded by HTTP Cookie Manager
2026-08-11 16:15:21,987 WARN o.a.j.p.h.s.HTTPSamplerBase: Existing CookieManager HTTP Cookie Manager superseded by HTTP Cookie Manager
2026-08-11 16:15:22,138 WARN o.a.j.p.h.s.HTTPSamplerBase: Existing CookieManager HTTP Cookie Manager superseded by HTTP Cookie Manager
2026-08-11 16:15:22,224 WARN o.a.j.p.h.s.HTTPSamplerBase: Existing CookieManager HTTP Cookie Manager superseded by HTTP Cookie Manager
2026-08-11 16:15:22,487 WARN o.a.j.p.h.s.HTTPSamplerBase: Existing CookieManager HTTP Cookie Manager superseded by HTTP Cookie Manager
2026-08-11 16:15:22,553 WARN o.a.j.p.h.s.HTTPSamplerBase: Existing CookieManager HTTP Cookie Manager superseded by HTTP Cookie Manager
2026-08-11 16:15:22,839 WARN o.a.j.p.h.s.HTTPSamplerBase: Existing CookieManager HTTP Cookie Manager superseded by HTTP Cookie Manager
2026-08-11 16:15:22,873 WARN o.a.j.p.h.s.HTTPSamplerBase: Existing CookieManager HTTP Cookie Manager superseded by HTTP Cookie Manager
2026-08-11 16:15:23,186 WARN o.a.j.p.h.s.HTTPSamplerBase: Existing CookieManager HTTP Cookie Manager superseded by HTTP Cookie Manager
2026-08-11 16:15:23,202 WARN o.a.j.p.h.s.HTTPSamplerBase: Existing CookieManager HTTP Cookie Manager superseded by HTTP Cookie Manager
2026-08-11 16:15:23,538 WARN o.a.j.p.h.s.HTTPSamplerBase: Existing CookieManager HTTP Cookie Manager superseded by HTTP Cookie Manager
2026-08-11 16:15:23,556 WARN o.a.j.p.h.s.HTTPSamplerBase: Existing CookieManager HTTP Cookie Manager superseded by HTTP Cookie Manager
2026-08-11 16:15:23,574 WARN o.a.j.p.h.s.HTTPSamplerBase: Existing CookieManager HTTP Cookie Manager superseded by HTTP Cookie Manager
2026-08-11 16:15:23,635 WARN o.a.j.p.h.s.HTTPSamplerBase: Existing CookieManager HTTP Cookie Manager superseded by HTTP Cookie Manager
2026-08-11 16:15:23,818 WARN o.a.j.p.h.s.HTTPSamplerBase: Existing CookieManager HTTP Cookie Manager superseded by HTTP Cookie Manager
2026-08-11 16:15:23,848 WARN o.a.j.p.h.s.HTTPSamplerBase: Existing CookieManager HTTP Cookie Manager superseded by HTTP Cookie Manager
2026-08-11 16:15:23,855 WARN o.a.j.p.h.s.HTTPSamplerBase: Existing CookieManager HTTP Cookie Manager superseded by HTTP Cookie Manager
2026-08-11 16:15:23,888 WARN o.a.j.p.h.s.HTTPSamplerBase: Existing CookieManager HTTP Cookie Manager superseded by HTTP Cookie Manager
2026-08-11 16:15:23,917 WARN o.a.j.p.h.s.HTTPSamplerBase: Existing CookieManager HTTP Cookie Manager superseded by HTTP Cookie Manager
2026-08-11 16:15:23,952 WARN o.a.j.p.h.s.HTTPSamplerBase: Existing CookieManager HTTP Cookie Manager superseded by HTTP Cookie Manager
2026-08-11 16:15:24,131 WARN o.a.j.p.h.s.HTTPSamplerBase: Existing CookieManager HTTP Cookie Manager superseded by HTTP Cookie Manager
2026-08-11 16:15:24,135 WARN o.a.j.p.h.s.HTTPSamplerBase: Existing CookieManager HTTP Cookie Manager superseded by HTTP Cookie Manager
2026-08-11 16:15:24,223 WARN o.a.j.p.h.s.HTTPSamplerBase: Existing CookieManager HTTP Cookie Manager superseded by HTTP Cookie Manager
2026-08-11 16:15:24,252 WARN o.a.j.p.h.s.HTTPSamplerBase: Existing CookieManager HTTP Cookie Manager superseded by HTTP Cookie Manager
2026-08-11 16:15:24,301 WARN o.a.j.p.h.s.HTTPSamplerBase: Existing CookieManager HTTP Cookie Manager superseded by HTTP Cookie Manager
2026-08-11 16:15:24,401 WARN o.a.j.p.h.s.HTTPSamplerBase: Existing CookieManager HTTP Cookie Manager superseded by HTTP Cookie Manager
2026-08-11 16:15:24,434 WARN o.a.j.p.h.s.HTTPSamplerBase: Existing CookieManager HTTP Cookie Manager superseded by HTTP Cookie Manager
2026-08-11 16:15:24,527 WARN o.a.j.p.h.s.HTTPSamplerBase: Existing CookieManager HTTP Cookie Manager superseded by HTTP Cookie Manager
2026-08-11 16:15:24,614 WARN o.a.j.p.h.s.HTTPSamplerBase: Existing CookieManager HTTP Cookie Manager superseded by HTTP Cookie Manager
2026-08-11 16:15:24,652 WARN o.a.j.p.h.s.HTTPSamplerBase: Existing CookieManager HTTP Cookie Manager superseded by HTTP Cookie Manager
2026-08-11 16:15:24,709 WARN o.a.j.p.h.s.HTTPSamplerBase: Existing CookieManager HTTP Cookie Manager superseded by HTTP Cookie Manager
2026-08-11 16:15:24,845 WARN o.a.j.p.h.s.HTTPSamplerBase: Existing CookieManager HTTP Cookie Manager superseded by HTTP Cookie Manager
2026-08-11 16:15:24,990 WARN o.a.j.p.h.s.HTTPSamplerBase: Existing CookieManager HTTP Cookie Manager superseded by HTTP Cookie Manager
2026-08-11 16:15:25,184 WARN o.a.j.p.h.s.HTTPSamplerBase: Existing CookieManager HTTP Cookie Manager superseded by HTTP Cookie Manager
2026-08-11 16:15:25,364 WARN o.a.j.p.h.s.HTTPSamplerBase: Existing CookieManager HTTP Cookie Manager superseded by HTTP Cookie Manager
2026-08-11 16:15:25,527 WARN o.a.j.p.h.s.HTTPSamplerBase: Existing CookieManager HTTP Cookie Manager superseded by HTTP Cookie Manager
2026-08-11 16:15:25,667 WARN o.a.j.p.h.s.HTTPSamplerBase: Existing CookieManager HTTP Cookie Manager superseded by HTTP Cookie Manager
2026-08-11 16:15:25,739 WARN o.a.j.p.h.s.HTTPSamplerBase: Existing CookieManager HTTP Cookie Manager superseded by HTTP Cookie Manager
2026-08-11 16:15:25,900 WARN o.a.j.p.h.s.HTTPSamplerBase: Existing CookieManager HTTP Cookie Manager superseded by HTTP Cookie Manager
2026-08-11 16:15:26,052 WARN o.a.j.p.h.s.HTTPSamplerBase: Existing CookieManager HTTP Cookie Manager superseded by HTTP Cookie Manager
2026-08-11 16:15:26,183 WARN o.a.j.p.h.s.HTTPSamplerBase: Existing CookieManager HTTP Cookie Manager superseded by HTTP Cookie Manager
2026-08-11 16:15:26,296 WARN o.a.j.p.h.s.HTTPSamplerBase: Existing CookieManager HTTP Cookie Manager superseded by HTTP Cookie Manager
2026-08-11 16:15:26,303 WARN o.a.j.p.h.s.HTTPSamplerBase: Existing CookieManager HTTP Cookie Manager superseded by HTTP Cookie Manager
2026-08-11 16:15:26,454 WARN o.a.j.p.h.s.HTTPSamplerBase: Existing CookieManager HTTP Cookie Manager superseded by HTTP Cookie Manager
2026-08-11 16:15:26,632 WARN o.a.j.p.h.s.HTTPSamplerBase: Existing CookieManager HTTP Cookie Manager superseded by HTTP Cookie Manager
2026-08-11 16:15:26,640 WARN o.a.j.p.h.s.HTTPSamplerBase: Existing CookieManager HTTP Cookie Manager superseded by HTTP Cookie Manager
2026-08-11 16:15:26,642 WARN o.a.j.p.h.s.HTTPSamplerBase: Existing CookieManager HTTP Cookie Manager superseded by HTTP Cookie Manager
2026-08-11 16:15:26,675 WARN o.a.j.p.h.s.HTTPSamplerBase: Existing CookieManager HTTP Cookie Manager superseded by HTTP Cookie Manager
2026-08-11 16:15:26,742 WARN o.a.j.p.h.s.HTTPSamplerBase: Existing CookieManager HTTP Cookie Manager superseded by HTTP Cookie Manager
2026-08-11 16:15:26,744 WARN o.a.j.p.h.s.HTTPSamplerBase: Existing CookieManager HTTP Cookie Manager superseded by HTTP Cookie Manager
2026-08-11 16:15:26,955 WARN o.a.j.p.h.s.HTTPSamplerBase: Existing CookieManager HTTP Cookie Manager superseded by HTTP Cookie Manager
2026-08-11 16:15:26,958 WARN o.a.j.p.h.s.HTTPSamplerBase: Existing CookieManager HTTP Cookie Manager superseded by HTTP Cookie Manager
2026-08-11 16:15:27,015 INFO o.a.j.r.Summariser: summary +    478 in 00:00:06 =   79.7/s Avg:   189 Min:    98 Max:   396 Err:     0 (0.00%) Active: 15 Started: 15 Finished: 0
2026-08-11 16:15:27,015 INFO o.a.j.r.Summariser: summary =  11630 in 00:02:32 =   76.5/s Avg:   189 Min:     1 Max:  2166 Err:    12 (0.10%)
2026-08-11 16:15:27,016 WARN o.a.j.p.h.s.HTTPSamplerBase: Existing CookieManager HTTP Cookie Manager superseded by HTTP Cookie Manager
2026-08-11 16:15:27,131 WARN o.a.j.p.h.s.HTTPSamplerBase: Existing CookieManager HTTP Cookie Manager superseded by HTTP Cookie Manager
2026-08-11 16:15:27,131 WARN o.a.j.p.h.s.HTTPSamplerBase: Existing CookieManager HTTP Cookie Manager superseded by HTTP Cookie Manager
2026-08-11 16:15:27,332 WARN o.a.j.p.h.s.HTTPSamplerBase: Existing CookieManager HTTP Cookie Manager superseded by HTTP Cookie Manager
2026-08-11 16:15:27,332 WARN o.a.j.p.h.s.HTTPSamplerBase: Existing CookieManager HTTP Cookie Manager superseded by HTTP Cookie Manager
2026-08-11 16:15:27,333 WARN o.a.j.p.h.s.HTTPSamplerBase: Existing CookieManager HTTP Cookie Manager superseded by HTTP Cookie Manager
2026-08-11 16:15:27,497 WARN o.a.j.p.h.s.HTTPSamplerBase: Existing CookieManager HTTP Cookie Manager superseded by HTTP Cookie Manager
2026-08-11 16:15:27,508 WARN o.a.j.p.h.s.HTTPSamplerBase: Existing CookieManager HTTP Cookie Manager superseded by HTTP Cookie Manager
2026-08-11 16:15:27,664 WARN o.a.j.p.h.s.HTTPSamplerBase: Existing CookieManager HTTP Cookie Manager superseded by HTTP Cookie Manager
2026-08-11 16:15:27,664 WARN o.a.j.p.h.s.HTTPSamplerBase: Existing CookieManager HTTP Cookie Manager superseded by HTTP Cookie Manager
2026-08-11 16:15:27,794 WARN o.a.j.p.h.s.HTTPSamplerBase: Existing CookieManager HTTP Cookie Manager superseded by HTTP Cookie Manager
2026-08-11 16:15:28,260 WARN o.a.j.p.h.s.HTTPSamplerBase: Existing CookieManager HTTP Cookie Manager superseded by HTTP Cookie Manager
2026-08-11 16:15:28,268 WARN o.a.j.p.h.s.HTTPSamplerBase: Existing CookieManager HTTP Cookie Manager superseded by HTTP Cookie Manager
2026-08-11 16:15:28,548 WARN o.a.j.p.h.s.HTTPSamplerBase: Existing CookieManager HTTP Cookie Manager superseded by HTTP Cookie Manager
2026-08-11 16:15:28,571 WARN o.a.j.p.h.s.HTTPSamplerBase: Existing CookieManager HTTP Cookie Manager superseded by HTTP Cookie Manager
2026-08-11 16:15:28,610 WARN o.a.j.p.h.s.HTTPSamplerBase: Existing CookieManager HTTP Cookie Manager superseded by HTTP Cookie Manager
2026-08-11 16:15:28,769 WARN o.a.j.p.h.s.HTTPSamplerBase: Existing CookieManager HTTP Cookie Manager superseded by HTTP Cookie Manager
2026-08-11 16:15:28,938 WARN o.a.j.p.h.s.HTTPSamplerBase: Existing CookieManager HTTP Cookie Manager superseded by HTTP Cookie Manager
2026-08-11 16:15:29,051 WARN o.a.j.p.h.s.HTTPSamplerBase: Existing CookieManager HTTP Cookie Manager superseded by HTTP Cookie Manager
2026-08-11 16:15:29,149 WARN o.a.j.p.h.s.HTTPSamplerBase: Existing CookieManager HTTP Cookie Manager superseded by HTTP Cookie Manager
2026-08-11 16:15:29,162 WARN o.a.j.p.h.s.HTTPSamplerBase: Existing CookieManager HTTP Cookie Manager superseded by HTTP Cookie Manager
2026-08-11 16:15:29,348 WARN o.a.j.p.h.s.HTTPSamplerBase: Existing CookieManager HTTP Cookie Manager superseded by HTTP Cookie Manager
2026-08-11 16:15:29,456 WARN o.a.j.p.h.s.HTTPSamplerBase: Existing CookieManager HTTP Cookie Manager superseded by HTTP Cookie Manager
2026-08-11 16:15:29,480 WARN o.a.j.p.h.s.HTTPSamplerBase: Existing CookieManager HTTP Cookie Manager superseded by HTTP Cookie Manager
2026-08-11 16:15:29,512 WARN o.a.j.p.h.s.HTTPSamplerBase: Existing CookieManager HTTP Cookie Manager superseded by HTTP Cookie Manager
2026-08-11 16:15:29,531 WARN o.a.j.p.h.s.HTTPSamplerBase: Existing CookieManager HTTP Cookie Manager superseded by HTTP Cookie Manager
2026-08-11 16:15:29,680 WARN o.a.j.p.h.s.HTTPSamplerBase: Existing CookieManager HTTP Cookie Manager superseded by HTTP Cookie Manager
2026-08-11 16:15:29,698 WARN o.a.j.p.h.s.HTTPSamplerBase: Existing CookieManager HTTP Cookie Manager superseded by HTTP Cookie Manager
2026-08-11 16:15:29,846 WARN o.a.j.p.h.s.HTTPSamplerBase: Existing CookieManager HTTP Cookie Manager superseded by HTTP Cookie Manager
2026-08-11 16:15:29,900 WARN o.a.j.p.h.s.HTTPSamplerBase: Existing CookieManager HTTP Cookie Manager superseded by HTTP Cookie Manager
2026-08-11 16:15:30,005 WARN o.a.j.p.h.s.HTTPSamplerBase: Existing CookieManager HTTP Cookie Manager superseded by HTTP Cookie Manager
2026-08-11 16:15:30,087 WARN o.a.j.p.h.s.HTTPSamplerBase: Existing CookieManager HTTP Cookie Manager superseded by HTTP Cookie Manager
2026-08-11 16:15:30,220 WARN o.a.j.p.h.s.HTTPSamplerBase: Existing CookieManager HTTP Cookie Manager superseded by HTTP Cookie Manager
2026-08-11 16:15:30,287 WARN o.a.j.p.h.s.HTTPSamplerBase: Existing CookieManager HTTP Cookie Manager superseded by HTTP Cookie Manager
2026-08-11 16:15:30,314 WARN o.a.j.p.h.s.HTTPSamplerBase: Existing CookieManager HTTP Cookie Manager superseded by HTTP Cookie Manager
2026-08-11 16:15:30,514 WARN o.a.j.p.h.s.HTTPSamplerBase: Existing CookieManager HTTP Cookie Manager superseded by HTTP Cookie Manager
2026-08-11 16:15:30,581 WARN o.a.j.p.h.s.HTTPSamplerBase: Existing CookieManager HTTP Cookie Manager superseded by HTTP Cookie Manager
2026-08-11 16:15:30,668 WARN o.a.j.p.h.s.HTTPSamplerBase: Existing CookieManager HTTP Cookie Manager superseded by HTTP Cookie Manager
2026-08-11 16:15:30,689 WARN o.a.j.p.h.s.HTTPSamplerBase: Existing CookieManager HTTP Cookie Manager superseded by HTTP Cookie Manager
2026-08-11 16:15:30,833 WARN o.a.j.p.h.s.HTTPSamplerBase: Existing CookieManager HTTP Cookie Manager superseded by HTTP Cookie Manager
2026-08-11 16:15:31,012 WARN o.a.j.p.h.s.HTTPSamplerBase: Existing CookieManager HTTP Cookie Manager superseded by HTTP Cookie Manager
2026-08-11 16:15:31,153 WARN o.a.j.p.h.s.HTTPSamplerBase: Existing CookieManager HTTP Cookie Manager superseded by HTTP Cookie Manager
2026-08-11 16:15:31,203 WARN o.a.j.p.h.s.HTTPSamplerBase: Existing CookieManager HTTP Cookie Manager superseded by HTTP Cookie Manager
2026-08-11 16:15:31,328 WARN o.a.j.p.h.s.HTTPSamplerBase: Existing CookieManager HTTP Cookie Manager superseded by HTTP Cookie Manager
2026-08-11 16:15:31,392 WARN o.a.j.p.h.s.HTTPSamplerBase: Existing CookieManager HTTP Cookie Manager superseded by HTTP Cookie Manager
2026-08-11 16:15:31,492 WARN o.a.j.p.h.s.HTTPSamplerBase: Existing CookieManager HTTP Cookie Manager superseded by HTTP Cookie Manager
2026-08-11 16:15:31,551 WARN o.a.j.p.h.s.HTTPSamplerBase: Existing CookieManager HTTP Cookie Manager superseded by HTTP Cookie Manager
2026-08-11 16:15:31,758 WARN o.a.j.p.h.s.HTTPSamplerBase: Existing CookieManager HTTP Cookie Manager superseded by HTTP Cookie Manager
2026-08-11 16:15:31,823 WARN o.a.j.p.h.s.HTTPSamplerBase: Existing CookieManager HTTP Cookie Manager superseded by HTTP Cookie Manager
2026-08-11 16:15:31,995 WARN o.a.j.p.h.s.HTTPSamplerBase: Existing CookieManager HTTP Cookie Manager superseded by HTTP Cookie Manager
2026-08-11 16:15:32,025 WARN o.a.j.p.h.s.HTTPSamplerBase: Existing CookieManager HTTP Cookie Manager superseded by HTTP Cookie Manager
2026-08-11 16:15:32,241 WARN o.a.j.p.h.s.HTTPSamplerBase: Existing CookieManager HTTP Cookie Manager superseded by HTTP Cookie Manager
2026-08-11 16:15:32,295 WARN o.a.j.p.h.s.HTTPSamplerBase: Existing CookieManager HTTP Cookie Manager superseded by HTTP Cookie Manager
2026-08-11 16:15:32,315 WARN o.a.j.p.h.s.HTTPSamplerBase: Existing CookieManager HTTP Cookie Manager superseded by HTTP Cookie Manager
2026-08-11 16:15:32,361 WARN o.a.j.p.h.s.HTTPSamplerBase: Existing CookieManager HTTP Cookie Manager superseded by HTTP Cookie Manager
2026-08-11 16:15:32,499 WARN o.a.j.p.h.s.HTTPSamplerBase: Existing CookieManager HTTP Cookie Manager superseded by HTTP Cookie Manager
2026-08-11 16:15:32,576 WARN o.a.j.p.h.s.HTTPSamplerBase: Existing CookieManager HTTP Cookie Manager superseded by HTTP Cookie Manager
2026-08-11 16:15:32,663 WARN o.a.j.p.h.s.HTTPSamplerBase: Existing CookieManager HTTP Cookie Manager superseded by HTTP Cookie Manager
2026-08-11 16:15:32,733 WARN o.a.j.p.h.s.HTTPSamplerBase: Existing CookieManager HTTP Cookie Manager superseded by HTTP Cookie Manager
2026-08-11 16:15:32,845 WARN o.a.j.p.h.s.HTTPSamplerBase: Existing CookieManager HTTP Cookie Manager superseded by HTTP Cookie Manager
2026-08-11 16:15:33,013 INFO o.a.j.r.Summariser: summary +    458 in 00:00:06 =   76.4/s Avg:   194 Min:    92 Max:  1036 Err:     0 (0.00%) Active: 15 Started: 15 Finished: 0
2026-08-11 16:15:33,013 INFO o.a.j.r.Summariser: summary =  12088 in 00:02:38 =   76.5/s Avg:   189 Min:     1 Max:  2166 Err:    12 (0.10%)
2026-08-11 16:15:33,034 WARN o.a.j.p.h.s.HTTPSamplerBase: Existing CookieManager HTTP Cookie Manager superseded by HTTP Cookie Manager
2026-08-11 16:15:33,034 WARN o.a.j.p.h.s.HTTPSamplerBase: Existing CookieManager HTTP Cookie Manager superseded by HTTP Cookie Manager
2026-08-11 16:15:33,049 WARN o.a.j.p.h.s.HTTPSamplerBase: Existing CookieManager HTTP Cookie Manager superseded by HTTP Cookie Manager
2026-08-11 16:15:33,133 WARN o.a.j.p.h.s.HTTPSamplerBase: Existing CookieManager HTTP Cookie Manager superseded by HTTP Cookie Manager
2026-08-11 16:15:33,211 WARN o.a.j.p.h.s.HTTPSamplerBase: Existing CookieManager HTTP Cookie Manager superseded by HTTP Cookie Manager
2026-08-11 16:15:33,308 WARN o.a.j.p.h.s.HTTPSamplerBase: Existing CookieManager HTTP Cookie Manager superseded by HTTP Cookie Manager
2026-08-11 16:15:33,356 WARN o.a.j.p.h.s.HTTPSamplerBase: Existing CookieManager HTTP Cookie Manager superseded by HTTP Cookie Manager
2026-08-11 16:15:33,476 WARN o.a.j.p.h.s.HTTPSamplerBase: Existing CookieManager HTTP Cookie Manager superseded by HTTP Cookie Manager
2026-08-11 16:15:33,530 WARN o.a.j.p.h.s.HTTPSamplerBase: Existing CookieManager HTTP Cookie Manager superseded by HTTP Cookie Manager
2026-08-11 16:15:33,679 WARN o.a.j.p.h.s.HTTPSamplerBase: Existing CookieManager HTTP Cookie Manager superseded by HTTP Cookie Manager
2026-08-11 16:15:33,777 WARN o.a.j.p.h.s.HTTPSamplerBase: Existing CookieManager HTTP Cookie Manager superseded by HTTP Cookie Manager
2026-08-11 16:15:34,010 WARN o.a.j.p.h.s.HTTPSamplerBase: Existing CookieManager HTTP Cookie Manager superseded by HTTP Cookie Manager
2026-08-11 16:15:34,110 WARN o.a.j.p.h.s.HTTPSamplerBase: Existing CookieManager HTTP Cookie Manager superseded by HTTP Cookie Manager
2026-08-11 16:15:34,177 WARN o.a.j.p.h.s.HTTPSamplerBase: Existing CookieManager HTTP Cookie Manager superseded by HTTP Cookie Manager
2026-08-11 16:15:34,243 WARN o.a.j.p.h.s.HTTPSamplerBase: Existing CookieManager HTTP Cookie Manager superseded by HTTP Cookie Manager
2026-08-11 16:15:34,260 WARN o.a.j.p.h.s.HTTPSamplerBase: Existing CookieManager HTTP Cookie Manager superseded by HTTP Cookie Manager
2026-08-11 16:15:34,526 WARN o.a.j.p.h.s.HTTPSamplerBase: Existing CookieManager HTTP Cookie Manager superseded by HTTP Cookie Manager
2026-08-11 16:15:34,610 WARN o.a.j.p.h.s.HTTPSamplerBase: Existing CookieManager HTTP Cookie Manager superseded by HTTP Cookie Manager
2026-08-11 16:15:34,610 WARN o.a.j.p.h.s.HTTPSamplerBase: Existing CookieManager HTTP Cookie Manager superseded by HTTP Cookie Manager
2026-08-11 16:15:34,709 WARN o.a.j.p.h.s.HTTPSamplerBase: Existing CookieManager HTTP Cookie Manager superseded by HTTP Cookie Manager
2026-08-11 16:15:34,809 WARN o.a.j.p.h.s.HTTPSamplerBase: Existing CookieManager HTTP Cookie Manager superseded by HTTP Cookie Manager
2026-08-11 16:15:35,091 WARN o.a.j.p.h.s.HTTPSamplerBase: Existing CookieManager HTTP Cookie Manager superseded by HTTP Cookie Manager
2026-08-11 16:15:35,105 WARN o.a.j.p.h.s.HTTPSamplerBase: Existing CookieManager HTTP Cookie Manager superseded by HTTP Cookie Manager
2026-08-11 16:15:35,159 WARN o.a.j.p.h.s.HTTPSamplerBase: Existing CookieManager HTTP Cookie Manager superseded by HTTP Cookie Manager
2026-08-11 16:15:35,168 WARN o.a.j.p.h.s.HTTPSamplerBase: Existing CookieManager HTTP Cookie Manager superseded by HTTP Cookie Manager
2026-08-11 16:15:35,259 WARN o.a.j.p.h.s.HTTPSamplerBase: Existing CookieManager HTTP Cookie Manager superseded by HTTP Cookie Manager
2026-08-11 16:15:35,426 WARN o.a.j.p.h.s.HTTPSamplerBase: Existing CookieManager HTTP Cookie Manager superseded by HTTP Cookie Manager
2026-08-11 16:15:35,426 WARN o.a.j.p.h.s.HTTPSamplerBase: Existing CookieManager HTTP Cookie Manager superseded by HTTP Cookie Manager
2026-08-11 16:15:35,533 WARN o.a.j.p.h.s.HTTPSamplerBase: Existing CookieManager HTTP Cookie Manager superseded by HTTP Cookie Manager
2026-08-11 16:15:35,591 WARN o.a.j.p.h.s.HTTPSamplerBase: Existing CookieManager HTTP Cookie Manager superseded by HTTP Cookie Manager
2026-08-11 16:15:35,742 WARN o.a.j.p.h.s.HTTPSamplerBase: Existing CookieManager HTTP Cookie Manager superseded by HTTP Cookie Manager
2026-08-11 16:15:35,883 WARN o.a.j.p.h.s.HTTPSamplerBase: Existing CookieManager HTTP Cookie Manager superseded by HTTP Cookie Manager
2026-08-11 16:15:35,892 WARN o.a.j.p.h.s.HTTPSamplerBase: Existing CookieManager HTTP Cookie Manager superseded by HTTP Cookie Manager
2026-08-11 16:15:35,991 WARN o.a.j.p.h.s.HTTPSamplerBase: Existing CookieManager HTTP Cookie Manager superseded by HTTP Cookie Manager
2026-08-11 16:15:36,091 WARN o.a.j.p.h.s.HTTPSamplerBase: Existing CookieManager HTTP Cookie Manager superseded by HTTP Cookie Manager
2026-08-11 16:15:36,185 WARN o.a.j.p.h.s.HTTPSamplerBase: Existing CookieManager HTTP Cookie Manager superseded by HTTP Cookie Manager
2026-08-11 16:15:36,291 WARN o.a.j.p.h.s.HTTPSamplerBase: Existing CookieManager HTTP Cookie Manager superseded by HTTP Cookie Manager
2026-08-11 16:15:36,324 WARN o.a.j.p.h.s.HTTPSamplerBase: Existing CookieManager HTTP Cookie Manager superseded by HTTP Cookie Manager
2026-08-11 16:15:36,414 WARN o.a.j.p.h.s.HTTPSamplerBase: Existing CookieManager HTTP Cookie Manager superseded by HTTP Cookie Manager
2026-08-11 16:15:36,608 WARN o.a.j.p.h.s.HTTPSamplerBase: Existing CookieManager HTTP Cookie Manager superseded by HTTP Cookie Manager
2026-08-11 16:15:36,624 WARN o.a.j.p.h.s.HTTPSamplerBase: Existing CookieManager HTTP Cookie Manager superseded by HTTP Cookie Manager
2026-08-11 16:15:37,000 WARN o.a.j.p.h.s.HTTPSamplerBase: Existing CookieManager HTTP Cookie Manager superseded by HTTP Cookie Manager
2026-08-11 16:15:37,116 WARN o.a.j.p.h.s.HTTPSamplerBase: Existing CookieManager HTTP Cookie Manager superseded by HTTP Cookie Manager
2026-08-11 16:15:37,172 WARN o.a.j.p.h.s.HTTPSamplerBase: Existing CookieManager HTTP Cookie Manager superseded by HTTP Cookie Manager
2026-08-11 16:15:37,192 WARN o.a.j.p.h.s.HTTPSamplerBase: Existing CookieManager HTTP Cookie Manager superseded by HTTP Cookie Manager
2026-08-11 16:15:37,209 WARN o.a.j.p.h.s.HTTPSamplerBase: Existing CookieManager HTTP Cookie Manager superseded by HTTP Cookie Manager
2026-08-11 16:15:37,445 WARN o.a.j.p.h.s.HTTPSamplerBase: Existing CookieManager HTTP Cookie Manager superseded by HTTP Cookie Manager
2026-08-11 16:15:37,491 WARN o.a.j.p.h.s.HTTPSamplerBase: Existing CookieManager HTTP Cookie Manager superseded by HTTP Cookie Manager
2026-08-11 16:15:37,571 WARN o.a.j.p.h.s.HTTPSamplerBase: Existing CookieManager HTTP Cookie Manager superseded by HTTP Cookie Manager
2026-08-11 16:15:37,583 WARN o.a.j.p.h.s.HTTPSamplerBase: Existing CookieManager HTTP Cookie Manager superseded by HTTP Cookie Manager
2026-08-11 16:15:37,694 WARN o.a.j.p.h.s.HTTPSamplerBase: Existing CookieManager HTTP Cookie Manager superseded by HTTP Cookie Manager
2026-08-11 16:15:37,879 WARN o.a.j.p.h.s.HTTPSamplerBase: Existing CookieManager HTTP Cookie Manager superseded by HTTP Cookie Manager
2026-08-11 16:15:37,965 WARN o.a.j.p.h.s.HTTPSamplerBase: Existing CookieManager HTTP Cookie Manager superseded by HTTP Cookie Manager
2026-08-11 16:15:37,982 WARN o.a.j.p.h.s.HTTPSamplerBase: Existing CookieManager HTTP Cookie Manager superseded by HTTP Cookie Manager
2026-08-11 16:15:37,990 WARN o.a.j.p.h.s.HTTPSamplerBase: Existing CookieManager HTTP Cookie Manager superseded by HTTP Cookie Manager
2026-08-11 16:15:38,101 WARN o.a.j.p.h.s.HTTPSamplerBase: Existing CookieManager HTTP Cookie Manager superseded by HTTP Cookie Manager
2026-08-11 16:15:38,298 WARN o.a.j.p.h.s.HTTPSamplerBase: Existing CookieManager HTTP Cookie Manager superseded by HTTP Cookie Manager
2026-08-11 16:15:38,298 WARN o.a.j.p.h.s.HTTPSamplerBase: Existing CookieManager HTTP Cookie Manager superseded by HTTP Cookie Manager
2026-08-11 16:15:38,446 WARN o.a.j.p.h.s.HTTPSamplerBase: Existing CookieManager HTTP Cookie Manager superseded by HTTP Cookie Manager
2026-08-11 16:15:38,473 WARN o.a.j.p.h.s.HTTPSamplerBase: Existing CookieManager HTTP Cookie Manager superseded by HTTP Cookie Manager
2026-08-11 16:15:38,678 WARN o.a.j.p.h.s.HTTPSamplerBase: Existing CookieManager HTTP Cookie Manager superseded by HTTP Cookie Manager
2026-08-11 16:15:38,789 WARN o.a.j.p.h.s.HTTPSamplerBase: Existing CookieManager HTTP Cookie Manager superseded by HTTP Cookie Manager
2026-08-11 16:15:38,816 WARN o.a.j.p.h.s.HTTPSamplerBase: Existing CookieManager HTTP Cookie Manager superseded by HTTP Cookie Manager
2026-08-11 16:15:38,865 WARN o.a.j.p.h.s.HTTPSamplerBase: Existing CookieManager HTTP Cookie Manager superseded by HTTP Cookie Manager
2026-08-11 16:15:38,900 WARN o.a.j.p.h.s.HTTPSamplerBase: Existing CookieManager HTTP Cookie Manager superseded by HTTP Cookie Manager
2026-08-11 16:15:39,006 INFO o.a.j.r.Summariser: summary +    472 in 00:00:06 =   78.7/s Avg:   190 Min:    93 Max:   421 Err:     0 (0.00%) Active: 15 Started: 15 Finished: 0
2026-08-11 16:15:39,006 INFO o.a.j.r.Summariser: summary =  12560 in 00:02:44 =   76.6/s Avg:   189 Min:     1 Max:  2166 Err:    12 (0.10%)
2026-08-11 16:15:39,006 WARN o.a.j.p.h.s.HTTPSamplerBase: Existing CookieManager HTTP Cookie Manager superseded by HTTP Cookie Manager
2026-08-11 16:15:39,142 WARN o.a.j.p.h.s.HTTPSamplerBase: Existing CookieManager HTTP Cookie Manager superseded by HTTP Cookie Manager
2026-08-11 16:15:39,142 WARN o.a.j.p.h.s.HTTPSamplerBase: Existing CookieManager HTTP Cookie Manager superseded by HTTP Cookie Manager
2026-08-11 16:15:39,222 WARN o.a.j.p.h.s.HTTPSamplerBase: Existing CookieManager HTTP Cookie Manager superseded by HTTP Cookie Manager
2026-08-11 16:15:39,562 WARN o.a.j.p.h.s.HTTPSamplerBase: Existing CookieManager HTTP Cookie Manager superseded by HTTP Cookie Manager
2026-08-11 16:15:39,705 WARN o.a.j.p.h.s.HTTPSamplerBase: Existing CookieManager HTTP Cookie Manager superseded by HTTP Cookie Manager
2026-08-11 16:15:39,814 WARN o.a.j.p.h.s.HTTPSamplerBase: Existing CookieManager HTTP Cookie Manager superseded by HTTP Cookie Manager
2026-08-11 16:15:39,888 WARN o.a.j.p.h.s.HTTPSamplerBase: Existing CookieManager HTTP Cookie Manager superseded by HTTP Cookie Manager
2026-08-11 16:15:40,028 WARN o.a.j.p.h.s.HTTPSamplerBase: Existing CookieManager HTTP Cookie Manager superseded by HTTP Cookie Manager
2026-08-11 16:15:40,052 WARN o.a.j.p.h.s.HTTPSamplerBase: Existing CookieManager HTTP Cookie Manager superseded by HTTP Cookie Manager
2026-08-11 16:15:40,136 WARN o.a.j.p.h.s.HTTPSamplerBase: Existing CookieManager HTTP Cookie Manager superseded by HTTP Cookie Manager
2026-08-11 16:15:40,171 WARN o.a.j.p.h.s.HTTPSamplerBase: Existing CookieManager HTTP Cookie Manager superseded by HTTP Cookie Manager
2026-08-11 16:15:40,372 WARN o.a.j.p.h.s.HTTPSamplerBase: Existing CookieManager HTTP Cookie Manager superseded by HTTP Cookie Manager
2026-08-11 16:15:40,372 WARN o.a.j.p.h.s.HTTPSamplerBase: Existing CookieManager HTTP Cookie Manager superseded by HTTP Cookie Manager
2026-08-11 16:15:40,471 WARN o.a.j.p.h.s.HTTPSamplerBase: Existing CookieManager HTTP Cookie Manager superseded by HTTP Cookie Manager
2026-08-11 16:15:40,488 WARN o.a.j.p.h.s.HTTPSamplerBase: Existing CookieManager HTTP Cookie Manager superseded by HTTP Cookie Manager
2026-08-11 16:15:40,692 WARN o.a.j.p.h.s.HTTPSamplerBase: Existing CookieManager HTTP Cookie Manager superseded by HTTP Cookie Manager
2026-08-11 16:15:40,726 WARN o.a.j.p.h.s.HTTPSamplerBase: Existing CookieManager HTTP Cookie Manager superseded by HTTP Cookie Manager
2026-08-11 16:15:40,788 WARN o.a.j.p.h.s.HTTPSamplerBase: Existing CookieManager HTTP Cookie Manager superseded by HTTP Cookie Manager
2026-08-11 16:15:40,808 WARN o.a.j.p.h.s.HTTPSamplerBase: Existing CookieManager HTTP Cookie Manager superseded by HTTP Cookie Manager
2026-08-11 16:15:40,869 WARN o.a.j.p.h.s.HTTPSamplerBase: Existing CookieManager HTTP Cookie Manager superseded by HTTP Cookie Manager
2026-08-11 16:15:40,987 WARN o.a.j.p.h.s.HTTPSamplerBase: Existing CookieManager HTTP Cookie Manager superseded by HTTP Cookie Manager
2026-08-11 16:15:41,056 WARN o.a.j.p.h.s.HTTPSamplerBase: Existing CookieManager HTTP Cookie Manager superseded by HTTP Cookie Manager
2026-08-11 16:15:41,195 WARN o.a.j.p.h.s.HTTPSamplerBase: Existing CookieManager HTTP Cookie Manager superseded by HTTP Cookie Manager
2026-08-11 16:15:41,246 WARN o.a.j.p.h.s.HTTPSamplerBase: Existing CookieManager HTTP Cookie Manager superseded by HTTP Cookie Manager
2026-08-11 16:15:41,404 WARN o.a.j.p.h.s.HTTPSamplerBase: Existing CookieManager HTTP Cookie Manager superseded by HTTP Cookie Manager
2026-08-11 16:15:41,580 WARN o.a.j.p.h.s.HTTPSamplerBase: Existing CookieManager HTTP Cookie Manager superseded by HTTP Cookie Manager
2026-08-11 16:15:41,580 WARN o.a.j.p.h.s.HTTPSamplerBase: Existing CookieManager HTTP Cookie Manager superseded by HTTP Cookie Manager
2026-08-11 16:15:41,580 WARN o.a.j.p.h.s.HTTPSamplerBase: Existing CookieManager HTTP Cookie Manager superseded by HTTP Cookie Manager
2026-08-11 16:15:41,687 WARN o.a.j.p.h.s.HTTPSamplerBase: Existing CookieManager HTTP Cookie Manager superseded by HTTP Cookie Manager
2026-08-11 16:15:41,747 WARN o.a.j.p.h.s.HTTPSamplerBase: Existing CookieManager HTTP Cookie Manager superseded by HTTP Cookie Manager
2026-08-11 16:15:41,916 WARN o.a.j.p.h.s.HTTPSamplerBase: Existing CookieManager HTTP Cookie Manager superseded by HTTP Cookie Manager
2026-08-11 16:15:41,916 WARN o.a.j.p.h.s.HTTPSamplerBase: Existing CookieManager HTTP Cookie Manager superseded by HTTP Cookie Manager
2026-08-11 16:15:42,003 WARN o.a.j.p.h.s.HTTPSamplerBase: Existing CookieManager HTTP Cookie Manager superseded by HTTP Cookie Manager
2026-08-11 16:15:42,455 WARN o.a.j.p.h.s.HTTPSamplerBase: Existing CookieManager HTTP Cookie Manager superseded by HTTP Cookie Manager
2026-08-11 16:15:42,521 WARN o.a.j.p.h.s.HTTPSamplerBase: Existing CookieManager HTTP Cookie Manager superseded by HTTP Cookie Manager
2026-08-11 16:15:42,786 WARN o.a.j.p.h.s.HTTPSamplerBase: Existing CookieManager HTTP Cookie Manager superseded by HTTP Cookie Manager
2026-08-11 16:15:42,802 WARN o.a.j.p.h.s.HTTPSamplerBase: Existing CookieManager HTTP Cookie Manager superseded by HTTP Cookie Manager
2026-08-11 16:15:43,103 WARN o.a.j.p.h.s.HTTPSamplerBase: Existing CookieManager HTTP Cookie Manager superseded by HTTP Cookie Manager
2026-08-11 16:15:43,103 WARN o.a.j.p.h.s.HTTPSamplerBase: Existing CookieManager HTTP Cookie Manager superseded by HTTP Cookie Manager
2026-08-11 16:15:43,103 WARN o.a.j.p.h.s.HTTPSamplerBase: Existing CookieManager HTTP Cookie Manager superseded by HTTP Cookie Manager
2026-08-11 16:15:43,103 WARN o.a.j.p.h.s.HTTPSamplerBase: Existing CookieManager HTTP Cookie Manager superseded by HTTP Cookie Manager
2026-08-11 16:15:43,256 WARN o.a.j.p.h.s.HTTPSamplerBase: Existing CookieManager HTTP Cookie Manager superseded by HTTP Cookie Manager
2026-08-11 16:15:43,369 WARN o.a.j.p.h.s.HTTPSamplerBase: Existing CookieManager HTTP Cookie Manager superseded by HTTP Cookie Manager
2026-08-11 16:15:43,390 WARN o.a.j.p.h.s.HTTPSamplerBase: Existing CookieManager HTTP Cookie Manager superseded by HTTP Cookie Manager
2026-08-11 16:15:43,406 WARN o.a.j.p.h.s.HTTPSamplerBase: Existing CookieManager HTTP Cookie Manager superseded by HTTP Cookie Manager
2026-08-11 16:15:43,485 WARN o.a.j.p.h.s.HTTPSamplerBase: Existing CookieManager HTTP Cookie Manager superseded by HTTP Cookie Manager
2026-08-11 16:15:43,585 WARN o.a.j.p.h.s.HTTPSamplerBase: Existing CookieManager HTTP Cookie Manager superseded by HTTP Cookie Manager
2026-08-11 16:15:43,585 WARN o.a.j.p.h.s.HTTPSamplerBase: Existing CookieManager HTTP Cookie Manager superseded by HTTP Cookie Manager
2026-08-11 16:15:43,585 WARN o.a.j.p.h.s.HTTPSamplerBase: Existing CookieManager HTTP Cookie Manager superseded by HTTP Cookie Manager
2026-08-11 16:15:43,802 WARN o.a.j.p.h.s.HTTPSamplerBase: Existing CookieManager HTTP Cookie Manager superseded by HTTP Cookie Manager
2026-08-11 16:15:43,872 WARN o.a.j.p.h.s.HTTPSamplerBase: Existing CookieManager HTTP Cookie Manager superseded by HTTP Cookie Manager
2026-08-11 16:15:43,901 WARN o.a.j.p.h.s.HTTPSamplerBase: Existing CookieManager HTTP Cookie Manager superseded by HTTP Cookie Manager
2026-08-11 16:15:43,957 WARN o.a.j.p.h.s.HTTPSamplerBase: Existing CookieManager HTTP Cookie Manager superseded by HTTP Cookie Manager
2026-08-11 16:15:44,026 WARN o.a.j.p.h.s.HTTPSamplerBase: Existing CookieManager HTTP Cookie Manager superseded by HTTP Cookie Manager
2026-08-11 16:15:44,269 WARN o.a.j.p.h.s.HTTPSamplerBase: Existing CookieManager HTTP Cookie Manager superseded by HTTP Cookie Manager
2026-08-11 16:15:44,335 WARN o.a.j.p.h.s.HTTPSamplerBase: Existing CookieManager HTTP Cookie Manager superseded by HTTP Cookie Manager
2026-08-11 16:15:44,442 WARN o.a.j.p.h.s.HTTPSamplerBase: Existing CookieManager HTTP Cookie Manager superseded by HTTP Cookie Manager
2026-08-11 16:15:44,465 WARN o.a.j.p.h.s.HTTPSamplerBase: Existing CookieManager HTTP Cookie Manager superseded by HTTP Cookie Manager
2026-08-11 16:15:44,467 WARN o.a.j.p.h.s.HTTPSamplerBase: Existing CookieManager HTTP Cookie Manager superseded by HTTP Cookie Manager
2026-08-11 16:15:44,601 WARN o.a.j.p.h.s.HTTPSamplerBase: Existing CookieManager HTTP Cookie Manager superseded by HTTP Cookie Manager
2026-08-11 16:15:44,742 WARN o.a.j.p.h.s.HTTPSamplerBase: Existing CookieManager HTTP Cookie Manager superseded by HTTP Cookie Manager
2026-08-11 16:15:44,779 WARN o.a.j.p.h.s.HTTPSamplerBase: Existing CookieManager HTTP Cookie Manager superseded by HTTP Cookie Manager
2026-08-11 16:15:44,786 WARN o.a.j.p.h.s.HTTPSamplerBase: Existing CookieManager HTTP Cookie Manager superseded by HTTP Cookie Manager
2026-08-11 16:15:45,003 INFO o.a.j.r.Summariser: summary +    476 in 00:00:06 =   79.4/s Avg:   188 Min:    96 Max:  1243 Err:     0 (0.00%) Active: 15 Started: 15 Finished: 0
2026-08-11 16:15:45,003 INFO o.a.j.r.Summariser: summary =  13036 in 00:02:50 =   76.7/s Avg:   189 Min:     1 Max:  2166 Err:    12 (0.09%)
2026-08-11 16:15:45,234 WARN o.a.j.p.h.s.HTTPSamplerBase: Existing CookieManager HTTP Cookie Manager superseded by HTTP Cookie Manager
2026-08-11 16:15:45,567 WARN o.a.j.p.h.s.HTTPSamplerBase: Existing CookieManager HTTP Cookie Manager superseded by HTTP Cookie Manager
2026-08-11 16:15:45,567 WARN o.a.j.p.h.s.HTTPSamplerBase: Existing CookieManager HTTP Cookie Manager superseded by HTTP Cookie Manager
2026-08-11 16:15:45,813 WARN o.a.j.p.h.s.HTTPSamplerBase: Existing CookieManager HTTP Cookie Manager superseded by HTTP Cookie Manager
2026-08-11 16:15:45,901 WARN o.a.j.p.h.s.HTTPSamplerBase: Existing CookieManager HTTP Cookie Manager superseded by HTTP Cookie Manager
2026-08-11 16:15:45,943 WARN o.a.j.p.h.s.HTTPSamplerBase: Existing CookieManager HTTP Cookie Manager superseded by HTTP Cookie Manager
2026-08-11 16:15:45,987 WARN o.a.j.p.h.s.HTTPSamplerBase: Existing CookieManager HTTP Cookie Manager superseded by HTTP Cookie Manager
2026-08-11 16:15:46,037 WARN o.a.j.p.h.s.HTTPSamplerBase: Existing CookieManager HTTP Cookie Manager superseded by HTTP Cookie Manager
2026-08-11 16:15:46,134 WARN o.a.j.p.h.s.HTTPSamplerBase: Existing CookieManager HTTP Cookie Manager superseded by HTTP Cookie Manager
2026-08-11 16:15:46,266 WARN o.a.j.p.h.s.HTTPSamplerBase: Existing CookieManager HTTP Cookie Manager superseded by HTTP Cookie Manager
2026-08-11 16:15:46,267 WARN o.a.j.p.h.s.HTTPSamplerBase: Existing CookieManager HTTP Cookie Manager superseded by HTTP Cookie Manager
2026-08-11 16:15:46,304 WARN o.a.j.p.h.s.HTTPSamplerBase: Existing CookieManager HTTP Cookie Manager superseded by HTTP Cookie Manager
2026-08-11 16:15:46,317 WARN o.a.j.p.h.s.HTTPSamplerBase: Existing CookieManager HTTP Cookie Manager superseded by HTTP Cookie Manager
2026-08-11 16:15:46,329 WARN o.a.j.p.h.s.HTTPSamplerBase: Existing CookieManager HTTP Cookie Manager superseded by HTTP Cookie Manager
2026-08-11 16:15:46,352 WARN o.a.j.p.h.s.HTTPSamplerBase: Existing CookieManager HTTP Cookie Manager superseded by HTTP Cookie Manager
2026-08-11 16:15:46,383 WARN o.a.j.p.h.s.HTTPSamplerBase: Existing CookieManager HTTP Cookie Manager superseded by HTTP Cookie Manager
2026-08-11 16:15:46,575 WARN o.a.j.p.h.s.HTTPSamplerBase: Existing CookieManager HTTP Cookie Manager superseded by HTTP Cookie Manager
2026-08-11 16:15:46,629 WARN o.a.j.p.h.s.HTTPSamplerBase: Existing CookieManager HTTP Cookie Manager superseded by HTTP Cookie Manager
2026-08-11 16:15:46,633 WARN o.a.j.p.h.s.HTTPSamplerBase: Existing CookieManager HTTP Cookie Manager superseded by HTTP Cookie Manager
2026-08-11 16:15:46,700 WARN o.a.j.p.h.s.HTTPSamplerBase: Existing CookieManager HTTP Cookie Manager superseded by HTTP Cookie Manager
2026-08-11 16:15:46,819 WARN o.a.j.p.h.s.HTTPSamplerBase: Existing CookieManager HTTP Cookie Manager superseded by HTTP Cookie Manager
2026-08-11 16:15:47,037 WARN o.a.j.p.h.s.HTTPSamplerBase: Existing CookieManager HTTP Cookie Manager superseded by HTTP Cookie Manager
2026-08-11 16:15:47,150 WARN o.a.j.p.h.s.HTTPSamplerBase: Existing CookieManager HTTP Cookie Manager superseded by HTTP Cookie Manager
2026-08-11 16:15:47,185 WARN o.a.j.p.h.s.HTTPSamplerBase: Existing CookieManager HTTP Cookie Manager superseded by HTTP Cookie Manager
2026-08-11 16:15:47,217 WARN o.a.j.p.h.s.HTTPSamplerBase: Existing CookieManager HTTP Cookie Manager superseded by HTTP Cookie Manager
2026-08-11 16:15:47,241 WARN o.a.j.p.h.s.HTTPSamplerBase: Existing CookieManager HTTP Cookie Manager superseded by HTTP Cookie Manager
2026-08-11 16:15:47,332 WARN o.a.j.p.h.s.HTTPSamplerBase: Existing CookieManager HTTP Cookie Manager superseded by HTTP Cookie Manager
2026-08-11 16:15:47,516 WARN o.a.j.p.h.s.HTTPSamplerBase: Existing CookieManager HTTP Cookie Manager superseded by HTTP Cookie Manager
2026-08-11 16:15:47,517 WARN o.a.j.p.h.s.HTTPSamplerBase: Existing CookieManager HTTP Cookie Manager superseded by HTTP Cookie Manager
2026-08-11 16:15:47,565 WARN o.a.j.p.h.s.HTTPSamplerBase: Existing CookieManager HTTP Cookie Manager superseded by HTTP Cookie Manager
2026-08-11 16:15:48,036 WARN o.a.j.p.h.s.HTTPSamplerBase: Existing CookieManager HTTP Cookie Manager superseded by HTTP Cookie Manager
2026-08-11 16:15:48,413 WARN o.a.j.p.h.s.HTTPSamplerBase: Existing CookieManager HTTP Cookie Manager superseded by HTTP Cookie Manager
2026-08-11 16:15:48,459 WARN o.a.j.p.h.s.HTTPSamplerBase: Existing CookieManager HTTP Cookie Manager superseded by HTTP Cookie Manager
2026-08-11 16:15:48,550 WARN o.a.j.p.h.s.HTTPSamplerBase: Existing CookieManager HTTP Cookie Manager superseded by HTTP Cookie Manager
2026-08-11 16:15:48,796 WARN o.a.j.p.h.s.HTTPSamplerBase: Existing CookieManager HTTP Cookie Manager superseded by HTTP Cookie Manager
2026-08-11 16:15:48,804 WARN o.a.j.p.h.s.HTTPSamplerBase: Existing CookieManager HTTP Cookie Manager superseded by HTTP Cookie Manager
2026-08-11 16:15:48,848 WARN o.a.j.p.h.s.HTTPSamplerBase: Existing CookieManager HTTP Cookie Manager superseded by HTTP Cookie Manager
2026-08-11 16:15:48,868 WARN o.a.j.p.h.s.HTTPSamplerBase: Existing CookieManager HTTP Cookie Manager superseded by HTTP Cookie Manager
2026-08-11 16:15:48,898 WARN o.a.j.p.h.s.HTTPSamplerBase: Existing CookieManager HTTP Cookie Manager superseded by HTTP Cookie Manager
2026-08-11 16:15:49,017 WARN o.a.j.p.h.s.HTTPSamplerBase: Existing CookieManager HTTP Cookie Manager superseded by HTTP Cookie Manager
2026-08-11 16:15:49,083 WARN o.a.j.p.h.s.HTTPSamplerBase: Existing CookieManager HTTP Cookie Manager superseded by HTTP Cookie Manager
2026-08-11 16:15:49,083 WARN o.a.j.p.h.s.HTTPSamplerBase: Existing CookieManager HTTP Cookie Manager superseded by HTTP Cookie Manager
2026-08-11 16:15:49,103 WARN o.a.j.p.h.s.HTTPSamplerBase: Existing CookieManager HTTP Cookie Manager superseded by HTTP Cookie Manager
2026-08-11 16:15:49,108 WARN o.a.j.p.h.s.HTTPSamplerBase: Existing CookieManager HTTP Cookie Manager superseded by HTTP Cookie Manager
2026-08-11 16:15:49,114 WARN o.a.j.p.h.s.HTTPSamplerBase: Existing CookieManager HTTP Cookie Manager superseded by HTTP Cookie Manager
2026-08-11 16:15:49,237 WARN o.a.j.p.h.s.HTTPSamplerBase: Existing CookieManager HTTP Cookie Manager superseded by HTTP Cookie Manager
2026-08-11 16:15:49,282 WARN o.a.j.p.h.s.HTTPSamplerBase: Existing CookieManager HTTP Cookie Manager superseded by HTTP Cookie Manager
2026-08-11 16:15:49,452 WARN o.a.j.p.h.s.HTTPSamplerBase: Existing CookieManager HTTP Cookie Manager superseded by HTTP Cookie Manager
2026-08-11 16:15:49,452 WARN o.a.j.p.h.s.HTTPSamplerBase: Existing CookieManager HTTP Cookie Manager superseded by HTTP Cookie Manager
2026-08-11 16:15:49,469 WARN o.a.j.p.h.s.HTTPSamplerBase: Existing CookieManager HTTP Cookie Manager superseded by HTTP Cookie Manager
2026-08-11 16:15:49,620 WARN o.a.j.p.h.s.HTTPSamplerBase: Existing CookieManager HTTP Cookie Manager superseded by HTTP Cookie Manager
2026-08-11 16:15:49,781 WARN o.a.j.p.h.s.HTTPSamplerBase: Existing CookieManager HTTP Cookie Manager superseded by HTTP Cookie Manager
2026-08-11 16:15:49,971 WARN o.a.j.p.h.s.HTTPSamplerBase: Existing CookieManager HTTP Cookie Manager superseded by HTTP Cookie Manager
2026-08-11 16:15:49,971 WARN o.a.j.p.h.s.HTTPSamplerBase: Existing CookieManager HTTP Cookie Manager superseded by HTTP Cookie Manager
2026-08-11 16:15:50,017 WARN o.a.j.p.h.s.HTTPSamplerBase: Existing CookieManager HTTP Cookie Manager superseded by HTTP Cookie Manager
2026-08-11 16:15:50,067 WARN o.a.j.p.h.s.HTTPSamplerBase: Existing CookieManager HTTP Cookie Manager superseded by HTTP Cookie Manager
2026-08-11 16:15:50,108 WARN o.a.j.p.h.s.HTTPSamplerBase: Existing CookieManager HTTP Cookie Manager superseded by HTTP Cookie Manager
2026-08-11 16:15:50,233 WARN o.a.j.p.h.s.HTTPSamplerBase: Existing CookieManager HTTP Cookie Manager superseded by HTTP Cookie Manager
2026-08-11 16:15:50,284 WARN o.a.j.p.h.s.HTTPSamplerBase: Existing CookieManager HTTP Cookie Manager superseded by HTTP Cookie Manager
2026-08-11 16:15:50,331 WARN o.a.j.p.h.s.HTTPSamplerBase: Existing CookieManager HTTP Cookie Manager superseded by HTTP Cookie Manager
2026-08-11 16:15:50,880 WARN o.a.j.p.h.s.HTTPSamplerBase: Existing CookieManager HTTP Cookie Manager superseded by HTTP Cookie Manager
2026-08-11 16:15:51,004 INFO o.a.j.r.Summariser: summary +    483 in 00:00:06 =   80.5/s Avg:   186 Min:    94 Max:   371 Err:     0 (0.00%) Active: 15 Started: 15 Finished: 0
2026-08-11 16:15:51,005 INFO o.a.j.r.Summariser: summary =  13519 in 00:02:56 =   76.8/s Avg:   189 Min:     1 Max:  2166 Err:    12 (0.09%)
2026-08-11 16:15:51,231 WARN o.a.j.p.h.s.HTTPSamplerBase: Existing CookieManager HTTP Cookie Manager superseded by HTTP Cookie Manager
2026-08-11 16:15:51,280 WARN o.a.j.p.h.s.HTTPSamplerBase: Existing CookieManager HTTP Cookie Manager superseded by HTTP Cookie Manager
2026-08-11 16:15:51,319 WARN o.a.j.p.h.s.HTTPSamplerBase: Existing CookieManager HTTP Cookie Manager superseded by HTTP Cookie Manager
2026-08-11 16:15:51,512 WARN o.a.j.p.h.s.HTTPSamplerBase: Existing CookieManager HTTP Cookie Manager superseded by HTTP Cookie Manager
2026-08-11 16:15:51,551 WARN o.a.j.p.h.s.HTTPSamplerBase: Existing CookieManager HTTP Cookie Manager superseded by HTTP Cookie Manager
2026-08-11 16:15:51,586 WARN o.a.j.p.h.s.HTTPSamplerBase: Existing CookieManager HTTP Cookie Manager superseded by HTTP Cookie Manager
2026-08-11 16:15:51,612 WARN o.a.j.p.h.s.HTTPSamplerBase: Existing CookieManager HTTP Cookie Manager superseded by HTTP Cookie Manager
2026-08-11 16:15:51,697 WARN o.a.j.p.h.s.HTTPSamplerBase: Existing CookieManager HTTP Cookie Manager superseded by HTTP Cookie Manager
2026-08-11 16:15:51,813 WARN o.a.j.p.h.s.HTTPSamplerBase: Existing CookieManager HTTP Cookie Manager superseded by HTTP Cookie Manager
2026-08-11 16:15:51,813 WARN o.a.j.p.h.s.HTTPSamplerBase: Existing CookieManager HTTP Cookie Manager superseded by HTTP Cookie Manager
2026-08-11 16:15:51,845 WARN o.a.j.p.h.s.HTTPSamplerBase: Existing CookieManager HTTP Cookie Manager superseded by HTTP Cookie Manager
2026-08-11 16:15:51,860 WARN o.a.j.p.h.s.HTTPSamplerBase: Existing CookieManager HTTP Cookie Manager superseded by HTTP Cookie Manager
2026-08-11 16:15:51,945 WARN o.a.j.p.h.s.HTTPSamplerBase: Existing CookieManager HTTP Cookie Manager superseded by HTTP Cookie Manager
2026-08-11 16:15:51,949 WARN o.a.j.p.h.s.HTTPSamplerBase: Existing CookieManager HTTP Cookie Manager superseded by HTTP Cookie Manager
2026-08-11 16:15:51,963 WARN o.a.j.p.h.s.HTTPSamplerBase: Existing CookieManager HTTP Cookie Manager superseded by HTTP Cookie Manager
2026-08-11 16:15:52,129 WARN o.a.j.p.h.s.HTTPSamplerBase: Existing CookieManager HTTP Cookie Manager superseded by HTTP Cookie Manager
2026-08-11 16:15:52,145 WARN o.a.j.p.h.s.HTTPSamplerBase: Existing CookieManager HTTP Cookie Manager superseded by HTTP Cookie Manager
2026-08-11 16:15:52,228 WARN o.a.j.p.h.s.HTTPSamplerBase: Existing CookieManager HTTP Cookie Manager superseded by HTTP Cookie Manager
2026-08-11 16:15:52,264 WARN o.a.j.p.h.s.HTTPSamplerBase: Existing CookieManager HTTP Cookie Manager superseded by HTTP Cookie Manager
2026-08-11 16:15:52,552 WARN o.a.j.p.h.s.HTTPSamplerBase: Existing CookieManager HTTP Cookie Manager superseded by HTTP Cookie Manager
2026-08-11 16:15:52,562 WARN o.a.j.p.h.s.HTTPSamplerBase: Existing CookieManager HTTP Cookie Manager superseded by HTTP Cookie Manager
2026-08-11 16:15:52,729 WARN o.a.j.p.h.s.HTTPSamplerBase: Existing CookieManager HTTP Cookie Manager superseded by HTTP Cookie Manager
2026-08-11 16:15:52,744 WARN o.a.j.p.h.s.HTTPSamplerBase: Existing CookieManager HTTP Cookie Manager superseded by HTTP Cookie Manager
2026-08-11 16:15:52,765 WARN o.a.j.p.h.s.HTTPSamplerBase: Existing CookieManager HTTP Cookie Manager superseded by HTTP Cookie Manager
2026-08-11 16:15:52,878 WARN o.a.j.p.h.s.HTTPSamplerBase: Existing CookieManager HTTP Cookie Manager superseded by HTTP Cookie Manager
2026-08-11 16:15:52,880 WARN o.a.j.p.h.s.HTTPSamplerBase: Existing CookieManager HTTP Cookie Manager superseded by HTTP Cookie Manager
2026-08-11 16:15:53,012 WARN o.a.j.p.h.s.HTTPSamplerBase: Existing CookieManager HTTP Cookie Manager superseded by HTTP Cookie Manager
2026-08-11 16:15:53,127 WARN o.a.j.p.h.s.HTTPSamplerBase: Existing CookieManager HTTP Cookie Manager superseded by HTTP Cookie Manager
2026-08-11 16:15:53,127 WARN o.a.j.p.h.s.HTTPSamplerBase: Existing CookieManager HTTP Cookie Manager superseded by HTTP Cookie Manager
2026-08-11 16:15:53,630 WARN o.a.j.p.h.s.HTTPSamplerBase: Existing CookieManager HTTP Cookie Manager superseded by HTTP Cookie Manager
2026-08-11 16:15:53,944 WARN o.a.j.p.h.s.HTTPSamplerBase: Existing CookieManager HTTP Cookie Manager superseded by HTTP Cookie Manager
2026-08-11 16:15:53,970 WARN o.a.j.p.h.s.HTTPSamplerBase: Existing CookieManager HTTP Cookie Manager superseded by HTTP Cookie Manager
2026-08-11 16:15:54,002 WARN o.a.j.p.h.s.HTTPSamplerBase: Existing CookieManager HTTP Cookie Manager superseded by HTTP Cookie Manager
2026-08-11 16:15:54,264 WARN o.a.j.p.h.s.HTTPSamplerBase: Existing CookieManager HTTP Cookie Manager superseded by HTTP Cookie Manager
2026-08-11 16:15:54,310 WARN o.a.j.p.h.s.HTTPSamplerBase: Existing CookieManager HTTP Cookie Manager superseded by HTTP Cookie Manager
2026-08-11 16:15:54,326 WARN o.a.j.p.h.s.HTTPSamplerBase: Existing CookieManager HTTP Cookie Manager superseded by HTTP Cookie Manager
2026-08-11 16:15:54,375 WARN o.a.j.p.h.s.HTTPSamplerBase: Existing CookieManager HTTP Cookie Manager superseded by HTTP Cookie Manager
2026-08-11 16:15:54,444 WARN o.a.j.p.h.s.HTTPSamplerBase: Existing CookieManager HTTP Cookie Manager superseded by HTTP Cookie Manager
2026-08-11 16:15:54,515 WARN o.a.j.p.h.s.HTTPSamplerBase: Existing CookieManager HTTP Cookie Manager superseded by HTTP Cookie Manager
2026-08-11 16:15:54,596 WARN o.a.j.p.h.s.HTTPSamplerBase: Existing CookieManager HTTP Cookie Manager superseded by HTTP Cookie Manager
2026-08-11 16:15:54,644 WARN o.a.j.p.h.s.HTTPSamplerBase: Existing CookieManager HTTP Cookie Manager superseded by HTTP Cookie Manager
2026-08-11 16:15:54,686 WARN o.a.j.p.h.s.HTTPSamplerBase: Existing CookieManager HTTP Cookie Manager superseded by HTTP Cookie Manager
2026-08-11 16:15:54,696 WARN o.a.j.p.h.s.HTTPSamplerBase: Existing CookieManager HTTP Cookie Manager superseded by HTTP Cookie Manager
2026-08-11 16:15:54,744 WARN o.a.j.p.h.s.HTTPSamplerBase: Existing CookieManager HTTP Cookie Manager superseded by HTTP Cookie Manager
2026-08-11 16:15:54,760 WARN o.a.j.p.h.s.HTTPSamplerBase: Existing CookieManager HTTP Cookie Manager superseded by HTTP Cookie Manager
2026-08-11 16:15:54,827 WARN o.a.j.p.h.s.HTTPSamplerBase: Existing CookieManager HTTP Cookie Manager superseded by HTTP Cookie Manager
2026-08-11 16:15:55,026 WARN o.a.j.p.h.s.HTTPSamplerBase: Existing CookieManager HTTP Cookie Manager superseded by HTTP Cookie Manager
2026-08-11 16:15:55,026 WARN o.a.j.p.h.s.HTTPSamplerBase: Existing CookieManager HTTP Cookie Manager superseded by HTTP Cookie Manager
2026-08-11 16:15:55,096 WARN o.a.j.p.h.s.HTTPSamplerBase: Existing CookieManager HTTP Cookie Manager superseded by HTTP Cookie Manager
2026-08-11 16:15:55,376 WARN o.a.j.p.h.s.HTTPSamplerBase: Existing CookieManager HTTP Cookie Manager superseded by HTTP Cookie Manager
2026-08-11 16:15:55,377 WARN o.a.j.p.h.s.HTTPSamplerBase: Existing CookieManager HTTP Cookie Manager superseded by HTTP Cookie Manager
2026-08-11 16:15:55,459 WARN o.a.j.p.h.s.HTTPSamplerBase: Existing CookieManager HTTP Cookie Manager superseded by HTTP Cookie Manager
2026-08-11 16:15:55,585 WARN o.a.j.p.h.s.HTTPSamplerBase: Existing CookieManager HTTP Cookie Manager superseded by HTTP Cookie Manager
2026-08-11 16:15:55,585 WARN o.a.j.p.h.s.HTTPSamplerBase: Existing CookieManager HTTP Cookie Manager superseded by HTTP Cookie Manager
2026-08-11 16:15:55,709 WARN o.a.j.p.h.s.HTTPSamplerBase: Existing CookieManager HTTP Cookie Manager superseded by HTTP Cookie Manager
2026-08-11 16:15:55,709 WARN o.a.j.p.h.s.HTTPSamplerBase: Existing CookieManager HTTP Cookie Manager superseded by HTTP Cookie Manager
2026-08-11 16:15:55,759 WARN o.a.j.p.h.s.HTTPSamplerBase: Existing CookieManager HTTP Cookie Manager superseded by HTTP Cookie Manager
2026-08-11 16:15:55,876 WARN o.a.j.p.h.s.HTTPSamplerBase: Existing CookieManager HTTP Cookie Manager superseded by HTTP Cookie Manager
2026-08-11 16:15:55,910 WARN o.a.j.p.h.s.HTTPSamplerBase: Existing CookieManager HTTP Cookie Manager superseded by HTTP Cookie Manager
2026-08-11 16:15:56,508 WARN o.a.j.p.h.s.HTTPSamplerBase: Existing CookieManager HTTP Cookie Manager superseded by HTTP Cookie Manager
2026-08-11 16:15:56,725 WARN o.a.j.p.h.s.HTTPSamplerBase: Existing CookieManager HTTP Cookie Manager superseded by HTTP Cookie Manager
2026-08-11 16:15:56,904 WARN o.a.j.p.h.s.HTTPSamplerBase: Existing CookieManager HTTP Cookie Manager superseded by HTTP Cookie Manager
2026-08-11 16:15:57,000 INFO o.a.j.r.Summariser: summary +    471 in 00:00:06 =   78.5/s Avg:   189 Min:    92 Max:   615 Err:     0 (0.00%) Active: 15 Started: 15 Finished: 0
2026-08-11 16:15:57,000 INFO o.a.j.r.Summariser: summary =  13990 in 00:03:02 =   76.9/s Avg:   189 Min:     1 Max:  2166 Err:    12 (0.09%)
2026-08-11 16:15:57,046 WARN o.a.j.p.h.s.HTTPSamplerBase: Existing CookieManager HTTP Cookie Manager superseded by HTTP Cookie Manager
2026-08-11 16:15:57,092 WARN o.a.j.p.h.s.HTTPSamplerBase: Existing CookieManager HTTP Cookie Manager superseded by HTTP Cookie Manager
2026-08-11 16:15:57,178 WARN o.a.j.p.h.s.HTTPSamplerBase: Existing CookieManager HTTP Cookie Manager superseded by HTTP Cookie Manager
2026-08-11 16:15:57,227 WARN o.a.j.p.h.s.HTTPSamplerBase: Existing CookieManager HTTP Cookie Manager superseded by HTTP Cookie Manager
2026-08-11 16:15:57,260 WARN o.a.j.p.h.s.HTTPSamplerBase: Existing CookieManager HTTP Cookie Manager superseded by HTTP Cookie Manager
2026-08-11 16:15:57,419 WARN o.a.j.p.h.s.HTTPSamplerBase: Existing CookieManager HTTP Cookie Manager superseded by HTTP Cookie Manager
2026-08-11 16:15:57,455 WARN o.a.j.p.h.s.HTTPSamplerBase: Existing CookieManager HTTP Cookie Manager superseded by HTTP Cookie Manager
2026-08-11 16:15:57,553 WARN o.a.j.p.h.s.HTTPSamplerBase: Existing CookieManager HTTP Cookie Manager superseded by HTTP Cookie Manager
2026-08-11 16:15:57,624 WARN o.a.j.p.h.s.HTTPSamplerBase: Existing CookieManager HTTP Cookie Manager superseded by HTTP Cookie Manager
2026-08-11 16:15:57,657 WARN o.a.j.p.h.s.HTTPSamplerBase: Existing CookieManager HTTP Cookie Manager superseded by HTTP Cookie Manager
2026-08-11 16:15:57,791 WARN o.a.j.p.h.s.HTTPSamplerBase: Existing CookieManager HTTP Cookie Manager superseded by HTTP Cookie Manager
2026-08-11 16:15:57,868 WARN o.a.j.p.h.s.HTTPSamplerBase: Existing CookieManager HTTP Cookie Manager superseded by HTTP Cookie Manager
2026-08-11 16:15:57,965 WARN o.a.j.p.h.s.HTTPSamplerBase: Existing CookieManager HTTP Cookie Manager superseded by HTTP Cookie Manager
2026-08-11 16:15:57,996 WARN o.a.j.p.h.s.HTTPSamplerBase: Existing CookieManager HTTP Cookie Manager superseded by HTTP Cookie Manager
2026-08-11 16:15:58,240 WARN o.a.j.p.h.s.HTTPSamplerBase: Existing CookieManager HTTP Cookie Manager superseded by HTTP Cookie Manager
2026-08-11 16:15:58,360 WARN o.a.j.p.h.s.HTTPSamplerBase: Existing CookieManager HTTP Cookie Manager superseded by HTTP Cookie Manager
2026-08-11 16:15:58,540 WARN o.a.j.p.h.s.HTTPSamplerBase: Existing CookieManager HTTP Cookie Manager superseded by HTTP Cookie Manager
2026-08-11 16:15:58,540 WARN o.a.j.p.h.s.HTTPSamplerBase: Existing CookieManager HTTP Cookie Manager superseded by HTTP Cookie Manager
2026-08-11 16:15:58,721 WARN o.a.j.p.h.s.HTTPSamplerBase: Existing CookieManager HTTP Cookie Manager superseded by HTTP Cookie Manager
2026-08-11 16:15:58,724 WARN o.a.j.p.h.s.HTTPSamplerBase: Existing CookieManager HTTP Cookie Manager superseded by HTTP Cookie Manager
2026-08-11 16:15:58,742 WARN o.a.j.p.h.s.HTTPSamplerBase: Existing CookieManager HTTP Cookie Manager superseded by HTTP Cookie Manager
2026-08-11 16:15:58,873 WARN o.a.j.p.h.s.HTTPSamplerBase: Existing CookieManager HTTP Cookie Manager superseded by HTTP Cookie Manager
2026-08-11 16:15:58,873 WARN o.a.j.p.h.s.HTTPSamplerBase: Existing CookieManager HTTP Cookie Manager superseded by HTTP Cookie Manager
2026-08-11 16:15:58,897 WARN o.a.j.p.h.s.HTTPSamplerBase: Existing CookieManager HTTP Cookie Manager superseded by HTTP Cookie Manager
2026-08-11 16:15:59,037 WARN o.a.j.p.h.s.HTTPSamplerBase: Existing CookieManager HTTP Cookie Manager superseded by HTTP Cookie Manager
2026-08-11 16:15:59,075 WARN o.a.j.p.h.s.HTTPSamplerBase: Existing CookieManager HTTP Cookie Manager superseded by HTTP Cookie Manager
2026-08-11 16:15:59,240 WARN o.a.j.p.h.s.HTTPSamplerBase: Existing CookieManager HTTP Cookie Manager superseded by HTTP Cookie Manager
2026-08-11 16:15:59,488 WARN o.a.j.p.h.s.HTTPSamplerBase: Existing CookieManager HTTP Cookie Manager superseded by HTTP Cookie Manager
2026-08-11 16:15:59,699 WARN o.a.j.p.h.s.HTTPSamplerBase: Existing CookieManager HTTP Cookie Manager superseded by HTTP Cookie Manager
2026-08-11 16:15:59,723 WARN o.a.j.p.h.s.HTTPSamplerBase: Existing CookieManager HTTP Cookie Manager superseded by HTTP Cookie Manager
2026-08-11 16:15:59,775 WARN o.a.j.p.h.s.HTTPSamplerBase: Existing CookieManager HTTP Cookie Manager superseded by HTTP Cookie Manager
2026-08-11 16:15:59,939 WARN o.a.j.p.h.s.HTTPSamplerBase: Existing CookieManager HTTP Cookie Manager superseded by HTTP Cookie Manager
2026-08-11 16:16:00,018 WARN o.a.j.p.h.s.HTTPSamplerBase: Existing CookieManager HTTP Cookie Manager superseded by HTTP Cookie Manager
2026-08-11 16:16:00,047 WARN o.a.j.p.h.s.HTTPSamplerBase: Existing CookieManager HTTP Cookie Manager superseded by HTTP Cookie Manager
2026-08-11 16:16:00,057 WARN o.a.j.p.h.s.HTTPSamplerBase: Existing CookieManager HTTP Cookie Manager superseded by HTTP Cookie Manager
2026-08-11 16:16:00,281 WARN o.a.j.p.h.s.HTTPSamplerBase: Existing CookieManager HTTP Cookie Manager superseded by HTTP Cookie Manager
2026-08-11 16:16:00,391 WARN o.a.j.p.h.s.HTTPSamplerBase: Existing CookieManager HTTP Cookie Manager superseded by HTTP Cookie Manager
2026-08-11 16:16:00,456 WARN o.a.j.p.h.s.HTTPSamplerBase: Existing CookieManager HTTP Cookie Manager superseded by HTTP Cookie Manager
2026-08-11 16:16:00,614 WARN o.a.j.p.h.s.HTTPSamplerBase: Existing CookieManager HTTP Cookie Manager superseded by HTTP Cookie Manager
2026-08-11 16:16:00,810 WARN o.a.j.p.h.s.HTTPSamplerBase: Existing CookieManager HTTP Cookie Manager superseded by HTTP Cookie Manager
2026-08-11 16:16:00,836 WARN o.a.j.p.h.s.HTTPSamplerBase: Existing CookieManager HTTP Cookie Manager superseded by HTTP Cookie Manager
2026-08-11 16:16:00,888 WARN o.a.j.p.h.s.HTTPSamplerBase: Existing CookieManager HTTP Cookie Manager superseded by HTTP Cookie Manager
2026-08-11 16:16:00,972 WARN o.a.j.p.h.s.HTTPSamplerBase: Existing CookieManager HTTP Cookie Manager superseded by HTTP Cookie Manager
2026-08-11 16:16:01,145 WARN o.a.j.p.h.s.HTTPSamplerBase: Existing CookieManager HTTP Cookie Manager superseded by HTTP Cookie Manager
2026-08-11 16:16:01,231 WARN o.a.j.p.h.s.HTTPSamplerBase: Existing CookieManager HTTP Cookie Manager superseded by HTTP Cookie Manager
2026-08-11 16:16:01,348 WARN o.a.j.p.h.s.HTTPSamplerBase: Existing CookieManager HTTP Cookie Manager superseded by HTTP Cookie Manager
2026-08-11 16:16:01,348 WARN o.a.j.p.h.s.HTTPSamplerBase: Existing CookieManager HTTP Cookie Manager superseded by HTTP Cookie Manager
2026-08-11 16:16:01,574 WARN o.a.j.p.h.s.HTTPSamplerBase: Existing CookieManager HTTP Cookie Manager superseded by HTTP Cookie Manager
2026-08-11 16:16:01,588 WARN o.a.j.p.h.s.HTTPSamplerBase: Existing CookieManager HTTP Cookie Manager superseded by HTTP Cookie Manager
2026-08-11 16:16:01,604 WARN o.a.j.p.h.s.HTTPSamplerBase: Existing CookieManager HTTP Cookie Manager superseded by HTTP Cookie Manager
2026-08-11 16:16:01,675 WARN o.a.j.p.h.s.HTTPSamplerBase: Existing CookieManager HTTP Cookie Manager superseded by HTTP Cookie Manager
2026-08-11 16:16:01,675 WARN o.a.j.p.h.s.HTTPSamplerBase: Existing CookieManager HTTP Cookie Manager superseded by HTTP Cookie Manager
2026-08-11 16:16:01,772 WARN o.a.j.p.h.s.HTTPSamplerBase: Existing CookieManager HTTP Cookie Manager superseded by HTTP Cookie Manager
2026-08-11 16:16:01,905 WARN o.a.j.p.h.s.HTTPSamplerBase: Existing CookieManager HTTP Cookie Manager superseded by HTTP Cookie Manager
2026-08-11 16:16:01,921 WARN o.a.j.p.h.s.HTTPSamplerBase: Existing CookieManager HTTP Cookie Manager superseded by HTTP Cookie Manager
2026-08-11 16:16:01,921 WARN o.a.j.p.h.s.HTTPSamplerBase: Existing CookieManager HTTP Cookie Manager superseded by HTTP Cookie Manager
2026-08-11 16:16:02,245 WARN o.a.j.p.h.s.HTTPSamplerBase: Existing CookieManager HTTP Cookie Manager superseded by HTTP Cookie Manager
2026-08-11 16:16:02,590 WARN o.a.j.p.h.s.HTTPSamplerBase: Existing CookieManager HTTP Cookie Manager superseded by HTTP Cookie Manager
2026-08-11 16:16:02,602 WARN o.a.j.p.h.s.HTTPSamplerBase: Existing CookieManager HTTP Cookie Manager superseded by HTTP Cookie Manager
2026-08-11 16:16:02,818 WARN o.a.j.p.h.s.HTTPSamplerBase: Existing CookieManager HTTP Cookie Manager superseded by HTTP Cookie Manager
2026-08-11 16:16:02,906 WARN o.a.j.p.h.s.HTTPSamplerBase: Existing CookieManager HTTP Cookie Manager superseded by HTTP Cookie Manager
2026-08-11 16:16:02,922 WARN o.a.j.p.h.s.HTTPSamplerBase: Existing CookieManager HTTP Cookie Manager superseded by HTTP Cookie Manager
2026-08-11 16:16:02,948 WARN o.a.j.p.h.s.HTTPSamplerBase: Existing CookieManager HTTP Cookie Manager superseded by HTTP Cookie Manager
2026-08-11 16:16:03,019 INFO o.a.j.r.Summariser: summary +    456 in 00:00:06 =   75.8/s Avg:   198 Min:    94 Max:  1020 Err:     0 (0.00%) Active: 15 Started: 15 Finished: 0
2026-08-11 16:16:03,019 INFO o.a.j.r.Summariser: summary =  14446 in 00:03:08 =   76.8/s Avg:   189 Min:     1 Max:  2166 Err:    12 (0.08%)
2026-08-11 16:16:03,093 WARN o.a.j.p.h.s.HTTPSamplerBase: Existing CookieManager HTTP Cookie Manager superseded by HTTP Cookie Manager
2026-08-11 16:16:03,120 WARN o.a.j.p.h.s.HTTPSamplerBase: Existing CookieManager HTTP Cookie Manager superseded by HTTP Cookie Manager
2026-08-11 16:16:03,223 WARN o.a.j.p.h.s.HTTPSamplerBase: Existing CookieManager HTTP Cookie Manager superseded by HTTP Cookie Manager
2026-08-11 16:16:03,292 WARN o.a.j.p.h.s.HTTPSamplerBase: Existing CookieManager HTTP Cookie Manager superseded by HTTP Cookie Manager
2026-08-11 16:16:03,433 WARN o.a.j.p.h.s.HTTPSamplerBase: Existing CookieManager HTTP Cookie Manager superseded by HTTP Cookie Manager
2026-08-11 16:16:03,453 WARN o.a.j.p.h.s.HTTPSamplerBase: Existing CookieManager HTTP Cookie Manager superseded by HTTP Cookie Manager
2026-08-11 16:16:03,653 WARN o.a.j.p.h.s.HTTPSamplerBase: Existing CookieManager HTTP Cookie Manager superseded by HTTP Cookie Manager
2026-08-11 16:16:03,667 WARN o.a.j.p.h.s.HTTPSamplerBase: Existing CookieManager HTTP Cookie Manager superseded by HTTP Cookie Manager
2026-08-11 16:16:03,878 WARN o.a.j.p.h.s.HTTPSamplerBase: Existing CookieManager HTTP Cookie Manager superseded by HTTP Cookie Manager
2026-08-11 16:16:03,949 WARN o.a.j.p.h.s.HTTPSamplerBase: Existing CookieManager HTTP Cookie Manager superseded by HTTP Cookie Manager
2026-08-11 16:16:04,202 WARN o.a.j.p.h.s.HTTPSamplerBase: Existing CookieManager HTTP Cookie Manager superseded by HTTP Cookie Manager
2026-08-11 16:16:04,238 WARN o.a.j.p.h.s.HTTPSamplerBase: Existing CookieManager HTTP Cookie Manager superseded by HTTP Cookie Manager
2026-08-11 16:16:04,407 WARN o.a.j.p.h.s.HTTPSamplerBase: Existing CookieManager HTTP Cookie Manager superseded by HTTP Cookie Manager
2026-08-11 16:16:04,412 WARN o.a.j.p.h.s.HTTPSamplerBase: Existing CookieManager HTTP Cookie Manager superseded by HTTP Cookie Manager
2026-08-11 16:16:04,523 WARN o.a.j.p.h.s.HTTPSamplerBase: Existing CookieManager HTTP Cookie Manager superseded by HTTP Cookie Manager
2026-08-11 16:16:04,554 WARN o.a.j.p.h.s.HTTPSamplerBase: Existing CookieManager HTTP Cookie Manager superseded by HTTP Cookie Manager
2026-08-11 16:16:04,571 WARN o.a.j.p.h.s.HTTPSamplerBase: Existing CookieManager HTTP Cookie Manager superseded by HTTP Cookie Manager
2026-08-11 16:16:04,760 WARN o.a.j.p.h.s.HTTPSamplerBase: Existing CookieManager HTTP Cookie Manager superseded by HTTP Cookie Manager
2026-08-11 16:16:04,787 WARN o.a.j.p.h.s.HTTPSamplerBase: Existing CookieManager HTTP Cookie Manager superseded by HTTP Cookie Manager
2026-08-11 16:16:04,858 WARN o.a.j.p.h.s.HTTPSamplerBase: Existing CookieManager HTTP Cookie Manager superseded by HTTP Cookie Manager
2026-08-11 16:16:04,863 WARN o.a.j.p.h.s.HTTPSamplerBase: Existing CookieManager HTTP Cookie Manager superseded by HTTP Cookie Manager
2026-08-11 16:16:04,866 WARN o.a.j.p.h.s.HTTPSamplerBase: Existing CookieManager HTTP Cookie Manager superseded by HTTP Cookie Manager
2026-08-11 16:16:04,905 WARN o.a.j.p.h.s.HTTPSamplerBase: Existing CookieManager HTTP Cookie Manager superseded by HTTP Cookie Manager
2026-08-11 16:16:05,252 WARN o.a.j.p.h.s.HTTPSamplerBase: Existing CookieManager HTTP Cookie Manager superseded by HTTP Cookie Manager
2026-08-11 16:16:05,534 WARN o.a.j.p.h.s.HTTPSamplerBase: Existing CookieManager HTTP Cookie Manager superseded by HTTP Cookie Manager
2026-08-11 16:16:05,534 WARN o.a.j.p.h.s.HTTPSamplerBase: Existing CookieManager HTTP Cookie Manager superseded by HTTP Cookie Manager
2026-08-11 16:16:05,716 WARN o.a.j.p.h.s.HTTPSamplerBase: Existing CookieManager HTTP Cookie Manager superseded by HTTP Cookie Manager
2026-08-11 16:16:05,831 WARN o.a.j.p.h.s.HTTPSamplerBase: Existing CookieManager HTTP Cookie Manager superseded by HTTP Cookie Manager
2026-08-11 16:16:05,884 WARN o.a.j.p.h.s.HTTPSamplerBase: Existing CookieManager HTTP Cookie Manager superseded by HTTP Cookie Manager
2026-08-11 16:16:06,041 WARN o.a.j.p.h.s.HTTPSamplerBase: Existing CookieManager HTTP Cookie Manager superseded by HTTP Cookie Manager
2026-08-11 16:16:06,054 WARN o.a.j.p.h.s.HTTPSamplerBase: Existing CookieManager HTTP Cookie Manager superseded by HTTP Cookie Manager
2026-08-11 16:16:06,231 WARN o.a.j.p.h.s.HTTPSamplerBase: Existing CookieManager HTTP Cookie Manager superseded by HTTP Cookie Manager
2026-08-11 16:16:06,267 WARN o.a.j.p.h.s.HTTPSamplerBase: Existing CookieManager HTTP Cookie Manager superseded by HTTP Cookie Manager
2026-08-11 16:16:06,332 WARN o.a.j.p.h.s.HTTPSamplerBase: Existing CookieManager HTTP Cookie Manager superseded by HTTP Cookie Manager
2026-08-11 16:16:06,421 WARN o.a.j.p.h.s.HTTPSamplerBase: Existing CookieManager HTTP Cookie Manager superseded by HTTP Cookie Manager
2026-08-11 16:16:06,423 WARN o.a.j.p.h.s.HTTPSamplerBase: Existing CookieManager HTTP Cookie Manager superseded by HTTP Cookie Manager
2026-08-11 16:16:06,527 WARN o.a.j.p.h.s.HTTPSamplerBase: Existing CookieManager HTTP Cookie Manager superseded by HTTP Cookie Manager
2026-08-11 16:16:06,716 WARN o.a.j.p.h.s.HTTPSamplerBase: Existing CookieManager HTTP Cookie Manager superseded by HTTP Cookie Manager
2026-08-11 16:16:06,763 WARN o.a.j.p.h.s.HTTPSamplerBase: Existing CookieManager HTTP Cookie Manager superseded by HTTP Cookie Manager
2026-08-11 16:16:06,805 WARN o.a.j.p.h.s.HTTPSamplerBase: Existing CookieManager HTTP Cookie Manager superseded by HTTP Cookie Manager
2026-08-11 16:16:07,132 WARN o.a.j.p.h.s.HTTPSamplerBase: Existing CookieManager HTTP Cookie Manager superseded by HTTP Cookie Manager
2026-08-11 16:16:07,382 WARN o.a.j.p.h.s.HTTPSamplerBase: Existing CookieManager HTTP Cookie Manager superseded by HTTP Cookie Manager
2026-08-11 16:16:07,382 WARN o.a.j.p.h.s.HTTPSamplerBase: Existing CookieManager HTTP Cookie Manager superseded by HTTP Cookie Manager
2026-08-11 16:16:07,473 WARN o.a.j.p.h.s.HTTPSamplerBase: Existing CookieManager HTTP Cookie Manager superseded by HTTP Cookie Manager
2026-08-11 16:16:07,509 WARN o.a.j.p.h.s.HTTPSamplerBase: Existing CookieManager HTTP Cookie Manager superseded by HTTP Cookie Manager
2026-08-11 16:16:07,517 WARN o.a.j.p.h.s.HTTPSamplerBase: Existing CookieManager HTTP Cookie Manager superseded by HTTP Cookie Manager
2026-08-11 16:16:07,593 WARN o.a.j.p.h.s.HTTPSamplerBase: Existing CookieManager HTTP Cookie Manager superseded by HTTP Cookie Manager
2026-08-11 16:16:07,699 WARN o.a.j.p.h.s.HTTPSamplerBase: Existing CookieManager HTTP Cookie Manager superseded by HTTP Cookie Manager
2026-08-11 16:16:07,699 WARN o.a.j.p.h.s.HTTPSamplerBase: Existing CookieManager HTTP Cookie Manager superseded by HTTP Cookie Manager
2026-08-11 16:16:07,849 WARN o.a.j.p.h.s.HTTPSamplerBase: Existing CookieManager HTTP Cookie Manager superseded by HTTP Cookie Manager
2026-08-11 16:16:07,866 WARN o.a.j.p.h.s.HTTPSamplerBase: Existing CookieManager HTTP Cookie Manager superseded by HTTP Cookie Manager
2026-08-11 16:16:07,882 WARN o.a.j.p.h.s.HTTPSamplerBase: Existing CookieManager HTTP Cookie Manager superseded by HTTP Cookie Manager
2026-08-11 16:16:07,949 WARN o.a.j.p.h.s.HTTPSamplerBase: Existing CookieManager HTTP Cookie Manager superseded by HTTP Cookie Manager
2026-08-11 16:16:08,249 WARN o.a.j.p.h.s.HTTPSamplerBase: Existing CookieManager HTTP Cookie Manager superseded by HTTP Cookie Manager
2026-08-11 16:16:08,415 WARN o.a.j.p.h.s.HTTPSamplerBase: Existing CookieManager HTTP Cookie Manager superseded by HTTP Cookie Manager
2026-08-11 16:16:08,423 WARN o.a.j.p.h.s.HTTPSamplerBase: Existing CookieManager HTTP Cookie Manager superseded by HTTP Cookie Manager
2026-08-11 16:16:08,629 WARN o.a.j.p.h.s.HTTPSamplerBase: Existing CookieManager HTTP Cookie Manager superseded by HTTP Cookie Manager
2026-08-11 16:16:08,733 WARN o.a.j.p.h.s.HTTPSamplerBase: Existing CookieManager HTTP Cookie Manager superseded by HTTP Cookie Manager
2026-08-11 16:16:08,765 WARN o.a.j.p.h.s.HTTPSamplerBase: Existing CookieManager HTTP Cookie Manager superseded by HTTP Cookie Manager
2026-08-11 16:16:08,881 WARN o.a.j.p.h.s.HTTPSamplerBase: Existing CookieManager HTTP Cookie Manager superseded by HTTP Cookie Manager
2026-08-11 16:16:08,932 WARN o.a.j.p.h.s.HTTPSamplerBase: Existing CookieManager HTTP Cookie Manager superseded by HTTP Cookie Manager
2026-08-11 16:16:09,002 INFO o.a.j.r.Summariser: summary +    456 in 00:00:06 =   76.2/s Avg:   196 Min:    97 Max:   706 Err:     0 (0.00%) Active: 15 Started: 15 Finished: 0
2026-08-11 16:16:09,003 INFO o.a.j.r.Summariser: summary =  14902 in 00:03:14 =   76.8/s Avg:   189 Min:     1 Max:  2166 Err:    12 (0.08%)
2026-08-11 16:16:09,110 WARN o.a.j.p.h.s.HTTPSamplerBase: Existing CookieManager HTTP Cookie Manager superseded by HTTP Cookie Manager
2026-08-11 16:16:09,210 WARN o.a.j.p.h.s.HTTPSamplerBase: Existing CookieManager HTTP Cookie Manager superseded by HTTP Cookie Manager
2026-08-11 16:16:09,277 WARN o.a.j.p.h.s.HTTPSamplerBase: Existing CookieManager HTTP Cookie Manager superseded by HTTP Cookie Manager
2026-08-11 16:16:09,304 WARN o.a.j.p.h.s.HTTPSamplerBase: Existing CookieManager HTTP Cookie Manager superseded by HTTP Cookie Manager
2026-08-11 16:16:09,314 WARN o.a.j.p.h.s.HTTPSamplerBase: Existing CookieManager HTTP Cookie Manager superseded by HTTP Cookie Manager
2026-08-11 16:16:09,388 WARN o.a.j.p.h.s.HTTPSamplerBase: Existing CookieManager HTTP Cookie Manager superseded by HTTP Cookie Manager
2026-08-11 16:16:09,555 WARN o.a.j.p.h.s.HTTPSamplerBase: Existing CookieManager HTTP Cookie Manager superseded by HTTP Cookie Manager
2026-08-11 16:16:09,939 WARN o.a.j.p.h.s.HTTPSamplerBase: Existing CookieManager HTTP Cookie Manager superseded by HTTP Cookie Manager
2026-08-11 16:16:10,184 WARN o.a.j.p.h.s.HTTPSamplerBase: Existing CookieManager HTTP Cookie Manager superseded by HTTP Cookie Manager
2026-08-11 16:16:10,251 WARN o.a.j.p.h.s.HTTPSamplerBase: Existing CookieManager HTTP Cookie Manager superseded by HTTP Cookie Manager
2026-08-11 16:16:10,289 WARN o.a.j.p.h.s.HTTPSamplerBase: Existing CookieManager HTTP Cookie Manager superseded by HTTP Cookie Manager
2026-08-11 16:16:10,302 WARN o.a.j.p.h.s.HTTPSamplerBase: Existing CookieManager HTTP Cookie Manager superseded by HTTP Cookie Manager
2026-08-11 16:16:10,306 WARN o.a.j.p.h.s.HTTPSamplerBase: Existing CookieManager HTTP Cookie Manager superseded by HTTP Cookie Manager
2026-08-11 16:16:10,448 WARN o.a.j.p.h.s.HTTPSamplerBase: Existing CookieManager HTTP Cookie Manager superseded by HTTP Cookie Manager
2026-08-11 16:16:10,504 WARN o.a.j.p.h.s.HTTPSamplerBase: Existing CookieManager HTTP Cookie Manager superseded by HTTP Cookie Manager
2026-08-11 16:16:10,504 WARN o.a.j.p.h.s.HTTPSamplerBase: Existing CookieManager HTTP Cookie Manager superseded by HTTP Cookie Manager
2026-08-11 16:16:10,563 WARN o.a.j.p.h.s.HTTPSamplerBase: Existing CookieManager HTTP Cookie Manager superseded by HTTP Cookie Manager
2026-08-11 16:16:10,716 WARN o.a.j.p.h.s.HTTPSamplerBase: Existing CookieManager HTTP Cookie Manager superseded by HTTP Cookie Manager
2026-08-11 16:16:10,716 WARN o.a.j.p.h.s.HTTPSamplerBase: Existing CookieManager HTTP Cookie Manager superseded by HTTP Cookie Manager
2026-08-11 16:16:10,908 WARN o.a.j.p.h.s.HTTPSamplerBase: Existing CookieManager HTTP Cookie Manager superseded by HTTP Cookie Manager
2026-08-11 16:16:11,213 WARN o.a.j.p.h.s.HTTPSamplerBase: Existing CookieManager HTTP Cookie Manager superseded by HTTP Cookie Manager
2026-08-11 16:16:11,219 WARN o.a.j.p.h.s.HTTPSamplerBase: Existing CookieManager HTTP Cookie Manager superseded by HTTP Cookie Manager
2026-08-11 16:16:11,350 WARN o.a.j.p.h.s.HTTPSamplerBase: Existing CookieManager HTTP Cookie Manager superseded by HTTP Cookie Manager
2026-08-11 16:16:11,363 WARN o.a.j.p.h.s.HTTPSamplerBase: Existing CookieManager HTTP Cookie Manager superseded by HTTP Cookie Manager
2026-08-11 16:16:11,479 WARN o.a.j.p.h.s.HTTPSamplerBase: Existing CookieManager HTTP Cookie Manager superseded by HTTP Cookie Manager
2026-08-11 16:16:11,566 WARN o.a.j.p.h.s.HTTPSamplerBase: Existing CookieManager HTTP Cookie Manager superseded by HTTP Cookie Manager
2026-08-11 16:16:11,626 WARN o.a.j.p.h.s.HTTPSamplerBase: Existing CookieManager HTTP Cookie Manager superseded by HTTP Cookie Manager
2026-08-11 16:16:11,649 WARN o.a.j.p.h.s.HTTPSamplerBase: Existing CookieManager HTTP Cookie Manager superseded by HTTP Cookie Manager
2026-08-11 16:16:11,662 WARN o.a.j.p.h.s.HTTPSamplerBase: Existing CookieManager HTTP Cookie Manager superseded by HTTP Cookie Manager
2026-08-11 16:16:11,820 WARN o.a.j.p.h.s.HTTPSamplerBase: Existing CookieManager HTTP Cookie Manager superseded by HTTP Cookie Manager
2026-08-11 16:16:11,879 WARN o.a.j.p.h.s.HTTPSamplerBase: Existing CookieManager HTTP Cookie Manager superseded by HTTP Cookie Manager
2026-08-11 16:16:11,930 WARN o.a.j.p.h.s.HTTPSamplerBase: Existing CookieManager HTTP Cookie Manager superseded by HTTP Cookie Manager
2026-08-11 16:16:11,930 WARN o.a.j.p.h.s.HTTPSamplerBase: Existing CookieManager HTTP Cookie Manager superseded by HTTP Cookie Manager
2026-08-11 16:16:12,212 WARN o.a.j.p.h.s.HTTPSamplerBase: Existing CookieManager HTTP Cookie Manager superseded by HTTP Cookie Manager
2026-08-11 16:16:12,245 WARN o.a.j.p.h.s.HTTPSamplerBase: Existing CookieManager HTTP Cookie Manager superseded by HTTP Cookie Manager
2026-08-11 16:16:12,695 WARN o.a.j.p.h.s.HTTPSamplerBase: Existing CookieManager HTTP Cookie Manager superseded by HTTP Cookie Manager
2026-08-11 16:16:12,916 WARN o.a.j.p.h.s.HTTPSamplerBase: Existing CookieManager HTTP Cookie Manager superseded by HTTP Cookie Manager
2026-08-11 16:16:13,017 WARN o.a.j.p.h.s.HTTPSamplerBase: Existing CookieManager HTTP Cookie Manager superseded by HTTP Cookie Manager
2026-08-11 16:16:13,052 WARN o.a.j.p.h.s.HTTPSamplerBase: Existing CookieManager HTTP Cookie Manager superseded by HTTP Cookie Manager
2026-08-11 16:16:13,068 WARN o.a.j.p.h.s.HTTPSamplerBase: Existing CookieManager HTTP Cookie Manager superseded by HTTP Cookie Manager
2026-08-11 16:16:13,114 WARN o.a.j.p.h.s.HTTPSamplerBase: Existing CookieManager HTTP Cookie Manager superseded by HTTP Cookie Manager
2026-08-11 16:16:13,235 WARN o.a.j.p.h.s.HTTPSamplerBase: Existing CookieManager HTTP Cookie Manager superseded by HTTP Cookie Manager
2026-08-11 16:16:13,235 WARN o.a.j.p.h.s.HTTPSamplerBase: Existing CookieManager HTTP Cookie Manager superseded by HTTP Cookie Manager
2026-08-11 16:16:13,242 WARN o.a.j.p.h.s.HTTPSamplerBase: Existing CookieManager HTTP Cookie Manager superseded by HTTP Cookie Manager
2026-08-11 16:16:13,333 WARN o.a.j.p.h.s.HTTPSamplerBase: Existing CookieManager HTTP Cookie Manager superseded by HTTP Cookie Manager
2026-08-11 16:16:13,385 WARN o.a.j.p.h.s.HTTPSamplerBase: Existing CookieManager HTTP Cookie Manager superseded by HTTP Cookie Manager
2026-08-11 16:16:13,428 WARN o.a.j.p.h.s.HTTPSamplerBase: Existing CookieManager HTTP Cookie Manager superseded by HTTP Cookie Manager
2026-08-11 16:16:13,511 WARN o.a.j.p.h.s.HTTPSamplerBase: Existing CookieManager HTTP Cookie Manager superseded by HTTP Cookie Manager
2026-08-11 16:16:13,523 WARN o.a.j.p.h.s.HTTPSamplerBase: Existing CookieManager HTTP Cookie Manager superseded by HTTP Cookie Manager
2026-08-11 16:16:13,894 WARN o.a.j.p.h.s.HTTPSamplerBase: Existing CookieManager HTTP Cookie Manager superseded by HTTP Cookie Manager
2026-08-11 16:16:14,119 WARN o.a.j.p.h.s.HTTPSamplerBase: Existing CookieManager HTTP Cookie Manager superseded by HTTP Cookie Manager
2026-08-11 16:16:14,119 WARN o.a.j.p.h.s.HTTPSamplerBase: Existing CookieManager HTTP Cookie Manager superseded by HTTP Cookie Manager
2026-08-11 16:16:14,177 WARN o.a.j.p.h.s.HTTPSamplerBase: Existing CookieManager HTTP Cookie Manager superseded by HTTP Cookie Manager
2026-08-11 16:16:14,231 WARN o.a.j.p.h.s.HTTPSamplerBase: Existing CookieManager HTTP Cookie Manager superseded by HTTP Cookie Manager
2026-08-11 16:16:14,333 WARN o.a.j.p.h.s.HTTPSamplerBase: Existing CookieManager HTTP Cookie Manager superseded by HTTP Cookie Manager
2026-08-11 16:16:14,333 WARN o.a.j.p.h.s.HTTPSamplerBase: Existing CookieManager HTTP Cookie Manager superseded by HTTP Cookie Manager
2026-08-11 16:16:14,460 WARN o.a.j.p.h.s.HTTPSamplerBase: Existing CookieManager HTTP Cookie Manager superseded by HTTP Cookie Manager
2026-08-11 16:16:14,460 WARN o.a.j.p.h.s.HTTPSamplerBase: Existing CookieManager HTTP Cookie Manager superseded by HTTP Cookie Manager
2026-08-11 16:16:14,626 WARN o.a.j.p.h.s.HTTPSamplerBase: Existing CookieManager HTTP Cookie Manager superseded by HTTP Cookie Manager
2026-08-11 16:16:14,644 WARN o.a.j.p.h.s.HTTPSamplerBase: Existing CookieManager HTTP Cookie Manager superseded by HTTP Cookie Manager
2026-08-11 16:16:14,660 WARN o.a.j.p.h.s.HTTPSamplerBase: Existing CookieManager HTTP Cookie Manager superseded by HTTP Cookie Manager
2026-08-11 16:16:14,948 WARN o.a.j.p.h.s.HTTPSamplerBase: Existing CookieManager HTTP Cookie Manager superseded by HTTP Cookie Manager
2026-08-11 16:16:14,998 WARN o.a.j.p.h.s.HTTPSamplerBase: Existing CookieManager HTTP Cookie Manager superseded by HTTP Cookie Manager
2026-08-11 16:16:15,016 INFO o.a.j.r.Summariser: summary +    461 in 00:00:06 =   76.7/s Avg:   194 Min:    96 Max:  1041 Err:     0 (0.00%) Active: 15 Started: 15 Finished: 0
2026-08-11 16:16:15,021 INFO o.a.j.r.Summariser: summary =  15363 in 00:03:20 =   76.8/s Avg:   189 Min:     1 Max:  2166 Err:    12 (0.08%)
2026-08-11 16:16:15,157 WARN o.a.j.p.h.s.HTTPSamplerBase: Existing CookieManager HTTP Cookie Manager superseded by HTTP Cookie Manager
2026-08-11 16:16:15,167 WARN o.a.j.p.h.s.HTTPSamplerBase: Existing CookieManager HTTP Cookie Manager superseded by HTTP Cookie Manager
2026-08-11 16:16:15,457 WARN o.a.j.p.h.s.HTTPSamplerBase: Existing CookieManager HTTP Cookie Manager superseded by HTTP Cookie Manager
2026-08-11 16:16:15,659 WARN o.a.j.p.h.s.HTTPSamplerBase: Existing CookieManager HTTP Cookie Manager superseded by HTTP Cookie Manager
2026-08-11 16:16:15,741 WARN o.a.j.p.h.s.HTTPSamplerBase: Existing CookieManager HTTP Cookie Manager superseded by HTTP Cookie Manager
2026-08-11 16:16:15,810 WARN o.a.j.p.h.s.HTTPSamplerBase: Existing CookieManager HTTP Cookie Manager superseded by HTTP Cookie Manager
2026-08-11 16:16:15,887 WARN o.a.j.p.h.s.HTTPSamplerBase: Existing CookieManager HTTP Cookie Manager superseded by HTTP Cookie Manager
2026-08-11 16:16:15,943 WARN o.a.j.p.h.s.HTTPSamplerBase: Existing CookieManager HTTP Cookie Manager superseded by HTTP Cookie Manager
2026-08-11 16:16:15,974 WARN o.a.j.p.h.s.HTTPSamplerBase: Existing CookieManager HTTP Cookie Manager superseded by HTTP Cookie Manager
2026-08-11 16:16:15,975 WARN o.a.j.p.h.s.HTTPSamplerBase: Existing CookieManager HTTP Cookie Manager superseded by HTTP Cookie Manager
2026-08-11 16:16:15,975 WARN o.a.j.p.h.s.HTTPSamplerBase: Existing CookieManager HTTP Cookie Manager superseded by HTTP Cookie Manager
2026-08-11 16:16:16,142 WARN o.a.j.p.h.s.HTTPSamplerBase: Existing CookieManager HTTP Cookie Manager superseded by HTTP Cookie Manager
2026-08-11 16:16:16,212 WARN o.a.j.p.h.s.HTTPSamplerBase: Existing CookieManager HTTP Cookie Manager superseded by HTTP Cookie Manager
2026-08-11 16:16:16,282 WARN o.a.j.p.h.s.HTTPSamplerBase: Existing CookieManager HTTP Cookie Manager superseded by HTTP Cookie Manager
2026-08-11 16:16:16,344 WARN o.a.j.p.h.s.HTTPSamplerBase: Existing CookieManager HTTP Cookie Manager superseded by HTTP Cookie Manager
2026-08-11 16:16:16,344 WARN o.a.j.p.h.s.HTTPSamplerBase: Existing CookieManager HTTP Cookie Manager superseded by HTTP Cookie Manager
2026-08-11 16:16:16,829 WARN o.a.j.p.h.s.HTTPSamplerBase: Existing CookieManager HTTP Cookie Manager superseded by HTTP Cookie Manager
2026-08-11 16:16:16,994 WARN o.a.j.p.h.s.HTTPSamplerBase: Existing CookieManager HTTP Cookie Manager superseded by HTTP Cookie Manager
2026-08-11 16:16:16,994 WARN o.a.j.p.h.s.HTTPSamplerBase: Existing CookieManager HTTP Cookie Manager superseded by HTTP Cookie Manager
2026-08-11 16:16:17,186 WARN o.a.j.p.h.s.HTTPSamplerBase: Existing CookieManager HTTP Cookie Manager superseded by HTTP Cookie Manager
2026-08-11 16:16:17,197 WARN o.a.j.p.h.s.HTTPSamplerBase: Existing CookieManager HTTP Cookie Manager superseded by HTTP Cookie Manager
2026-08-11 16:16:17,275 WARN o.a.j.p.h.s.HTTPSamplerBase: Existing CookieManager HTTP Cookie Manager superseded by HTTP Cookie Manager
2026-08-11 16:16:17,329 WARN o.a.j.p.h.s.HTTPSamplerBase: Existing CookieManager HTTP Cookie Manager superseded by HTTP Cookie Manager
2026-08-11 16:16:17,541 WARN o.a.j.p.h.s.HTTPSamplerBase: Existing CookieManager HTTP Cookie Manager superseded by HTTP Cookie Manager
2026-08-11 16:16:17,541 WARN o.a.j.p.h.s.HTTPSamplerBase: Existing CookieManager HTTP Cookie Manager superseded by HTTP Cookie Manager
2026-08-11 16:16:17,545 WARN o.a.j.p.h.s.HTTPSamplerBase: Existing CookieManager HTTP Cookie Manager superseded by HTTP Cookie Manager
2026-08-11 16:16:17,576 WARN o.a.j.p.h.s.HTTPSamplerBase: Existing CookieManager HTTP Cookie Manager superseded by HTTP Cookie Manager
2026-08-11 16:16:17,710 WARN o.a.j.p.h.s.HTTPSamplerBase: Existing CookieManager HTTP Cookie Manager superseded by HTTP Cookie Manager
2026-08-11 16:16:17,875 WARN o.a.j.p.h.s.HTTPSamplerBase: Existing CookieManager HTTP Cookie Manager superseded by HTTP Cookie Manager
2026-08-11 16:16:17,907 WARN o.a.j.p.h.s.HTTPSamplerBase: Existing CookieManager HTTP Cookie Manager superseded by HTTP Cookie Manager
2026-08-11 16:16:18,015 WARN o.a.j.p.h.s.HTTPSamplerBase: Existing CookieManager HTTP Cookie Manager superseded by HTTP Cookie Manager
2026-08-11 16:16:18,140 WARN o.a.j.p.h.s.HTTPSamplerBase: Existing CookieManager HTTP Cookie Manager superseded by HTTP Cookie Manager
2026-08-11 16:16:18,309 WARN o.a.j.p.h.s.HTTPSamplerBase: Existing CookieManager HTTP Cookie Manager superseded by HTTP Cookie Manager
2026-08-11 16:16:18,507 WARN o.a.j.p.h.s.HTTPSamplerBase: Existing CookieManager HTTP Cookie Manager superseded by HTTP Cookie Manager
2026-08-11 16:16:18,580 WARN o.a.j.p.h.s.HTTPSamplerBase: Existing CookieManager HTTP Cookie Manager superseded by HTTP Cookie Manager
2026-08-11 16:16:18,678 WARN o.a.j.p.h.s.HTTPSamplerBase: Existing CookieManager HTTP Cookie Manager superseded by HTTP Cookie Manager
2026-08-11 16:16:18,856 WARN o.a.j.p.h.s.HTTPSamplerBase: Existing CookieManager HTTP Cookie Manager superseded by HTTP Cookie Manager
2026-08-11 16:16:18,858 WARN o.a.j.p.h.s.HTTPSamplerBase: Existing CookieManager HTTP Cookie Manager superseded by HTTP Cookie Manager
2026-08-11 16:16:18,860 WARN o.a.j.p.h.s.HTTPSamplerBase: Existing CookieManager HTTP Cookie Manager superseded by HTTP Cookie Manager
2026-08-11 16:16:18,891 WARN o.a.j.p.h.s.HTTPSamplerBase: Existing CookieManager HTTP Cookie Manager superseded by HTTP Cookie Manager
2026-08-11 16:16:18,907 WARN o.a.j.p.h.s.HTTPSamplerBase: Existing CookieManager HTTP Cookie Manager superseded by HTTP Cookie Manager
2026-08-11 16:16:19,008 WARN o.a.j.p.h.s.HTTPSamplerBase: Existing CookieManager HTTP Cookie Manager superseded by HTTP Cookie Manager
2026-08-11 16:16:19,182 WARN o.a.j.p.h.s.HTTPSamplerBase: Existing CookieManager HTTP Cookie Manager superseded by HTTP Cookie Manager
2026-08-11 16:16:19,182 WARN o.a.j.p.h.s.HTTPSamplerBase: Existing CookieManager HTTP Cookie Manager superseded by HTTP Cookie Manager
2026-08-11 16:16:19,182 WARN o.a.j.p.h.s.HTTPSamplerBase: Existing CookieManager HTTP Cookie Manager superseded by HTTP Cookie Manager
2026-08-11 16:16:19,269 WARN o.a.j.p.h.s.HTTPSamplerBase: Existing CookieManager HTTP Cookie Manager superseded by HTTP Cookie Manager
2026-08-11 16:16:19,864 WARN o.a.j.p.h.s.HTTPSamplerBase: Existing CookieManager HTTP Cookie Manager superseded by HTTP Cookie Manager
2026-08-11 16:16:19,918 WARN o.a.j.p.h.s.HTTPSamplerBase: Existing CookieManager HTTP Cookie Manager superseded by HTTP Cookie Manager
2026-08-11 16:16:19,987 WARN o.a.j.p.h.s.HTTPSamplerBase: Existing CookieManager HTTP Cookie Manager superseded by HTTP Cookie Manager
2026-08-11 16:16:20,116 WARN o.a.j.p.h.s.HTTPSamplerBase: Existing CookieManager HTTP Cookie Manager superseded by HTTP Cookie Manager
2026-08-11 16:16:20,172 WARN o.a.j.p.h.s.HTTPSamplerBase: Existing CookieManager HTTP Cookie Manager superseded by HTTP Cookie Manager
2026-08-11 16:16:20,204 WARN o.a.j.p.h.s.HTTPSamplerBase: Existing CookieManager HTTP Cookie Manager superseded by HTTP Cookie Manager
2026-08-11 16:16:20,321 WARN o.a.j.p.h.s.HTTPSamplerBase: Existing CookieManager HTTP Cookie Manager superseded by HTTP Cookie Manager
2026-08-11 16:16:20,451 WARN o.a.j.p.h.s.HTTPSamplerBase: Existing CookieManager HTTP Cookie Manager superseded by HTTP Cookie Manager
2026-08-11 16:16:20,451 WARN o.a.j.p.h.s.HTTPSamplerBase: Existing CookieManager HTTP Cookie Manager superseded by HTTP Cookie Manager
2026-08-11 16:16:20,559 WARN o.a.j.p.h.s.HTTPSamplerBase: Existing CookieManager HTTP Cookie Manager superseded by HTTP Cookie Manager
2026-08-11 16:16:20,591 WARN o.a.j.p.h.s.HTTPSamplerBase: Existing CookieManager HTTP Cookie Manager superseded by HTTP Cookie Manager
2026-08-11 16:16:20,591 WARN o.a.j.p.h.s.HTTPSamplerBase: Existing CookieManager HTTP Cookie Manager superseded by HTTP Cookie Manager
2026-08-11 16:16:20,772 WARN o.a.j.p.h.s.HTTPSamplerBase: Existing CookieManager HTTP Cookie Manager superseded by HTTP Cookie Manager
2026-08-11 16:16:20,888 WARN o.a.j.p.h.s.HTTPSamplerBase: Existing CookieManager HTTP Cookie Manager superseded by HTTP Cookie Manager
2026-08-11 16:16:20,888 WARN o.a.j.p.h.s.HTTPSamplerBase: Existing CookieManager HTTP Cookie Manager superseded by HTTP Cookie Manager
2026-08-11 16:16:20,972 WARN o.a.j.p.h.s.HTTPSamplerBase: Existing CookieManager HTTP Cookie Manager superseded by HTTP Cookie Manager
2026-08-11 16:16:21,005 INFO o.a.j.r.Summariser: summary +    467 in 00:00:06 =   78.0/s Avg:   191 Min:    95 Max:   447 Err:     1 (0.21%) Active: 15 Started: 15 Finished: 0
2026-08-11 16:16:21,005 INFO o.a.j.r.Summariser: summary =  15830 in 00:03:26 =   76.9/s Avg:   190 Min:     1 Max:  2166 Err:    13 (0.08%)
2026-08-11 16:16:21,005 WARN o.a.j.p.h.s.HTTPSamplerBase: Existing CookieManager HTTP Cookie Manager superseded by HTTP Cookie Manager
2026-08-11 16:16:21,322 WARN o.a.j.p.h.s.HTTPSamplerBase: Existing CookieManager HTTP Cookie Manager superseded by HTTP Cookie Manager
2026-08-11 16:16:21,421 WARN o.a.j.p.h.s.HTTPSamplerBase: Existing CookieManager HTTP Cookie Manager superseded by HTTP Cookie Manager
2026-08-11 16:16:21,519 WARN o.a.j.p.h.s.HTTPSamplerBase: Existing CookieManager HTTP Cookie Manager superseded by HTTP Cookie Manager
2026-08-11 16:16:21,604 WARN o.a.j.p.h.s.HTTPSamplerBase: Existing CookieManager HTTP Cookie Manager superseded by HTTP Cookie Manager
2026-08-11 16:16:21,604 WARN o.a.j.p.h.s.HTTPSamplerBase: Existing CookieManager HTTP Cookie Manager superseded by HTTP Cookie Manager
2026-08-11 16:16:21,646 WARN o.a.j.p.h.s.HTTPSamplerBase: Existing CookieManager HTTP Cookie Manager superseded by HTTP Cookie Manager
2026-08-11 16:16:21,656 WARN o.a.j.p.h.s.HTTPSamplerBase: Existing CookieManager HTTP Cookie Manager superseded by HTTP Cookie Manager
2026-08-11 16:16:21,805 WARN o.a.j.p.h.s.HTTPSamplerBase: Existing CookieManager HTTP Cookie Manager superseded by HTTP Cookie Manager
2026-08-11 16:16:21,824 WARN o.a.j.p.h.s.HTTPSamplerBase: Existing CookieManager HTTP Cookie Manager superseded by HTTP Cookie Manager
2026-08-11 16:16:21,905 WARN o.a.j.p.h.s.HTTPSamplerBase: Existing CookieManager HTTP Cookie Manager superseded by HTTP Cookie Manager
2026-08-11 16:16:21,921 WARN o.a.j.p.h.s.HTTPSamplerBase: Existing CookieManager HTTP Cookie Manager superseded by HTTP Cookie Manager
2026-08-11 16:16:21,971 WARN o.a.j.p.h.s.HTTPSamplerBase: Existing CookieManager HTTP Cookie Manager superseded by HTTP Cookie Manager
2026-08-11 16:16:22,089 WARN o.a.j.p.h.s.HTTPSamplerBase: Existing CookieManager HTTP Cookie Manager superseded by HTTP Cookie Manager
2026-08-11 16:16:22,656 WARN o.a.j.p.h.s.HTTPSamplerBase: Existing CookieManager HTTP Cookie Manager superseded by HTTP Cookie Manager
2026-08-11 16:16:22,704 WARN o.a.j.p.h.s.HTTPSamplerBase: Existing CookieManager HTTP Cookie Manager superseded by HTTP Cookie Manager
2026-08-11 16:16:22,838 WARN o.a.j.p.h.s.HTTPSamplerBase: Existing CookieManager HTTP Cookie Manager superseded by HTTP Cookie Manager
2026-08-11 16:16:22,971 WARN o.a.j.p.h.s.HTTPSamplerBase: Existing CookieManager HTTP Cookie Manager superseded by HTTP Cookie Manager
2026-08-11 16:16:23,008 WARN o.a.j.p.h.s.HTTPSamplerBase: Existing CookieManager HTTP Cookie Manager superseded by HTTP Cookie Manager
2026-08-11 16:16:23,119 WARN o.a.j.p.h.s.HTTPSamplerBase: Existing CookieManager HTTP Cookie Manager superseded by HTTP Cookie Manager
2026-08-11 16:16:23,156 WARN o.a.j.p.h.s.HTTPSamplerBase: Existing CookieManager HTTP Cookie Manager superseded by HTTP Cookie Manager
2026-08-11 16:16:23,186 WARN o.a.j.p.h.s.HTTPSamplerBase: Existing CookieManager HTTP Cookie Manager superseded by HTTP Cookie Manager
2026-08-11 16:16:23,294 WARN o.a.j.p.h.s.HTTPSamplerBase: Existing CookieManager HTTP Cookie Manager superseded by HTTP Cookie Manager
2026-08-11 16:16:23,336 WARN o.a.j.p.h.s.HTTPSamplerBase: Existing CookieManager HTTP Cookie Manager superseded by HTTP Cookie Manager
2026-08-11 16:16:23,387 WARN o.a.j.p.h.s.HTTPSamplerBase: Existing CookieManager HTTP Cookie Manager superseded by HTTP Cookie Manager
2026-08-11 16:16:23,445 WARN o.a.j.p.h.s.HTTPSamplerBase: Existing CookieManager HTTP Cookie Manager superseded by HTTP Cookie Manager
2026-08-11 16:16:23,520 WARN o.a.j.p.h.s.HTTPSamplerBase: Existing CookieManager HTTP Cookie Manager superseded by HTTP Cookie Manager
2026-08-11 16:16:23,636 WARN o.a.j.p.h.s.HTTPSamplerBase: Existing CookieManager HTTP Cookie Manager superseded by HTTP Cookie Manager
2026-08-11 16:16:23,739 WARN o.a.j.p.h.s.HTTPSamplerBase: Existing CookieManager HTTP Cookie Manager superseded by HTTP Cookie Manager
2026-08-11 16:16:23,740 WARN o.a.j.p.h.s.HTTPSamplerBase: Existing CookieManager HTTP Cookie Manager superseded by HTTP Cookie Manager
2026-08-11 16:16:23,917 WARN o.a.j.p.h.s.HTTPSamplerBase: Existing CookieManager HTTP Cookie Manager superseded by HTTP Cookie Manager
2026-08-11 16:16:24,086 WARN o.a.j.p.h.s.HTTPSamplerBase: Existing CookieManager HTTP Cookie Manager superseded by HTTP Cookie Manager
2026-08-11 16:16:24,202 WARN o.a.j.p.h.s.HTTPSamplerBase: Existing CookieManager HTTP Cookie Manager superseded by HTTP Cookie Manager
2026-08-11 16:16:24,303 WARN o.a.j.p.h.s.HTTPSamplerBase: Existing CookieManager HTTP Cookie Manager superseded by HTTP Cookie Manager
2026-08-11 16:16:24,458 WARN o.a.j.p.h.s.HTTPSamplerBase: Existing CookieManager HTTP Cookie Manager superseded by HTTP Cookie Manager
2026-08-11 16:16:24,458 WARN o.a.j.p.h.s.HTTPSamplerBase: Existing CookieManager HTTP Cookie Manager superseded by HTTP Cookie Manager
2026-08-11 16:16:24,466 WARN o.a.j.p.h.s.HTTPSamplerBase: Existing CookieManager HTTP Cookie Manager superseded by HTTP Cookie Manager
2026-08-11 16:16:24,467 WARN o.a.j.p.h.s.HTTPSamplerBase: Existing CookieManager HTTP Cookie Manager superseded by HTTP Cookie Manager
2026-08-11 16:16:24,652 WARN o.a.j.p.h.s.HTTPSamplerBase: Existing CookieManager HTTP Cookie Manager superseded by HTTP Cookie Manager
2026-08-11 16:16:24,654 WARN o.a.j.p.h.s.HTTPSamplerBase: Existing CookieManager HTTP Cookie Manager superseded by HTTP Cookie Manager
2026-08-11 16:16:24,746 WARN o.a.j.p.h.s.HTTPSamplerBase: Existing CookieManager HTTP Cookie Manager superseded by HTTP Cookie Manager
2026-08-11 16:16:24,781 WARN o.a.j.p.h.s.HTTPSamplerBase: Existing CookieManager HTTP Cookie Manager superseded by HTTP Cookie Manager
2026-08-11 16:16:24,786 WARN o.a.j.p.h.s.HTTPSamplerBase: Existing CookieManager HTTP Cookie Manager superseded by HTTP Cookie Manager
2026-08-11 16:16:24,969 WARN o.a.j.p.h.s.HTTPSamplerBase: Existing CookieManager HTTP Cookie Manager superseded by HTTP Cookie Manager
2026-08-11 16:16:25,571 WARN o.a.j.p.h.s.HTTPSamplerBase: Existing CookieManager HTTP Cookie Manager superseded by HTTP Cookie Manager
2026-08-11 16:16:25,674 WARN o.a.j.p.h.s.HTTPSamplerBase: Existing CookieManager HTTP Cookie Manager superseded by HTTP Cookie Manager
2026-08-11 16:16:25,756 WARN o.a.j.p.h.s.HTTPSamplerBase: Existing CookieManager HTTP Cookie Manager superseded by HTTP Cookie Manager
2026-08-11 16:16:25,787 WARN o.a.j.p.h.s.HTTPSamplerBase: Existing CookieManager HTTP Cookie Manager superseded by HTTP Cookie Manager
2026-08-11 16:16:25,882 WARN o.a.j.p.h.s.HTTPSamplerBase: Existing CookieManager HTTP Cookie Manager superseded by HTTP Cookie Manager
2026-08-11 16:16:26,000 WARN o.a.j.p.h.s.HTTPSamplerBase: Existing CookieManager HTTP Cookie Manager superseded by HTTP Cookie Manager
2026-08-11 16:16:26,036 WARN o.a.j.p.h.s.HTTPSamplerBase: Existing CookieManager HTTP Cookie Manager superseded by HTTP Cookie Manager
2026-08-11 16:16:26,060 WARN o.a.j.p.h.s.HTTPSamplerBase: Existing CookieManager HTTP Cookie Manager superseded by HTTP Cookie Manager
2026-08-11 16:16:26,067 WARN o.a.j.p.h.s.HTTPSamplerBase: Existing CookieManager HTTP Cookie Manager superseded by HTTP Cookie Manager
2026-08-11 16:16:26,086 WARN o.a.j.p.h.s.HTTPSamplerBase: Existing CookieManager HTTP Cookie Manager superseded by HTTP Cookie Manager
2026-08-11 16:16:26,268 WARN o.a.j.p.h.s.HTTPSamplerBase: Existing CookieManager HTTP Cookie Manager superseded by HTTP Cookie Manager
2026-08-11 16:16:26,316 WARN o.a.j.p.h.s.HTTPSamplerBase: Existing CookieManager HTTP Cookie Manager superseded by HTTP Cookie Manager
2026-08-11 16:16:26,318 WARN o.a.j.p.h.s.HTTPSamplerBase: Existing CookieManager HTTP Cookie Manager superseded by HTTP Cookie Manager
2026-08-11 16:16:26,405 WARN o.a.j.p.h.s.HTTPSamplerBase: Existing CookieManager HTTP Cookie Manager superseded by HTTP Cookie Manager
2026-08-11 16:16:26,602 WARN o.a.j.p.h.s.HTTPSamplerBase: Existing CookieManager HTTP Cookie Manager superseded by HTTP Cookie Manager
2026-08-11 16:16:26,604 WARN o.a.j.p.h.s.HTTPSamplerBase: Existing CookieManager HTTP Cookie Manager superseded by HTTP Cookie Manager
2026-08-11 16:16:26,627 WARN o.a.j.p.h.s.HTTPSamplerBase: Existing CookieManager HTTP Cookie Manager superseded by HTTP Cookie Manager
2026-08-11 16:16:26,965 WARN o.a.j.p.h.s.HTTPSamplerBase: Existing CookieManager HTTP Cookie Manager superseded by HTTP Cookie Manager
2026-08-11 16:16:26,966 WARN o.a.j.p.h.s.HTTPSamplerBase: Existing CookieManager HTTP Cookie Manager superseded by HTTP Cookie Manager
2026-08-11 16:16:27,016 INFO o.a.j.r.Summariser: summary +    475 in 00:00:06 =   79.0/s Avg:   189 Min:    94 Max:   888 Err:     0 (0.00%) Active: 15 Started: 15 Finished: 0
2026-08-11 16:16:27,016 INFO o.a.j.r.Summariser: summary =  16305 in 00:03:32 =   76.9/s Avg:   190 Min:     1 Max:  2166 Err:    13 (0.08%)
2026-08-11 16:16:27,217 WARN o.a.j.p.h.s.HTTPSamplerBase: Existing CookieManager HTTP Cookie Manager superseded by HTTP Cookie Manager
2026-08-11 16:16:27,217 WARN o.a.j.p.h.s.HTTPSamplerBase: Existing CookieManager HTTP Cookie Manager superseded by HTTP Cookie Manager
2026-08-11 16:16:27,248 WARN o.a.j.p.h.s.HTTPSamplerBase: Existing CookieManager HTTP Cookie Manager superseded by HTTP Cookie Manager
2026-08-11 16:16:27,303 WARN o.a.j.p.h.s.HTTPSamplerBase: Existing CookieManager HTTP Cookie Manager superseded by HTTP Cookie Manager
2026-08-11 16:16:27,518 WARN o.a.j.p.h.s.HTTPSamplerBase: Existing CookieManager HTTP Cookie Manager superseded by HTTP Cookie Manager
2026-08-11 16:16:27,544 WARN o.a.j.p.h.s.HTTPSamplerBase: Existing CookieManager HTTP Cookie Manager superseded by HTTP Cookie Manager
2026-08-11 16:16:27,544 WARN o.a.j.p.h.s.HTTPSamplerBase: Existing CookieManager HTTP Cookie Manager superseded by HTTP Cookie Manager
2026-08-11 16:16:27,598 WARN o.a.j.p.h.s.HTTPSamplerBase: Existing CookieManager HTTP Cookie Manager superseded by HTTP Cookie Manager
2026-08-11 16:16:27,869 WARN o.a.j.p.h.s.HTTPSamplerBase: Existing CookieManager HTTP Cookie Manager superseded by HTTP Cookie Manager
2026-08-11 16:16:27,888 WARN o.a.j.p.h.s.HTTPSamplerBase: Existing CookieManager HTTP Cookie Manager superseded by HTTP Cookie Manager
2026-08-11 16:16:28,167 WARN o.a.j.p.h.s.HTTPSamplerBase: Existing CookieManager HTTP Cookie Manager superseded by HTTP Cookie Manager
2026-08-11 16:16:28,364 WARN o.a.j.p.h.s.HTTPSamplerBase: Existing CookieManager HTTP Cookie Manager superseded by HTTP Cookie Manager
2026-08-11 16:16:28,534 WARN o.a.j.p.h.s.HTTPSamplerBase: Existing CookieManager HTTP Cookie Manager superseded by HTTP Cookie Manager
2026-08-11 16:16:28,605 WARN o.a.j.p.h.s.HTTPSamplerBase: Existing CookieManager HTTP Cookie Manager superseded by HTTP Cookie Manager
2026-08-11 16:16:28,611 WARN o.a.j.p.h.s.HTTPSamplerBase: Existing CookieManager HTTP Cookie Manager superseded by HTTP Cookie Manager
2026-08-11 16:16:28,687 WARN o.a.j.p.h.s.HTTPSamplerBase: Existing CookieManager HTTP Cookie Manager superseded by HTTP Cookie Manager
2026-08-11 16:16:28,747 WARN o.a.j.p.h.s.HTTPSamplerBase: Existing CookieManager HTTP Cookie Manager superseded by HTTP Cookie Manager
2026-08-11 16:16:28,851 WARN o.a.j.p.h.s.HTTPSamplerBase: Existing CookieManager HTTP Cookie Manager superseded by HTTP Cookie Manager
2026-08-11 16:16:28,868 WARN o.a.j.p.h.s.HTTPSamplerBase: Existing CookieManager HTTP Cookie Manager superseded by HTTP Cookie Manager
2026-08-11 16:16:28,925 WARN o.a.j.p.h.s.HTTPSamplerBase: Existing CookieManager HTTP Cookie Manager superseded by HTTP Cookie Manager
2026-08-11 16:16:28,948 WARN o.a.j.p.h.s.HTTPSamplerBase: Existing CookieManager HTTP Cookie Manager superseded by HTTP Cookie Manager
2026-08-11 16:16:29,053 WARN o.a.j.p.h.s.HTTPSamplerBase: Existing CookieManager HTTP Cookie Manager superseded by HTTP Cookie Manager
2026-08-11 16:16:29,053 WARN o.a.j.p.h.s.HTTPSamplerBase: Existing CookieManager HTTP Cookie Manager superseded by HTTP Cookie Manager
2026-08-11 16:16:29,157 WARN o.a.j.p.h.s.HTTPSamplerBase: Existing CookieManager HTTP Cookie Manager superseded by HTTP Cookie Manager
2026-08-11 16:16:29,170 WARN o.a.j.p.h.s.HTTPSamplerBase: Existing CookieManager HTTP Cookie Manager superseded by HTTP Cookie Manager
2026-08-11 16:16:29,365 WARN o.a.j.p.h.s.HTTPSamplerBase: Existing CookieManager HTTP Cookie Manager superseded by HTTP Cookie Manager
2026-08-11 16:16:29,370 WARN o.a.j.p.h.s.HTTPSamplerBase: Existing CookieManager HTTP Cookie Manager superseded by HTTP Cookie Manager
2026-08-11 16:16:29,500 WARN o.a.j.p.h.s.HTTPSamplerBase: Existing CookieManager HTTP Cookie Manager superseded by HTTP Cookie Manager
2026-08-11 16:16:29,700 WARN o.a.j.p.h.s.HTTPSamplerBase: Existing CookieManager HTTP Cookie Manager superseded by HTTP Cookie Manager
2026-08-11 16:16:29,729 WARN o.a.j.p.h.s.HTTPSamplerBase: Existing CookieManager HTTP Cookie Manager superseded by HTTP Cookie Manager
2026-08-11 16:16:29,933 WARN o.a.j.p.h.s.HTTPSamplerBase: Existing CookieManager HTTP Cookie Manager superseded by HTTP Cookie Manager
2026-08-11 16:16:29,935 WARN o.a.j.p.h.s.HTTPSamplerBase: Existing CookieManager HTTP Cookie Manager superseded by HTTP Cookie Manager
2026-08-11 16:16:30,006 WARN o.a.j.p.h.s.HTTPSamplerBase: Existing CookieManager HTTP Cookie Manager superseded by HTTP Cookie Manager
2026-08-11 16:16:30,052 WARN o.a.j.p.h.s.HTTPSamplerBase: Existing CookieManager HTTP Cookie Manager superseded by HTTP Cookie Manager
2026-08-11 16:16:30,291 WARN o.a.j.p.h.s.HTTPSamplerBase: Existing CookieManager HTTP Cookie Manager superseded by HTTP Cookie Manager
2026-08-11 16:16:30,305 WARN o.a.j.p.h.s.HTTPSamplerBase: Existing CookieManager HTTP Cookie Manager superseded by HTTP Cookie Manager
2026-08-11 16:16:30,426 WARN o.a.j.p.h.s.HTTPSamplerBase: Existing CookieManager HTTP Cookie Manager superseded by HTTP Cookie Manager
2026-08-11 16:16:30,431 WARN o.a.j.p.h.s.HTTPSamplerBase: Existing CookieManager HTTP Cookie Manager superseded by HTTP Cookie Manager
2026-08-11 16:16:30,647 WARN o.a.j.p.h.s.HTTPSamplerBase: Existing CookieManager HTTP Cookie Manager superseded by HTTP Cookie Manager
2026-08-11 16:16:30,716 WARN o.a.j.p.h.s.HTTPSamplerBase: Existing CookieManager HTTP Cookie Manager superseded by HTTP Cookie Manager
2026-08-11 16:16:30,997 WARN o.a.j.p.h.s.HTTPSamplerBase: Existing CookieManager HTTP Cookie Manager superseded by HTTP Cookie Manager
2026-08-11 16:16:31,133 WARN o.a.j.p.h.s.HTTPSamplerBase: Existing CookieManager HTTP Cookie Manager superseded by HTTP Cookie Manager
2026-08-11 16:16:31,381 WARN o.a.j.p.h.s.HTTPSamplerBase: Existing CookieManager HTTP Cookie Manager superseded by HTTP Cookie Manager
2026-08-11 16:16:31,381 WARN o.a.j.p.h.s.HTTPSamplerBase: Existing CookieManager HTTP Cookie Manager superseded by HTTP Cookie Manager
2026-08-11 16:16:31,447 WARN o.a.j.p.h.s.HTTPSamplerBase: Existing CookieManager HTTP Cookie Manager superseded by HTTP Cookie Manager
2026-08-11 16:16:31,486 WARN o.a.j.p.h.s.HTTPSamplerBase: Existing CookieManager HTTP Cookie Manager superseded by HTTP Cookie Manager
2026-08-11 16:16:31,515 WARN o.a.j.p.h.s.HTTPSamplerBase: Existing CookieManager HTTP Cookie Manager superseded by HTTP Cookie Manager
2026-08-11 16:16:31,612 WARN o.a.j.p.h.s.HTTPSamplerBase: Existing CookieManager HTTP Cookie Manager superseded by HTTP Cookie Manager
2026-08-11 16:16:31,720 WARN o.a.j.p.h.s.HTTPSamplerBase: Existing CookieManager HTTP Cookie Manager superseded by HTTP Cookie Manager
2026-08-11 16:16:31,722 WARN o.a.j.p.h.s.HTTPSamplerBase: Existing CookieManager HTTP Cookie Manager superseded by HTTP Cookie Manager
2026-08-11 16:16:31,828 WARN o.a.j.p.h.s.HTTPSamplerBase: Existing CookieManager HTTP Cookie Manager superseded by HTTP Cookie Manager
2026-08-11 16:16:31,829 WARN o.a.j.p.h.s.HTTPSamplerBase: Existing CookieManager HTTP Cookie Manager superseded by HTTP Cookie Manager
2026-08-11 16:16:31,846 WARN o.a.j.p.h.s.HTTPSamplerBase: Existing CookieManager HTTP Cookie Manager superseded by HTTP Cookie Manager
2026-08-11 16:16:31,900 WARN o.a.j.p.h.s.HTTPSamplerBase: Existing CookieManager HTTP Cookie Manager superseded by HTTP Cookie Manager
2026-08-11 16:16:32,047 WARN o.a.j.p.h.s.HTTPSamplerBase: Existing CookieManager HTTP Cookie Manager superseded by HTTP Cookie Manager
2026-08-11 16:16:32,164 WARN o.a.j.p.h.s.HTTPSamplerBase: Existing CookieManager HTTP Cookie Manager superseded by HTTP Cookie Manager
2026-08-11 16:16:32,179 WARN o.a.j.p.h.s.HTTPSamplerBase: Existing CookieManager HTTP Cookie Manager superseded by HTTP Cookie Manager
2026-08-11 16:16:32,383 WARN o.a.j.p.h.s.HTTPSamplerBase: Existing CookieManager HTTP Cookie Manager superseded by HTTP Cookie Manager
2026-08-11 16:16:32,412 WARN o.a.j.p.h.s.HTTPSamplerBase: Existing CookieManager HTTP Cookie Manager superseded by HTTP Cookie Manager
2026-08-11 16:16:32,511 WARN o.a.j.p.h.s.HTTPSamplerBase: Existing CookieManager HTTP Cookie Manager superseded by HTTP Cookie Manager
2026-08-11 16:16:32,722 WARN o.a.j.p.h.s.HTTPSamplerBase: Existing CookieManager HTTP Cookie Manager superseded by HTTP Cookie Manager
2026-08-11 16:16:32,895 WARN o.a.j.p.h.s.HTTPSamplerBase: Existing CookieManager HTTP Cookie Manager superseded by HTTP Cookie Manager
2026-08-11 16:16:33,031 INFO o.a.j.r.Summariser: summary +    474 in 00:00:06 =   78.8/s Avg:   185 Min:    99 Max:   381 Err:     0 (0.00%) Active: 15 Started: 15 Finished: 0
2026-08-11 16:16:33,031 INFO o.a.j.r.Summariser: summary =  16779 in 00:03:38 =   77.0/s Avg:   189 Min:     1 Max:  2166 Err:    13 (0.08%)
2026-08-11 16:16:33,213 WARN o.a.j.p.h.s.HTTPSamplerBase: Existing CookieManager HTTP Cookie Manager superseded by HTTP Cookie Manager
2026-08-11 16:16:33,245 WARN o.a.j.p.h.s.HTTPSamplerBase: Existing CookieManager HTTP Cookie Manager superseded by HTTP Cookie Manager
2026-08-11 16:16:33,286 WARN o.a.j.p.h.s.HTTPSamplerBase: Existing CookieManager HTTP Cookie Manager superseded by HTTP Cookie Manager
2026-08-11 16:16:33,462 WARN o.a.j.p.h.s.HTTPSamplerBase: Existing CookieManager HTTP Cookie Manager superseded by HTTP Cookie Manager
2026-08-11 16:16:33,580 WARN o.a.j.p.h.s.HTTPSamplerBase: Existing CookieManager HTTP Cookie Manager superseded by HTTP Cookie Manager
2026-08-11 16:16:33,596 WARN o.a.j.p.h.s.HTTPSamplerBase: Existing CookieManager HTTP Cookie Manager superseded by HTTP Cookie Manager
2026-08-11 16:16:33,732 WARN o.a.j.p.h.s.HTTPSamplerBase: Existing CookieManager HTTP Cookie Manager superseded by HTTP Cookie Manager
2026-08-11 16:16:33,786 WARN o.a.j.p.h.s.HTTPSamplerBase: Existing CookieManager HTTP Cookie Manager superseded by HTTP Cookie Manager
2026-08-11 16:16:33,978 WARN o.a.j.p.h.s.HTTPSamplerBase: Existing CookieManager HTTP Cookie Manager superseded by HTTP Cookie Manager
2026-08-11 16:16:34,111 WARN o.a.j.p.h.s.HTTPSamplerBase: Existing CookieManager HTTP Cookie Manager superseded by HTTP Cookie Manager
2026-08-11 16:16:34,178 WARN o.a.j.p.h.s.HTTPSamplerBase: Existing CookieManager HTTP Cookie Manager superseded by HTTP Cookie Manager
2026-08-11 16:16:34,244 WARN o.a.j.p.h.s.HTTPSamplerBase: Existing CookieManager HTTP Cookie Manager superseded by HTTP Cookie Manager
2026-08-11 16:16:34,244 WARN o.a.j.p.h.s.HTTPSamplerBase: Existing CookieManager HTTP Cookie Manager superseded by HTTP Cookie Manager
2026-08-11 16:16:34,298 WARN o.a.j.p.h.s.HTTPSamplerBase: Existing CookieManager HTTP Cookie Manager superseded by HTTP Cookie Manager
2026-08-11 16:16:34,337 WARN o.a.j.p.h.s.HTTPSamplerBase: Existing CookieManager HTTP Cookie Manager superseded by HTTP Cookie Manager
2026-08-11 16:16:34,430 WARN o.a.j.p.h.s.HTTPSamplerBase: Existing CookieManager HTTP Cookie Manager superseded by HTTP Cookie Manager
2026-08-11 16:16:34,496 WARN o.a.j.p.h.s.HTTPSamplerBase: Existing CookieManager HTTP Cookie Manager superseded by HTTP Cookie Manager
2026-08-11 16:16:34,579 WARN o.a.j.p.h.s.HTTPSamplerBase: Existing CookieManager HTTP Cookie Manager superseded by HTTP Cookie Manager
2026-08-11 16:16:34,586 WARN o.a.j.p.h.s.HTTPSamplerBase: Existing CookieManager HTTP Cookie Manager superseded by HTTP Cookie Manager
2026-08-11 16:16:34,654 WARN o.a.j.p.h.s.HTTPSamplerBase: Existing CookieManager HTTP Cookie Manager superseded by HTTP Cookie Manager
2026-08-11 16:16:34,654 WARN o.a.j.p.h.s.HTTPSamplerBase: Existing CookieManager HTTP Cookie Manager superseded by HTTP Cookie Manager
2026-08-11 16:16:34,762 WARN o.a.j.p.h.s.HTTPSamplerBase: Existing CookieManager HTTP Cookie Manager superseded by HTTP Cookie Manager
2026-08-11 16:16:34,928 WARN o.a.j.p.h.s.HTTPSamplerBase: Existing CookieManager HTTP Cookie Manager superseded by HTTP Cookie Manager
2026-08-11 16:16:34,979 WARN o.a.j.p.h.s.HTTPSamplerBase: Existing CookieManager HTTP Cookie Manager superseded by HTTP Cookie Manager
2026-08-11 16:16:34,994 WARN o.a.j.p.h.s.HTTPSamplerBase: Existing CookieManager HTTP Cookie Manager superseded by HTTP Cookie Manager
2026-08-11 16:16:35,213 WARN o.a.j.p.h.s.HTTPSamplerBase: Existing CookieManager HTTP Cookie Manager superseded by HTTP Cookie Manager
2026-08-11 16:16:35,310 WARN o.a.j.p.h.s.HTTPSamplerBase: Existing CookieManager HTTP Cookie Manager superseded by HTTP Cookie Manager
2026-08-11 16:16:35,523 WARN o.a.j.p.h.s.HTTPSamplerBase: Existing CookieManager HTTP Cookie Manager superseded by HTTP Cookie Manager
2026-08-11 16:16:35,563 WARN o.a.j.p.h.s.HTTPSamplerBase: Existing CookieManager HTTP Cookie Manager superseded by HTTP Cookie Manager
2026-08-11 16:16:35,714 WARN o.a.j.p.h.s.HTTPSamplerBase: Existing CookieManager HTTP Cookie Manager superseded by HTTP Cookie Manager
2026-08-11 16:16:36,033 WARN o.a.j.p.h.s.HTTPSamplerBase: Existing CookieManager HTTP Cookie Manager superseded by HTTP Cookie Manager
2026-08-11 16:16:36,045 WARN o.a.j.p.h.s.HTTPSamplerBase: Existing CookieManager HTTP Cookie Manager superseded by HTTP Cookie Manager
2026-08-11 16:16:36,142 WARN o.a.j.p.h.s.HTTPSamplerBase: Existing CookieManager HTTP Cookie Manager superseded by HTTP Cookie Manager
2026-08-11 16:16:36,243 WARN o.a.j.p.h.s.HTTPSamplerBase: Existing CookieManager HTTP Cookie Manager superseded by HTTP Cookie Manager
2026-08-11 16:16:36,363 WARN o.a.j.p.h.s.HTTPSamplerBase: Existing CookieManager HTTP Cookie Manager superseded by HTTP Cookie Manager
2026-08-11 16:16:36,445 WARN o.a.j.p.h.s.HTTPSamplerBase: Existing CookieManager HTTP Cookie Manager superseded by HTTP Cookie Manager
2026-08-11 16:16:36,563 WARN o.a.j.p.h.s.HTTPSamplerBase: Existing CookieManager HTTP Cookie Manager superseded by HTTP Cookie Manager
2026-08-11 16:16:36,593 WARN o.a.j.p.h.s.HTTPSamplerBase: Existing CookieManager HTTP Cookie Manager superseded by HTTP Cookie Manager
2026-08-11 16:16:36,804 WARN o.a.j.p.h.s.HTTPSamplerBase: Existing CookieManager HTTP Cookie Manager superseded by HTTP Cookie Manager
2026-08-11 16:16:36,878 WARN o.a.j.p.h.s.HTTPSamplerBase: Existing CookieManager HTTP Cookie Manager superseded by HTTP Cookie Manager
2026-08-11 16:16:36,975 WARN o.a.j.p.h.s.HTTPSamplerBase: Existing CookieManager HTTP Cookie Manager superseded by HTTP Cookie Manager
2026-08-11 16:16:37,009 WARN o.a.j.p.h.s.HTTPSamplerBase: Existing CookieManager HTTP Cookie Manager superseded by HTTP Cookie Manager
2026-08-11 16:16:37,142 WARN o.a.j.p.h.s.HTTPSamplerBase: Existing CookieManager HTTP Cookie Manager superseded by HTTP Cookie Manager
2026-08-11 16:16:37,142 WARN o.a.j.p.h.s.HTTPSamplerBase: Existing CookieManager HTTP Cookie Manager superseded by HTTP Cookie Manager
2026-08-11 16:16:37,142 WARN o.a.j.p.h.s.HTTPSamplerBase: Existing CookieManager HTTP Cookie Manager superseded by HTTP Cookie Manager
2026-08-11 16:16:37,325 WARN o.a.j.p.h.s.HTTPSamplerBase: Existing CookieManager HTTP Cookie Manager superseded by HTTP Cookie Manager
2026-08-11 16:16:37,372 WARN o.a.j.p.h.s.HTTPSamplerBase: Existing CookieManager HTTP Cookie Manager superseded by HTTP Cookie Manager
2026-08-11 16:16:37,378 WARN o.a.j.p.h.s.HTTPSamplerBase: Existing CookieManager HTTP Cookie Manager superseded by HTTP Cookie Manager
2026-08-11 16:16:37,466 WARN o.a.j.p.h.s.HTTPSamplerBase: Existing CookieManager HTTP Cookie Manager superseded by HTTP Cookie Manager
2026-08-11 16:16:37,471 WARN o.a.j.p.h.s.HTTPSamplerBase: Existing CookieManager HTTP Cookie Manager superseded by HTTP Cookie Manager
2026-08-11 16:16:37,496 WARN o.a.j.p.h.s.HTTPSamplerBase: Existing CookieManager HTTP Cookie Manager superseded by HTTP Cookie Manager
2026-08-11 16:16:37,715 WARN o.a.j.p.h.s.HTTPSamplerBase: Existing CookieManager HTTP Cookie Manager superseded by HTTP Cookie Manager
2026-08-11 16:16:37,833 WARN o.a.j.p.h.s.HTTPSamplerBase: Existing CookieManager HTTP Cookie Manager superseded by HTTP Cookie Manager
2026-08-11 16:16:37,940 WARN o.a.j.p.h.s.HTTPSamplerBase: Existing CookieManager HTTP Cookie Manager superseded by HTTP Cookie Manager
2026-08-11 16:16:38,000 WARN o.a.j.p.h.s.HTTPSamplerBase: Existing CookieManager HTTP Cookie Manager superseded by HTTP Cookie Manager
2026-08-11 16:16:38,007 WARN o.a.j.p.h.s.HTTPSamplerBase: Existing CookieManager HTTP Cookie Manager superseded by HTTP Cookie Manager
2026-08-11 16:16:38,246 WARN o.a.j.p.h.s.HTTPSamplerBase: Existing CookieManager HTTP Cookie Manager superseded by HTTP Cookie Manager
2026-08-11 16:16:38,297 WARN o.a.j.p.h.s.HTTPSamplerBase: Existing CookieManager HTTP Cookie Manager superseded by HTTP Cookie Manager
2026-08-11 16:16:38,580 WARN o.a.j.p.h.s.HTTPSamplerBase: Existing CookieManager HTTP Cookie Manager superseded by HTTP Cookie Manager
2026-08-11 16:16:38,624 WARN o.a.j.p.h.s.HTTPSamplerBase: Existing CookieManager HTTP Cookie Manager superseded by HTTP Cookie Manager
2026-08-11 16:16:38,809 WARN o.a.j.p.h.s.HTTPSamplerBase: Existing CookieManager HTTP Cookie Manager superseded by HTTP Cookie Manager
2026-08-11 16:16:38,910 WARN o.a.j.p.h.s.HTTPSamplerBase: Existing CookieManager HTTP Cookie Manager superseded by HTTP Cookie Manager
2026-08-11 16:16:38,959 WARN o.a.j.p.h.s.HTTPSamplerBase: Existing CookieManager HTTP Cookie Manager superseded by HTTP Cookie Manager
2026-08-11 16:16:39,008 INFO o.a.j.r.Summariser: summary +    471 in 00:00:06 =   78.8/s Avg:   194 Min:   100 Max:  1241 Err:     0 (0.00%) Active: 15 Started: 15 Finished: 0
2026-08-11 16:16:39,008 INFO o.a.j.r.Summariser: summary =  17250 in 00:03:44 =   77.0/s Avg:   190 Min:     1 Max:  2166 Err:    13 (0.08%)
2026-08-11 16:16:39,123 WARN o.a.j.p.h.s.HTTPSamplerBase: Existing CookieManager HTTP Cookie Manager superseded by HTTP Cookie Manager
2026-08-11 16:16:39,271 WARN o.a.j.p.h.s.HTTPSamplerBase: Existing CookieManager HTTP Cookie Manager superseded by HTTP Cookie Manager
2026-08-11 16:16:39,329 WARN o.a.j.p.h.s.HTTPSamplerBase: Existing CookieManager HTTP Cookie Manager superseded by HTTP Cookie Manager
2026-08-11 16:16:39,346 WARN o.a.j.p.h.s.HTTPSamplerBase: Existing CookieManager HTTP Cookie Manager superseded by HTTP Cookie Manager
2026-08-11 16:16:39,623 WARN o.a.j.p.h.s.HTTPSamplerBase: Existing CookieManager HTTP Cookie Manager superseded by HTTP Cookie Manager
2026-08-11 16:16:39,623 WARN o.a.j.p.h.s.HTTPSamplerBase: Existing CookieManager HTTP Cookie Manager superseded by HTTP Cookie Manager
2026-08-11 16:16:39,640 WARN o.a.j.p.h.s.HTTPSamplerBase: Existing CookieManager HTTP Cookie Manager superseded by HTTP Cookie Manager
2026-08-11 16:16:39,769 WARN o.a.j.p.h.s.HTTPSamplerBase: Existing CookieManager HTTP Cookie Manager superseded by HTTP Cookie Manager
2026-08-11 16:16:39,777 WARN o.a.j.p.h.s.HTTPSamplerBase: Existing CookieManager HTTP Cookie Manager superseded by HTTP Cookie Manager
2026-08-11 16:16:39,907 WARN o.a.j.p.h.s.HTTPSamplerBase: Existing CookieManager HTTP Cookie Manager superseded by HTTP Cookie Manager
2026-08-11 16:16:39,973 WARN o.a.j.p.h.s.HTTPSamplerBase: Existing CookieManager HTTP Cookie Manager superseded by HTTP Cookie Manager
2026-08-11 16:16:40,075 WARN o.a.j.p.h.s.HTTPSamplerBase: Existing CookieManager HTTP Cookie Manager superseded by HTTP Cookie Manager
2026-08-11 16:16:40,113 WARN o.a.j.p.h.s.HTTPSamplerBase: Existing CookieManager HTTP Cookie Manager superseded by HTTP Cookie Manager
2026-08-11 16:16:40,240 WARN o.a.j.p.h.s.HTTPSamplerBase: Existing CookieManager HTTP Cookie Manager superseded by HTTP Cookie Manager
2026-08-11 16:16:40,255 WARN o.a.j.p.h.s.HTTPSamplerBase: Existing CookieManager HTTP Cookie Manager superseded by HTTP Cookie Manager
2026-08-11 16:16:40,266 WARN o.a.j.p.h.s.HTTPSamplerBase: Existing CookieManager HTTP Cookie Manager superseded by HTTP Cookie Manager
2026-08-11 16:16:40,268 WARN o.a.j.p.h.s.HTTPSamplerBase: Existing CookieManager HTTP Cookie Manager superseded by HTTP Cookie Manager
2026-08-11 16:16:40,540 WARN o.a.j.p.h.s.HTTPSamplerBase: Existing CookieManager HTTP Cookie Manager superseded by HTTP Cookie Manager
2026-08-11 16:16:40,573 WARN o.a.j.p.h.s.HTTPSamplerBase: Existing CookieManager HTTP Cookie Manager superseded by HTTP Cookie Manager
2026-08-11 16:16:40,589 WARN o.a.j.p.h.s.HTTPSamplerBase: Existing CookieManager HTTP Cookie Manager superseded by HTTP Cookie Manager
2026-08-11 16:16:40,730 WARN o.a.j.p.h.s.HTTPSamplerBase: Existing CookieManager HTTP Cookie Manager superseded by HTTP Cookie Manager
2026-08-11 16:16:40,806 WARN o.a.j.p.h.s.HTTPSamplerBase: Existing CookieManager HTTP Cookie Manager superseded by HTTP Cookie Manager
2026-08-11 16:16:41,022 WARN o.a.j.p.h.s.HTTPSamplerBase: Existing CookieManager HTTP Cookie Manager superseded by HTTP Cookie Manager
2026-08-11 16:16:41,062 WARN o.a.j.p.h.s.HTTPSamplerBase: Existing CookieManager HTTP Cookie Manager superseded by HTTP Cookie Manager
2026-08-11 16:16:41,139 WARN o.a.j.p.h.s.HTTPSamplerBase: Existing CookieManager HTTP Cookie Manager superseded by HTTP Cookie Manager
2026-08-11 16:16:41,355 WARN o.a.j.p.h.s.HTTPSamplerBase: Existing CookieManager HTTP Cookie Manager superseded by HTTP Cookie Manager
2026-08-11 16:16:41,389 WARN o.a.j.p.h.s.HTTPSamplerBase: Existing CookieManager HTTP Cookie Manager superseded by HTTP Cookie Manager
2026-08-11 16:16:41,557 WARN o.a.j.p.h.s.HTTPSamplerBase: Existing CookieManager HTTP Cookie Manager superseded by HTTP Cookie Manager
2026-08-11 16:16:41,722 WARN o.a.j.p.h.s.HTTPSamplerBase: Existing CookieManager HTTP Cookie Manager superseded by HTTP Cookie Manager
2026-08-11 16:16:41,772 WARN o.a.j.p.h.s.HTTPSamplerBase: Existing CookieManager HTTP Cookie Manager superseded by HTTP Cookie Manager
2026-08-11 16:16:41,888 WARN o.a.j.p.h.s.HTTPSamplerBase: Existing CookieManager HTTP Cookie Manager superseded by HTTP Cookie Manager
2026-08-11 16:16:42,059 WARN o.a.j.p.h.s.HTTPSamplerBase: Existing CookieManager HTTP Cookie Manager superseded by HTTP Cookie Manager
2026-08-11 16:16:42,093 WARN o.a.j.p.h.s.HTTPSamplerBase: Existing CookieManager HTTP Cookie Manager superseded by HTTP Cookie Manager
2026-08-11 16:16:42,109 WARN o.a.j.p.h.s.HTTPSamplerBase: Existing CookieManager HTTP Cookie Manager superseded by HTTP Cookie Manager
2026-08-11 16:16:42,387 WARN o.a.j.p.h.s.HTTPSamplerBase: Existing CookieManager HTTP Cookie Manager superseded by HTTP Cookie Manager
2026-08-11 16:16:42,406 WARN o.a.j.p.h.s.HTTPSamplerBase: Existing CookieManager HTTP Cookie Manager superseded by HTTP Cookie Manager
2026-08-11 16:16:42,487 WARN o.a.j.p.h.s.HTTPSamplerBase: Existing CookieManager HTTP Cookie Manager superseded by HTTP Cookie Manager
2026-08-11 16:16:42,491 WARN o.a.j.p.h.s.HTTPSamplerBase: Existing CookieManager HTTP Cookie Manager superseded by HTTP Cookie Manager
2026-08-11 16:16:42,582 WARN o.a.j.p.h.s.HTTPSamplerBase: Existing CookieManager HTTP Cookie Manager superseded by HTTP Cookie Manager
2026-08-11 16:16:42,671 WARN o.a.j.p.h.s.HTTPSamplerBase: Existing CookieManager HTTP Cookie Manager superseded by HTTP Cookie Manager
2026-08-11 16:16:42,790 WARN o.a.j.p.h.s.HTTPSamplerBase: Existing CookieManager HTTP Cookie Manager superseded by HTTP Cookie Manager
2026-08-11 16:16:42,824 WARN o.a.j.p.h.s.HTTPSamplerBase: Existing CookieManager HTTP Cookie Manager superseded by HTTP Cookie Manager
2026-08-11 16:16:42,887 WARN o.a.j.p.h.s.HTTPSamplerBase: Existing CookieManager HTTP Cookie Manager superseded by HTTP Cookie Manager
2026-08-11 16:16:43,003 WARN o.a.j.p.h.s.HTTPSamplerBase: Existing CookieManager HTTP Cookie Manager superseded by HTTP Cookie Manager
2026-08-11 16:16:43,020 WARN o.a.j.p.h.s.HTTPSamplerBase: Existing CookieManager HTTP Cookie Manager superseded by HTTP Cookie Manager
2026-08-11 16:16:43,036 WARN o.a.j.p.h.s.HTTPSamplerBase: Existing CookieManager HTTP Cookie Manager superseded by HTTP Cookie Manager
2026-08-11 16:16:43,164 WARN o.a.j.p.h.s.HTTPSamplerBase: Existing CookieManager HTTP Cookie Manager superseded by HTTP Cookie Manager
2026-08-11 16:16:43,344 WARN o.a.j.p.h.s.HTTPSamplerBase: Existing CookieManager HTTP Cookie Manager superseded by HTTP Cookie Manager
2026-08-11 16:16:43,353 WARN o.a.j.p.h.s.HTTPSamplerBase: Existing CookieManager HTTP Cookie Manager superseded by HTTP Cookie Manager
2026-08-11 16:16:43,462 WARN o.a.j.p.h.s.HTTPSamplerBase: Existing CookieManager HTTP Cookie Manager superseded by HTTP Cookie Manager
2026-08-11 16:16:43,477 WARN o.a.j.p.h.s.HTTPSamplerBase: Existing CookieManager HTTP Cookie Manager superseded by HTTP Cookie Manager
2026-08-11 16:16:43,778 WARN o.a.j.p.h.s.HTTPSamplerBase: Existing CookieManager HTTP Cookie Manager superseded by HTTP Cookie Manager
2026-08-11 16:16:43,789 WARN o.a.j.p.h.s.HTTPSamplerBase: Existing CookieManager HTTP Cookie Manager superseded by HTTP Cookie Manager
2026-08-11 16:16:43,789 WARN o.a.j.p.h.s.HTTPSamplerBase: Existing CookieManager HTTP Cookie Manager superseded by HTTP Cookie Manager
2026-08-11 16:16:44,076 WARN o.a.j.p.h.s.HTTPSamplerBase: Existing CookieManager HTTP Cookie Manager superseded by HTTP Cookie Manager
2026-08-11 16:16:44,102 WARN o.a.j.p.h.s.HTTPSamplerBase: Existing CookieManager HTTP Cookie Manager superseded by HTTP Cookie Manager
2026-08-11 16:16:44,210 WARN o.a.j.p.h.s.HTTPSamplerBase: Existing CookieManager HTTP Cookie Manager superseded by HTTP Cookie Manager
2026-08-11 16:16:44,354 WARN o.a.j.p.h.s.HTTPSamplerBase: Existing CookieManager HTTP Cookie Manager superseded by HTTP Cookie Manager
2026-08-11 16:16:44,566 WARN o.a.j.p.h.s.HTTPSamplerBase: Existing CookieManager HTTP Cookie Manager superseded by HTTP Cookie Manager
2026-08-11 16:16:44,618 WARN o.a.j.p.h.s.HTTPSamplerBase: Existing CookieManager HTTP Cookie Manager superseded by HTTP Cookie Manager
2026-08-11 16:16:44,677 WARN o.a.j.p.h.s.HTTPSamplerBase: Existing CookieManager HTTP Cookie Manager superseded by HTTP Cookie Manager
2026-08-11 16:16:44,852 WARN o.a.j.p.h.s.HTTPSamplerBase: Existing CookieManager HTTP Cookie Manager superseded by HTTP Cookie Manager
2026-08-11 16:16:44,902 WARN o.a.j.p.h.s.HTTPSamplerBase: Existing CookieManager HTTP Cookie Manager superseded by HTTP Cookie Manager
2026-08-11 16:16:44,939 WARN o.a.j.p.h.s.HTTPSamplerBase: Existing CookieManager HTTP Cookie Manager superseded by HTTP Cookie Manager
2026-08-11 16:16:45,021 INFO o.a.j.r.Summariser: summary +    484 in 00:00:06 =   80.5/s Avg:   185 Min:    95 Max:   384 Err:     0 (0.00%) Active: 15 Started: 15 Finished: 0
2026-08-11 16:16:45,021 INFO o.a.j.r.Summariser: summary =  17734 in 00:03:50 =   77.1/s Avg:   189 Min:     1 Max:  2166 Err:    13 (0.07%)
2026-08-11 16:16:45,204 WARN o.a.j.p.h.s.HTTPSamplerBase: Existing CookieManager HTTP Cookie Manager superseded by HTTP Cookie Manager
2026-08-11 16:16:45,212 WARN o.a.j.p.h.s.HTTPSamplerBase: Existing CookieManager HTTP Cookie Manager superseded by HTTP Cookie Manager
2026-08-11 16:16:45,268 WARN o.a.j.p.h.s.HTTPSamplerBase: Existing CookieManager HTTP Cookie Manager superseded by HTTP Cookie Manager
2026-08-11 16:16:45,353 WARN o.a.j.p.h.s.HTTPSamplerBase: Existing CookieManager HTTP Cookie Manager superseded by HTTP Cookie Manager
2026-08-11 16:16:45,423 WARN o.a.j.p.h.s.HTTPSamplerBase: Existing CookieManager HTTP Cookie Manager superseded by HTTP Cookie Manager
2026-08-11 16:16:45,537 WARN o.a.j.p.h.s.HTTPSamplerBase: Existing CookieManager HTTP Cookie Manager superseded by HTTP Cookie Manager
2026-08-11 16:16:45,674 WARN o.a.j.p.h.s.HTTPSamplerBase: Existing CookieManager HTTP Cookie Manager superseded by HTTP Cookie Manager
2026-08-11 16:16:45,760 WARN o.a.j.p.h.s.HTTPSamplerBase: Existing CookieManager HTTP Cookie Manager superseded by HTTP Cookie Manager
2026-08-11 16:16:45,852 WARN o.a.j.p.h.s.HTTPSamplerBase: Existing CookieManager HTTP Cookie Manager superseded by HTTP Cookie Manager
2026-08-11 16:16:45,884 WARN o.a.j.p.h.s.HTTPSamplerBase: Existing CookieManager HTTP Cookie Manager superseded by HTTP Cookie Manager
2026-08-11 16:16:46,071 WARN o.a.j.p.h.s.HTTPSamplerBase: Existing CookieManager HTTP Cookie Manager superseded by HTTP Cookie Manager
2026-08-11 16:16:46,102 WARN o.a.j.p.h.s.HTTPSamplerBase: Existing CookieManager HTTP Cookie Manager superseded by HTTP Cookie Manager
2026-08-11 16:16:46,102 WARN o.a.j.p.h.s.HTTPSamplerBase: Existing CookieManager HTTP Cookie Manager superseded by HTTP Cookie Manager
2026-08-11 16:16:46,235 WARN o.a.j.p.h.s.HTTPSamplerBase: Existing CookieManager HTTP Cookie Manager superseded by HTTP Cookie Manager
2026-08-11 16:16:46,238 WARN o.a.j.p.h.s.HTTPSamplerBase: Existing CookieManager HTTP Cookie Manager superseded by HTTP Cookie Manager
2026-08-11 16:16:46,353 WARN o.a.j.p.h.s.HTTPSamplerBase: Existing CookieManager HTTP Cookie Manager superseded by HTTP Cookie Manager
2026-08-11 16:16:46,372 WARN o.a.j.p.h.s.HTTPSamplerBase: Existing CookieManager HTTP Cookie Manager superseded by HTTP Cookie Manager
2026-08-11 16:16:46,515 WARN o.a.j.p.h.s.HTTPSamplerBase: Existing CookieManager HTTP Cookie Manager superseded by HTTP Cookie Manager
2026-08-11 16:16:46,531 WARN o.a.j.p.h.s.HTTPSamplerBase: Existing CookieManager HTTP Cookie Manager superseded by HTTP Cookie Manager
2026-08-11 16:16:46,639 WARN o.a.j.p.h.s.HTTPSamplerBase: Existing CookieManager HTTP Cookie Manager superseded by HTTP Cookie Manager
2026-08-11 16:16:46,851 WARN o.a.j.p.h.s.HTTPSamplerBase: Existing CookieManager HTTP Cookie Manager superseded by HTTP Cookie Manager
2026-08-11 16:16:46,924 WARN o.a.j.p.h.s.HTTPSamplerBase: Existing CookieManager HTTP Cookie Manager superseded by HTTP Cookie Manager
2026-08-11 16:16:47,028 WARN o.a.j.p.h.s.HTTPSamplerBase: Existing CookieManager HTTP Cookie Manager superseded by HTTP Cookie Manager
2026-08-11 16:16:47,121 WARN o.a.j.p.h.s.HTTPSamplerBase: Existing CookieManager HTTP Cookie Manager superseded by HTTP Cookie Manager
2026-08-11 16:16:47,361 WARN o.a.j.p.h.s.HTTPSamplerBase: Existing CookieManager HTTP Cookie Manager superseded by HTTP Cookie Manager
2026-08-11 16:16:47,450 WARN o.a.j.p.h.s.HTTPSamplerBase: Existing CookieManager HTTP Cookie Manager superseded by HTTP Cookie Manager
2026-08-11 16:16:47,490 WARN o.a.j.p.h.s.HTTPSamplerBase: Existing CookieManager HTTP Cookie Manager superseded by HTTP Cookie Manager
2026-08-11 16:16:47,670 WARN o.a.j.p.h.s.HTTPSamplerBase: Existing CookieManager HTTP Cookie Manager superseded by HTTP Cookie Manager
2026-08-11 16:16:47,772 WARN o.a.j.p.h.s.HTTPSamplerBase: Existing CookieManager HTTP Cookie Manager superseded by HTTP Cookie Manager
2026-08-11 16:16:48,008 WARN o.a.j.p.h.s.HTTPSamplerBase: Existing CookieManager HTTP Cookie Manager superseded by HTTP Cookie Manager
2026-08-11 16:16:48,066 WARN o.a.j.p.h.s.HTTPSamplerBase: Existing CookieManager HTTP Cookie Manager superseded by HTTP Cookie Manager
2026-08-11 16:16:48,233 WARN o.a.j.p.h.s.HTTPSamplerBase: Existing CookieManager HTTP Cookie Manager superseded by HTTP Cookie Manager
2026-08-11 16:16:48,283 WARN o.a.j.p.h.s.HTTPSamplerBase: Existing CookieManager HTTP Cookie Manager superseded by HTTP Cookie Manager
2026-08-11 16:16:48,366 WARN o.a.j.p.h.s.HTTPSamplerBase: Existing CookieManager HTTP Cookie Manager superseded by HTTP Cookie Manager
2026-08-11 16:16:48,533 WARN o.a.j.p.h.s.HTTPSamplerBase: Existing CookieManager HTTP Cookie Manager superseded by HTTP Cookie Manager
2026-08-11 16:16:48,583 WARN o.a.j.p.h.s.HTTPSamplerBase: Existing CookieManager HTTP Cookie Manager superseded by HTTP Cookie Manager
2026-08-11 16:16:48,635 WARN o.a.j.p.h.s.HTTPSamplerBase: Existing CookieManager HTTP Cookie Manager superseded by HTTP Cookie Manager
2026-08-11 16:16:48,637 WARN o.a.j.p.h.s.HTTPSamplerBase: Existing CookieManager HTTP Cookie Manager superseded by HTTP Cookie Manager
2026-08-11 16:16:48,807 WARN o.a.j.p.h.s.HTTPSamplerBase: Existing CookieManager HTTP Cookie Manager superseded by HTTP Cookie Manager
2026-08-11 16:16:48,818 WARN o.a.j.p.h.s.HTTPSamplerBase: Existing CookieManager HTTP Cookie Manager superseded by HTTP Cookie Manager
2026-08-11 16:16:48,866 WARN o.a.j.p.h.s.HTTPSamplerBase: Existing CookieManager HTTP Cookie Manager superseded by HTTP Cookie Manager
2026-08-11 16:16:48,911 WARN o.a.j.p.h.s.HTTPSamplerBase: Existing CookieManager HTTP Cookie Manager superseded by HTTP Cookie Manager
2026-08-11 16:16:48,948 WARN o.a.j.p.h.s.HTTPSamplerBase: Existing CookieManager HTTP Cookie Manager superseded by HTTP Cookie Manager
2026-08-11 16:16:49,013 WARN o.a.j.p.h.s.HTTPSamplerBase: Existing CookieManager HTTP Cookie Manager superseded by HTTP Cookie Manager
2026-08-11 16:16:49,110 WARN o.a.j.p.h.s.HTTPSamplerBase: Existing CookieManager HTTP Cookie Manager superseded by HTTP Cookie Manager
2026-08-11 16:16:49,255 WARN o.a.j.p.h.s.HTTPSamplerBase: Existing CookieManager HTTP Cookie Manager superseded by HTTP Cookie Manager
2026-08-11 16:16:49,302 WARN o.a.j.p.h.s.HTTPSamplerBase: Existing CookieManager HTTP Cookie Manager superseded by HTTP Cookie Manager
2026-08-11 16:16:49,349 WARN o.a.j.p.h.s.HTTPSamplerBase: Existing CookieManager HTTP Cookie Manager superseded by HTTP Cookie Manager
2026-08-11 16:16:49,465 WARN o.a.j.p.h.s.HTTPSamplerBase: Existing CookieManager HTTP Cookie Manager superseded by HTTP Cookie Manager
2026-08-11 16:16:49,563 WARN o.a.j.p.h.s.HTTPSamplerBase: Existing CookieManager HTTP Cookie Manager superseded by HTTP Cookie Manager
2026-08-11 16:16:49,764 WARN o.a.j.p.h.s.HTTPSamplerBase: Existing CookieManager HTTP Cookie Manager superseded by HTTP Cookie Manager
2026-08-11 16:16:49,835 WARN o.a.j.p.h.s.HTTPSamplerBase: Existing CookieManager HTTP Cookie Manager superseded by HTTP Cookie Manager
2026-08-11 16:16:49,881 WARN o.a.j.p.h.s.HTTPSamplerBase: Existing CookieManager HTTP Cookie Manager superseded by HTTP Cookie Manager
2026-08-11 16:16:49,881 WARN o.a.j.p.h.s.HTTPSamplerBase: Existing CookieManager HTTP Cookie Manager superseded by HTTP Cookie Manager
2026-08-11 16:16:50,206 WARN o.a.j.p.h.s.HTTPSamplerBase: Existing CookieManager HTTP Cookie Manager superseded by HTTP Cookie Manager
2026-08-11 16:16:50,268 WARN o.a.j.p.h.s.HTTPSamplerBase: Existing CookieManager HTTP Cookie Manager superseded by HTTP Cookie Manager
2026-08-11 16:16:50,309 WARN o.a.j.p.h.s.HTTPSamplerBase: Existing CookieManager HTTP Cookie Manager superseded by HTTP Cookie Manager
2026-08-11 16:16:50,448 WARN o.a.j.p.h.s.HTTPSamplerBase: Existing CookieManager HTTP Cookie Manager superseded by HTTP Cookie Manager
2026-08-11 16:16:50,584 WARN o.a.j.p.h.s.HTTPSamplerBase: Existing CookieManager HTTP Cookie Manager superseded by HTTP Cookie Manager
2026-08-11 16:16:50,781 WARN o.a.j.p.h.s.HTTPSamplerBase: Existing CookieManager HTTP Cookie Manager superseded by HTTP Cookie Manager
2026-08-11 16:16:50,881 WARN o.a.j.p.h.s.HTTPSamplerBase: Existing CookieManager HTTP Cookie Manager superseded by HTTP Cookie Manager
2026-08-11 16:16:51,005 INFO o.a.j.r.Summariser: summary +    467 in 00:00:06 =   78.0/s Avg:   191 Min:    94 Max:  1071 Err:     1 (0.21%) Active: 15 Started: 15 Finished: 0
2026-08-11 16:16:51,005 INFO o.a.j.r.Summariser: summary =  18201 in 00:03:56 =   77.1/s Avg:   189 Min:     1 Max:  2166 Err:    14 (0.08%)
2026-08-11 16:16:51,038 WARN o.a.j.p.h.s.HTTPSamplerBase: Existing CookieManager HTTP Cookie Manager superseded by HTTP Cookie Manager
2026-08-11 16:16:51,128 WARN o.a.j.p.h.s.HTTPSamplerBase: Existing CookieManager HTTP Cookie Manager superseded by HTTP Cookie Manager
2026-08-11 16:16:51,213 WARN o.a.j.p.h.s.HTTPSamplerBase: Existing CookieManager HTTP Cookie Manager superseded by HTTP Cookie Manager
2026-08-11 16:16:51,301 WARN o.a.j.p.h.s.HTTPSamplerBase: Existing CookieManager HTTP Cookie Manager superseded by HTTP Cookie Manager
2026-08-11 16:16:51,349 WARN o.a.j.p.h.s.HTTPSamplerBase: Existing CookieManager HTTP Cookie Manager superseded by HTTP Cookie Manager
2026-08-11 16:16:51,371 WARN o.a.j.p.h.s.HTTPSamplerBase: Existing CookieManager HTTP Cookie Manager superseded by HTTP Cookie Manager
2026-08-11 16:16:51,447 WARN o.a.j.p.h.s.HTTPSamplerBase: Existing CookieManager HTTP Cookie Manager superseded by HTTP Cookie Manager
2026-08-11 16:16:51,549 WARN o.a.j.p.h.s.HTTPSamplerBase: Existing CookieManager HTTP Cookie Manager superseded by HTTP Cookie Manager
2026-08-11 16:16:51,616 WARN o.a.j.p.h.s.HTTPSamplerBase: Existing CookieManager HTTP Cookie Manager superseded by HTTP Cookie Manager
2026-08-11 16:16:51,669 WARN o.a.j.p.h.s.HTTPSamplerBase: Existing CookieManager HTTP Cookie Manager superseded by HTTP Cookie Manager
2026-08-11 16:16:51,770 WARN o.a.j.p.h.s.HTTPSamplerBase: Existing CookieManager HTTP Cookie Manager superseded by HTTP Cookie Manager
2026-08-11 16:16:51,783 WARN o.a.j.p.h.s.HTTPSamplerBase: Existing CookieManager HTTP Cookie Manager superseded by HTTP Cookie Manager
2026-08-11 16:16:51,833 WARN o.a.j.p.h.s.HTTPSamplerBase: Existing CookieManager HTTP Cookie Manager superseded by HTTP Cookie Manager
2026-08-11 16:16:51,963 WARN o.a.j.p.h.s.HTTPSamplerBase: Existing CookieManager HTTP Cookie Manager superseded by HTTP Cookie Manager
2026-08-11 16:16:52,129 WARN o.a.j.p.h.s.HTTPSamplerBase: Existing CookieManager HTTP Cookie Manager superseded by HTTP Cookie Manager
2026-08-11 16:16:52,129 WARN o.a.j.p.h.s.HTTPSamplerBase: Existing CookieManager HTTP Cookie Manager superseded by HTTP Cookie Manager
2026-08-11 16:16:52,164 WARN o.a.j.p.h.s.HTTPSamplerBase: Existing CookieManager HTTP Cookie Manager superseded by HTTP Cookie Manager
2026-08-11 16:16:52,298 WARN o.a.j.p.h.s.HTTPSamplerBase: Existing CookieManager HTTP Cookie Manager superseded by HTTP Cookie Manager
2026-08-11 16:16:52,441 WARN o.a.j.p.h.s.HTTPSamplerBase: Existing CookieManager HTTP Cookie Manager superseded by HTTP Cookie Manager
2026-08-11 16:16:52,504 WARN o.a.j.p.h.s.HTTPSamplerBase: Existing CookieManager HTTP Cookie Manager superseded by HTTP Cookie Manager
2026-08-11 16:16:52,670 WARN o.a.j.p.h.s.HTTPSamplerBase: Existing CookieManager HTTP Cookie Manager superseded by HTTP Cookie Manager
2026-08-11 16:16:52,745 WARN o.a.j.p.h.s.HTTPSamplerBase: Existing CookieManager HTTP Cookie Manager superseded by HTTP Cookie Manager
2026-08-11 16:16:52,745 WARN o.a.j.p.h.s.HTTPSamplerBase: Existing CookieManager HTTP Cookie Manager superseded by HTTP Cookie Manager
2026-08-11 16:16:52,999 WARN o.a.j.p.h.s.HTTPSamplerBase: Existing CookieManager HTTP Cookie Manager superseded by HTTP Cookie Manager
2026-08-11 16:16:53,063 WARN o.a.j.p.h.s.HTTPSamplerBase: Existing CookieManager HTTP Cookie Manager superseded by HTTP Cookie Manager
2026-08-11 16:16:53,097 WARN o.a.j.p.h.s.HTTPSamplerBase: Existing CookieManager HTTP Cookie Manager superseded by HTTP Cookie Manager
2026-08-11 16:16:53,216 WARN o.a.j.p.h.s.HTTPSamplerBase: Existing CookieManager HTTP Cookie Manager superseded by HTTP Cookie Manager
2026-08-11 16:16:53,392 WARN o.a.j.p.h.s.HTTPSamplerBase: Existing CookieManager HTTP Cookie Manager superseded by HTTP Cookie Manager
2026-08-11 16:16:53,551 WARN o.a.j.p.h.s.HTTPSamplerBase: Existing CookieManager HTTP Cookie Manager superseded by HTTP Cookie Manager
2026-08-11 16:16:53,648 WARN o.a.j.p.h.s.HTTPSamplerBase: Existing CookieManager HTTP Cookie Manager superseded by HTTP Cookie Manager
2026-08-11 16:16:53,764 WARN o.a.j.p.h.s.HTTPSamplerBase: Existing CookieManager HTTP Cookie Manager superseded by HTTP Cookie Manager
2026-08-11 16:16:53,910 WARN o.a.j.p.h.s.HTTPSamplerBase: Existing CookieManager HTTP Cookie Manager superseded by HTTP Cookie Manager
2026-08-11 16:16:53,978 WARN o.a.j.p.h.s.HTTPSamplerBase: Existing CookieManager HTTP Cookie Manager superseded by HTTP Cookie Manager
2026-08-11 16:16:54,028 WARN o.a.j.p.h.s.HTTPSamplerBase: Existing CookieManager HTTP Cookie Manager superseded by HTTP Cookie Manager
2026-08-11 16:16:54,090 WARN o.a.j.p.h.s.HTTPSamplerBase: Existing CookieManager HTTP Cookie Manager superseded by HTTP Cookie Manager
2026-08-11 16:16:54,093 WARN o.a.j.p.h.s.HTTPSamplerBase: Existing CookieManager HTTP Cookie Manager superseded by HTTP Cookie Manager
2026-08-11 16:16:54,247 WARN o.a.j.p.h.s.HTTPSamplerBase: Existing CookieManager HTTP Cookie Manager superseded by HTTP Cookie Manager
2026-08-11 16:16:54,247 WARN o.a.j.p.h.s.HTTPSamplerBase: Existing CookieManager HTTP Cookie Manager superseded by HTTP Cookie Manager
2026-08-11 16:16:54,317 WARN o.a.j.p.h.s.HTTPSamplerBase: Existing CookieManager HTTP Cookie Manager superseded by HTTP Cookie Manager
2026-08-11 16:16:54,397 WARN o.a.j.p.h.s.HTTPSamplerBase: Existing CookieManager HTTP Cookie Manager superseded by HTTP Cookie Manager
2026-08-11 16:16:54,547 WARN o.a.j.p.h.s.HTTPSamplerBase: Existing CookieManager HTTP Cookie Manager superseded by HTTP Cookie Manager
2026-08-11 16:16:54,579 WARN o.a.j.p.h.s.HTTPSamplerBase: Existing CookieManager HTTP Cookie Manager superseded by HTTP Cookie Manager
2026-08-11 16:16:54,629 WARN o.a.j.p.h.s.HTTPSamplerBase: Existing CookieManager HTTP Cookie Manager superseded by HTTP Cookie Manager
2026-08-11 16:16:54,883 WARN o.a.j.p.h.s.HTTPSamplerBase: Existing CookieManager HTTP Cookie Manager superseded by HTTP Cookie Manager
2026-08-11 16:16:54,901 WARN o.a.j.p.h.s.HTTPSamplerBase: Existing CookieManager HTTP Cookie Manager superseded by HTTP Cookie Manager
2026-08-11 16:16:54,972 WARN o.a.j.p.h.s.HTTPSamplerBase: Existing CookieManager HTTP Cookie Manager superseded by HTTP Cookie Manager
2026-08-11 16:16:55,027 WARN o.a.j.p.h.s.HTTPSamplerBase: Existing CookieManager HTTP Cookie Manager superseded by HTTP Cookie Manager
2026-08-11 16:16:55,110 INFO o.a.j.t.JMeterThread: Stopping because end time detected by thread: Thread Group 1-4
2026-08-11 16:16:55,110 INFO o.a.j.t.JMeterThread: Thread finished: Thread Group 1-4
2026-08-11 16:16:55,147 INFO o.a.j.t.JMeterThread: Stopping because end time detected by thread: Thread Group 1-7
2026-08-11 16:16:55,147 INFO o.a.j.t.JMeterThread: Thread finished: Thread Group 1-7
2026-08-11 16:16:55,184 INFO o.a.j.t.JMeterThread: Stopping because end time detected by thread: Thread Group 1-3
2026-08-11 16:16:55,184 INFO o.a.j.t.JMeterThread: Thread finished: Thread Group 1-3
2026-08-11 16:16:55,184 INFO o.a.j.t.JMeterThread: Stopping because end time detected by thread: Thread Group 1-9
2026-08-11 16:16:55,184 INFO o.a.j.t.JMeterThread: Thread finished: Thread Group 1-9
2026-08-11 16:16:55,188 INFO o.a.j.t.JMeterThread: Stopping because end time detected by thread: Thread Group 1-1
2026-08-11 16:16:55,188 INFO o.a.j.t.JMeterThread: Thread finished: Thread Group 1-1
2026-08-11 16:16:55,188 INFO o.a.j.t.JMeterThread: Stopping because end time detected by thread: Thread Group 1-14
2026-08-11 16:16:55,188 INFO o.a.j.t.JMeterThread: Thread finished: Thread Group 1-14
2026-08-11 16:16:55,190 INFO o.a.j.t.JMeterThread: Stopping because end time detected by thread: Thread Group 1-2
2026-08-11 16:16:55,190 INFO o.a.j.t.JMeterThread: Thread finished: Thread Group 1-2
2026-08-11 16:16:55,190 INFO o.a.j.t.JMeterThread: Stopping because end time detected by thread: Thread Group 1-5
2026-08-11 16:16:55,190 INFO o.a.j.t.JMeterThread: Thread finished: Thread Group 1-5
2026-08-11 16:16:55,199 INFO o.a.j.t.JMeterThread: Stopping because end time detected by thread: Thread Group 1-6
2026-08-11 16:16:55,199 INFO o.a.j.t.JMeterThread: Thread finished: Thread Group 1-6
2026-08-11 16:16:55,227 INFO o.a.j.t.JMeterThread: Stopping because end time detected by thread: Thread Group 1-8
2026-08-11 16:16:55,227 INFO o.a.j.t.JMeterThread: Thread finished: Thread Group 1-8
2026-08-11 16:16:55,227 INFO o.a.j.t.JMeterThread: Stopping because end time detected by thread: Thread Group 1-10
2026-08-11 16:16:55,227 INFO o.a.j.t.JMeterThread: Thread finished: Thread Group 1-10
2026-08-11 16:16:55,227 INFO o.a.j.t.JMeterThread: Stopping because end time detected by thread: Thread Group 1-13
2026-08-11 16:16:55,227 INFO o.a.j.t.JMeterThread: Thread finished: Thread Group 1-13
2026-08-11 16:16:55,248 INFO o.a.j.t.JMeterThread: Stopping because end time detected by thread: Thread Group 1-12
2026-08-11 16:16:55,248 INFO o.a.j.t.JMeterThread: Thread finished: Thread Group 1-12
2026-08-11 16:16:55,259 INFO o.a.j.t.JMeterThread: Stopping because end time detected by thread: Thread Group 1-15
2026-08-11 16:16:55,259 INFO o.a.j.t.JMeterThread: Thread finished: Thread Group 1-15
2026-08-11 16:16:55,348 INFO o.a.j.t.JMeterThread: Stopping because end time detected by thread: Thread Group 1-11
2026-08-11 16:16:55,348 INFO o.a.j.t.JMeterThread: Thread finished: Thread Group 1-11
2026-08-11 16:16:55,365 INFO o.a.j.e.StandardJMeterEngine: Notifying test listeners of end of test
2026-08-11 16:16:55,367 INFO o.a.j.r.Summariser: summary +    345 in 00:00:04 =   79.1/s Avg:   186 Min:    99 Max:   369 Err:     0 (0.00%) Active: 0 Started: 15 Finished: 15
2026-08-11 16:16:55,368 INFO o.a.j.r.Summariser: summary =  18546 in 00:04:00 =   77.2/s Avg:   189 Min:     1 Max:  2166 Err:    14 (0.08%)
