2026-08-03 19:07:00,983 INFO o.a.j.u.JMeterUtils: Setting Locale to en_EN
2026-08-03 19:07:01,041 INFO o.a.j.JMeter: Loading user properties from: D:\apache-jmeter-5.6.3\bin\user.properties
2026-08-03 19:07:01,041 INFO o.a.j.JMeter: Loading system properties from: D:\apache-jmeter-5.6.3\bin\system.properties
2026-08-03 19:07:01,043 INFO o.a.j.JMeter: Setting JMeter property: jmeter.save.saveservice.autoflush=true
2026-08-03 19:07:01,043 INFO o.a.j.JMeter: Setting JMeter property: summariser.interval=3
2026-08-03 19:07:01,043 INFO o.a.j.JMeter: Setting JMeter property: threads=10
2026-08-03 19:07:01,043 INFO o.a.j.JMeter: Setting JMeter property: users=10
2026-08-03 19:07:01,044 INFO o.a.j.JMeter: Setting JMeter property: num_threads=10
2026-08-03 19:07:01,063 INFO o.a.j.JMeter: Setting JMeter property: durationSeconds=120
2026-08-03 19:07:01,063 INFO o.a.j.JMeter: Setting JMeter property: duration=120
2026-08-03 19:07:01,065 INFO o.a.j.JMeter: Setting JMeter property: rampupSeconds=10
2026-08-03 19:07:01,065 INFO o.a.j.JMeter: Setting JMeter property: rampup=10
2026-08-03 19:07:01,081 INFO o.a.j.JMeter: Copyright (c) 1998-2024 The Apache Software Foundation
2026-08-03 19:07:01,081 INFO o.a.j.JMeter: Version 5.6.3
2026-08-03 19:07:01,083 INFO o.a.j.JMeter: java.version=17.0.12
2026-08-03 19:07:01,083 INFO o.a.j.JMeter: java.vm.name=Java HotSpot(TM) 64-Bit Server VM
2026-08-03 19:07:01,085 INFO o.a.j.JMeter: os.name=Windows 11
2026-08-03 19:07:01,086 INFO o.a.j.JMeter: os.arch=amd64
2026-08-03 19:07:01,086 INFO o.a.j.JMeter: os.version=10.0
2026-08-03 19:07:01,087 INFO o.a.j.JMeter: file.encoding=Cp1252
2026-08-03 19:07:01,087 INFO o.a.j.JMeter: java.awt.headless=true
2026-08-03 19:07:01,087 INFO o.a.j.JMeter: Max memory     =1073741824
2026-08-03 19:07:01,087 INFO o.a.j.JMeter: Available Processors =14
2026-08-03 19:07:01,107 INFO o.a.j.JMeter: Default Locale=English (EN)
2026-08-03 19:07:01,107 INFO o.a.j.JMeter: JMeter  Locale=English (EN)
2026-08-03 19:07:01,107 INFO o.a.j.JMeter: JMeterHome=D:\apache-jmeter-5.6.3
2026-08-03 19:07:01,107 INFO o.a.j.JMeter: user.dir  =D:\BlazemeterMCPZIP\PerfPilot
2026-08-03 19:07:01,110 INFO o.a.j.JMeter: PWD       =D:\BlazemeterMCPZIP\PerfPilot
2026-08-03 19:07:01,112 INFO o.a.j.JMeter: IP: 192.168.128.232 Name: AICPL-L224 FullName: AICPL-L224
2026-08-03 19:07:01,144 INFO o.a.j.s.FileServer: Default base='D:\BlazemeterMCPZIP\PerfPilot'
2026-08-03 19:07:01,146 INFO o.a.j.s.FileServer: Set new base='D:\BlazemeterMCPZIP\PerfPilot\Tests'
2026-08-03 19:07:01,622 INFO o.a.j.s.SaveService: Testplan (JMX) version: 2.2. Testlog (JTL) version: 2.2
2026-08-03 19:07:01,684 INFO o.a.j.s.SaveService: Using SaveService properties version 5.0
2026-08-03 19:07:01,691 INFO o.a.j.s.SaveService: Using SaveService properties file encoding UTF-8
2026-08-03 19:07:01,699 INFO o.a.j.s.SaveService: Loading file: D:\BlazemeterMCPZIP\PerfPilot\Tests\Jpet_01.jmx
2026-08-03 19:07:01,769 INFO o.a.j.p.h.c.CookieManager: Settings: Delete null: true Check: true Allow variable: true Save: false Prefix: COOKIE_
2026-08-03 19:07:01,846 INFO o.a.j.p.h.s.HTTPSamplerBase: Parser for text/html is org.apache.jmeter.protocol.http.parser.LagartoBasedHtmlParser
2026-08-03 19:07:01,846 INFO o.a.j.p.h.s.HTTPSamplerBase: Parser for application/xhtml+xml is org.apache.jmeter.protocol.http.parser.LagartoBasedHtmlParser
2026-08-03 19:07:01,846 INFO o.a.j.p.h.s.HTTPSamplerBase: Parser for application/xml is org.apache.jmeter.protocol.http.parser.LagartoBasedHtmlParser
2026-08-03 19:07:01,846 INFO o.a.j.p.h.s.HTTPSamplerBase: Parser for text/xml is org.apache.jmeter.protocol.http.parser.LagartoBasedHtmlParser
2026-08-03 19:07:01,846 INFO o.a.j.p.h.s.HTTPSamplerBase: Parser for text/vnd.wap.wml is org.apache.jmeter.protocol.http.parser.RegexpHTMLParser
2026-08-03 19:07:01,846 INFO o.a.j.p.h.s.HTTPSamplerBase: Parser for text/css is org.apache.jmeter.protocol.http.parser.CssParser
2026-08-03 19:07:02,439 INFO o.a.j.e.KeyToolUtils: keytool found at 'keytool'
2026-08-03 19:07:02,439 INFO o.a.j.p.h.p.ProxyControl: HTTP(S) Test Script Recorder SSL Proxy will use keys that support embedded 3rd party resources in file D:\apache-jmeter-5.6.3\bin\proxyserver.jks
2026-08-03 19:07:02,482 INFO o.a.j.JMeter: Creating summariser <summary>
2026-08-03 19:07:02,517 INFO o.a.j.e.StandardJMeterEngine: Running the test!
2026-08-03 19:07:02,519 INFO o.a.j.s.SampleEvent: List of sample_variables: []
2026-08-03 19:07:02,519 INFO o.a.j.s.SampleEvent: List of sample_variables: []
2026-08-03 19:07:02,532 INFO o.a.j.e.u.CompoundVariable: Note: Function class names must contain the string: '.functions.'
2026-08-03 19:07:02,533 INFO o.a.j.e.u.CompoundVariable: Note: Function class names must not contain the string: '.gui.'
2026-08-03 19:07:02,698 INFO o.a.j.r.ClassFinder: Will scan jar D:\apache-jmeter-5.6.3\lib\ext\jmeter-plugins-manager-1.12.jar with filter ExtendsClassFilter [parents=[interface org.apache.jmeter.functions.Function], inner=false, contains=null, notContains=null]. Consider exposing JMeter plugins via META-INF/services, and add JMeter-Skip-Class-Scanning=true manifest attribute so JMeter can skip classfile scanning
2026-08-03 19:07:02,948 INFO o.a.j.r.ClassFinder: Will scan jar D:\apache-jmeter-5.6.3\lib\ext\jmeter-parallel-0.12.jar with filter ExtendsClassFilter [parents=[interface org.apache.jmeter.functions.Function], inner=false, contains=null, notContains=null]. Consider exposing JMeter plugins via META-INF/services, and add JMeter-Skip-Class-Scanning=true manifest attribute so JMeter can skip classfile scanning
2026-08-03 19:07:02,965 INFO o.a.j.r.ClassFinder: Will scan jar D:\apache-jmeter-5.6.3\lib\ext\jmeter-plugins-senseuploader-3.5.jar with filter ExtendsClassFilter [parents=[interface org.apache.jmeter.functions.Function], inner=false, contains=null, notContains=null]. Consider exposing JMeter plugins via META-INF/services, and add JMeter-Skip-Class-Scanning=true manifest attribute so JMeter can skip classfile scanning
2026-08-03 19:07:03,224 INFO o.a.j.JMeter: Running test (1785764223224)
2026-08-03 19:07:03,268 INFO o.a.j.e.StandardJMeterEngine: Starting ThreadGroup: 1 : Thread Group
2026-08-03 19:07:03,268 INFO o.a.j.e.StandardJMeterEngine: Starting 10 threads for group Thread Group.
2026-08-03 19:07:03,268 INFO o.a.j.e.StandardJMeterEngine: Thread will continue on error
2026-08-03 19:07:03,268 INFO o.a.j.t.ThreadGroup: Starting thread group... number=1 threads=10 ramp-up=10 delayedStart=false
2026-08-03 19:07:03,318 INFO o.a.j.s.SampleResult: Note: Sample TimeStamps are START times
2026-08-03 19:07:03,320 INFO o.a.j.s.SampleResult: sampleresult.default.encoding is set to UTF-8
2026-08-03 19:07:03,320 INFO o.a.j.s.SampleResult: sampleresult.useNanoTime=true
2026-08-03 19:07:03,320 INFO o.a.j.s.SampleResult: sampleresult.nanoThreadSleep=5000
2026-08-03 19:07:03,328 INFO o.a.j.t.ThreadGroup: Started thread group number 1
2026-08-03 19:07:03,328 INFO o.a.j.e.StandardJMeterEngine: All thread groups have been started
2026-08-03 19:07:03,346 INFO o.a.j.t.JMeterThread: Thread started: Thread Group 1-1
2026-08-03 19:07:03,407 INFO o.a.j.p.h.s.HTTPHCAbstractImpl: Local host = AICPL-L224
2026-08-03 19:07:03,425 INFO o.a.j.p.h.s.HTTPHC4Impl: HTTP request retry count = 0
2026-08-03 19:07:03,665 INFO o.a.j.p.h.s.h.LazyLayeredConnectionSocketFactory: Setting up HTTPS TrustAll Socket Factory
2026-08-03 19:07:03,680 INFO o.a.j.u.JsseSSLManager: Using default SSL protocol: TLS
2026-08-03 19:07:03,681 INFO o.a.j.u.JsseSSLManager: SSL session context: per-thread
2026-08-03 19:07:04,024 INFO o.a.j.u.SSLManager: JmeterKeyStore Location:  type JKS
2026-08-03 19:07:04,035 INFO o.a.j.u.SSLManager: KeyStore created OK
2026-08-03 19:07:04,036 WARN o.a.j.u.SSLManager: Keystore file not found, loading empty keystore
2026-08-03 19:07:04,324 INFO o.a.j.t.JMeterThread: Thread started: Thread Group 1-2
2026-08-03 19:07:05,321 INFO o.a.j.t.JMeterThread: Thread started: Thread Group 1-3
2026-08-03 19:07:05,419 INFO o.a.j.r.Summariser: summary +      1 in 00:00:02 =    0.5/s Avg:  1853 Min:  1853 Max:  1853 Err:     0 (0.00%) Active: 3 Started: 3 Finished: 0
2026-08-03 19:07:06,317 INFO o.a.j.t.JMeterThread: Thread started: Thread Group 1-4
2026-08-03 19:07:07,301 INFO o.a.j.t.JMeterThread: Thread started: Thread Group 1-5
2026-08-03 19:07:08,310 INFO o.a.j.t.JMeterThread: Thread started: Thread Group 1-6
2026-08-03 19:07:08,345 WARN o.a.j.p.h.s.HTTPSamplerBase: Existing CookieManager HTTP Cookie Manager superseded by HTTP Cookie Manager
2026-08-03 19:07:08,414 WARN o.a.j.p.h.s.HTTPSamplerBase: Existing CookieManager HTTP Cookie Manager superseded by HTTP Cookie Manager
2026-08-03 19:07:08,702 WARN o.a.j.p.h.s.HTTPSamplerBase: Existing CookieManager HTTP Cookie Manager superseded by HTTP Cookie Manager
2026-08-03 19:07:09,299 INFO o.a.j.t.JMeterThread: Thread started: Thread Group 1-7
2026-08-03 19:07:09,566 WARN o.a.j.p.h.s.HTTPSamplerBase: Existing CookieManager HTTP Cookie Manager superseded by HTTP Cookie Manager
2026-08-03 19:07:10,299 INFO o.a.j.t.JMeterThread: Thread started: Thread Group 1-8
2026-08-03 19:07:10,451 WARN o.a.j.p.h.s.HTTPSamplerBase: Existing CookieManager HTTP Cookie Manager superseded by HTTP Cookie Manager
2026-08-03 19:07:10,647 WARN o.a.j.p.h.s.HTTPSamplerBase: Existing CookieManager HTTP Cookie Manager superseded by HTTP Cookie Manager
2026-08-03 19:07:10,746 WARN o.a.j.p.h.s.HTTPSamplerBase: Existing CookieManager HTTP Cookie Manager superseded by HTTP Cookie Manager
2026-08-03 19:07:10,899 WARN o.a.j.p.h.s.HTTPSamplerBase: Existing CookieManager HTTP Cookie Manager superseded by HTTP Cookie Manager
2026-08-03 19:07:10,996 WARN o.a.j.p.h.s.HTTPSamplerBase: Existing CookieManager HTTP Cookie Manager superseded by HTTP Cookie Manager
2026-08-03 19:07:11,009 INFO o.a.j.r.Summariser: summary +    145 in 00:00:06 =   25.9/s Avg:   209 Min:    85 Max:  1062 Err:     0 (0.00%) Active: 8 Started: 8 Finished: 0
2026-08-03 19:07:11,011 INFO o.a.j.r.Summariser: summary =    146 in 00:00:08 =   18.8/s Avg:   221 Min:    85 Max:  1853 Err:     0 (0.00%)
2026-08-03 19:07:11,012 WARN o.a.j.p.h.s.HTTPSamplerBase: Existing CookieManager HTTP Cookie Manager superseded by HTTP Cookie Manager
2026-08-03 19:07:11,245 WARN o.a.j.p.h.s.HTTPSamplerBase: Existing CookieManager HTTP Cookie Manager superseded by HTTP Cookie Manager
2026-08-03 19:07:11,293 INFO o.a.j.t.JMeterThread: Thread started: Thread Group 1-9
2026-08-03 19:07:11,480 WARN o.a.j.p.h.s.HTTPSamplerBase: Existing CookieManager HTTP Cookie Manager superseded by HTTP Cookie Manager
2026-08-03 19:07:11,907 WARN o.a.j.p.h.s.HTTPSamplerBase: Existing CookieManager HTTP Cookie Manager superseded by HTTP Cookie Manager
2026-08-03 19:07:12,162 WARN o.a.j.p.h.s.HTTPSamplerBase: Existing CookieManager HTTP Cookie Manager superseded by HTTP Cookie Manager
2026-08-03 19:07:12,292 INFO o.a.j.t.JMeterThread: Thread started: Thread Group 1-10
2026-08-03 19:07:12,482 WARN o.a.j.p.h.s.HTTPSamplerBase: Existing CookieManager HTTP Cookie Manager superseded by HTTP Cookie Manager
2026-08-03 19:07:12,723 WARN o.a.j.p.h.s.HTTPSamplerBase: Existing CookieManager HTTP Cookie Manager superseded by HTTP Cookie Manager
2026-08-03 19:07:12,976 WARN o.a.j.p.h.s.HTTPSamplerBase: Existing CookieManager HTTP Cookie Manager superseded by HTTP Cookie Manager
2026-08-03 19:07:13,157 WARN o.a.j.p.h.s.HTTPSamplerBase: Existing CookieManager HTTP Cookie Manager superseded by HTTP Cookie Manager
2026-08-03 19:07:13,325 WARN o.a.j.p.h.s.HTTPSamplerBase: Existing CookieManager HTTP Cookie Manager superseded by HTTP Cookie Manager
2026-08-03 19:07:13,406 WARN o.a.j.p.h.s.HTTPSamplerBase: Existing CookieManager HTTP Cookie Manager superseded by HTTP Cookie Manager
2026-08-03 19:07:13,479 WARN o.a.j.p.h.s.HTTPSamplerBase: Existing CookieManager HTTP Cookie Manager superseded by HTTP Cookie Manager
2026-08-03 19:07:13,540 WARN o.a.j.p.h.s.HTTPSamplerBase: Existing CookieManager HTTP Cookie Manager superseded by HTTP Cookie Manager
2026-08-03 19:07:13,593 WARN o.a.j.p.h.s.HTTPSamplerBase: Existing CookieManager HTTP Cookie Manager superseded by HTTP Cookie Manager
2026-08-03 19:07:13,777 WARN o.a.j.p.h.s.HTTPSamplerBase: Existing CookieManager HTTP Cookie Manager superseded by HTTP Cookie Manager
2026-08-03 19:07:13,791 WARN o.a.j.p.h.s.HTTPSamplerBase: Existing CookieManager HTTP Cookie Manager superseded by HTTP Cookie Manager
2026-08-03 19:07:14,026 WARN o.a.j.p.h.s.HTTPSamplerBase: Existing CookieManager HTTP Cookie Manager superseded by HTTP Cookie Manager
2026-08-03 19:07:14,456 WARN o.a.j.p.h.s.HTTPSamplerBase: Existing CookieManager HTTP Cookie Manager superseded by HTTP Cookie Manager
2026-08-03 19:07:14,469 WARN o.a.j.p.h.s.HTTPSamplerBase: Existing CookieManager HTTP Cookie Manager superseded by HTTP Cookie Manager
2026-08-03 19:07:14,702 WARN o.a.j.p.h.s.HTTPSamplerBase: Existing CookieManager HTTP Cookie Manager superseded by HTTP Cookie Manager
2026-08-03 19:07:14,792 WARN o.a.j.p.h.s.HTTPSamplerBase: Existing CookieManager HTTP Cookie Manager superseded by HTTP Cookie Manager
2026-08-03 19:07:15,038 WARN o.a.j.p.h.s.HTTPSamplerBase: Existing CookieManager HTTP Cookie Manager superseded by HTTP Cookie Manager
2026-08-03 19:07:15,257 WARN o.a.j.p.h.s.HTTPSamplerBase: Existing CookieManager HTTP Cookie Manager superseded by HTTP Cookie Manager
2026-08-03 19:07:15,459 WARN o.a.j.p.h.s.HTTPSamplerBase: Existing CookieManager HTTP Cookie Manager superseded by HTTP Cookie Manager
2026-08-03 19:07:15,502 WARN o.a.j.p.h.s.HTTPSamplerBase: Existing CookieManager HTTP Cookie Manager superseded by HTTP Cookie Manager
2026-08-03 19:07:15,672 WARN o.a.j.p.h.s.HTTPSamplerBase: Existing CookieManager HTTP Cookie Manager superseded by HTTP Cookie Manager
2026-08-03 19:07:15,791 WARN o.a.j.p.h.s.HTTPSamplerBase: Existing CookieManager HTTP Cookie Manager superseded by HTTP Cookie Manager
2026-08-03 19:07:15,900 WARN o.a.j.p.h.s.HTTPSamplerBase: Existing CookieManager HTTP Cookie Manager superseded by HTTP Cookie Manager
2026-08-03 19:07:15,932 WARN o.a.j.p.h.s.HTTPSamplerBase: Existing CookieManager HTTP Cookie Manager superseded by HTTP Cookie Manager
2026-08-03 19:07:16,044 WARN o.a.j.p.h.s.HTTPSamplerBase: Existing CookieManager HTTP Cookie Manager superseded by HTTP Cookie Manager
2026-08-03 19:07:16,054 WARN o.a.j.p.h.s.HTTPSamplerBase: Existing CookieManager HTTP Cookie Manager superseded by HTTP Cookie Manager
2026-08-03 19:07:16,145 WARN o.a.j.p.h.s.HTTPSamplerBase: Existing CookieManager HTTP Cookie Manager superseded by HTTP Cookie Manager
2026-08-03 19:07:16,311 WARN o.a.j.p.h.s.HTTPSamplerBase: Existing CookieManager HTTP Cookie Manager superseded by HTTP Cookie Manager
2026-08-03 19:07:16,313 WARN o.a.j.p.h.s.HTTPSamplerBase: Existing CookieManager HTTP Cookie Manager superseded by HTTP Cookie Manager
2026-08-03 19:07:16,616 WARN o.a.j.p.h.s.HTTPSamplerBase: Existing CookieManager HTTP Cookie Manager superseded by HTTP Cookie Manager
2026-08-03 19:07:16,822 WARN o.a.j.p.h.s.HTTPSamplerBase: Existing CookieManager HTTP Cookie Manager superseded by HTTP Cookie Manager
2026-08-03 19:07:17,073 INFO o.a.j.r.Summariser: summary +    330 in 00:00:06 =   54.4/s Avg:   177 Min:    78 Max:   679 Err:     0 (0.00%) Active: 10 Started: 10 Finished: 0
2026-08-03 19:07:17,073 INFO o.a.j.r.Summariser: summary =    476 in 00:00:14 =   34.4/s Avg:   190 Min:    78 Max:  1853 Err:     0 (0.00%)
2026-08-03 19:07:17,083 WARN o.a.j.p.h.s.HTTPSamplerBase: Existing CookieManager HTTP Cookie Manager superseded by HTTP Cookie Manager
2026-08-03 19:07:17,155 WARN o.a.j.p.h.s.HTTPSamplerBase: Existing CookieManager HTTP Cookie Manager superseded by HTTP Cookie Manager
2026-08-03 19:07:17,407 WARN o.a.j.p.h.s.HTTPSamplerBase: Existing CookieManager HTTP Cookie Manager superseded by HTTP Cookie Manager
2026-08-03 19:07:17,487 WARN o.a.j.p.h.s.HTTPSamplerBase: Existing CookieManager HTTP Cookie Manager superseded by HTTP Cookie Manager
2026-08-03 19:07:17,739 WARN o.a.j.p.h.s.HTTPSamplerBase: Existing CookieManager HTTP Cookie Manager superseded by HTTP Cookie Manager
2026-08-03 19:07:17,798 WARN o.a.j.p.h.s.HTTPSamplerBase: Existing CookieManager HTTP Cookie Manager superseded by HTTP Cookie Manager
2026-08-03 19:07:17,807 WARN o.a.j.p.h.s.HTTPSamplerBase: Existing CookieManager HTTP Cookie Manager superseded by HTTP Cookie Manager
2026-08-03 19:07:18,042 WARN o.a.j.p.h.s.HTTPSamplerBase: Existing CookieManager HTTP Cookie Manager superseded by HTTP Cookie Manager
2026-08-03 19:07:18,053 WARN o.a.j.p.h.s.HTTPSamplerBase: Existing CookieManager HTTP Cookie Manager superseded by HTTP Cookie Manager
2026-08-03 19:07:18,285 WARN o.a.j.p.h.s.HTTPSamplerBase: Existing CookieManager HTTP Cookie Manager superseded by HTTP Cookie Manager
2026-08-03 19:07:18,466 WARN o.a.j.p.h.s.HTTPSamplerBase: Existing CookieManager HTTP Cookie Manager superseded by HTTP Cookie Manager
2026-08-03 19:07:18,469 WARN o.a.j.p.h.s.HTTPSamplerBase: Existing CookieManager HTTP Cookie Manager superseded by HTTP Cookie Manager
2026-08-03 19:07:18,530 WARN o.a.j.p.h.s.HTTPSamplerBase: Existing CookieManager HTTP Cookie Manager superseded by HTTP Cookie Manager
2026-08-03 19:07:18,604 WARN o.a.j.p.h.s.HTTPSamplerBase: Existing CookieManager HTTP Cookie Manager superseded by HTTP Cookie Manager
2026-08-03 19:07:18,715 WARN o.a.j.p.h.s.HTTPSamplerBase: Existing CookieManager HTTP Cookie Manager superseded by HTTP Cookie Manager
2026-08-03 19:07:18,721 WARN o.a.j.p.h.s.HTTPSamplerBase: Existing CookieManager HTTP Cookie Manager superseded by HTTP Cookie Manager
2026-08-03 19:07:18,852 WARN o.a.j.p.h.s.HTTPSamplerBase: Existing CookieManager HTTP Cookie Manager superseded by HTTP Cookie Manager
2026-08-03 19:07:18,936 WARN o.a.j.p.h.s.HTTPSamplerBase: Existing CookieManager HTTP Cookie Manager superseded by HTTP Cookie Manager
2026-08-03 19:07:19,189 WARN o.a.j.p.h.s.HTTPSamplerBase: Existing CookieManager HTTP Cookie Manager superseded by HTTP Cookie Manager
2026-08-03 19:07:19,381 WARN o.a.j.p.h.s.HTTPSamplerBase: Existing CookieManager HTTP Cookie Manager superseded by HTTP Cookie Manager
2026-08-03 19:07:19,628 WARN o.a.j.p.h.s.HTTPSamplerBase: Existing CookieManager HTTP Cookie Manager superseded by HTTP Cookie Manager
2026-08-03 19:07:19,716 WARN o.a.j.p.h.s.HTTPSamplerBase: Existing CookieManager HTTP Cookie Manager superseded by HTTP Cookie Manager
2026-08-03 19:07:19,973 WARN o.a.j.p.h.s.HTTPSamplerBase: Existing CookieManager HTTP Cookie Manager superseded by HTTP Cookie Manager
2026-08-03 19:07:20,084 WARN o.a.j.p.h.s.HTTPSamplerBase: Existing CookieManager HTTP Cookie Manager superseded by HTTP Cookie Manager
2026-08-03 19:07:20,305 WARN o.a.j.p.h.s.HTTPSamplerBase: Existing CookieManager HTTP Cookie Manager superseded by HTTP Cookie Manager
2026-08-03 19:07:20,334 WARN o.a.j.p.h.s.HTTPSamplerBase: Existing CookieManager HTTP Cookie Manager superseded by HTTP Cookie Manager
2026-08-03 19:07:20,367 WARN o.a.j.p.h.s.HTTPSamplerBase: Existing CookieManager HTTP Cookie Manager superseded by HTTP Cookie Manager
2026-08-03 19:07:20,545 WARN o.a.j.p.h.s.HTTPSamplerBase: Existing CookieManager HTTP Cookie Manager superseded by HTTP Cookie Manager
2026-08-03 19:07:20,628 WARN o.a.j.p.h.s.HTTPSamplerBase: Existing CookieManager HTTP Cookie Manager superseded by HTTP Cookie Manager
2026-08-03 19:07:20,783 WARN o.a.j.p.h.s.HTTPSamplerBase: Existing CookieManager HTTP Cookie Manager superseded by HTTP Cookie Manager
2026-08-03 19:07:21,031 WARN o.a.j.p.h.s.HTTPSamplerBase: Existing CookieManager HTTP Cookie Manager superseded by HTTP Cookie Manager
2026-08-03 19:07:21,035 WARN o.a.j.p.h.s.HTTPSamplerBase: Existing CookieManager HTTP Cookie Manager superseded by HTTP Cookie Manager
2026-08-03 19:07:21,035 WARN o.a.j.p.h.s.HTTPSamplerBase: Existing CookieManager HTTP Cookie Manager superseded by HTTP Cookie Manager
2026-08-03 19:07:21,114 WARN o.a.j.p.h.s.HTTPSamplerBase: Existing CookieManager HTTP Cookie Manager superseded by HTTP Cookie Manager
2026-08-03 19:07:21,285 WARN o.a.j.p.h.s.HTTPSamplerBase: Existing CookieManager HTTP Cookie Manager superseded by HTTP Cookie Manager
2026-08-03 19:07:21,286 WARN o.a.j.p.h.s.HTTPSamplerBase: Existing CookieManager HTTP Cookie Manager superseded by HTTP Cookie Manager
2026-08-03 19:07:21,350 WARN o.a.j.p.h.s.HTTPSamplerBase: Existing CookieManager HTTP Cookie Manager superseded by HTTP Cookie Manager
2026-08-03 19:07:21,444 WARN o.a.j.p.h.s.HTTPSamplerBase: Existing CookieManager HTTP Cookie Manager superseded by HTTP Cookie Manager
2026-08-03 19:07:21,716 WARN o.a.j.p.h.s.HTTPSamplerBase: Existing CookieManager HTTP Cookie Manager superseded by HTTP Cookie Manager
2026-08-03 19:07:21,916 WARN o.a.j.p.h.s.HTTPSamplerBase: Existing CookieManager HTTP Cookie Manager superseded by HTTP Cookie Manager
2026-08-03 19:07:22,168 WARN o.a.j.p.h.s.HTTPSamplerBase: Existing CookieManager HTTP Cookie Manager superseded by HTTP Cookie Manager
2026-08-03 19:07:22,287 WARN o.a.j.p.h.s.HTTPSamplerBase: Existing CookieManager HTTP Cookie Manager superseded by HTTP Cookie Manager
2026-08-03 19:07:22,534 WARN o.a.j.p.h.s.HTTPSamplerBase: Existing CookieManager HTTP Cookie Manager superseded by HTTP Cookie Manager
2026-08-03 19:07:22,631 WARN o.a.j.p.h.s.HTTPSamplerBase: Existing CookieManager HTTP Cookie Manager superseded by HTTP Cookie Manager
2026-08-03 19:07:22,782 WARN o.a.j.p.h.s.HTTPSamplerBase: Existing CookieManager HTTP Cookie Manager superseded by HTTP Cookie Manager
2026-08-03 19:07:22,882 WARN o.a.j.p.h.s.HTTPSamplerBase: Existing CookieManager HTTP Cookie Manager superseded by HTTP Cookie Manager
2026-08-03 19:07:22,954 WARN o.a.j.p.h.s.HTTPSamplerBase: Existing CookieManager HTTP Cookie Manager superseded by HTTP Cookie Manager
2026-08-03 19:07:23,001 INFO o.a.j.r.Summariser: summary +    352 in 00:00:06 =   59.4/s Avg:   167 Min:    76 Max:   329 Err:     0 (0.00%) Active: 10 Started: 10 Finished: 0
2026-08-03 19:07:23,010 INFO o.a.j.r.Summariser: summary =    828 in 00:00:20 =   41.9/s Avg:   180 Min:    76 Max:  1853 Err:     0 (0.00%)
2026-08-03 19:07:23,032 WARN o.a.j.p.h.s.HTTPSamplerBase: Existing CookieManager HTTP Cookie Manager superseded by HTTP Cookie Manager
2026-08-03 19:07:23,199 WARN o.a.j.p.h.s.HTTPSamplerBase: Existing CookieManager HTTP Cookie Manager superseded by HTTP Cookie Manager
2026-08-03 19:07:23,265 WARN o.a.j.p.h.s.HTTPSamplerBase: Existing CookieManager HTTP Cookie Manager superseded by HTTP Cookie Manager
2026-08-03 19:07:23,515 WARN o.a.j.p.h.s.HTTPSamplerBase: Existing CookieManager HTTP Cookie Manager superseded by HTTP Cookie Manager
2026-08-03 19:07:23,581 WARN o.a.j.p.h.s.HTTPSamplerBase: Existing CookieManager HTTP Cookie Manager superseded by HTTP Cookie Manager
2026-08-03 19:07:23,589 WARN o.a.j.p.h.s.HTTPSamplerBase: Existing CookieManager HTTP Cookie Manager superseded by HTTP Cookie Manager
2026-08-03 19:07:23,600 WARN o.a.j.p.h.s.HTTPSamplerBase: Existing CookieManager HTTP Cookie Manager superseded by HTTP Cookie Manager
2026-08-03 19:07:23,832 WARN o.a.j.p.h.s.HTTPSamplerBase: Existing CookieManager HTTP Cookie Manager superseded by HTTP Cookie Manager
2026-08-03 19:07:23,832 WARN o.a.j.p.h.s.HTTPSamplerBase: Existing CookieManager HTTP Cookie Manager superseded by HTTP Cookie Manager
2026-08-03 19:07:23,856 WARN o.a.j.p.h.s.HTTPSamplerBase: Existing CookieManager HTTP Cookie Manager superseded by HTTP Cookie Manager
2026-08-03 19:07:23,989 WARN o.a.j.p.h.s.HTTPSamplerBase: Existing CookieManager HTTP Cookie Manager superseded by HTTP Cookie Manager
2026-08-03 19:07:24,231 WARN o.a.j.p.h.s.HTTPSamplerBase: Existing CookieManager HTTP Cookie Manager superseded by HTTP Cookie Manager
2026-08-03 19:07:24,480 WARN o.a.j.p.h.s.HTTPSamplerBase: Existing CookieManager HTTP Cookie Manager superseded by HTTP Cookie Manager
2026-08-03 19:07:24,736 WARN o.a.j.p.h.s.HTTPSamplerBase: Existing CookieManager HTTP Cookie Manager superseded by HTTP Cookie Manager
2026-08-03 19:07:24,827 WARN o.a.j.p.h.s.HTTPSamplerBase: Existing CookieManager HTTP Cookie Manager superseded by HTTP Cookie Manager
2026-08-03 19:07:25,080 WARN o.a.j.p.h.s.HTTPSamplerBase: Existing CookieManager HTTP Cookie Manager superseded by HTTP Cookie Manager
2026-08-03 19:07:25,165 WARN o.a.j.p.h.s.HTTPSamplerBase: Existing CookieManager HTTP Cookie Manager superseded by HTTP Cookie Manager
2026-08-03 19:07:25,283 WARN o.a.j.p.h.s.HTTPSamplerBase: Existing CookieManager HTTP Cookie Manager superseded by HTTP Cookie Manager
2026-08-03 19:07:25,422 WARN o.a.j.p.h.s.HTTPSamplerBase: Existing CookieManager HTTP Cookie Manager superseded by HTTP Cookie Manager
2026-08-03 19:07:25,505 WARN o.a.j.p.h.s.HTTPSamplerBase: Existing CookieManager HTTP Cookie Manager superseded by HTTP Cookie Manager
2026-08-03 19:07:25,538 WARN o.a.j.p.h.s.HTTPSamplerBase: Existing CookieManager HTTP Cookie Manager superseded by HTTP Cookie Manager
2026-08-03 19:07:25,763 WARN o.a.j.p.h.s.HTTPSamplerBase: Existing CookieManager HTTP Cookie Manager superseded by HTTP Cookie Manager
2026-08-03 19:07:25,763 WARN o.a.j.p.h.s.HTTPSamplerBase: Existing CookieManager HTTP Cookie Manager superseded by HTTP Cookie Manager
2026-08-03 19:07:26,013 WARN o.a.j.p.h.s.HTTPSamplerBase: Existing CookieManager HTTP Cookie Manager superseded by HTTP Cookie Manager
2026-08-03 19:07:26,119 WARN o.a.j.p.h.s.HTTPSamplerBase: Existing CookieManager HTTP Cookie Manager superseded by HTTP Cookie Manager
2026-08-03 19:07:26,129 WARN o.a.j.p.h.s.HTTPSamplerBase: Existing CookieManager HTTP Cookie Manager superseded by HTTP Cookie Manager
2026-08-03 19:07:26,148 WARN o.a.j.p.h.s.HTTPSamplerBase: Existing CookieManager HTTP Cookie Manager superseded by HTTP Cookie Manager
2026-08-03 19:07:26,382 WARN o.a.j.p.h.s.HTTPSamplerBase: Existing CookieManager HTTP Cookie Manager superseded by HTTP Cookie Manager
2026-08-03 19:07:26,382 WARN o.a.j.p.h.s.HTTPSamplerBase: Existing CookieManager HTTP Cookie Manager superseded by HTTP Cookie Manager
2026-08-03 19:07:26,396 WARN o.a.j.p.h.s.HTTPSamplerBase: Existing CookieManager HTTP Cookie Manager superseded by HTTP Cookie Manager
2026-08-03 19:07:26,515 WARN o.a.j.p.h.s.HTTPSamplerBase: Existing CookieManager HTTP Cookie Manager superseded by HTTP Cookie Manager
2026-08-03 19:07:26,772 WARN o.a.j.p.h.s.HTTPSamplerBase: Existing CookieManager HTTP Cookie Manager superseded by HTTP Cookie Manager
2026-08-03 19:07:27,032 WARN o.a.j.p.h.s.HTTPSamplerBase: Existing CookieManager HTTP Cookie Manager superseded by HTTP Cookie Manager
2026-08-03 19:07:27,285 WARN o.a.j.p.h.s.HTTPSamplerBase: Existing CookieManager HTTP Cookie Manager superseded by HTTP Cookie Manager
2026-08-03 19:07:27,378 WARN o.a.j.p.h.s.HTTPSamplerBase: Existing CookieManager HTTP Cookie Manager superseded by HTTP Cookie Manager
2026-08-03 19:07:27,630 WARN o.a.j.p.h.s.HTTPSamplerBase: Existing CookieManager HTTP Cookie Manager superseded by HTTP Cookie Manager
2026-08-03 19:07:27,737 WARN o.a.j.p.h.s.HTTPSamplerBase: Existing CookieManager HTTP Cookie Manager superseded by HTTP Cookie Manager
2026-08-03 19:07:27,822 WARN o.a.j.p.h.s.HTTPSamplerBase: Existing CookieManager HTTP Cookie Manager superseded by HTTP Cookie Manager
2026-08-03 19:07:28,011 WARN o.a.j.p.h.s.HTTPSamplerBase: Existing CookieManager HTTP Cookie Manager superseded by HTTP Cookie Manager
2026-08-03 19:07:28,079 WARN o.a.j.p.h.s.HTTPSamplerBase: Existing CookieManager HTTP Cookie Manager superseded by HTTP Cookie Manager
2026-08-03 19:07:28,079 WARN o.a.j.p.h.s.HTTPSamplerBase: Existing CookieManager HTTP Cookie Manager superseded by HTTP Cookie Manager
2026-08-03 19:07:28,296 WARN o.a.j.p.h.s.HTTPSamplerBase: Existing CookieManager HTTP Cookie Manager superseded by HTTP Cookie Manager
2026-08-03 19:07:28,338 WARN o.a.j.p.h.s.HTTPSamplerBase: Existing CookieManager HTTP Cookie Manager superseded by HTTP Cookie Manager
2026-08-03 19:07:28,561 WARN o.a.j.p.h.s.HTTPSamplerBase: Existing CookieManager HTTP Cookie Manager superseded by HTTP Cookie Manager
2026-08-03 19:07:28,613 WARN o.a.j.p.h.s.HTTPSamplerBase: Existing CookieManager HTTP Cookie Manager superseded by HTTP Cookie Manager
2026-08-03 19:07:28,691 WARN o.a.j.p.h.s.HTTPSamplerBase: Existing CookieManager HTTP Cookie Manager superseded by HTTP Cookie Manager
2026-08-03 19:07:28,699 WARN o.a.j.p.h.s.HTTPSamplerBase: Existing CookieManager HTTP Cookie Manager superseded by HTTP Cookie Manager
2026-08-03 19:07:28,870 WARN o.a.j.p.h.s.HTTPSamplerBase: Existing CookieManager HTTP Cookie Manager superseded by HTTP Cookie Manager
2026-08-03 19:07:28,945 WARN o.a.j.p.h.s.HTTPSamplerBase: Existing CookieManager HTTP Cookie Manager superseded by HTTP Cookie Manager
2026-08-03 19:07:28,945 WARN o.a.j.p.h.s.HTTPSamplerBase: Existing CookieManager HTTP Cookie Manager superseded by HTTP Cookie Manager
2026-08-03 19:07:29,030 WARN o.a.j.p.h.s.HTTPSamplerBase: Existing CookieManager HTTP Cookie Manager superseded by HTTP Cookie Manager
2026-08-03 19:07:29,030 INFO o.a.j.r.Summariser: summary +    355 in 00:00:06 =   58.9/s Avg:   168 Min:    78 Max:   333 Err:     1 (0.28%) Active: 10 Started: 10 Finished: 0
2026-08-03 19:07:29,031 INFO o.a.j.r.Summariser: summary =   1183 in 00:00:26 =   45.8/s Avg:   177 Min:    76 Max:  1853 Err:     1 (0.08%)
2026-08-03 19:07:29,280 WARN o.a.j.p.h.s.HTTPSamplerBase: Existing CookieManager HTTP Cookie Manager superseded by HTTP Cookie Manager
2026-08-03 19:07:29,607 WARN o.a.j.p.h.s.HTTPSamplerBase: Existing CookieManager HTTP Cookie Manager superseded by HTTP Cookie Manager
2026-08-03 19:07:29,856 WARN o.a.j.p.h.s.HTTPSamplerBase: Existing CookieManager HTTP Cookie Manager superseded by HTTP Cookie Manager
2026-08-03 19:07:29,928 WARN o.a.j.p.h.s.HTTPSamplerBase: Existing CookieManager HTTP Cookie Manager superseded by HTTP Cookie Manager
2026-08-03 19:07:30,176 WARN o.a.j.p.h.s.HTTPSamplerBase: Existing CookieManager HTTP Cookie Manager superseded by HTTP Cookie Manager
2026-08-03 19:07:30,295 WARN o.a.j.p.h.s.HTTPSamplerBase: Existing CookieManager HTTP Cookie Manager superseded by HTTP Cookie Manager
2026-08-03 19:07:30,321 WARN o.a.j.p.h.s.HTTPSamplerBase: Existing CookieManager HTTP Cookie Manager superseded by HTTP Cookie Manager
2026-08-03 19:07:30,560 WARN o.a.j.p.h.s.HTTPSamplerBase: Existing CookieManager HTTP Cookie Manager superseded by HTTP Cookie Manager
2026-08-03 19:07:30,576 WARN o.a.j.p.h.s.HTTPSamplerBase: Existing CookieManager HTTP Cookie Manager superseded by HTTP Cookie Manager
2026-08-03 19:07:30,659 WARN o.a.j.p.h.s.HTTPSamplerBase: Existing CookieManager HTTP Cookie Manager superseded by HTTP Cookie Manager
2026-08-03 19:07:30,817 WARN o.a.j.p.h.s.HTTPSamplerBase: Existing CookieManager HTTP Cookie Manager superseded by HTTP Cookie Manager
2026-08-03 19:07:30,912 WARN o.a.j.p.h.s.HTTPSamplerBase: Existing CookieManager HTTP Cookie Manager superseded by HTTP Cookie Manager
2026-08-03 19:07:31,071 WARN o.a.j.p.h.s.HTTPSamplerBase: Existing CookieManager HTTP Cookie Manager superseded by HTTP Cookie Manager
2026-08-03 19:07:31,118 WARN o.a.j.p.h.s.HTTPSamplerBase: Existing CookieManager HTTP Cookie Manager superseded by HTTP Cookie Manager
2026-08-03 19:07:31,261 WARN o.a.j.p.h.s.HTTPSamplerBase: Existing CookieManager HTTP Cookie Manager superseded by HTTP Cookie Manager
2026-08-03 19:07:31,266 WARN o.a.j.p.h.s.HTTPSamplerBase: Existing CookieManager HTTP Cookie Manager superseded by HTTP Cookie Manager
2026-08-03 19:07:31,375 WARN o.a.j.p.h.s.HTTPSamplerBase: Existing CookieManager HTTP Cookie Manager superseded by HTTP Cookie Manager
2026-08-03 19:07:31,518 WARN o.a.j.p.h.s.HTTPSamplerBase: Existing CookieManager HTTP Cookie Manager superseded by HTTP Cookie Manager
2026-08-03 19:07:31,518 WARN o.a.j.p.h.s.HTTPSamplerBase: Existing CookieManager HTTP Cookie Manager superseded by HTTP Cookie Manager
2026-08-03 19:07:31,543 WARN o.a.j.p.h.s.HTTPSamplerBase: Existing CookieManager HTTP Cookie Manager superseded by HTTP Cookie Manager
2026-08-03 19:07:31,810 WARN o.a.j.p.h.s.HTTPSamplerBase: Existing CookieManager HTTP Cookie Manager superseded by HTTP Cookie Manager
2026-08-03 19:07:32,176 WARN o.a.j.p.h.s.HTTPSamplerBase: Existing CookieManager HTTP Cookie Manager superseded by HTTP Cookie Manager
2026-08-03 19:07:32,424 WARN o.a.j.p.h.s.HTTPSamplerBase: Existing CookieManager HTTP Cookie Manager superseded by HTTP Cookie Manager
2026-08-03 19:07:32,509 WARN o.a.j.p.h.s.HTTPSamplerBase: Existing CookieManager HTTP Cookie Manager superseded by HTTP Cookie Manager
2026-08-03 19:07:32,756 WARN o.a.j.p.h.s.HTTPSamplerBase: Existing CookieManager HTTP Cookie Manager superseded by HTTP Cookie Manager
2026-08-03 19:07:32,820 WARN o.a.j.p.h.s.HTTPSamplerBase: Existing CookieManager HTTP Cookie Manager superseded by HTTP Cookie Manager
2026-08-03 19:07:32,873 WARN o.a.j.p.h.s.HTTPSamplerBase: Existing CookieManager HTTP Cookie Manager superseded by HTTP Cookie Manager
2026-08-03 19:07:33,060 WARN o.a.j.p.h.s.HTTPSamplerBase: Existing CookieManager HTTP Cookie Manager superseded by HTTP Cookie Manager
2026-08-03 19:07:33,123 WARN o.a.j.p.h.s.HTTPSamplerBase: Existing CookieManager HTTP Cookie Manager superseded by HTTP Cookie Manager
2026-08-03 19:07:33,223 WARN o.a.j.p.h.s.HTTPSamplerBase: Existing CookieManager HTTP Cookie Manager superseded by HTTP Cookie Manager
2026-08-03 19:07:33,301 WARN o.a.j.p.h.s.HTTPSamplerBase: Existing CookieManager HTTP Cookie Manager superseded by HTTP Cookie Manager
2026-08-03 19:07:33,474 WARN o.a.j.p.h.s.HTTPSamplerBase: Existing CookieManager HTTP Cookie Manager superseded by HTTP Cookie Manager
2026-08-03 19:07:33,540 WARN o.a.j.p.h.s.HTTPSamplerBase: Existing CookieManager HTTP Cookie Manager superseded by HTTP Cookie Manager
2026-08-03 19:07:33,605 WARN o.a.j.p.h.s.HTTPSamplerBase: Existing CookieManager HTTP Cookie Manager superseded by HTTP Cookie Manager
2026-08-03 19:07:33,804 WARN o.a.j.p.h.s.HTTPSamplerBase: Existing CookieManager HTTP Cookie Manager superseded by HTTP Cookie Manager
2026-08-03 19:07:33,804 WARN o.a.j.p.h.s.HTTPSamplerBase: Existing CookieManager HTTP Cookie Manager superseded by HTTP Cookie Manager
2026-08-03 19:07:33,885 WARN o.a.j.p.h.s.HTTPSamplerBase: Existing CookieManager HTTP Cookie Manager superseded by HTTP Cookie Manager
2026-08-03 19:07:34,059 WARN o.a.j.p.h.s.HTTPSamplerBase: Existing CookieManager HTTP Cookie Manager superseded by HTTP Cookie Manager
2026-08-03 19:07:34,059 WARN o.a.j.p.h.s.HTTPSamplerBase: Existing CookieManager HTTP Cookie Manager superseded by HTTP Cookie Manager
2026-08-03 19:07:34,062 WARN o.a.j.p.h.s.HTTPSamplerBase: Existing CookieManager HTTP Cookie Manager superseded by HTTP Cookie Manager
2026-08-03 19:07:34,305 WARN o.a.j.p.h.s.HTTPSamplerBase: Existing CookieManager HTTP Cookie Manager superseded by HTTP Cookie Manager
2026-08-03 19:07:34,709 WARN o.a.j.p.h.s.HTTPSamplerBase: Existing CookieManager HTTP Cookie Manager superseded by HTTP Cookie Manager
2026-08-03 19:07:34,956 WARN o.a.j.p.h.s.HTTPSamplerBase: Existing CookieManager HTTP Cookie Manager superseded by HTTP Cookie Manager
2026-08-03 19:07:35,015 INFO o.a.j.r.Summariser: summary +    351 in 00:00:06 =   58.7/s Avg:   168 Min:    79 Max:   338 Err:     0 (0.00%) Active: 10 Started: 10 Finished: 0
2026-08-03 19:07:35,015 INFO o.a.j.r.Summariser: summary =   1534 in 00:00:32 =   48.3/s Avg:   175 Min:    76 Max:  1853 Err:     1 (0.07%)
2026-08-03 19:07:35,048 WARN o.a.j.p.h.s.HTTPSamplerBase: Existing CookieManager HTTP Cookie Manager superseded by HTTP Cookie Manager
2026-08-03 19:07:35,291 WARN o.a.j.p.h.s.HTTPSamplerBase: Existing CookieManager HTTP Cookie Manager superseded by HTTP Cookie Manager
2026-08-03 19:07:35,339 WARN o.a.j.p.h.s.HTTPSamplerBase: Existing CookieManager HTTP Cookie Manager superseded by HTTP Cookie Manager
2026-08-03 19:07:35,412 WARN o.a.j.p.h.s.HTTPSamplerBase: Existing CookieManager HTTP Cookie Manager superseded by HTTP Cookie Manager
2026-08-03 19:07:35,590 WARN o.a.j.p.h.s.HTTPSamplerBase: Existing CookieManager HTTP Cookie Manager superseded by HTTP Cookie Manager
2026-08-03 19:07:35,664 WARN o.a.j.p.h.s.HTTPSamplerBase: Existing CookieManager HTTP Cookie Manager superseded by HTTP Cookie Manager
2026-08-03 19:07:35,775 WARN o.a.j.p.h.s.HTTPSamplerBase: Existing CookieManager HTTP Cookie Manager superseded by HTTP Cookie Manager
2026-08-03 19:07:35,822 WARN o.a.j.p.h.s.HTTPSamplerBase: Existing CookieManager HTTP Cookie Manager superseded by HTTP Cookie Manager
2026-08-03 19:07:36,038 WARN o.a.j.p.h.s.HTTPSamplerBase: Existing CookieManager HTTP Cookie Manager superseded by HTTP Cookie Manager
2026-08-03 19:07:36,063 WARN o.a.j.p.h.s.HTTPSamplerBase: Existing CookieManager HTTP Cookie Manager superseded by HTTP Cookie Manager
2026-08-03 19:07:36,140 WARN o.a.j.p.h.s.HTTPSamplerBase: Existing CookieManager HTTP Cookie Manager superseded by HTTP Cookie Manager
2026-08-03 19:07:36,340 WARN o.a.j.p.h.s.HTTPSamplerBase: Existing CookieManager HTTP Cookie Manager superseded by HTTP Cookie Manager
2026-08-03 19:07:36,342 WARN o.a.j.p.h.s.HTTPSamplerBase: Existing CookieManager HTTP Cookie Manager superseded by HTTP Cookie Manager
2026-08-03 19:07:36,386 WARN o.a.j.p.h.s.HTTPSamplerBase: Existing CookieManager HTTP Cookie Manager superseded by HTTP Cookie Manager
2026-08-03 19:07:36,571 WARN o.a.j.p.h.s.HTTPSamplerBase: Existing CookieManager HTTP Cookie Manager superseded by HTTP Cookie Manager
2026-08-03 19:07:36,596 WARN o.a.j.p.h.s.HTTPSamplerBase: Existing CookieManager HTTP Cookie Manager superseded by HTTP Cookie Manager
2026-08-03 19:07:36,596 WARN o.a.j.p.h.s.HTTPSamplerBase: Existing CookieManager HTTP Cookie Manager superseded by HTTP Cookie Manager
2026-08-03 19:07:36,836 WARN o.a.j.p.h.s.HTTPSamplerBase: Existing CookieManager HTTP Cookie Manager superseded by HTTP Cookie Manager
2026-08-03 19:07:37,268 WARN o.a.j.p.h.s.HTTPSamplerBase: Existing CookieManager HTTP Cookie Manager superseded by HTTP Cookie Manager
2026-08-03 19:07:37,521 WARN o.a.j.p.h.s.HTTPSamplerBase: Existing CookieManager HTTP Cookie Manager superseded by HTTP Cookie Manager
2026-08-03 19:07:37,594 WARN o.a.j.p.h.s.HTTPSamplerBase: Existing CookieManager HTTP Cookie Manager superseded by HTTP Cookie Manager
2026-08-03 19:07:37,846 WARN o.a.j.p.h.s.HTTPSamplerBase: Existing CookieManager HTTP Cookie Manager superseded by HTTP Cookie Manager
2026-08-03 19:07:37,846 WARN o.a.j.p.h.s.HTTPSamplerBase: Existing CookieManager HTTP Cookie Manager superseded by HTTP Cookie Manager
2026-08-03 19:07:37,986 WARN o.a.j.p.h.s.HTTPSamplerBase: Existing CookieManager HTTP Cookie Manager superseded by HTTP Cookie Manager
2026-08-03 19:07:38,104 WARN o.a.j.p.h.s.HTTPSamplerBase: Existing CookieManager HTTP Cookie Manager superseded by HTTP Cookie Manager
2026-08-03 19:07:38,245 WARN o.a.j.p.h.s.HTTPSamplerBase: Existing CookieManager HTTP Cookie Manager superseded by HTTP Cookie Manager
2026-08-03 19:07:38,319 WARN o.a.j.p.h.s.HTTPSamplerBase: Existing CookieManager HTTP Cookie Manager superseded by HTTP Cookie Manager
2026-08-03 19:07:38,337 WARN o.a.j.p.h.s.HTTPSamplerBase: Existing CookieManager HTTP Cookie Manager superseded by HTTP Cookie Manager
2026-08-03 19:07:38,552 WARN o.a.j.p.h.s.HTTPSamplerBase: Existing CookieManager HTTP Cookie Manager superseded by HTTP Cookie Manager
2026-08-03 19:07:38,586 WARN o.a.j.p.h.s.HTTPSamplerBase: Existing CookieManager HTTP Cookie Manager superseded by HTTP Cookie Manager
2026-08-03 19:07:38,635 WARN o.a.j.p.h.s.HTTPSamplerBase: Existing CookieManager HTTP Cookie Manager superseded by HTTP Cookie Manager
2026-08-03 19:07:38,888 WARN o.a.j.p.h.s.HTTPSamplerBase: Existing CookieManager HTTP Cookie Manager superseded by HTTP Cookie Manager
2026-08-03 19:07:38,905 WARN o.a.j.p.h.s.HTTPSamplerBase: Existing CookieManager HTTP Cookie Manager superseded by HTTP Cookie Manager
2026-08-03 19:07:38,919 WARN o.a.j.p.h.s.HTTPSamplerBase: Existing CookieManager HTTP Cookie Manager superseded by HTTP Cookie Manager
2026-08-03 19:07:39,121 WARN o.a.j.p.h.s.HTTPSamplerBase: Existing CookieManager HTTP Cookie Manager superseded by HTTP Cookie Manager
2026-08-03 19:07:39,154 WARN o.a.j.p.h.s.HTTPSamplerBase: Existing CookieManager HTTP Cookie Manager superseded by HTTP Cookie Manager
2026-08-03 19:07:39,171 WARN o.a.j.p.h.s.HTTPSamplerBase: Existing CookieManager HTTP Cookie Manager superseded by HTTP Cookie Manager
2026-08-03 19:07:39,369 WARN o.a.j.p.h.s.HTTPSamplerBase: Existing CookieManager HTTP Cookie Manager superseded by HTTP Cookie Manager
2026-08-03 19:07:39,824 WARN o.a.j.p.h.s.HTTPSamplerBase: Existing CookieManager HTTP Cookie Manager superseded by HTTP Cookie Manager
2026-08-03 19:07:40,069 WARN o.a.j.p.h.s.HTTPSamplerBase: Existing CookieManager HTTP Cookie Manager superseded by HTTP Cookie Manager
2026-08-03 19:07:40,162 WARN o.a.j.p.h.s.HTTPSamplerBase: Existing CookieManager HTTP Cookie Manager superseded by HTTP Cookie Manager
2026-08-03 19:07:40,345 WARN o.a.j.p.h.s.HTTPSamplerBase: Existing CookieManager HTTP Cookie Manager superseded by HTTP Cookie Manager
2026-08-03 19:07:40,406 WARN o.a.j.p.h.s.HTTPSamplerBase: Existing CookieManager HTTP Cookie Manager superseded by HTTP Cookie Manager
2026-08-03 19:07:40,538 WARN o.a.j.p.h.s.HTTPSamplerBase: Existing CookieManager HTTP Cookie Manager superseded by HTTP Cookie Manager
2026-08-03 19:07:40,584 WARN o.a.j.p.h.s.HTTPSamplerBase: Existing CookieManager HTTP Cookie Manager superseded by HTTP Cookie Manager
2026-08-03 19:07:40,796 WARN o.a.j.p.h.s.HTTPSamplerBase: Existing CookieManager HTTP Cookie Manager superseded by HTTP Cookie Manager
2026-08-03 19:07:40,812 WARN o.a.j.p.h.s.HTTPSamplerBase: Existing CookieManager HTTP Cookie Manager superseded by HTTP Cookie Manager
2026-08-03 19:07:40,901 WARN o.a.j.p.h.s.HTTPSamplerBase: Existing CookieManager HTTP Cookie Manager superseded by HTTP Cookie Manager
2026-08-03 19:07:41,052 INFO o.a.j.r.Summariser: summary +    360 in 00:00:06 =   59.6/s Avg:   166 Min:    78 Max:   328 Err:     0 (0.00%) Active: 10 Started: 10 Finished: 0
2026-08-03 19:07:41,052 INFO o.a.j.r.Summariser: summary =   1894 in 00:00:38 =   50.1/s Avg:   173 Min:    76 Max:  1853 Err:     1 (0.05%)
2026-08-03 19:07:41,052 WARN o.a.j.p.h.s.HTTPSamplerBase: Existing CookieManager HTTP Cookie Manager superseded by HTTP Cookie Manager
2026-08-03 19:07:41,134 WARN o.a.j.p.h.s.HTTPSamplerBase: Existing CookieManager HTTP Cookie Manager superseded by HTTP Cookie Manager
2026-08-03 19:07:41,155 WARN o.a.j.p.h.s.HTTPSamplerBase: Existing CookieManager HTTP Cookie Manager superseded by HTTP Cookie Manager
2026-08-03 19:07:41,398 WARN o.a.j.p.h.s.HTTPSamplerBase: Existing CookieManager HTTP Cookie Manager superseded by HTTP Cookie Manager
2026-08-03 19:07:41,477 WARN o.a.j.p.h.s.HTTPSamplerBase: Existing CookieManager HTTP Cookie Manager superseded by HTTP Cookie Manager
2026-08-03 19:07:41,477 WARN o.a.j.p.h.s.HTTPSamplerBase: Existing CookieManager HTTP Cookie Manager superseded by HTTP Cookie Manager
2026-08-03 19:07:41,638 WARN o.a.j.p.h.s.HTTPSamplerBase: Existing CookieManager HTTP Cookie Manager superseded by HTTP Cookie Manager
2026-08-03 19:07:41,720 WARN o.a.j.p.h.s.HTTPSamplerBase: Existing CookieManager HTTP Cookie Manager superseded by HTTP Cookie Manager
2026-08-03 19:07:41,725 WARN o.a.j.p.h.s.HTTPSamplerBase: Existing CookieManager HTTP Cookie Manager superseded by HTTP Cookie Manager
2026-08-03 19:07:41,892 WARN o.a.j.p.h.s.HTTPSamplerBase: Existing CookieManager HTTP Cookie Manager superseded by HTTP Cookie Manager
2026-08-03 19:07:42,377 WARN o.a.j.p.h.s.HTTPSamplerBase: Existing CookieManager HTTP Cookie Manager superseded by HTTP Cookie Manager
2026-08-03 19:07:42,615 WARN o.a.j.p.h.s.HTTPSamplerBase: Existing CookieManager HTTP Cookie Manager superseded by HTTP Cookie Manager
2026-08-03 19:07:42,713 WARN o.a.j.p.h.s.HTTPSamplerBase: Existing CookieManager HTTP Cookie Manager superseded by HTTP Cookie Manager
2026-08-03 19:07:42,835 WARN o.a.j.p.h.s.HTTPSamplerBase: Existing CookieManager HTTP Cookie Manager superseded by HTTP Cookie Manager
2026-08-03 19:07:42,968 WARN o.a.j.p.h.s.HTTPSamplerBase: Existing CookieManager HTTP Cookie Manager superseded by HTTP Cookie Manager
2026-08-03 19:07:43,091 WARN o.a.j.p.h.s.HTTPSamplerBase: Existing CookieManager HTTP Cookie Manager superseded by HTTP Cookie Manager
2026-08-03 19:07:43,091 WARN o.a.j.p.h.s.HTTPSamplerBase: Existing CookieManager HTTP Cookie Manager superseded by HTTP Cookie Manager
2026-08-03 19:07:43,301 WARN o.a.j.p.h.s.HTTPSamplerBase: Existing CookieManager HTTP Cookie Manager superseded by HTTP Cookie Manager
2026-08-03 19:07:43,334 WARN o.a.j.p.h.s.HTTPSamplerBase: Existing CookieManager HTTP Cookie Manager superseded by HTTP Cookie Manager
2026-08-03 19:07:43,477 WARN o.a.j.p.h.s.HTTPSamplerBase: Existing CookieManager HTTP Cookie Manager superseded by HTTP Cookie Manager
2026-08-03 19:07:43,552 WARN o.a.j.p.h.s.HTTPSamplerBase: Existing CookieManager HTTP Cookie Manager superseded by HTTP Cookie Manager
2026-08-03 19:07:43,664 WARN o.a.j.p.h.s.HTTPSamplerBase: Existing CookieManager HTTP Cookie Manager superseded by HTTP Cookie Manager
2026-08-03 19:07:43,732 WARN o.a.j.p.h.s.HTTPSamplerBase: Existing CookieManager HTTP Cookie Manager superseded by HTTP Cookie Manager
2026-08-03 19:07:43,914 WARN o.a.j.p.h.s.HTTPSamplerBase: Existing CookieManager HTTP Cookie Manager superseded by HTTP Cookie Manager
2026-08-03 19:07:44,023 WARN o.a.j.p.h.s.HTTPSamplerBase: Existing CookieManager HTTP Cookie Manager superseded by HTTP Cookie Manager
2026-08-03 19:07:44,023 WARN o.a.j.p.h.s.HTTPSamplerBase: Existing CookieManager HTTP Cookie Manager superseded by HTTP Cookie Manager
2026-08-03 19:07:44,164 WARN o.a.j.p.h.s.HTTPSamplerBase: Existing CookieManager HTTP Cookie Manager superseded by HTTP Cookie Manager
2026-08-03 19:07:44,264 WARN o.a.j.p.h.s.HTTPSamplerBase: Existing CookieManager HTTP Cookie Manager superseded by HTTP Cookie Manager
2026-08-03 19:07:44,264 WARN o.a.j.p.h.s.HTTPSamplerBase: Existing CookieManager HTTP Cookie Manager superseded by HTTP Cookie Manager
2026-08-03 19:07:44,415 WARN o.a.j.p.h.s.HTTPSamplerBase: Existing CookieManager HTTP Cookie Manager superseded by HTTP Cookie Manager
2026-08-03 19:07:44,905 WARN o.a.j.p.h.s.HTTPSamplerBase: Existing CookieManager HTTP Cookie Manager superseded by HTTP Cookie Manager
2026-08-03 19:07:45,163 WARN o.a.j.p.h.s.HTTPSamplerBase: Existing CookieManager HTTP Cookie Manager superseded by HTTP Cookie Manager
2026-08-03 19:07:45,250 WARN o.a.j.p.h.s.HTTPSamplerBase: Existing CookieManager HTTP Cookie Manager superseded by HTTP Cookie Manager
2026-08-03 19:07:45,315 WARN o.a.j.p.h.s.HTTPSamplerBase: Existing CookieManager HTTP Cookie Manager superseded by HTTP Cookie Manager
2026-08-03 19:07:45,497 WARN o.a.j.p.h.s.HTTPSamplerBase: Existing CookieManager HTTP Cookie Manager superseded by HTTP Cookie Manager
2026-08-03 19:07:45,566 WARN o.a.j.p.h.s.HTTPSamplerBase: Existing CookieManager HTTP Cookie Manager superseded by HTTP Cookie Manager
2026-08-03 19:07:45,629 WARN o.a.j.p.h.s.HTTPSamplerBase: Existing CookieManager HTTP Cookie Manager superseded by HTTP Cookie Manager
2026-08-03 19:07:45,804 WARN o.a.j.p.h.s.HTTPSamplerBase: Existing CookieManager HTTP Cookie Manager superseded by HTTP Cookie Manager
2026-08-03 19:07:45,885 WARN o.a.j.p.h.s.HTTPSamplerBase: Existing CookieManager HTTP Cookie Manager superseded by HTTP Cookie Manager
2026-08-03 19:07:46,033 WARN o.a.j.p.h.s.HTTPSamplerBase: Existing CookieManager HTTP Cookie Manager superseded by HTTP Cookie Manager
2026-08-03 19:07:46,064 WARN o.a.j.p.h.s.HTTPSamplerBase: Existing CookieManager HTTP Cookie Manager superseded by HTTP Cookie Manager
2026-08-03 19:07:46,163 WARN o.a.j.p.h.s.HTTPSamplerBase: Existing CookieManager HTTP Cookie Manager superseded by HTTP Cookie Manager
2026-08-03 19:07:46,289 WARN o.a.j.p.h.s.HTTPSamplerBase: Existing CookieManager HTTP Cookie Manager superseded by HTTP Cookie Manager
2026-08-03 19:07:46,414 WARN o.a.j.p.h.s.HTTPSamplerBase: Existing CookieManager HTTP Cookie Manager superseded by HTTP Cookie Manager
2026-08-03 19:07:46,563 WARN o.a.j.p.h.s.HTTPSamplerBase: Existing CookieManager HTTP Cookie Manager superseded by HTTP Cookie Manager
2026-08-03 19:07:46,566 WARN o.a.j.p.h.s.HTTPSamplerBase: Existing CookieManager HTTP Cookie Manager superseded by HTTP Cookie Manager
2026-08-03 19:07:46,687 WARN o.a.j.p.h.s.HTTPSamplerBase: Existing CookieManager HTTP Cookie Manager superseded by HTTP Cookie Manager
2026-08-03 19:07:46,814 WARN o.a.j.p.h.s.HTTPSamplerBase: Existing CookieManager HTTP Cookie Manager superseded by HTTP Cookie Manager
2026-08-03 19:07:46,823 WARN o.a.j.p.h.s.HTTPSamplerBase: Existing CookieManager HTTP Cookie Manager superseded by HTTP Cookie Manager
2026-08-03 19:07:46,934 WARN o.a.j.p.h.s.HTTPSamplerBase: Existing CookieManager HTTP Cookie Manager superseded by HTTP Cookie Manager
2026-08-03 19:07:47,012 INFO o.a.j.r.Summariser: summary +    353 in 00:00:06 =   59.2/s Avg:   168 Min:    79 Max:   326 Err:     0 (0.00%) Active: 10 Started: 10 Finished: 0
2026-08-03 19:07:47,012 INFO o.a.j.r.Summariser: summary =   2247 in 00:00:44 =   51.3/s Avg:   172 Min:    76 Max:  1853 Err:     1 (0.04%)
2026-08-03 19:07:47,464 WARN o.a.j.p.h.s.HTTPSamplerBase: Existing CookieManager HTTP Cookie Manager superseded by HTTP Cookie Manager
2026-08-03 19:07:47,728 WARN o.a.j.p.h.s.HTTPSamplerBase: Existing CookieManager HTTP Cookie Manager superseded by HTTP Cookie Manager
2026-08-03 19:07:47,796 WARN o.a.j.p.h.s.HTTPSamplerBase: Existing CookieManager HTTP Cookie Manager superseded by HTTP Cookie Manager
2026-08-03 19:07:47,821 WARN o.a.j.p.h.s.HTTPSamplerBase: Existing CookieManager HTTP Cookie Manager superseded by HTTP Cookie Manager
2026-08-03 19:07:48,056 WARN o.a.j.p.h.s.HTTPSamplerBase: Existing CookieManager HTTP Cookie Manager superseded by HTTP Cookie Manager
2026-08-03 19:07:48,064 WARN o.a.j.p.h.s.HTTPSamplerBase: Existing CookieManager HTTP Cookie Manager superseded by HTTP Cookie Manager
2026-08-03 19:07:48,177 WARN o.a.j.p.h.s.HTTPSamplerBase: Existing CookieManager HTTP Cookie Manager superseded by HTTP Cookie Manager
2026-08-03 19:07:48,337 WARN o.a.j.p.h.s.HTTPSamplerBase: Existing CookieManager HTTP Cookie Manager superseded by HTTP Cookie Manager
2026-08-03 19:07:48,439 WARN o.a.j.p.h.s.HTTPSamplerBase: Existing CookieManager HTTP Cookie Manager superseded by HTTP Cookie Manager
2026-08-03 19:07:48,577 WARN o.a.j.p.h.s.HTTPSamplerBase: Existing CookieManager HTTP Cookie Manager superseded by HTTP Cookie Manager
2026-08-03 19:07:48,594 WARN o.a.j.p.h.s.HTTPSamplerBase: Existing CookieManager HTTP Cookie Manager superseded by HTTP Cookie Manager
2026-08-03 19:07:48,657 WARN o.a.j.p.h.s.HTTPSamplerBase: Existing CookieManager HTTP Cookie Manager superseded by HTTP Cookie Manager
2026-08-03 19:07:48,853 WARN o.a.j.p.h.s.HTTPSamplerBase: Existing CookieManager HTTP Cookie Manager superseded by HTTP Cookie Manager
2026-08-03 19:07:48,902 WARN o.a.j.p.h.s.HTTPSamplerBase: Existing CookieManager HTTP Cookie Manager superseded by HTTP Cookie Manager
2026-08-03 19:07:49,105 WARN o.a.j.p.h.s.HTTPSamplerBase: Existing CookieManager HTTP Cookie Manager superseded by HTTP Cookie Manager
2026-08-03 19:07:49,123 WARN o.a.j.p.h.s.HTTPSamplerBase: Existing CookieManager HTTP Cookie Manager superseded by HTTP Cookie Manager
2026-08-03 19:07:49,204 WARN o.a.j.p.h.s.HTTPSamplerBase: Existing CookieManager HTTP Cookie Manager superseded by HTTP Cookie Manager
2026-08-03 19:07:49,369 WARN o.a.j.p.h.s.HTTPSamplerBase: Existing CookieManager HTTP Cookie Manager superseded by HTTP Cookie Manager
2026-08-03 19:07:49,377 WARN o.a.j.p.h.s.HTTPSamplerBase: Existing CookieManager HTTP Cookie Manager superseded by HTTP Cookie Manager
2026-08-03 19:07:49,447 WARN o.a.j.p.h.s.HTTPSamplerBase: Existing CookieManager HTTP Cookie Manager superseded by HTTP Cookie Manager
2026-08-03 19:07:50,033 WARN o.a.j.p.h.s.HTTPSamplerBase: Existing CookieManager HTTP Cookie Manager superseded by HTTP Cookie Manager
2026-08-03 19:07:50,279 WARN o.a.j.p.h.s.HTTPSamplerBase: Existing CookieManager HTTP Cookie Manager superseded by HTTP Cookie Manager
2026-08-03 19:07:50,319 WARN o.a.j.p.h.s.HTTPSamplerBase: Existing CookieManager HTTP Cookie Manager superseded by HTTP Cookie Manager
2026-08-03 19:07:50,362 WARN o.a.j.p.h.s.HTTPSamplerBase: Existing CookieManager HTTP Cookie Manager superseded by HTTP Cookie Manager
2026-08-03 19:07:50,563 WARN o.a.j.p.h.s.HTTPSamplerBase: Existing CookieManager HTTP Cookie Manager superseded by HTTP Cookie Manager
2026-08-03 19:07:50,602 WARN o.a.j.p.h.s.HTTPSamplerBase: Existing CookieManager HTTP Cookie Manager superseded by HTTP Cookie Manager
2026-08-03 19:07:50,709 WARN o.a.j.p.h.s.HTTPSamplerBase: Existing CookieManager HTTP Cookie Manager superseded by HTTP Cookie Manager
2026-08-03 19:07:50,829 WARN o.a.j.p.h.s.HTTPSamplerBase: Existing CookieManager HTTP Cookie Manager superseded by HTTP Cookie Manager
2026-08-03 19:07:50,967 WARN o.a.j.p.h.s.HTTPSamplerBase: Existing CookieManager HTTP Cookie Manager superseded by HTTP Cookie Manager
2026-08-03 19:07:51,080 WARN o.a.j.p.h.s.HTTPSamplerBase: Existing CookieManager HTTP Cookie Manager superseded by HTTP Cookie Manager
2026-08-03 19:07:51,156 WARN o.a.j.p.h.s.HTTPSamplerBase: Existing CookieManager HTTP Cookie Manager superseded by HTTP Cookie Manager
2026-08-03 19:07:51,161 WARN o.a.j.p.h.s.HTTPSamplerBase: Existing CookieManager HTTP Cookie Manager superseded by HTTP Cookie Manager
2026-08-03 19:07:51,408 WARN o.a.j.p.h.s.HTTPSamplerBase: Existing CookieManager HTTP Cookie Manager superseded by HTTP Cookie Manager
2026-08-03 19:07:51,417 WARN o.a.j.p.h.s.HTTPSamplerBase: Existing CookieManager HTTP Cookie Manager superseded by HTTP Cookie Manager
2026-08-03 19:07:51,673 WARN o.a.j.p.h.s.HTTPSamplerBase: Existing CookieManager HTTP Cookie Manager superseded by HTTP Cookie Manager
2026-08-03 19:07:51,673 WARN o.a.j.p.h.s.HTTPSamplerBase: Existing CookieManager HTTP Cookie Manager superseded by HTTP Cookie Manager
2026-08-03 19:07:51,695 WARN o.a.j.p.h.s.HTTPSamplerBase: Existing CookieManager HTTP Cookie Manager superseded by HTTP Cookie Manager
2026-08-03 19:07:51,922 WARN o.a.j.p.h.s.HTTPSamplerBase: Existing CookieManager HTTP Cookie Manager superseded by HTTP Cookie Manager
2026-08-03 19:07:51,925 WARN o.a.j.p.h.s.HTTPSamplerBase: Existing CookieManager HTTP Cookie Manager superseded by HTTP Cookie Manager
2026-08-03 19:07:51,954 WARN o.a.j.p.h.s.HTTPSamplerBase: Existing CookieManager HTTP Cookie Manager superseded by HTTP Cookie Manager
2026-08-03 19:07:52,564 WARN o.a.j.p.h.s.HTTPSamplerBase: Existing CookieManager HTTP Cookie Manager superseded by HTTP Cookie Manager
2026-08-03 19:07:52,809 WARN o.a.j.p.h.s.HTTPSamplerBase: Existing CookieManager HTTP Cookie Manager superseded by HTTP Cookie Manager
2026-08-03 19:07:52,809 WARN o.a.j.p.h.s.HTTPSamplerBase: Existing CookieManager HTTP Cookie Manager superseded by HTTP Cookie Manager
2026-08-03 19:07:52,918 WARN o.a.j.p.h.s.HTTPSamplerBase: Existing CookieManager HTTP Cookie Manager superseded by HTTP Cookie Manager
2026-08-03 19:07:53,006 INFO o.a.j.r.Summariser: summary +    354 in 00:00:06 =   59.1/s Avg:   168 Min:    77 Max:   325 Err:     0 (0.00%) Active: 10 Started: 10 Finished: 0
2026-08-03 19:07:53,008 INFO o.a.j.r.Summariser: summary =   2601 in 00:00:50 =   52.2/s Avg:   172 Min:    76 Max:  1853 Err:     1 (0.04%)
2026-08-03 19:07:53,065 WARN o.a.j.p.h.s.HTTPSamplerBase: Existing CookieManager HTTP Cookie Manager superseded by HTTP Cookie Manager
2026-08-03 19:07:53,175 WARN o.a.j.p.h.s.HTTPSamplerBase: Existing CookieManager HTTP Cookie Manager superseded by HTTP Cookie Manager
2026-08-03 19:07:53,276 WARN o.a.j.p.h.s.HTTPSamplerBase: Existing CookieManager HTTP Cookie Manager superseded by HTTP Cookie Manager
2026-08-03 19:07:53,341 WARN o.a.j.p.h.s.HTTPSamplerBase: Existing CookieManager HTTP Cookie Manager superseded by HTTP Cookie Manager
2026-08-03 19:07:53,523 WARN o.a.j.p.h.s.HTTPSamplerBase: Existing CookieManager HTTP Cookie Manager superseded by HTTP Cookie Manager
2026-08-03 19:07:53,586 WARN o.a.j.p.h.s.HTTPSamplerBase: Existing CookieManager HTTP Cookie Manager superseded by HTTP Cookie Manager
2026-08-03 19:07:53,672 WARN o.a.j.p.h.s.HTTPSamplerBase: Existing CookieManager HTTP Cookie Manager superseded by HTTP Cookie Manager
2026-08-03 19:07:53,708 WARN o.a.j.p.h.s.HTTPSamplerBase: Existing CookieManager HTTP Cookie Manager superseded by HTTP Cookie Manager
2026-08-03 19:07:53,925 WARN o.a.j.p.h.s.HTTPSamplerBase: Existing CookieManager HTTP Cookie Manager superseded by HTTP Cookie Manager
2026-08-03 19:07:53,959 WARN o.a.j.p.h.s.HTTPSamplerBase: Existing CookieManager HTTP Cookie Manager superseded by HTTP Cookie Manager
2026-08-03 19:07:54,344 WARN o.a.j.p.h.s.HTTPSamplerBase: Existing CookieManager HTTP Cookie Manager superseded by HTTP Cookie Manager
2026-08-03 19:07:54,344 WARN o.a.j.p.h.s.HTTPSamplerBase: Existing CookieManager HTTP Cookie Manager superseded by HTTP Cookie Manager
2026-08-03 19:07:54,348 WARN o.a.j.p.h.s.HTTPSamplerBase: Existing CookieManager HTTP Cookie Manager superseded by HTTP Cookie Manager
2026-08-03 19:07:54,587 WARN o.a.j.p.h.s.HTTPSamplerBase: Existing CookieManager HTTP Cookie Manager superseded by HTTP Cookie Manager
2026-08-03 19:07:54,591 WARN o.a.j.p.h.s.HTTPSamplerBase: Existing CookieManager HTTP Cookie Manager superseded by HTTP Cookie Manager
2026-08-03 19:07:54,592 WARN o.a.j.p.h.s.HTTPSamplerBase: Existing CookieManager HTTP Cookie Manager superseded by HTTP Cookie Manager
2026-08-03 19:07:55,203 WARN o.a.j.p.h.s.HTTPSamplerBase: Existing CookieManager HTTP Cookie Manager superseded by HTTP Cookie Manager
2026-08-03 19:07:55,457 WARN o.a.j.p.h.s.HTTPSamplerBase: Existing CookieManager HTTP Cookie Manager superseded by HTTP Cookie Manager
2026-08-03 19:07:55,522 WARN o.a.j.p.h.s.HTTPSamplerBase: Existing CookieManager HTTP Cookie Manager superseded by HTTP Cookie Manager
2026-08-03 19:07:55,526 WARN o.a.j.p.h.s.HTTPSamplerBase: Existing CookieManager HTTP Cookie Manager superseded by HTTP Cookie Manager
2026-08-03 19:07:55,770 WARN o.a.j.p.h.s.HTTPSamplerBase: Existing CookieManager HTTP Cookie Manager superseded by HTTP Cookie Manager
2026-08-03 19:07:55,772 WARN o.a.j.p.h.s.HTTPSamplerBase: Existing CookieManager HTTP Cookie Manager superseded by HTTP Cookie Manager
2026-08-03 19:07:55,998 WARN o.a.j.p.h.s.HTTPSamplerBase: Existing CookieManager HTTP Cookie Manager superseded by HTTP Cookie Manager
2026-08-03 19:07:56,040 WARN o.a.j.p.h.s.HTTPSamplerBase: Existing CookieManager HTTP Cookie Manager superseded by HTTP Cookie Manager
2026-08-03 19:07:56,246 WARN o.a.j.p.h.s.HTTPSamplerBase: Existing CookieManager HTTP Cookie Manager superseded by HTTP Cookie Manager
2026-08-03 19:07:56,289 WARN o.a.j.p.h.s.HTTPSamplerBase: Existing CookieManager HTTP Cookie Manager superseded by HTTP Cookie Manager
2026-08-03 19:07:56,350 WARN o.a.j.p.h.s.HTTPSamplerBase: Existing CookieManager HTTP Cookie Manager superseded by HTTP Cookie Manager
2026-08-03 19:07:56,368 WARN o.a.j.p.h.s.HTTPSamplerBase: Existing CookieManager HTTP Cookie Manager superseded by HTTP Cookie Manager
2026-08-03 19:07:56,590 WARN o.a.j.p.h.s.HTTPSamplerBase: Existing CookieManager HTTP Cookie Manager superseded by HTTP Cookie Manager
2026-08-03 19:07:56,620 WARN o.a.j.p.h.s.HTTPSamplerBase: Existing CookieManager HTTP Cookie Manager superseded by HTTP Cookie Manager
2026-08-03 19:07:56,916 WARN o.a.j.p.h.s.HTTPSamplerBase: Existing CookieManager HTTP Cookie Manager superseded by HTTP Cookie Manager
2026-08-03 19:07:56,975 WARN o.a.j.p.h.s.HTTPSamplerBase: Existing CookieManager HTTP Cookie Manager superseded by HTTP Cookie Manager
2026-08-03 19:07:56,975 WARN o.a.j.p.h.s.HTTPSamplerBase: Existing CookieManager HTTP Cookie Manager superseded by HTTP Cookie Manager
2026-08-03 19:07:57,157 WARN o.a.j.p.h.s.HTTPSamplerBase: Existing CookieManager HTTP Cookie Manager superseded by HTTP Cookie Manager
2026-08-03 19:07:57,230 WARN o.a.j.p.h.s.HTTPSamplerBase: Existing CookieManager HTTP Cookie Manager superseded by HTTP Cookie Manager
2026-08-03 19:07:57,233 WARN o.a.j.p.h.s.HTTPSamplerBase: Existing CookieManager HTTP Cookie Manager superseded by HTTP Cookie Manager
2026-08-03 19:07:57,739 WARN o.a.j.p.h.s.HTTPSamplerBase: Existing CookieManager HTTP Cookie Manager superseded by HTTP Cookie Manager
2026-08-03 19:07:58,003 WARN o.a.j.p.h.s.HTTPSamplerBase: Existing CookieManager HTTP Cookie Manager superseded by HTTP Cookie Manager
2026-08-03 19:07:58,053 WARN o.a.j.p.h.s.HTTPSamplerBase: Existing CookieManager HTTP Cookie Manager superseded by HTTP Cookie Manager
2026-08-03 19:07:58,062 WARN o.a.j.p.h.s.HTTPSamplerBase: Existing CookieManager HTTP Cookie Manager superseded by HTTP Cookie Manager
2026-08-03 19:07:58,303 WARN o.a.j.p.h.s.HTTPSamplerBase: Existing CookieManager HTTP Cookie Manager superseded by HTTP Cookie Manager
2026-08-03 19:07:58,303 WARN o.a.j.p.h.s.HTTPSamplerBase: Existing CookieManager HTTP Cookie Manager superseded by HTTP Cookie Manager
2026-08-03 19:07:58,519 WARN o.a.j.p.h.s.HTTPSamplerBase: Existing CookieManager HTTP Cookie Manager superseded by HTTP Cookie Manager
2026-08-03 19:07:58,586 WARN o.a.j.p.h.s.HTTPSamplerBase: Existing CookieManager HTTP Cookie Manager superseded by HTTP Cookie Manager
2026-08-03 19:07:58,766 WARN o.a.j.p.h.s.HTTPSamplerBase: Existing CookieManager HTTP Cookie Manager superseded by HTTP Cookie Manager
2026-08-03 19:07:58,836 WARN o.a.j.p.h.s.HTTPSamplerBase: Existing CookieManager HTTP Cookie Manager superseded by HTTP Cookie Manager
2026-08-03 19:07:58,836 WARN o.a.j.p.h.s.HTTPSamplerBase: Existing CookieManager HTTP Cookie Manager superseded by HTTP Cookie Manager
2026-08-03 19:07:58,932 WARN o.a.j.p.h.s.HTTPSamplerBase: Existing CookieManager HTTP Cookie Manager superseded by HTTP Cookie Manager
2026-08-03 19:07:59,003 INFO o.a.j.r.Summariser: summary +    347 in 00:00:06 =   57.9/s Avg:   172 Min:    77 Max:   483 Err:     1 (0.29%) Active: 10 Started: 10 Finished: 0
2026-08-03 19:07:59,007 INFO o.a.j.r.Summariser: summary =   2948 in 00:00:56 =   52.9/s Avg:   172 Min:    76 Max:  1853 Err:     2 (0.07%)
2026-08-03 19:07:59,086 WARN o.a.j.p.h.s.HTTPSamplerBase: Existing CookieManager HTTP Cookie Manager superseded by HTTP Cookie Manager
2026-08-03 19:07:59,181 WARN o.a.j.p.h.s.HTTPSamplerBase: Existing CookieManager HTTP Cookie Manager superseded by HTTP Cookie Manager
2026-08-03 19:07:59,452 WARN o.a.j.p.h.s.HTTPSamplerBase: Existing CookieManager HTTP Cookie Manager superseded by HTTP Cookie Manager
2026-08-03 19:07:59,535 WARN o.a.j.p.h.s.HTTPSamplerBase: Existing CookieManager HTTP Cookie Manager superseded by HTTP Cookie Manager
2026-08-03 19:07:59,552 WARN o.a.j.p.h.s.HTTPSamplerBase: Existing CookieManager HTTP Cookie Manager superseded by HTTP Cookie Manager
2026-08-03 19:07:59,701 WARN o.a.j.p.h.s.HTTPSamplerBase: Existing CookieManager HTTP Cookie Manager superseded by HTTP Cookie Manager
2026-08-03 19:07:59,787 WARN o.a.j.p.h.s.HTTPSamplerBase: Existing CookieManager HTTP Cookie Manager superseded by HTTP Cookie Manager
2026-08-03 19:07:59,801 WARN o.a.j.p.h.s.HTTPSamplerBase: Existing CookieManager HTTP Cookie Manager superseded by HTTP Cookie Manager
2026-08-03 19:08:00,285 WARN o.a.j.p.h.s.HTTPSamplerBase: Existing CookieManager HTTP Cookie Manager superseded by HTTP Cookie Manager
2026-08-03 19:08:00,536 WARN o.a.j.p.h.s.HTTPSamplerBase: Existing CookieManager HTTP Cookie Manager superseded by HTTP Cookie Manager
2026-08-03 19:08:00,536 WARN o.a.j.p.h.s.HTTPSamplerBase: Existing CookieManager HTTP Cookie Manager superseded by HTTP Cookie Manager
2026-08-03 19:08:00,601 WARN o.a.j.p.h.s.HTTPSamplerBase: Existing CookieManager HTTP Cookie Manager superseded by HTTP Cookie Manager
2026-08-03 19:08:00,796 WARN o.a.j.p.h.s.HTTPSamplerBase: Existing CookieManager HTTP Cookie Manager superseded by HTTP Cookie Manager
2026-08-03 19:08:00,860 WARN o.a.j.p.h.s.HTTPSamplerBase: Existing CookieManager HTTP Cookie Manager superseded by HTTP Cookie Manager
2026-08-03 19:08:01,019 WARN o.a.j.p.h.s.HTTPSamplerBase: Existing CookieManager HTTP Cookie Manager superseded by HTTP Cookie Manager
2026-08-03 19:08:01,192 WARN o.a.j.p.h.s.HTTPSamplerBase: Existing CookieManager HTTP Cookie Manager superseded by HTTP Cookie Manager
2026-08-03 19:08:01,267 WARN o.a.j.p.h.s.HTTPSamplerBase: Existing CookieManager HTTP Cookie Manager superseded by HTTP Cookie Manager
2026-08-03 19:08:01,350 WARN o.a.j.p.h.s.HTTPSamplerBase: Existing CookieManager HTTP Cookie Manager superseded by HTTP Cookie Manager
2026-08-03 19:08:01,467 WARN o.a.j.p.h.s.HTTPSamplerBase: Existing CookieManager HTTP Cookie Manager superseded by HTTP Cookie Manager
2026-08-03 19:08:01,517 WARN o.a.j.p.h.s.HTTPSamplerBase: Existing CookieManager HTTP Cookie Manager superseded by HTTP Cookie Manager
2026-08-03 19:08:01,617 WARN o.a.j.p.h.s.HTTPSamplerBase: Existing CookieManager HTTP Cookie Manager superseded by HTTP Cookie Manager
2026-08-03 19:08:01,773 WARN o.a.j.p.h.s.HTTPSamplerBase: Existing CookieManager HTTP Cookie Manager superseded by HTTP Cookie Manager
2026-08-03 19:08:02,079 WARN o.a.j.p.h.s.HTTPSamplerBase: Existing CookieManager HTTP Cookie Manager superseded by HTTP Cookie Manager
2026-08-03 19:08:02,086 WARN o.a.j.p.h.s.HTTPSamplerBase: Existing CookieManager HTTP Cookie Manager superseded by HTTP Cookie Manager
2026-08-03 19:08:02,249 WARN o.a.j.p.h.s.HTTPSamplerBase: Existing CookieManager HTTP Cookie Manager superseded by HTTP Cookie Manager
2026-08-03 19:08:02,329 WARN o.a.j.p.h.s.HTTPSamplerBase: Existing CookieManager HTTP Cookie Manager superseded by HTTP Cookie Manager
2026-08-03 19:08:02,338 WARN o.a.j.p.h.s.HTTPSamplerBase: Existing CookieManager HTTP Cookie Manager superseded by HTTP Cookie Manager
2026-08-03 19:08:02,499 WARN o.a.j.p.h.s.HTTPSamplerBase: Existing CookieManager HTTP Cookie Manager superseded by HTTP Cookie Manager
2026-08-03 19:08:02,942 WARN o.a.j.p.h.s.HTTPSamplerBase: Existing CookieManager HTTP Cookie Manager superseded by HTTP Cookie Manager
2026-08-03 19:08:03,164 WARN o.a.j.p.h.s.HTTPSamplerBase: Existing CookieManager HTTP Cookie Manager superseded by HTTP Cookie Manager
2026-08-03 19:08:03,268 WARN o.a.j.p.h.s.HTTPSamplerBase: Existing CookieManager HTTP Cookie Manager superseded by HTTP Cookie Manager
2026-08-03 19:08:03,325 WARN o.a.j.p.h.s.HTTPSamplerBase: Existing CookieManager HTTP Cookie Manager superseded by HTTP Cookie Manager
2026-08-03 19:08:03,398 WARN o.a.j.p.h.s.HTTPSamplerBase: Existing CookieManager HTTP Cookie Manager superseded by HTTP Cookie Manager
2026-08-03 19:08:03,637 WARN o.a.j.p.h.s.HTTPSamplerBase: Existing CookieManager HTTP Cookie Manager superseded by HTTP Cookie Manager
2026-08-03 19:08:03,642 WARN o.a.j.p.h.s.HTTPSamplerBase: Existing CookieManager HTTP Cookie Manager superseded by HTTP Cookie Manager
2026-08-03 19:08:04,059 WARN o.a.j.p.h.s.HTTPSamplerBase: Existing CookieManager HTTP Cookie Manager superseded by HTTP Cookie Manager
2026-08-03 19:08:04,095 WARN o.a.j.p.h.s.HTTPSamplerBase: Existing CookieManager HTTP Cookie Manager superseded by HTTP Cookie Manager
2026-08-03 19:08:04,105 WARN o.a.j.p.h.s.HTTPSamplerBase: Existing CookieManager HTTP Cookie Manager superseded by HTTP Cookie Manager
2026-08-03 19:08:04,540 WARN o.a.j.p.h.s.HTTPSamplerBase: Existing CookieManager HTTP Cookie Manager superseded by HTTP Cookie Manager
2026-08-03 19:08:04,541 WARN o.a.j.p.h.s.HTTPSamplerBase: Existing CookieManager HTTP Cookie Manager superseded by HTTP Cookie Manager
2026-08-03 19:08:04,541 WARN o.a.j.p.h.s.HTTPSamplerBase: Existing CookieManager HTTP Cookie Manager superseded by HTTP Cookie Manager
2026-08-03 19:08:04,931 WARN o.a.j.p.h.s.HTTPSamplerBase: Existing CookieManager HTTP Cookie Manager superseded by HTTP Cookie Manager
2026-08-03 19:08:04,933 WARN o.a.j.p.h.s.HTTPSamplerBase: Existing CookieManager HTTP Cookie Manager superseded by HTTP Cookie Manager
2026-08-03 19:08:05,037 INFO o.a.j.r.Summariser: summary +    321 in 00:00:06 =   53.2/s Avg:   184 Min:    78 Max:   625 Err:     0 (0.00%) Active: 10 Started: 10 Finished: 0
2026-08-03 19:08:05,037 INFO o.a.j.r.Summariser: summary =   3269 in 00:01:02 =   52.9/s Avg:   173 Min:    76 Max:  1853 Err:     2 (0.06%)
2026-08-03 19:08:05,215 WARN o.a.j.p.h.s.HTTPSamplerBase: Existing CookieManager HTTP Cookie Manager superseded by HTTP Cookie Manager
2026-08-03 19:08:05,331 WARN o.a.j.p.h.s.HTTPSamplerBase: Existing CookieManager HTTP Cookie Manager superseded by HTTP Cookie Manager
2026-08-03 19:08:05,488 WARN o.a.j.p.h.s.HTTPSamplerBase: Existing CookieManager HTTP Cookie Manager superseded by HTTP Cookie Manager
2026-08-03 19:08:05,640 WARN o.a.j.p.h.s.HTTPSamplerBase: Existing CookieManager HTTP Cookie Manager superseded by HTTP Cookie Manager
2026-08-03 19:08:05,817 WARN o.a.j.p.h.s.HTTPSamplerBase: Existing CookieManager HTTP Cookie Manager superseded by HTTP Cookie Manager
2026-08-03 19:08:05,995 WARN o.a.j.p.h.s.HTTPSamplerBase: Existing CookieManager HTTP Cookie Manager superseded by HTTP Cookie Manager
2026-08-03 19:08:06,145 WARN o.a.j.p.h.s.HTTPSamplerBase: Existing CookieManager HTTP Cookie Manager superseded by HTTP Cookie Manager
2026-08-03 19:08:06,276 WARN o.a.j.p.h.s.HTTPSamplerBase: Existing CookieManager HTTP Cookie Manager superseded by HTTP Cookie Manager
2026-08-03 19:08:06,315 WARN o.a.j.p.h.s.HTTPSamplerBase: Existing CookieManager HTTP Cookie Manager superseded by HTTP Cookie Manager
2026-08-03 19:08:06,398 WARN o.a.j.p.h.s.HTTPSamplerBase: Existing CookieManager HTTP Cookie Manager superseded by HTTP Cookie Manager
2026-08-03 19:08:06,938 WARN o.a.j.p.h.s.HTTPSamplerBase: Existing CookieManager HTTP Cookie Manager superseded by HTTP Cookie Manager
2026-08-03 19:08:06,964 WARN o.a.j.p.h.s.HTTPSamplerBase: Existing CookieManager HTTP Cookie Manager superseded by HTTP Cookie Manager
2026-08-03 19:08:07,030 WARN o.a.j.p.h.s.HTTPSamplerBase: Existing CookieManager HTTP Cookie Manager superseded by HTTP Cookie Manager
2026-08-03 19:08:07,257 WARN o.a.j.p.h.s.HTTPSamplerBase: Existing CookieManager HTTP Cookie Manager superseded by HTTP Cookie Manager
2026-08-03 19:08:07,312 WARN o.a.j.p.h.s.HTTPSamplerBase: Existing CookieManager HTTP Cookie Manager superseded by HTTP Cookie Manager
2026-08-03 19:08:07,329 WARN o.a.j.p.h.s.HTTPSamplerBase: Existing CookieManager HTTP Cookie Manager superseded by HTTP Cookie Manager
2026-08-03 19:08:07,329 WARN o.a.j.p.h.s.HTTPSamplerBase: Existing CookieManager HTTP Cookie Manager superseded by HTTP Cookie Manager
2026-08-03 19:08:07,537 WARN o.a.j.p.h.s.HTTPSamplerBase: Existing CookieManager HTTP Cookie Manager superseded by HTTP Cookie Manager
2026-08-03 19:08:07,564 WARN o.a.j.p.h.s.HTTPSamplerBase: Existing CookieManager HTTP Cookie Manager superseded by HTTP Cookie Manager
2026-08-03 19:08:07,578 WARN o.a.j.p.h.s.HTTPSamplerBase: Existing CookieManager HTTP Cookie Manager superseded by HTTP Cookie Manager
2026-08-03 19:08:07,798 WARN o.a.j.p.h.s.HTTPSamplerBase: Existing CookieManager HTTP Cookie Manager superseded by HTTP Cookie Manager
2026-08-03 19:08:07,963 WARN o.a.j.p.h.s.HTTPSamplerBase: Existing CookieManager HTTP Cookie Manager superseded by HTTP Cookie Manager
2026-08-03 19:08:08,224 WARN o.a.j.p.h.s.HTTPSamplerBase: Existing CookieManager HTTP Cookie Manager superseded by HTTP Cookie Manager
2026-08-03 19:08:08,286 WARN o.a.j.p.h.s.HTTPSamplerBase: Existing CookieManager HTTP Cookie Manager superseded by HTTP Cookie Manager
2026-08-03 19:08:08,678 WARN o.a.j.p.h.s.HTTPSamplerBase: Existing CookieManager HTTP Cookie Manager superseded by HTTP Cookie Manager
2026-08-03 19:08:08,724 WARN o.a.j.p.h.s.HTTPSamplerBase: Existing CookieManager HTTP Cookie Manager superseded by HTTP Cookie Manager
2026-08-03 19:08:08,977 WARN o.a.j.p.h.s.HTTPSamplerBase: Existing CookieManager HTTP Cookie Manager superseded by HTTP Cookie Manager
2026-08-03 19:08:09,100 WARN o.a.j.p.h.s.HTTPSamplerBase: Existing CookieManager HTTP Cookie Manager superseded by HTTP Cookie Manager
2026-08-03 19:08:09,344 WARN o.a.j.p.h.s.HTTPSamplerBase: Existing CookieManager HTTP Cookie Manager superseded by HTTP Cookie Manager
2026-08-03 19:08:09,405 WARN o.a.j.p.h.s.HTTPSamplerBase: Existing CookieManager HTTP Cookie Manager superseded by HTTP Cookie Manager
2026-08-03 19:08:09,743 WARN o.a.j.p.h.s.HTTPSamplerBase: Existing CookieManager HTTP Cookie Manager superseded by HTTP Cookie Manager
2026-08-03 19:08:09,763 WARN o.a.j.p.h.s.HTTPSamplerBase: Existing CookieManager HTTP Cookie Manager superseded by HTTP Cookie Manager
2026-08-03 19:08:09,954 WARN o.a.j.p.h.s.HTTPSamplerBase: Existing CookieManager HTTP Cookie Manager superseded by HTTP Cookie Manager
2026-08-03 19:08:10,043 WARN o.a.j.p.h.s.HTTPSamplerBase: Existing CookieManager HTTP Cookie Manager superseded by HTTP Cookie Manager
2026-08-03 19:08:10,068 WARN o.a.j.p.h.s.HTTPSamplerBase: Existing CookieManager HTTP Cookie Manager superseded by HTTP Cookie Manager
2026-08-03 19:08:10,142 WARN o.a.j.p.h.s.HTTPSamplerBase: Existing CookieManager HTTP Cookie Manager superseded by HTTP Cookie Manager
2026-08-03 19:08:10,235 WARN o.a.j.p.h.s.HTTPSamplerBase: Existing CookieManager HTTP Cookie Manager superseded by HTTP Cookie Manager
2026-08-03 19:08:10,297 WARN o.a.j.p.h.s.HTTPSamplerBase: Existing CookieManager HTTP Cookie Manager superseded by HTTP Cookie Manager
2026-08-03 19:08:10,410 WARN o.a.j.p.h.s.HTTPSamplerBase: Existing CookieManager HTTP Cookie Manager superseded by HTTP Cookie Manager
2026-08-03 19:08:10,648 WARN o.a.j.p.h.s.HTTPSamplerBase: Existing CookieManager HTTP Cookie Manager superseded by HTTP Cookie Manager
2026-08-03 19:08:10,895 WARN o.a.j.p.h.s.HTTPSamplerBase: Existing CookieManager HTTP Cookie Manager superseded by HTTP Cookie Manager
2026-08-03 19:08:10,977 WARN o.a.j.p.h.s.HTTPSamplerBase: Existing CookieManager HTTP Cookie Manager superseded by HTTP Cookie Manager
2026-08-03 19:08:10,977 WARN o.a.j.p.h.s.HTTPSamplerBase: Existing CookieManager HTTP Cookie Manager superseded by HTTP Cookie Manager
2026-08-03 19:08:11,059 INFO o.a.j.r.Summariser: summary +    320 in 00:00:06 =   53.2/s Avg:   188 Min:    79 Max:   820 Err:     0 (0.00%) Active: 10 Started: 10 Finished: 0
2026-08-03 19:08:11,059 INFO o.a.j.r.Summariser: summary =   3589 in 00:01:08 =   52.9/s Avg:   174 Min:    76 Max:  1853 Err:     2 (0.06%)
2026-08-03 19:08:11,221 WARN o.a.j.p.h.s.HTTPSamplerBase: Existing CookieManager HTTP Cookie Manager superseded by HTTP Cookie Manager
2026-08-03 19:08:11,225 WARN o.a.j.p.h.s.HTTPSamplerBase: Existing CookieManager HTTP Cookie Manager superseded by HTTP Cookie Manager
2026-08-03 19:08:11,316 WARN o.a.j.p.h.s.HTTPSamplerBase: Existing CookieManager HTTP Cookie Manager superseded by HTTP Cookie Manager
2026-08-03 19:08:11,781 WARN o.a.j.p.h.s.HTTPSamplerBase: Existing CookieManager HTTP Cookie Manager superseded by HTTP Cookie Manager
2026-08-03 19:08:11,909 WARN o.a.j.p.h.s.HTTPSamplerBase: Existing CookieManager HTTP Cookie Manager superseded by HTTP Cookie Manager
2026-08-03 19:08:12,151 WARN o.a.j.p.h.s.HTTPSamplerBase: Existing CookieManager HTTP Cookie Manager superseded by HTTP Cookie Manager
2026-08-03 19:08:12,187 WARN o.a.j.p.h.s.HTTPSamplerBase: Existing CookieManager HTTP Cookie Manager superseded by HTTP Cookie Manager
2026-08-03 19:08:12,437 WARN o.a.j.p.h.s.HTTPSamplerBase: Existing CookieManager HTTP Cookie Manager superseded by HTTP Cookie Manager
2026-08-03 19:08:12,458 WARN o.a.j.p.h.s.HTTPSamplerBase: Existing CookieManager HTTP Cookie Manager superseded by HTTP Cookie Manager
2026-08-03 19:08:12,625 WARN o.a.j.p.h.s.HTTPSamplerBase: Existing CookieManager HTTP Cookie Manager superseded by HTTP Cookie Manager
2026-08-03 19:08:12,710 WARN o.a.j.p.h.s.HTTPSamplerBase: Existing CookieManager HTTP Cookie Manager superseded by HTTP Cookie Manager
2026-08-03 19:08:12,851 WARN o.a.j.p.h.s.HTTPSamplerBase: Existing CookieManager HTTP Cookie Manager superseded by HTTP Cookie Manager
2026-08-03 19:08:12,974 WARN o.a.j.p.h.s.HTTPSamplerBase: Existing CookieManager HTTP Cookie Manager superseded by HTTP Cookie Manager
2026-08-03 19:08:13,007 WARN o.a.j.p.h.s.HTTPSamplerBase: Existing CookieManager HTTP Cookie Manager superseded by HTTP Cookie Manager
2026-08-03 19:08:13,103 WARN o.a.j.p.h.s.HTTPSamplerBase: Existing CookieManager HTTP Cookie Manager superseded by HTTP Cookie Manager
2026-08-03 19:08:13,265 WARN o.a.j.p.h.s.HTTPSamplerBase: Existing CookieManager HTTP Cookie Manager superseded by HTTP Cookie Manager
2026-08-03 19:08:13,307 WARN o.a.j.p.h.s.HTTPSamplerBase: Existing CookieManager HTTP Cookie Manager superseded by HTTP Cookie Manager
2026-08-03 19:08:13,591 WARN o.a.j.p.h.s.HTTPSamplerBase: Existing CookieManager HTTP Cookie Manager superseded by HTTP Cookie Manager
2026-08-03 19:08:13,713 WARN o.a.j.p.h.s.HTTPSamplerBase: Existing CookieManager HTTP Cookie Manager superseded by HTTP Cookie Manager
2026-08-03 19:08:13,740 WARN o.a.j.p.h.s.HTTPSamplerBase: Existing CookieManager HTTP Cookie Manager superseded by HTTP Cookie Manager
2026-08-03 19:08:13,959 WARN o.a.j.p.h.s.HTTPSamplerBase: Existing CookieManager HTTP Cookie Manager superseded by HTTP Cookie Manager
2026-08-03 19:08:14,210 WARN o.a.j.p.h.s.HTTPSamplerBase: Existing CookieManager HTTP Cookie Manager superseded by HTTP Cookie Manager
2026-08-03 19:08:14,476 WARN o.a.j.p.h.s.HTTPSamplerBase: Existing CookieManager HTTP Cookie Manager superseded by HTTP Cookie Manager
2026-08-03 19:08:14,605 WARN o.a.j.p.h.s.HTTPSamplerBase: Existing CookieManager HTTP Cookie Manager superseded by HTTP Cookie Manager
2026-08-03 19:08:15,034 WARN o.a.j.p.h.s.HTTPSamplerBase: Existing CookieManager HTTP Cookie Manager superseded by HTTP Cookie Manager
2026-08-03 19:08:15,049 WARN o.a.j.p.h.s.HTTPSamplerBase: Existing CookieManager HTTP Cookie Manager superseded by HTTP Cookie Manager
2026-08-03 19:08:15,065 WARN o.a.j.p.h.s.HTTPSamplerBase: Existing CookieManager HTTP Cookie Manager superseded by HTTP Cookie Manager
2026-08-03 19:08:15,321 WARN o.a.j.p.h.s.HTTPSamplerBase: Existing CookieManager HTTP Cookie Manager superseded by HTTP Cookie Manager
2026-08-03 19:08:15,372 WARN o.a.j.p.h.s.HTTPSamplerBase: Existing CookieManager HTTP Cookie Manager superseded by HTTP Cookie Manager
2026-08-03 19:08:15,634 WARN o.a.j.p.h.s.HTTPSamplerBase: Existing CookieManager HTTP Cookie Manager superseded by HTTP Cookie Manager
2026-08-03 19:08:15,638 WARN o.a.j.p.h.s.HTTPSamplerBase: Existing CookieManager HTTP Cookie Manager superseded by HTTP Cookie Manager
2026-08-03 19:08:15,722 WARN o.a.j.p.h.s.HTTPSamplerBase: Existing CookieManager HTTP Cookie Manager superseded by HTTP Cookie Manager
2026-08-03 19:08:15,871 WARN o.a.j.p.h.s.HTTPSamplerBase: Existing CookieManager HTTP Cookie Manager superseded by HTTP Cookie Manager
2026-08-03 19:08:15,918 WARN o.a.j.p.h.s.HTTPSamplerBase: Existing CookieManager HTTP Cookie Manager superseded by HTTP Cookie Manager
2026-08-03 19:08:15,983 WARN o.a.j.p.h.s.HTTPSamplerBase: Existing CookieManager HTTP Cookie Manager superseded by HTTP Cookie Manager
2026-08-03 19:08:16,171 WARN o.a.j.p.h.s.HTTPSamplerBase: Existing CookieManager HTTP Cookie Manager superseded by HTTP Cookie Manager
2026-08-03 19:08:16,237 WARN o.a.j.p.h.s.HTTPSamplerBase: Existing CookieManager HTTP Cookie Manager superseded by HTTP Cookie Manager
2026-08-03 19:08:16,419 WARN o.a.j.p.h.s.HTTPSamplerBase: Existing CookieManager HTTP Cookie Manager superseded by HTTP Cookie Manager
2026-08-03 19:08:16,421 WARN o.a.j.p.h.s.HTTPSamplerBase: Existing CookieManager HTTP Cookie Manager superseded by HTTP Cookie Manager
2026-08-03 19:08:16,617 WARN o.a.j.p.h.s.HTTPSamplerBase: Existing CookieManager HTTP Cookie Manager superseded by HTTP Cookie Manager
2026-08-03 19:08:16,674 WARN o.a.j.p.h.s.HTTPSamplerBase: Existing CookieManager HTTP Cookie Manager superseded by HTTP Cookie Manager
2026-08-03 19:08:16,897 WARN o.a.j.p.h.s.HTTPSamplerBase: Existing CookieManager HTTP Cookie Manager superseded by HTTP Cookie Manager
2026-08-03 19:08:17,038 INFO o.a.j.r.Summariser: summary +    321 in 00:00:06 =   53.7/s Avg:   184 Min:    77 Max:   508 Err:     0 (0.00%) Active: 10 Started: 10 Finished: 0
2026-08-03 19:08:17,038 INFO o.a.j.r.Summariser: summary =   3910 in 00:01:14 =   53.0/s Avg:   175 Min:    76 Max:  1853 Err:     2 (0.05%)
2026-08-03 19:08:17,287 WARN o.a.j.p.h.s.HTTPSamplerBase: Existing CookieManager HTTP Cookie Manager superseded by HTTP Cookie Manager
2026-08-03 19:08:17,383 WARN o.a.j.p.h.s.HTTPSamplerBase: Existing CookieManager HTTP Cookie Manager superseded by HTTP Cookie Manager
2026-08-03 19:08:17,546 WARN o.a.j.p.h.s.HTTPSamplerBase: Existing CookieManager HTTP Cookie Manager superseded by HTTP Cookie Manager
2026-08-03 19:08:17,668 WARN o.a.j.p.h.s.HTTPSamplerBase: Existing CookieManager HTTP Cookie Manager superseded by HTTP Cookie Manager
2026-08-03 19:08:17,668 WARN o.a.j.p.h.s.HTTPSamplerBase: Existing CookieManager HTTP Cookie Manager superseded by HTTP Cookie Manager
2026-08-03 19:08:17,924 WARN o.a.j.p.h.s.HTTPSamplerBase: Existing CookieManager HTTP Cookie Manager superseded by HTTP Cookie Manager
2026-08-03 19:08:17,959 WARN o.a.j.p.h.s.HTTPSamplerBase: Existing CookieManager HTTP Cookie Manager superseded by HTTP Cookie Manager
2026-08-03 19:08:18,213 WARN o.a.j.p.h.s.HTTPSamplerBase: Existing CookieManager HTTP Cookie Manager superseded by HTTP Cookie Manager
2026-08-03 19:08:18,242 WARN o.a.j.p.h.s.HTTPSamplerBase: Existing CookieManager HTTP Cookie Manager superseded by HTTP Cookie Manager
2026-08-03 19:08:18,322 WARN o.a.j.p.h.s.HTTPSamplerBase: Existing CookieManager HTTP Cookie Manager superseded by HTTP Cookie Manager
2026-08-03 19:08:18,525 WARN o.a.j.p.h.s.HTTPSamplerBase: Existing CookieManager HTTP Cookie Manager superseded by HTTP Cookie Manager
2026-08-03 19:08:18,569 WARN o.a.j.p.h.s.HTTPSamplerBase: Existing CookieManager HTTP Cookie Manager superseded by HTTP Cookie Manager
2026-08-03 19:08:18,577 WARN o.a.j.p.h.s.HTTPSamplerBase: Existing CookieManager HTTP Cookie Manager superseded by HTTP Cookie Manager
2026-08-03 19:08:18,673 WARN o.a.j.p.h.s.HTTPSamplerBase: Existing CookieManager HTTP Cookie Manager superseded by HTTP Cookie Manager
2026-08-03 19:08:18,855 WARN o.a.j.p.h.s.HTTPSamplerBase: Existing CookieManager HTTP Cookie Manager superseded by HTTP Cookie Manager
2026-08-03 19:08:18,922 WARN o.a.j.p.h.s.HTTPSamplerBase: Existing CookieManager HTTP Cookie Manager superseded by HTTP Cookie Manager
2026-08-03 19:08:18,923 WARN o.a.j.p.h.s.HTTPSamplerBase: Existing CookieManager HTTP Cookie Manager superseded by HTTP Cookie Manager
2026-08-03 19:08:19,153 WARN o.a.j.p.h.s.HTTPSamplerBase: Existing CookieManager HTTP Cookie Manager superseded by HTTP Cookie Manager
2026-08-03 19:08:19,205 WARN o.a.j.p.h.s.HTTPSamplerBase: Existing CookieManager HTTP Cookie Manager superseded by HTTP Cookie Manager
2026-08-03 19:08:19,518 WARN o.a.j.p.h.s.HTTPSamplerBase: Existing CookieManager HTTP Cookie Manager superseded by HTTP Cookie Manager
2026-08-03 19:08:19,803 WARN o.a.j.p.h.s.HTTPSamplerBase: Existing CookieManager HTTP Cookie Manager superseded by HTTP Cookie Manager
2026-08-03 19:08:20,020 WARN o.a.j.p.h.s.HTTPSamplerBase: Existing CookieManager HTTP Cookie Manager superseded by HTTP Cookie Manager
2026-08-03 19:08:20,052 WARN o.a.j.p.h.s.HTTPSamplerBase: Existing CookieManager HTTP Cookie Manager superseded by HTTP Cookie Manager
2026-08-03 19:08:20,291 WARN o.a.j.p.h.s.HTTPSamplerBase: Existing CookieManager HTTP Cookie Manager superseded by HTTP Cookie Manager
2026-08-03 19:08:20,311 WARN o.a.j.p.h.s.HTTPSamplerBase: Existing CookieManager HTTP Cookie Manager superseded by HTTP Cookie Manager
2026-08-03 19:08:20,518 WARN o.a.j.p.h.s.HTTPSamplerBase: Existing CookieManager HTTP Cookie Manager superseded by HTTP Cookie Manager
2026-08-03 19:08:20,550 WARN o.a.j.p.h.s.HTTPSamplerBase: Existing CookieManager HTTP Cookie Manager superseded by HTTP Cookie Manager
2026-08-03 19:08:20,768 WARN o.a.j.p.h.s.HTTPSamplerBase: Existing CookieManager HTTP Cookie Manager superseded by HTTP Cookie Manager
2026-08-03 19:08:20,836 WARN o.a.j.p.h.s.HTTPSamplerBase: Existing CookieManager HTTP Cookie Manager superseded by HTTP Cookie Manager
2026-08-03 19:08:20,914 WARN o.a.j.p.h.s.HTTPSamplerBase: Existing CookieManager HTTP Cookie Manager superseded by HTTP Cookie Manager
2026-08-03 19:08:21,131 WARN o.a.j.p.h.s.HTTPSamplerBase: Existing CookieManager HTTP Cookie Manager superseded by HTTP Cookie Manager
2026-08-03 19:08:21,170 WARN o.a.j.p.h.s.HTTPSamplerBase: Existing CookieManager HTTP Cookie Manager superseded by HTTP Cookie Manager
2026-08-03 19:08:21,176 WARN o.a.j.p.h.s.HTTPSamplerBase: Existing CookieManager HTTP Cookie Manager superseded by HTTP Cookie Manager
2026-08-03 19:08:21,186 WARN o.a.j.p.h.s.HTTPSamplerBase: Existing CookieManager HTTP Cookie Manager superseded by HTTP Cookie Manager
2026-08-03 19:08:21,401 WARN o.a.j.p.h.s.HTTPSamplerBase: Existing CookieManager HTTP Cookie Manager superseded by HTTP Cookie Manager
2026-08-03 19:08:21,434 WARN o.a.j.p.h.s.HTTPSamplerBase: Existing CookieManager HTTP Cookie Manager superseded by HTTP Cookie Manager
2026-08-03 19:08:21,464 WARN o.a.j.p.h.s.HTTPSamplerBase: Existing CookieManager HTTP Cookie Manager superseded by HTTP Cookie Manager
2026-08-03 19:08:21,660 WARN o.a.j.p.h.s.HTTPSamplerBase: Existing CookieManager HTTP Cookie Manager superseded by HTTP Cookie Manager
2026-08-03 19:08:21,820 WARN o.a.j.p.h.s.HTTPSamplerBase: Existing CookieManager HTTP Cookie Manager superseded by HTTP Cookie Manager
2026-08-03 19:08:22,100 WARN o.a.j.p.h.s.HTTPSamplerBase: Existing CookieManager HTTP Cookie Manager superseded by HTTP Cookie Manager
2026-08-03 19:08:22,310 WARN o.a.j.p.h.s.HTTPSamplerBase: Existing CookieManager HTTP Cookie Manager superseded by HTTP Cookie Manager
2026-08-03 19:08:22,552 WARN o.a.j.p.h.s.HTTPSamplerBase: Existing CookieManager HTTP Cookie Manager superseded by HTTP Cookie Manager
2026-08-03 19:08:22,638 WARN o.a.j.p.h.s.HTTPSamplerBase: Existing CookieManager HTTP Cookie Manager superseded by HTTP Cookie Manager
2026-08-03 19:08:22,919 WARN o.a.j.p.h.s.HTTPSamplerBase: Existing CookieManager HTTP Cookie Manager superseded by HTTP Cookie Manager
2026-08-03 19:08:22,919 WARN o.a.j.p.h.s.HTTPSamplerBase: Existing CookieManager HTTP Cookie Manager superseded by HTTP Cookie Manager
2026-08-03 19:08:23,001 INFO o.a.j.r.Summariser: summary +    349 in 00:00:06 =   58.5/s Avg:   170 Min:    78 Max:   335 Err:     1 (0.29%) Active: 10 Started: 10 Finished: 0
2026-08-03 19:08:23,001 INFO o.a.j.r.Summariser: summary =   4259 in 00:01:20 =   53.4/s Avg:   175 Min:    76 Max:  1853 Err:     3 (0.07%)
2026-08-03 19:08:23,086 WARN o.a.j.p.h.s.HTTPSamplerBase: Existing CookieManager HTTP Cookie Manager superseded by HTTP Cookie Manager
2026-08-03 19:08:23,178 WARN o.a.j.p.h.s.HTTPSamplerBase: Existing CookieManager HTTP Cookie Manager superseded by HTTP Cookie Manager
2026-08-03 19:08:23,335 WARN o.a.j.p.h.s.HTTPSamplerBase: Existing CookieManager HTTP Cookie Manager superseded by HTTP Cookie Manager
2026-08-03 19:08:23,461 WARN o.a.j.p.h.s.HTTPSamplerBase: Existing CookieManager HTTP Cookie Manager superseded by HTTP Cookie Manager
2026-08-03 19:08:23,514 WARN o.a.j.p.h.s.HTTPSamplerBase: Existing CookieManager HTTP Cookie Manager superseded by HTTP Cookie Manager
2026-08-03 19:08:23,718 WARN o.a.j.p.h.s.HTTPSamplerBase: Existing CookieManager HTTP Cookie Manager superseded by HTTP Cookie Manager
2026-08-03 19:08:23,740 WARN o.a.j.p.h.s.HTTPSamplerBase: Existing CookieManager HTTP Cookie Manager superseded by HTTP Cookie Manager
2026-08-03 19:08:23,795 WARN o.a.j.p.h.s.HTTPSamplerBase: Existing CookieManager HTTP Cookie Manager superseded by HTTP Cookie Manager
2026-08-03 19:08:23,796 WARN o.a.j.p.h.s.HTTPSamplerBase: Existing CookieManager HTTP Cookie Manager superseded by HTTP Cookie Manager
2026-08-03 19:08:23,948 WARN o.a.j.p.h.s.HTTPSamplerBase: Existing CookieManager HTTP Cookie Manager superseded by HTTP Cookie Manager
2026-08-03 19:08:23,995 WARN o.a.j.p.h.s.HTTPSamplerBase: Existing CookieManager HTTP Cookie Manager superseded by HTTP Cookie Manager
2026-08-03 19:08:24,075 WARN o.a.j.p.h.s.HTTPSamplerBase: Existing CookieManager HTTP Cookie Manager superseded by HTTP Cookie Manager
2026-08-03 19:08:24,200 WARN o.a.j.p.h.s.HTTPSamplerBase: Existing CookieManager HTTP Cookie Manager superseded by HTTP Cookie Manager
2026-08-03 19:08:24,391 WARN o.a.j.p.h.s.HTTPSamplerBase: Existing CookieManager HTTP Cookie Manager superseded by HTTP Cookie Manager
2026-08-03 19:08:24,668 WARN o.a.j.p.h.s.HTTPSamplerBase: Existing CookieManager HTTP Cookie Manager superseded by HTTP Cookie Manager
2026-08-03 19:08:24,809 WARN o.a.j.p.h.s.HTTPSamplerBase: Existing CookieManager HTTP Cookie Manager superseded by HTTP Cookie Manager
2026-08-03 19:08:25,060 WARN o.a.j.p.h.s.HTTPSamplerBase: Existing CookieManager HTTP Cookie Manager superseded by HTTP Cookie Manager
2026-08-03 19:08:25,231 WARN o.a.j.p.h.s.HTTPSamplerBase: Existing CookieManager HTTP Cookie Manager superseded by HTTP Cookie Manager
2026-08-03 19:08:25,524 WARN o.a.j.p.h.s.HTTPSamplerBase: Existing CookieManager HTTP Cookie Manager superseded by HTTP Cookie Manager
2026-08-03 19:08:25,524 WARN o.a.j.p.h.s.HTTPSamplerBase: Existing CookieManager HTTP Cookie Manager superseded by HTTP Cookie Manager
2026-08-03 19:08:25,642 WARN o.a.j.p.h.s.HTTPSamplerBase: Existing CookieManager HTTP Cookie Manager superseded by HTTP Cookie Manager
2026-08-03 19:08:25,777 WARN o.a.j.p.h.s.HTTPSamplerBase: Existing CookieManager HTTP Cookie Manager superseded by HTTP Cookie Manager
2026-08-03 19:08:25,888 WARN o.a.j.p.h.s.HTTPSamplerBase: Existing CookieManager HTTP Cookie Manager superseded by HTTP Cookie Manager
2026-08-03 19:08:26,046 WARN o.a.j.p.h.s.HTTPSamplerBase: Existing CookieManager HTTP Cookie Manager superseded by HTTP Cookie Manager
2026-08-03 19:08:26,191 WARN o.a.j.p.h.s.HTTPSamplerBase: Existing CookieManager HTTP Cookie Manager superseded by HTTP Cookie Manager
2026-08-03 19:08:26,293 WARN o.a.j.p.h.s.HTTPSamplerBase: Existing CookieManager HTTP Cookie Manager superseded by HTTP Cookie Manager
2026-08-03 19:08:26,347 WARN o.a.j.p.h.s.HTTPSamplerBase: Existing CookieManager HTTP Cookie Manager superseded by HTTP Cookie Manager
2026-08-03 19:08:26,383 WARN o.a.j.p.h.s.HTTPSamplerBase: Existing CookieManager HTTP Cookie Manager superseded by HTTP Cookie Manager
2026-08-03 19:08:26,437 WARN o.a.j.p.h.s.HTTPSamplerBase: Existing CookieManager HTTP Cookie Manager superseded by HTTP Cookie Manager
2026-08-03 19:08:26,446 WARN o.a.j.p.h.s.HTTPSamplerBase: Existing CookieManager HTTP Cookie Manager superseded by HTTP Cookie Manager
2026-08-03 19:08:26,666 WARN o.a.j.p.h.s.HTTPSamplerBase: Existing CookieManager HTTP Cookie Manager superseded by HTTP Cookie Manager
2026-08-03 19:08:26,704 WARN o.a.j.p.h.s.HTTPSamplerBase: Existing CookieManager HTTP Cookie Manager superseded by HTTP Cookie Manager
2026-08-03 19:08:26,739 WARN o.a.j.p.h.s.HTTPSamplerBase: Existing CookieManager HTTP Cookie Manager superseded by HTTP Cookie Manager
2026-08-03 19:08:27,016 WARN o.a.j.p.h.s.HTTPSamplerBase: Existing CookieManager HTTP Cookie Manager superseded by HTTP Cookie Manager
2026-08-03 19:08:27,296 WARN o.a.j.p.h.s.HTTPSamplerBase: Existing CookieManager HTTP Cookie Manager superseded by HTTP Cookie Manager
2026-08-03 19:08:27,313 WARN o.a.j.p.h.s.HTTPSamplerBase: Existing CookieManager HTTP Cookie Manager superseded by HTTP Cookie Manager
2026-08-03 19:08:27,565 WARN o.a.j.p.h.s.HTTPSamplerBase: Existing CookieManager HTTP Cookie Manager superseded by HTTP Cookie Manager
2026-08-03 19:08:27,863 WARN o.a.j.p.h.s.HTTPSamplerBase: Existing CookieManager HTTP Cookie Manager superseded by HTTP Cookie Manager
2026-08-03 19:08:28,153 WARN o.a.j.p.h.s.HTTPSamplerBase: Existing CookieManager HTTP Cookie Manager superseded by HTTP Cookie Manager
2026-08-03 19:08:28,153 WARN o.a.j.p.h.s.HTTPSamplerBase: Existing CookieManager HTTP Cookie Manager superseded by HTTP Cookie Manager
2026-08-03 19:08:28,199 WARN o.a.j.p.h.s.HTTPSamplerBase: Existing CookieManager HTTP Cookie Manager superseded by HTTP Cookie Manager
2026-08-03 19:08:28,395 WARN o.a.j.p.h.s.HTTPSamplerBase: Existing CookieManager HTTP Cookie Manager superseded by HTTP Cookie Manager
2026-08-03 19:08:28,451 WARN o.a.j.p.h.s.HTTPSamplerBase: Existing CookieManager HTTP Cookie Manager superseded by HTTP Cookie Manager
2026-08-03 19:08:28,662 WARN o.a.j.p.h.s.HTTPSamplerBase: Existing CookieManager HTTP Cookie Manager superseded by HTTP Cookie Manager
2026-08-03 19:08:28,786 WARN o.a.j.p.h.s.HTTPSamplerBase: Existing CookieManager HTTP Cookie Manager superseded by HTTP Cookie Manager
2026-08-03 19:08:28,942 WARN o.a.j.p.h.s.HTTPSamplerBase: Existing CookieManager HTTP Cookie Manager superseded by HTTP Cookie Manager
2026-08-03 19:08:28,949 WARN o.a.j.p.h.s.HTTPSamplerBase: Existing CookieManager HTTP Cookie Manager superseded by HTTP Cookie Manager
2026-08-03 19:08:28,971 WARN o.a.j.p.h.s.HTTPSamplerBase: Existing CookieManager HTTP Cookie Manager superseded by HTTP Cookie Manager
2026-08-03 19:08:28,987 WARN o.a.j.p.h.s.HTTPSamplerBase: Existing CookieManager HTTP Cookie Manager superseded by HTTP Cookie Manager
2026-08-03 19:08:29,026 INFO o.a.j.r.Summariser: summary +    349 in 00:00:06 =   58.0/s Avg:   170 Min:    78 Max:   336 Err:     0 (0.00%) Active: 10 Started: 10 Finished: 0
2026-08-03 19:08:29,026 INFO o.a.j.r.Summariser: summary =   4608 in 00:01:26 =   53.7/s Avg:   174 Min:    76 Max:  1853 Err:     3 (0.07%)
2026-08-03 19:08:29,029 WARN o.a.j.p.h.s.HTTPSamplerBase: Existing CookieManager HTTP Cookie Manager superseded by HTTP Cookie Manager
2026-08-03 19:08:29,190 WARN o.a.j.p.h.s.HTTPSamplerBase: Existing CookieManager HTTP Cookie Manager superseded by HTTP Cookie Manager
2026-08-03 19:08:29,250 WARN o.a.j.p.h.s.HTTPSamplerBase: Existing CookieManager HTTP Cookie Manager superseded by HTTP Cookie Manager
2026-08-03 19:08:29,260 WARN o.a.j.p.h.s.HTTPSamplerBase: Existing CookieManager HTTP Cookie Manager superseded by HTTP Cookie Manager
2026-08-03 19:08:29,602 WARN o.a.j.p.h.s.HTTPSamplerBase: Existing CookieManager HTTP Cookie Manager superseded by HTTP Cookie Manager
2026-08-03 19:08:29,848 WARN o.a.j.p.h.s.HTTPSamplerBase: Existing CookieManager HTTP Cookie Manager superseded by HTTP Cookie Manager
2026-08-03 19:08:29,883 WARN o.a.j.p.h.s.HTTPSamplerBase: Existing CookieManager HTTP Cookie Manager superseded by HTTP Cookie Manager
2026-08-03 19:08:30,105 WARN o.a.j.p.h.s.HTTPSamplerBase: Existing CookieManager HTTP Cookie Manager superseded by HTTP Cookie Manager
2026-08-03 19:08:30,487 WARN o.a.j.p.h.s.HTTPSamplerBase: Existing CookieManager HTTP Cookie Manager superseded by HTTP Cookie Manager
2026-08-03 19:08:30,752 WARN o.a.j.p.h.s.HTTPSamplerBase: Existing CookieManager HTTP Cookie Manager superseded by HTTP Cookie Manager
2026-08-03 19:08:30,759 WARN o.a.j.p.h.s.HTTPSamplerBase: Existing CookieManager HTTP Cookie Manager superseded by HTTP Cookie Manager
2026-08-03 19:08:30,777 WARN o.a.j.p.h.s.HTTPSamplerBase: Existing CookieManager HTTP Cookie Manager superseded by HTTP Cookie Manager
2026-08-03 19:08:30,987 WARN o.a.j.p.h.s.HTTPSamplerBase: Existing CookieManager HTTP Cookie Manager superseded by HTTP Cookie Manager
2026-08-03 19:08:31,020 WARN o.a.j.p.h.s.HTTPSamplerBase: Existing CookieManager HTTP Cookie Manager superseded by HTTP Cookie Manager
2026-08-03 19:08:31,272 WARN o.a.j.p.h.s.HTTPSamplerBase: Existing CookieManager HTTP Cookie Manager superseded by HTTP Cookie Manager
2026-08-03 19:08:31,360 WARN o.a.j.p.h.s.HTTPSamplerBase: Existing CookieManager HTTP Cookie Manager superseded by HTTP Cookie Manager
2026-08-03 19:08:31,440 WARN o.a.j.p.h.s.HTTPSamplerBase: Existing CookieManager HTTP Cookie Manager superseded by HTTP Cookie Manager
2026-08-03 19:08:31,505 WARN o.a.j.p.h.s.HTTPSamplerBase: Existing CookieManager HTTP Cookie Manager superseded by HTTP Cookie Manager
2026-08-03 19:08:31,559 WARN o.a.j.p.h.s.HTTPSamplerBase: Existing CookieManager HTTP Cookie Manager superseded by HTTP Cookie Manager
2026-08-03 19:08:31,577 WARN o.a.j.p.h.s.HTTPSamplerBase: Existing CookieManager HTTP Cookie Manager superseded by HTTP Cookie Manager
2026-08-03 19:08:31,627 WARN o.a.j.p.h.s.HTTPSamplerBase: Existing CookieManager HTTP Cookie Manager superseded by HTTP Cookie Manager
2026-08-03 19:08:31,678 WARN o.a.j.p.h.s.HTTPSamplerBase: Existing CookieManager HTTP Cookie Manager superseded by HTTP Cookie Manager
2026-08-03 19:08:31,744 WARN o.a.j.p.h.s.HTTPSamplerBase: Existing CookieManager HTTP Cookie Manager superseded by HTTP Cookie Manager
2026-08-03 19:08:31,870 WARN o.a.j.p.h.s.HTTPSamplerBase: Existing CookieManager HTTP Cookie Manager superseded by HTTP Cookie Manager
2026-08-03 19:08:32,191 WARN o.a.j.p.h.s.HTTPSamplerBase: Existing CookieManager HTTP Cookie Manager superseded by HTTP Cookie Manager
2026-08-03 19:08:32,375 WARN o.a.j.p.h.s.HTTPSamplerBase: Existing CookieManager HTTP Cookie Manager superseded by HTTP Cookie Manager
2026-08-03 19:08:32,478 WARN o.a.j.p.h.s.HTTPSamplerBase: Existing CookieManager HTTP Cookie Manager superseded by HTTP Cookie Manager
2026-08-03 19:08:32,647 WARN o.a.j.p.h.s.HTTPSamplerBase: Existing CookieManager HTTP Cookie Manager superseded by HTTP Cookie Manager
2026-08-03 19:08:33,159 WARN o.a.j.p.h.s.HTTPSamplerBase: Existing CookieManager HTTP Cookie Manager superseded by HTTP Cookie Manager
2026-08-03 19:08:33,325 WARN o.a.j.p.h.s.HTTPSamplerBase: Existing CookieManager HTTP Cookie Manager superseded by HTTP Cookie Manager
2026-08-03 19:08:33,373 WARN o.a.j.p.h.s.HTTPSamplerBase: Existing CookieManager HTTP Cookie Manager superseded by HTTP Cookie Manager
2026-08-03 19:08:33,442 WARN o.a.j.p.h.s.HTTPSamplerBase: Existing CookieManager HTTP Cookie Manager superseded by HTTP Cookie Manager
2026-08-03 19:08:33,568 WARN o.a.j.p.h.s.HTTPSamplerBase: Existing CookieManager HTTP Cookie Manager superseded by HTTP Cookie Manager
2026-08-03 19:08:33,631 WARN o.a.j.p.h.s.HTTPSamplerBase: Existing CookieManager HTTP Cookie Manager superseded by HTTP Cookie Manager
2026-08-03 19:08:33,879 WARN o.a.j.p.h.s.HTTPSamplerBase: Existing CookieManager HTTP Cookie Manager superseded by HTTP Cookie Manager
2026-08-03 19:08:33,968 WARN o.a.j.p.h.s.HTTPSamplerBase: Existing CookieManager HTTP Cookie Manager superseded by HTTP Cookie Manager
2026-08-03 19:08:34,008 WARN o.a.j.p.h.s.HTTPSamplerBase: Existing CookieManager HTTP Cookie Manager superseded by HTTP Cookie Manager
2026-08-03 19:08:34,011 WARN o.a.j.p.h.s.HTTPSamplerBase: Existing CookieManager HTTP Cookie Manager superseded by HTTP Cookie Manager
2026-08-03 19:08:34,160 WARN o.a.j.p.h.s.HTTPSamplerBase: Existing CookieManager HTTP Cookie Manager superseded by HTTP Cookie Manager
2026-08-03 19:08:34,191 WARN o.a.j.p.h.s.HTTPSamplerBase: Existing CookieManager HTTP Cookie Manager superseded by HTTP Cookie Manager
2026-08-03 19:08:34,207 WARN o.a.j.p.h.s.HTTPSamplerBase: Existing CookieManager HTTP Cookie Manager superseded by HTTP Cookie Manager
2026-08-03 19:08:34,266 WARN o.a.j.p.h.s.HTTPSamplerBase: Existing CookieManager HTTP Cookie Manager superseded by HTTP Cookie Manager
2026-08-03 19:08:34,266 WARN o.a.j.p.h.s.HTTPSamplerBase: Existing CookieManager HTTP Cookie Manager superseded by HTTP Cookie Manager
2026-08-03 19:08:34,473 WARN o.a.j.p.h.s.HTTPSamplerBase: Existing CookieManager HTTP Cookie Manager superseded by HTTP Cookie Manager
2026-08-03 19:08:34,815 WARN o.a.j.p.h.s.HTTPSamplerBase: Existing CookieManager HTTP Cookie Manager superseded by HTTP Cookie Manager
2026-08-03 19:08:34,920 WARN o.a.j.p.h.s.HTTPSamplerBase: Existing CookieManager HTTP Cookie Manager superseded by HTTP Cookie Manager
2026-08-03 19:08:35,006 INFO o.a.j.r.Summariser: summary +    347 in 00:00:06 =   58.0/s Avg:   172 Min:    78 Max:   343 Err:     0 (0.00%) Active: 10 Started: 10 Finished: 0
2026-08-03 19:08:35,006 INFO o.a.j.r.Summariser: summary =   4955 in 00:01:32 =   54.0/s Avg:   174 Min:    76 Max:  1853 Err:     3 (0.06%)
2026-08-03 19:08:35,102 WARN o.a.j.p.h.s.HTTPSamplerBase: Existing CookieManager HTTP Cookie Manager superseded by HTTP Cookie Manager
2026-08-03 19:08:35,175 WARN o.a.j.p.h.s.HTTPSamplerBase: Existing CookieManager HTTP Cookie Manager superseded by HTTP Cookie Manager
2026-08-03 19:08:35,796 WARN o.a.j.p.h.s.HTTPSamplerBase: Existing CookieManager HTTP Cookie Manager superseded by HTTP Cookie Manager
2026-08-03 19:08:35,873 WARN o.a.j.p.h.s.HTTPSamplerBase: Existing CookieManager HTTP Cookie Manager superseded by HTTP Cookie Manager
2026-08-03 19:08:35,990 WARN o.a.j.p.h.s.HTTPSamplerBase: Existing CookieManager HTTP Cookie Manager superseded by HTTP Cookie Manager
2026-08-03 19:08:36,072 WARN o.a.j.p.h.s.HTTPSamplerBase: Existing CookieManager HTTP Cookie Manager superseded by HTTP Cookie Manager
2026-08-03 19:08:36,123 WARN o.a.j.p.h.s.HTTPSamplerBase: Existing CookieManager HTTP Cookie Manager superseded by HTTP Cookie Manager
2026-08-03 19:08:36,249 WARN o.a.j.p.h.s.HTTPSamplerBase: Existing CookieManager HTTP Cookie Manager superseded by HTTP Cookie Manager
2026-08-03 19:08:36,467 WARN o.a.j.p.h.s.HTTPSamplerBase: Existing CookieManager HTTP Cookie Manager superseded by HTTP Cookie Manager
2026-08-03 19:08:36,488 WARN o.a.j.p.h.s.HTTPSamplerBase: Existing CookieManager HTTP Cookie Manager superseded by HTTP Cookie Manager
2026-08-03 19:08:36,524 WARN o.a.j.p.h.s.HTTPSamplerBase: Existing CookieManager HTTP Cookie Manager superseded by HTTP Cookie Manager
2026-08-03 19:08:36,605 WARN o.a.j.p.h.s.HTTPSamplerBase: Existing CookieManager HTTP Cookie Manager superseded by HTTP Cookie Manager
2026-08-03 19:08:36,712 WARN o.a.j.p.h.s.HTTPSamplerBase: Existing CookieManager HTTP Cookie Manager superseded by HTTP Cookie Manager
2026-08-03 19:08:36,780 WARN o.a.j.p.h.s.HTTPSamplerBase: Existing CookieManager HTTP Cookie Manager superseded by HTTP Cookie Manager
2026-08-03 19:08:36,780 WARN o.a.j.p.h.s.HTTPSamplerBase: Existing CookieManager HTTP Cookie Manager superseded by HTTP Cookie Manager
2026-08-03 19:08:36,780 WARN o.a.j.p.h.s.HTTPSamplerBase: Existing CookieManager HTTP Cookie Manager superseded by HTTP Cookie Manager
2026-08-03 19:08:36,855 WARN o.a.j.p.h.s.HTTPSamplerBase: Existing CookieManager HTTP Cookie Manager superseded by HTTP Cookie Manager
2026-08-03 19:08:37,054 WARN o.a.j.p.h.s.HTTPSamplerBase: Existing CookieManager HTTP Cookie Manager superseded by HTTP Cookie Manager
2026-08-03 19:08:37,405 WARN o.a.j.p.h.s.HTTPSamplerBase: Existing CookieManager HTTP Cookie Manager superseded by HTTP Cookie Manager
2026-08-03 19:08:37,437 WARN o.a.j.p.h.s.HTTPSamplerBase: Existing CookieManager HTTP Cookie Manager superseded by HTTP Cookie Manager
2026-08-03 19:08:37,689 WARN o.a.j.p.h.s.HTTPSamplerBase: Existing CookieManager HTTP Cookie Manager superseded by HTTP Cookie Manager
2026-08-03 19:08:37,690 WARN o.a.j.p.h.s.HTTPSamplerBase: Existing CookieManager HTTP Cookie Manager superseded by HTTP Cookie Manager
2026-08-03 19:08:38,422 WARN o.a.j.p.h.s.HTTPSamplerBase: Existing CookieManager HTTP Cookie Manager superseded by HTTP Cookie Manager
2026-08-03 19:08:38,436 WARN o.a.j.p.h.s.HTTPSamplerBase: Existing CookieManager HTTP Cookie Manager superseded by HTTP Cookie Manager
2026-08-03 19:08:38,615 WARN o.a.j.p.h.s.HTTPSamplerBase: Existing CookieManager HTTP Cookie Manager superseded by HTTP Cookie Manager
2026-08-03 19:08:38,685 WARN o.a.j.p.h.s.HTTPSamplerBase: Existing CookieManager HTTP Cookie Manager superseded by HTTP Cookie Manager
2026-08-03 19:08:38,705 WARN o.a.j.p.h.s.HTTPSamplerBase: Existing CookieManager HTTP Cookie Manager superseded by HTTP Cookie Manager
2026-08-03 19:08:38,868 WARN o.a.j.p.h.s.HTTPSamplerBase: Existing CookieManager HTTP Cookie Manager superseded by HTTP Cookie Manager
2026-08-03 19:08:38,957 WARN o.a.j.p.h.s.HTTPSamplerBase: Existing CookieManager HTTP Cookie Manager superseded by HTTP Cookie Manager
2026-08-03 19:08:39,043 WARN o.a.j.p.h.s.HTTPSamplerBase: Existing CookieManager HTTP Cookie Manager superseded by HTTP Cookie Manager
2026-08-03 19:08:39,103 WARN o.a.j.p.h.s.HTTPSamplerBase: Existing CookieManager HTTP Cookie Manager superseded by HTTP Cookie Manager
2026-08-03 19:08:39,194 WARN o.a.j.p.h.s.HTTPSamplerBase: Existing CookieManager HTTP Cookie Manager superseded by HTTP Cookie Manager
2026-08-03 19:08:39,203 WARN o.a.j.p.h.s.HTTPSamplerBase: Existing CookieManager HTTP Cookie Manager superseded by HTTP Cookie Manager
2026-08-03 19:08:39,300 WARN o.a.j.p.h.s.HTTPSamplerBase: Existing CookieManager HTTP Cookie Manager superseded by HTTP Cookie Manager
2026-08-03 19:08:39,369 WARN o.a.j.p.h.s.HTTPSamplerBase: Existing CookieManager HTTP Cookie Manager superseded by HTTP Cookie Manager
2026-08-03 19:08:39,385 WARN o.a.j.p.h.s.HTTPSamplerBase: Existing CookieManager HTTP Cookie Manager superseded by HTTP Cookie Manager
2026-08-03 19:08:39,448 WARN o.a.j.p.h.s.HTTPSamplerBase: Existing CookieManager HTTP Cookie Manager superseded by HTTP Cookie Manager
2026-08-03 19:08:39,660 WARN o.a.j.p.h.s.HTTPSamplerBase: Existing CookieManager HTTP Cookie Manager superseded by HTTP Cookie Manager
2026-08-03 19:08:39,966 WARN o.a.j.p.h.s.HTTPSamplerBase: Existing CookieManager HTTP Cookie Manager superseded by HTTP Cookie Manager
2026-08-03 19:08:39,985 WARN o.a.j.p.h.s.HTTPSamplerBase: Existing CookieManager HTTP Cookie Manager superseded by HTTP Cookie Manager
2026-08-03 19:08:40,220 WARN o.a.j.p.h.s.HTTPSamplerBase: Existing CookieManager HTTP Cookie Manager superseded by HTTP Cookie Manager
2026-08-03 19:08:40,265 WARN o.a.j.p.h.s.HTTPSamplerBase: Existing CookieManager HTTP Cookie Manager superseded by HTTP Cookie Manager
2026-08-03 19:08:40,984 WARN o.a.j.p.h.s.HTTPSamplerBase: Existing CookieManager HTTP Cookie Manager superseded by HTTP Cookie Manager
2026-08-03 19:08:41,040 INFO o.a.j.r.Summariser: summary +    350 in 00:00:06 =   58.0/s Avg:   171 Min:    79 Max:   332 Err:     0 (0.00%) Active: 10 Started: 10 Finished: 0
2026-08-03 19:08:41,040 WARN o.a.j.p.h.s.HTTPSamplerBase: Existing CookieManager HTTP Cookie Manager superseded by HTTP Cookie Manager
2026-08-03 19:08:41,040 INFO o.a.j.r.Summariser: summary =   5305 in 00:01:38 =   54.2/s Avg:   174 Min:    76 Max:  1853 Err:     3 (0.06%)
2026-08-03 19:08:41,218 WARN o.a.j.p.h.s.HTTPSamplerBase: Existing CookieManager HTTP Cookie Manager superseded by HTTP Cookie Manager
2026-08-03 19:08:41,249 WARN o.a.j.p.h.s.HTTPSamplerBase: Existing CookieManager HTTP Cookie Manager superseded by HTTP Cookie Manager
2026-08-03 19:08:41,329 WARN o.a.j.p.h.s.HTTPSamplerBase: Existing CookieManager HTTP Cookie Manager superseded by HTTP Cookie Manager
2026-08-03 19:08:41,465 WARN o.a.j.p.h.s.HTTPSamplerBase: Existing CookieManager HTTP Cookie Manager superseded by HTTP Cookie Manager
2026-08-03 19:08:41,495 WARN o.a.j.p.h.s.HTTPSamplerBase: Existing CookieManager HTTP Cookie Manager superseded by HTTP Cookie Manager
2026-08-03 19:08:41,570 WARN o.a.j.p.h.s.HTTPSamplerBase: Existing CookieManager HTTP Cookie Manager superseded by HTTP Cookie Manager
2026-08-03 19:08:41,701 WARN o.a.j.p.h.s.HTTPSamplerBase: Existing CookieManager HTTP Cookie Manager superseded by HTTP Cookie Manager
2026-08-03 19:08:41,703 WARN o.a.j.p.h.s.HTTPSamplerBase: Existing CookieManager HTTP Cookie Manager superseded by HTTP Cookie Manager
2026-08-03 19:08:41,784 WARN o.a.j.p.h.s.HTTPSamplerBase: Existing CookieManager HTTP Cookie Manager superseded by HTTP Cookie Manager
2026-08-03 19:08:41,817 WARN o.a.j.p.h.s.HTTPSamplerBase: Existing CookieManager HTTP Cookie Manager superseded by HTTP Cookie Manager
2026-08-03 19:08:41,967 WARN o.a.j.p.h.s.HTTPSamplerBase: Existing CookieManager HTTP Cookie Manager superseded by HTTP Cookie Manager
2026-08-03 19:08:41,984 WARN o.a.j.p.h.s.HTTPSamplerBase: Existing CookieManager HTTP Cookie Manager superseded by HTTP Cookie Manager
2026-08-03 19:08:42,033 WARN o.a.j.p.h.s.HTTPSamplerBase: Existing CookieManager HTTP Cookie Manager superseded by HTTP Cookie Manager
2026-08-03 19:08:42,259 WARN o.a.j.p.h.s.HTTPSamplerBase: Existing CookieManager HTTP Cookie Manager superseded by HTTP Cookie Manager
2026-08-03 19:08:42,511 WARN o.a.j.p.h.s.HTTPSamplerBase: Existing CookieManager HTTP Cookie Manager superseded by HTTP Cookie Manager
2026-08-03 19:08:42,583 WARN o.a.j.p.h.s.HTTPSamplerBase: Existing CookieManager HTTP Cookie Manager superseded by HTTP Cookie Manager
2026-08-03 19:08:42,753 WARN o.a.j.p.h.s.HTTPSamplerBase: Existing CookieManager HTTP Cookie Manager superseded by HTTP Cookie Manager
2026-08-03 19:08:42,870 WARN o.a.j.p.h.s.HTTPSamplerBase: Existing CookieManager HTTP Cookie Manager superseded by HTTP Cookie Manager
2026-08-03 19:08:43,562 WARN o.a.j.p.h.s.HTTPSamplerBase: Existing CookieManager HTTP Cookie Manager superseded by HTTP Cookie Manager
2026-08-03 19:08:43,704 WARN o.a.j.p.h.s.HTTPSamplerBase: Existing CookieManager HTTP Cookie Manager superseded by HTTP Cookie Manager
2026-08-03 19:08:43,816 WARN o.a.j.p.h.s.HTTPSamplerBase: Existing CookieManager HTTP Cookie Manager superseded by HTTP Cookie Manager
2026-08-03 19:08:43,875 WARN o.a.j.p.h.s.HTTPSamplerBase: Existing CookieManager HTTP Cookie Manager superseded by HTTP Cookie Manager
2026-08-03 19:08:43,950 WARN o.a.j.p.h.s.HTTPSamplerBase: Existing CookieManager HTTP Cookie Manager superseded by HTTP Cookie Manager
2026-08-03 19:08:43,984 WARN o.a.j.p.h.s.HTTPSamplerBase: Existing CookieManager HTTP Cookie Manager superseded by HTTP Cookie Manager
2026-08-03 19:08:44,102 WARN o.a.j.p.h.s.HTTPSamplerBase: Existing CookieManager HTTP Cookie Manager superseded by HTTP Cookie Manager
2026-08-03 19:08:44,129 WARN o.a.j.p.h.s.HTTPSamplerBase: Existing CookieManager HTTP Cookie Manager superseded by HTTP Cookie Manager
2026-08-03 19:08:44,218 WARN o.a.j.p.h.s.HTTPSamplerBase: Existing CookieManager HTTP Cookie Manager superseded by HTTP Cookie Manager
2026-08-03 19:08:44,315 WARN o.a.j.p.h.s.HTTPSamplerBase: Existing CookieManager HTTP Cookie Manager superseded by HTTP Cookie Manager
2026-08-03 19:08:44,361 WARN o.a.j.p.h.s.HTTPSamplerBase: Existing CookieManager HTTP Cookie Manager superseded by HTTP Cookie Manager
2026-08-03 19:08:44,390 WARN o.a.j.p.h.s.HTTPSamplerBase: Existing CookieManager HTTP Cookie Manager superseded by HTTP Cookie Manager
2026-08-03 19:08:44,585 WARN o.a.j.p.h.s.HTTPSamplerBase: Existing CookieManager HTTP Cookie Manager superseded by HTTP Cookie Manager
2026-08-03 19:08:44,601 WARN o.a.j.p.h.s.HTTPSamplerBase: Existing CookieManager HTTP Cookie Manager superseded by HTTP Cookie Manager
2026-08-03 19:08:44,636 WARN o.a.j.p.h.s.HTTPSamplerBase: Existing CookieManager HTTP Cookie Manager superseded by HTTP Cookie Manager
2026-08-03 19:08:44,866 WARN o.a.j.p.h.s.HTTPSamplerBase: Existing CookieManager HTTP Cookie Manager superseded by HTTP Cookie Manager
2026-08-03 19:08:45,022 WARN o.a.j.p.h.s.HTTPSamplerBase: Existing CookieManager HTTP Cookie Manager superseded by HTTP Cookie Manager
2026-08-03 19:08:45,174 WARN o.a.j.p.h.s.HTTPSamplerBase: Existing CookieManager HTTP Cookie Manager superseded by HTTP Cookie Manager
2026-08-03 19:08:45,265 WARN o.a.j.p.h.s.HTTPSamplerBase: Existing CookieManager HTTP Cookie Manager superseded by HTTP Cookie Manager
2026-08-03 19:08:45,463 WARN o.a.j.p.h.s.HTTPSamplerBase: Existing CookieManager HTTP Cookie Manager superseded by HTTP Cookie Manager
2026-08-03 19:08:46,138 WARN o.a.j.p.h.s.HTTPSamplerBase: Existing CookieManager HTTP Cookie Manager superseded by HTTP Cookie Manager
2026-08-03 19:08:46,312 WARN o.a.j.p.h.s.HTTPSamplerBase: Existing CookieManager HTTP Cookie Manager superseded by HTTP Cookie Manager
2026-08-03 19:08:46,403 WARN o.a.j.p.h.s.HTTPSamplerBase: Existing CookieManager HTTP Cookie Manager superseded by HTTP Cookie Manager
2026-08-03 19:08:46,460 WARN o.a.j.p.h.s.HTTPSamplerBase: Existing CookieManager HTTP Cookie Manager superseded by HTTP Cookie Manager
2026-08-03 19:08:46,460 WARN o.a.j.p.h.s.HTTPSamplerBase: Existing CookieManager HTTP Cookie Manager superseded by HTTP Cookie Manager
2026-08-03 19:08:46,606 WARN o.a.j.p.h.s.HTTPSamplerBase: Existing CookieManager HTTP Cookie Manager superseded by HTTP Cookie Manager
2026-08-03 19:08:46,613 WARN o.a.j.p.h.s.HTTPSamplerBase: Existing CookieManager HTTP Cookie Manager superseded by HTTP Cookie Manager
2026-08-03 19:08:46,704 WARN o.a.j.p.h.s.HTTPSamplerBase: Existing CookieManager HTTP Cookie Manager superseded by HTTP Cookie Manager
2026-08-03 19:08:46,714 WARN o.a.j.p.h.s.HTTPSamplerBase: Existing CookieManager HTTP Cookie Manager superseded by HTTP Cookie Manager
2026-08-03 19:08:46,876 WARN o.a.j.p.h.s.HTTPSamplerBase: Existing CookieManager HTTP Cookie Manager superseded by HTTP Cookie Manager
2026-08-03 19:08:46,945 WARN o.a.j.p.h.s.HTTPSamplerBase: Existing CookieManager HTTP Cookie Manager superseded by HTTP Cookie Manager
2026-08-03 19:08:46,962 WARN o.a.j.p.h.s.HTTPSamplerBase: Existing CookieManager HTTP Cookie Manager superseded by HTTP Cookie Manager
2026-08-03 19:08:47,012 INFO o.a.j.r.Summariser: summary +    351 in 00:00:06 =   58.8/s Avg:   169 Min:    77 Max:   345 Err:     0 (0.00%) Active: 10 Started: 10 Finished: 0
2026-08-03 19:08:47,013 INFO o.a.j.r.Summariser: summary =   5656 in 00:01:44 =   54.5/s Avg:   174 Min:    76 Max:  1853 Err:     3 (0.05%)
2026-08-03 19:08:47,179 WARN o.a.j.p.h.s.HTTPSamplerBase: Existing CookieManager HTTP Cookie Manager superseded by HTTP Cookie Manager
2026-08-03 19:08:47,192 WARN o.a.j.p.h.s.HTTPSamplerBase: Existing CookieManager HTTP Cookie Manager superseded by HTTP Cookie Manager
2026-08-03 19:08:47,216 WARN o.a.j.p.h.s.HTTPSamplerBase: Existing CookieManager HTTP Cookie Manager superseded by HTTP Cookie Manager
2026-08-03 19:08:47,463 WARN o.a.j.p.h.s.HTTPSamplerBase: Existing CookieManager HTTP Cookie Manager superseded by HTTP Cookie Manager
2026-08-03 19:08:47,549 WARN o.a.j.p.h.s.HTTPSamplerBase: Existing CookieManager HTTP Cookie Manager superseded by HTTP Cookie Manager
2026-08-03 19:08:47,764 WARN o.a.j.p.h.s.HTTPSamplerBase: Existing CookieManager HTTP Cookie Manager superseded by HTTP Cookie Manager
2026-08-03 19:08:47,798 WARN o.a.j.p.h.s.HTTPSamplerBase: Existing CookieManager HTTP Cookie Manager superseded by HTTP Cookie Manager
2026-08-03 19:08:48,015 WARN o.a.j.p.h.s.HTTPSamplerBase: Existing CookieManager HTTP Cookie Manager superseded by HTTP Cookie Manager
2026-08-03 19:08:48,703 WARN o.a.j.p.h.s.HTTPSamplerBase: Existing CookieManager HTTP Cookie Manager superseded by HTTP Cookie Manager
2026-08-03 19:08:48,946 WARN o.a.j.p.h.s.HTTPSamplerBase: Existing CookieManager HTTP Cookie Manager superseded by HTTP Cookie Manager
2026-08-03 19:08:48,946 WARN o.a.j.p.h.s.HTTPSamplerBase: Existing CookieManager HTTP Cookie Manager superseded by HTTP Cookie Manager
2026-08-03 19:08:48,978 WARN o.a.j.p.h.s.HTTPSamplerBase: Existing CookieManager HTTP Cookie Manager superseded by HTTP Cookie Manager
2026-08-03 19:08:49,053 WARN o.a.j.p.h.s.HTTPSamplerBase: Existing CookieManager HTTP Cookie Manager superseded by HTTP Cookie Manager
2026-08-03 19:08:49,164 WARN o.a.j.p.h.s.HTTPSamplerBase: Existing CookieManager HTTP Cookie Manager superseded by HTTP Cookie Manager
2026-08-03 19:08:49,254 WARN o.a.j.p.h.s.HTTPSamplerBase: Existing CookieManager HTTP Cookie Manager superseded by HTTP Cookie Manager
2026-08-03 19:08:49,257 WARN o.a.j.p.h.s.HTTPSamplerBase: Existing CookieManager HTTP Cookie Manager superseded by HTTP Cookie Manager
2026-08-03 19:08:49,314 WARN o.a.j.p.h.s.HTTPSamplerBase: Existing CookieManager HTTP Cookie Manager superseded by HTTP Cookie Manager
2026-08-03 19:08:49,411 WARN o.a.j.p.h.s.HTTPSamplerBase: Existing CookieManager HTTP Cookie Manager superseded by HTTP Cookie Manager
2026-08-03 19:08:49,558 WARN o.a.j.p.h.s.HTTPSamplerBase: Existing CookieManager HTTP Cookie Manager superseded by HTTP Cookie Manager
2026-08-03 19:08:49,558 WARN o.a.j.p.h.s.HTTPSamplerBase: Existing CookieManager HTTP Cookie Manager superseded by HTTP Cookie Manager
2026-08-03 19:08:49,799 WARN o.a.j.p.h.s.HTTPSamplerBase: Existing CookieManager HTTP Cookie Manager superseded by HTTP Cookie Manager
2026-08-03 19:08:49,815 WARN o.a.j.p.h.s.HTTPSamplerBase: Existing CookieManager HTTP Cookie Manager superseded by HTTP Cookie Manager
2026-08-03 19:08:49,845 WARN o.a.j.p.h.s.HTTPSamplerBase: Existing CookieManager HTTP Cookie Manager superseded by HTTP Cookie Manager
2026-08-03 19:08:50,063 WARN o.a.j.p.h.s.HTTPSamplerBase: Existing CookieManager HTTP Cookie Manager superseded by HTTP Cookie Manager
2026-08-03 19:08:50,067 WARN o.a.j.p.h.s.HTTPSamplerBase: Existing CookieManager HTTP Cookie Manager superseded by HTTP Cookie Manager
2026-08-03 19:08:50,316 WARN o.a.j.p.h.s.HTTPSamplerBase: Existing CookieManager HTTP Cookie Manager superseded by HTTP Cookie Manager
2026-08-03 19:08:50,316 WARN o.a.j.p.h.s.HTTPSamplerBase: Existing CookieManager HTTP Cookie Manager superseded by HTTP Cookie Manager
2026-08-03 19:08:50,604 WARN o.a.j.p.h.s.HTTPSamplerBase: Existing CookieManager HTTP Cookie Manager superseded by HTTP Cookie Manager
2026-08-03 19:08:51,259 WARN o.a.j.p.h.s.HTTPSamplerBase: Existing CookieManager HTTP Cookie Manager superseded by HTTP Cookie Manager
2026-08-03 19:08:51,511 WARN o.a.j.p.h.s.HTTPSamplerBase: Existing CookieManager HTTP Cookie Manager superseded by HTTP Cookie Manager
2026-08-03 19:08:51,511 WARN o.a.j.p.h.s.HTTPSamplerBase: Existing CookieManager HTTP Cookie Manager superseded by HTTP Cookie Manager
2026-08-03 19:08:51,575 WARN o.a.j.p.h.s.HTTPSamplerBase: Existing CookieManager HTTP Cookie Manager superseded by HTTP Cookie Manager
2026-08-03 19:08:51,660 WARN o.a.j.p.h.s.HTTPSamplerBase: Existing CookieManager HTTP Cookie Manager superseded by HTTP Cookie Manager
2026-08-03 19:08:51,669 WARN o.a.j.p.h.s.HTTPSamplerBase: Existing CookieManager HTTP Cookie Manager superseded by HTTP Cookie Manager
2026-08-03 19:08:51,744 WARN o.a.j.p.h.s.HTTPSamplerBase: Existing CookieManager HTTP Cookie Manager superseded by HTTP Cookie Manager
2026-08-03 19:08:51,859 WARN o.a.j.p.h.s.HTTPSamplerBase: Existing CookieManager HTTP Cookie Manager superseded by HTTP Cookie Manager
2026-08-03 19:08:51,917 WARN o.a.j.p.h.s.HTTPSamplerBase: Existing CookieManager HTTP Cookie Manager superseded by HTTP Cookie Manager
2026-08-03 19:08:51,917 WARN o.a.j.p.h.s.HTTPSamplerBase: Existing CookieManager HTTP Cookie Manager superseded by HTTP Cookie Manager
2026-08-03 19:08:52,142 WARN o.a.j.p.h.s.HTTPSamplerBase: Existing CookieManager HTTP Cookie Manager superseded by HTTP Cookie Manager
2026-08-03 19:08:52,160 WARN o.a.j.p.h.s.HTTPSamplerBase: Existing CookieManager HTTP Cookie Manager superseded by HTTP Cookie Manager
2026-08-03 19:08:52,359 WARN o.a.j.p.h.s.HTTPSamplerBase: Existing CookieManager HTTP Cookie Manager superseded by HTTP Cookie Manager
2026-08-03 19:08:52,413 WARN o.a.j.p.h.s.HTTPSamplerBase: Existing CookieManager HTTP Cookie Manager superseded by HTTP Cookie Manager
2026-08-03 19:08:52,428 WARN o.a.j.p.h.s.HTTPSamplerBase: Existing CookieManager HTTP Cookie Manager superseded by HTTP Cookie Manager
2026-08-03 19:08:52,577 WARN o.a.j.p.h.s.HTTPSamplerBase: Existing CookieManager HTTP Cookie Manager superseded by HTTP Cookie Manager
2026-08-03 19:08:52,641 WARN o.a.j.p.h.s.HTTPSamplerBase: Existing CookieManager HTTP Cookie Manager superseded by HTTP Cookie Manager
2026-08-03 19:08:52,813 WARN o.a.j.p.h.s.HTTPSamplerBase: Existing CookieManager HTTP Cookie Manager superseded by HTTP Cookie Manager
2026-08-03 19:08:52,919 WARN o.a.j.p.h.s.HTTPSamplerBase: Existing CookieManager HTTP Cookie Manager superseded by HTTP Cookie Manager
2026-08-03 19:08:53,022 INFO o.a.j.r.Summariser: summary +    349 in 00:00:06 =   58.0/s Avg:   171 Min:    75 Max:   347 Err:     0 (0.00%) Active: 10 Started: 10 Finished: 0
2026-08-03 19:08:53,022 INFO o.a.j.r.Summariser: summary =   6005 in 00:01:50 =   54.7/s Avg:   173 Min:    75 Max:  1853 Err:     3 (0.05%)
2026-08-03 19:08:53,196 WARN o.a.j.p.h.s.HTTPSamplerBase: Existing CookieManager HTTP Cookie Manager superseded by HTTP Cookie Manager
2026-08-03 19:08:53,910 WARN o.a.j.p.h.s.HTTPSamplerBase: Existing CookieManager HTTP Cookie Manager superseded by HTTP Cookie Manager
2026-08-03 19:08:54,076 WARN o.a.j.p.h.s.HTTPSamplerBase: Existing CookieManager HTTP Cookie Manager superseded by HTTP Cookie Manager
2026-08-03 19:08:54,224 WARN o.a.j.p.h.s.HTTPSamplerBase: Existing CookieManager HTTP Cookie Manager superseded by HTTP Cookie Manager
2026-08-03 19:08:54,252 WARN o.a.j.p.h.s.HTTPSamplerBase: Existing CookieManager HTTP Cookie Manager superseded by HTTP Cookie Manager
2026-08-03 19:08:54,273 WARN o.a.j.p.h.s.HTTPSamplerBase: Existing CookieManager HTTP Cookie Manager superseded by HTTP Cookie Manager
2026-08-03 19:08:54,325 WARN o.a.j.p.h.s.HTTPSamplerBase: Existing CookieManager HTTP Cookie Manager superseded by HTTP Cookie Manager
2026-08-03 19:08:54,377 WARN o.a.j.p.h.s.HTTPSamplerBase: Existing CookieManager HTTP Cookie Manager superseded by HTTP Cookie Manager
2026-08-03 19:08:54,491 WARN o.a.j.p.h.s.HTTPSamplerBase: Existing CookieManager HTTP Cookie Manager superseded by HTTP Cookie Manager
2026-08-03 19:08:54,565 WARN o.a.j.p.h.s.HTTPSamplerBase: Existing CookieManager HTTP Cookie Manager superseded by HTTP Cookie Manager
2026-08-03 19:08:54,629 WARN o.a.j.p.h.s.HTTPSamplerBase: Existing CookieManager HTTP Cookie Manager superseded by HTTP Cookie Manager
2026-08-03 19:08:54,823 WARN o.a.j.p.h.s.HTTPSamplerBase: Existing CookieManager HTTP Cookie Manager superseded by HTTP Cookie Manager
2026-08-03 19:08:54,842 WARN o.a.j.p.h.s.HTTPSamplerBase: Existing CookieManager HTTP Cookie Manager superseded by HTTP Cookie Manager
2026-08-03 19:08:55,030 WARN o.a.j.p.h.s.HTTPSamplerBase: Existing CookieManager HTTP Cookie Manager superseded by HTTP Cookie Manager
2026-08-03 19:08:55,090 WARN o.a.j.p.h.s.HTTPSamplerBase: Existing CookieManager HTTP Cookie Manager superseded by HTTP Cookie Manager
2026-08-03 19:08:55,117 WARN o.a.j.p.h.s.HTTPSamplerBase: Existing CookieManager HTTP Cookie Manager superseded by HTTP Cookie Manager
2026-08-03 19:08:55,163 WARN o.a.j.p.h.s.HTTPSamplerBase: Existing CookieManager HTTP Cookie Manager superseded by HTTP Cookie Manager
2026-08-03 19:08:55,321 WARN o.a.j.p.h.s.HTTPSamplerBase: Existing CookieManager HTTP Cookie Manager superseded by HTTP Cookie Manager
2026-08-03 19:08:55,411 WARN o.a.j.p.h.s.HTTPSamplerBase: Existing CookieManager HTTP Cookie Manager superseded by HTTP Cookie Manager
2026-08-03 19:08:55,572 WARN o.a.j.p.h.s.HTTPSamplerBase: Existing CookieManager HTTP Cookie Manager superseded by HTTP Cookie Manager
2026-08-03 19:08:55,855 WARN o.a.j.p.h.s.HTTPSamplerBase: Existing CookieManager HTTP Cookie Manager superseded by HTTP Cookie Manager
2026-08-03 19:08:56,703 WARN o.a.j.p.h.s.HTTPSamplerBase: Existing CookieManager HTTP Cookie Manager superseded by HTTP Cookie Manager
2026-08-03 19:08:56,789 WARN o.a.j.p.h.s.HTTPSamplerBase: Existing CookieManager HTTP Cookie Manager superseded by HTTP Cookie Manager
2026-08-03 19:08:57,010 WARN o.a.j.p.h.s.HTTPSamplerBase: Existing CookieManager HTTP Cookie Manager superseded by HTTP Cookie Manager
2026-08-03 19:08:57,121 WARN o.a.j.p.h.s.HTTPSamplerBase: Existing CookieManager HTTP Cookie Manager superseded by HTTP Cookie Manager
2026-08-03 19:08:57,138 WARN o.a.j.p.h.s.HTTPSamplerBase: Existing CookieManager HTTP Cookie Manager superseded by HTTP Cookie Manager
2026-08-03 19:08:57,166 WARN o.a.j.p.h.s.HTTPSamplerBase: Existing CookieManager HTTP Cookie Manager superseded by HTTP Cookie Manager
2026-08-03 19:08:57,247 WARN o.a.j.p.h.s.HTTPSamplerBase: Existing CookieManager HTTP Cookie Manager superseded by HTTP Cookie Manager
2026-08-03 19:08:57,449 WARN o.a.j.p.h.s.HTTPSamplerBase: Existing CookieManager HTTP Cookie Manager superseded by HTTP Cookie Manager
2026-08-03 19:08:57,497 WARN o.a.j.p.h.s.HTTPSamplerBase: Existing CookieManager HTTP Cookie Manager superseded by HTTP Cookie Manager
2026-08-03 19:08:57,699 WARN o.a.j.p.h.s.HTTPSamplerBase: Existing CookieManager HTTP Cookie Manager superseded by HTTP Cookie Manager
2026-08-03 19:08:57,705 WARN o.a.j.p.h.s.HTTPSamplerBase: Existing CookieManager HTTP Cookie Manager superseded by HTTP Cookie Manager
2026-08-03 19:08:57,823 WARN o.a.j.p.h.s.HTTPSamplerBase: Existing CookieManager HTTP Cookie Manager superseded by HTTP Cookie Manager
2026-08-03 19:08:57,859 WARN o.a.j.p.h.s.HTTPSamplerBase: Existing CookieManager HTTP Cookie Manager superseded by HTTP Cookie Manager
2026-08-03 19:08:57,948 WARN o.a.j.p.h.s.HTTPSamplerBase: Existing CookieManager HTTP Cookie Manager superseded by HTTP Cookie Manager
2026-08-03 19:08:57,957 WARN o.a.j.p.h.s.HTTPSamplerBase: Existing CookieManager HTTP Cookie Manager superseded by HTTP Cookie Manager
2026-08-03 19:08:57,980 WARN o.a.j.p.h.s.HTTPSamplerBase: Existing CookieManager HTTP Cookie Manager superseded by HTTP Cookie Manager
2026-08-03 19:08:58,146 WARN o.a.j.p.h.s.HTTPSamplerBase: Existing CookieManager HTTP Cookie Manager superseded by HTTP Cookie Manager
2026-08-03 19:08:58,202 WARN o.a.j.p.h.s.HTTPSamplerBase: Existing CookieManager HTTP Cookie Manager superseded by HTTP Cookie Manager
2026-08-03 19:08:58,424 WARN o.a.j.p.h.s.HTTPSamplerBase: Existing CookieManager HTTP Cookie Manager superseded by HTTP Cookie Manager
2026-08-03 19:08:58,705 WARN o.a.j.p.h.s.HTTPSamplerBase: Existing CookieManager HTTP Cookie Manager superseded by HTTP Cookie Manager
2026-08-03 19:08:59,056 INFO o.a.j.r.Summariser: summary +    327 in 00:00:06 =   54.3/s Avg:   184 Min:    77 Max:   643 Err:     0 (0.00%) Active: 10 Started: 10 Finished: 0
2026-08-03 19:08:59,056 INFO o.a.j.r.Summariser: summary =   6332 in 00:01:56 =   54.7/s Avg:   174 Min:    75 Max:  1853 Err:     3 (0.05%)
2026-08-03 19:08:59,388 WARN o.a.j.p.h.s.HTTPSamplerBase: Existing CookieManager HTTP Cookie Manager superseded by HTTP Cookie Manager
2026-08-03 19:08:59,439 WARN o.a.j.p.h.s.HTTPSamplerBase: Existing CookieManager HTTP Cookie Manager superseded by HTTP Cookie Manager
2026-08-03 19:08:59,632 WARN o.a.j.p.h.s.HTTPSamplerBase: Existing CookieManager HTTP Cookie Manager superseded by HTTP Cookie Manager
2026-08-03 19:08:59,681 WARN o.a.j.p.h.s.HTTPSamplerBase: Existing CookieManager HTTP Cookie Manager superseded by HTTP Cookie Manager
2026-08-03 19:08:59,804 WARN o.a.j.p.h.s.HTTPSamplerBase: Existing CookieManager HTTP Cookie Manager superseded by HTTP Cookie Manager
2026-08-03 19:08:59,819 WARN o.a.j.p.h.s.HTTPSamplerBase: Existing CookieManager HTTP Cookie Manager superseded by HTTP Cookie Manager
2026-08-03 19:09:00,070 WARN o.a.j.p.h.s.HTTPSamplerBase: Existing CookieManager HTTP Cookie Manager superseded by HTTP Cookie Manager
2026-08-03 19:09:00,076 WARN o.a.j.p.h.s.HTTPSamplerBase: Existing CookieManager HTTP Cookie Manager superseded by HTTP Cookie Manager
2026-08-03 19:09:00,095 WARN o.a.j.p.h.s.HTTPSamplerBase: Existing CookieManager HTTP Cookie Manager superseded by HTTP Cookie Manager
2026-08-03 19:09:00,296 WARN o.a.j.p.h.s.HTTPSamplerBase: Existing CookieManager HTTP Cookie Manager superseded by HTTP Cookie Manager
2026-08-03 19:09:00,296 WARN o.a.j.p.h.s.HTTPSamplerBase: Existing CookieManager HTTP Cookie Manager superseded by HTTP Cookie Manager
2026-08-03 19:09:00,318 WARN o.a.j.p.h.s.HTTPSamplerBase: Existing CookieManager HTTP Cookie Manager superseded by HTTP Cookie Manager
2026-08-03 19:09:00,455 WARN o.a.j.p.h.s.HTTPSamplerBase: Existing CookieManager HTTP Cookie Manager superseded by HTTP Cookie Manager
2026-08-03 19:09:00,459 WARN o.a.j.p.h.s.HTTPSamplerBase: Existing CookieManager HTTP Cookie Manager superseded by HTTP Cookie Manager
2026-08-03 19:09:00,560 WARN o.a.j.p.h.s.HTTPSamplerBase: Existing CookieManager HTTP Cookie Manager superseded by HTTP Cookie Manager
2026-08-03 19:09:00,586 WARN o.a.j.p.h.s.HTTPSamplerBase: Existing CookieManager HTTP Cookie Manager superseded by HTTP Cookie Manager
2026-08-03 19:09:00,735 WARN o.a.j.p.h.s.HTTPSamplerBase: Existing CookieManager HTTP Cookie Manager superseded by HTTP Cookie Manager
2026-08-03 19:09:00,772 WARN o.a.j.p.h.s.HTTPSamplerBase: Existing CookieManager HTTP Cookie Manager superseded by HTTP Cookie Manager
2026-08-03 19:09:01,066 WARN o.a.j.p.h.s.HTTPSamplerBase: Existing CookieManager HTTP Cookie Manager superseded by HTTP Cookie Manager
2026-08-03 19:09:01,435 WARN o.a.j.p.h.s.HTTPSamplerBase: Existing CookieManager HTTP Cookie Manager superseded by HTTP Cookie Manager
2026-08-03 19:09:02,007 WARN o.a.j.p.h.s.HTTPSamplerBase: Existing CookieManager HTTP Cookie Manager superseded by HTTP Cookie Manager
2026-08-03 19:09:02,171 WARN o.a.j.p.h.s.HTTPSamplerBase: Existing CookieManager HTTP Cookie Manager superseded by HTTP Cookie Manager
2026-08-03 19:09:02,250 WARN o.a.j.p.h.s.HTTPSamplerBase: Existing CookieManager HTTP Cookie Manager superseded by HTTP Cookie Manager
2026-08-03 19:09:02,417 WARN o.a.j.p.h.s.HTTPSamplerBase: Existing CookieManager HTTP Cookie Manager superseded by HTTP Cookie Manager
2026-08-03 19:09:02,648 WARN o.a.j.p.h.s.HTTPSamplerBase: Existing CookieManager HTTP Cookie Manager superseded by HTTP Cookie Manager
2026-08-03 19:09:02,648 WARN o.a.j.p.h.s.HTTPSamplerBase: Existing CookieManager HTTP Cookie Manager superseded by HTTP Cookie Manager
2026-08-03 19:09:02,800 WARN o.a.j.p.h.s.HTTPSamplerBase: Existing CookieManager HTTP Cookie Manager superseded by HTTP Cookie Manager
2026-08-03 19:09:02,899 WARN o.a.j.p.h.s.HTTPSamplerBase: Existing CookieManager HTTP Cookie Manager superseded by HTTP Cookie Manager
2026-08-03 19:09:02,942 WARN o.a.j.p.h.s.HTTPSamplerBase: Existing CookieManager HTTP Cookie Manager superseded by HTTP Cookie Manager
2026-08-03 19:09:03,033 WARN o.a.j.p.h.s.HTTPSamplerBase: Existing CookieManager HTTP Cookie Manager superseded by HTTP Cookie Manager
2026-08-03 19:09:03,035 WARN o.a.j.p.h.s.HTTPSamplerBase: Existing CookieManager HTTP Cookie Manager superseded by HTTP Cookie Manager
2026-08-03 19:09:03,049 WARN o.a.j.p.h.s.HTTPSamplerBase: Existing CookieManager HTTP Cookie Manager superseded by HTTP Cookie Manager
2026-08-03 19:09:03,137 WARN o.a.j.p.h.s.HTTPSamplerBase: Existing CookieManager HTTP Cookie Manager superseded by HTTP Cookie Manager
2026-08-03 19:09:03,217 WARN o.a.j.p.h.s.HTTPSamplerBase: Existing CookieManager HTTP Cookie Manager superseded by HTTP Cookie Manager
2026-08-03 19:09:03,298 INFO o.a.j.t.JMeterThread: Stopping because end time detected by thread: Thread Group 1-1
2026-08-03 19:09:03,298 INFO o.a.j.t.JMeterThread: Thread finished: Thread Group 1-1
2026-08-03 19:09:03,303 INFO o.a.j.t.JMeterThread: Stopping because end time detected by thread: Thread Group 1-3
2026-08-03 19:09:03,303 INFO o.a.j.t.JMeterThread: Thread finished: Thread Group 1-3
2026-08-03 19:09:03,306 INFO o.a.j.t.JMeterThread: Stopping because end time detected by thread: Thread Group 1-2
2026-08-03 19:09:03,306 INFO o.a.j.t.JMeterThread: Thread finished: Thread Group 1-2
2026-08-03 19:09:03,310 INFO o.a.j.t.JMeterThread: Stopping because end time detected by thread: Thread Group 1-7
2026-08-03 19:09:03,310 INFO o.a.j.t.JMeterThread: Thread finished: Thread Group 1-7
2026-08-03 19:09:03,332 INFO o.a.j.t.JMeterThread: Stopping because end time detected by thread: Thread Group 1-10
2026-08-03 19:09:03,332 INFO o.a.j.t.JMeterThread: Thread finished: Thread Group 1-10
2026-08-03 19:09:03,367 INFO o.a.j.t.JMeterThread: Stopping because end time detected by thread: Thread Group 1-6
2026-08-03 19:09:03,367 INFO o.a.j.t.JMeterThread: Thread finished: Thread Group 1-6
2026-08-03 19:09:03,384 INFO o.a.j.t.JMeterThread: Stopping because end time detected by thread: Thread Group 1-5
2026-08-03 19:09:03,384 INFO o.a.j.t.JMeterThread: Thread finished: Thread Group 1-5
2026-08-03 19:09:03,479 INFO o.a.j.t.JMeterThread: Stopping because end time detected by thread: Thread Group 1-8
2026-08-03 19:09:03,479 INFO o.a.j.t.JMeterThread: Thread finished: Thread Group 1-8
2026-08-03 19:09:03,568 INFO o.a.j.t.JMeterThread: Stopping because end time detected by thread: Thread Group 1-4
2026-08-03 19:09:03,568 INFO o.a.j.t.JMeterThread: Thread finished: Thread Group 1-4
2026-08-03 19:09:03,599 INFO o.a.j.t.JMeterThread: Stopping because end time detected by thread: Thread Group 1-9
2026-08-03 19:09:03,599 INFO o.a.j.t.JMeterThread: Thread finished: Thread Group 1-9
2026-08-03 19:09:03,599 INFO o.a.j.e.StandardJMeterEngine: Notifying test listeners of end of test
2026-08-03 19:09:03,599 INFO o.a.j.r.Summariser: summary +    250 in 00:00:05 =   54.9/s Avg:   176 Min:    75 Max:   449 Err:     1 (0.40%) Active: 0 Started: 10 Finished: 10
2026-08-03 19:09:03,599 INFO o.a.j.r.Summariser: summary =   6582 in 00:02:00 =   54.7/s Avg:   174 Min:    75 Max:  1853 Err:     4 (0.06%)
