2026-08-03 18:54:39,495 INFO o.a.j.u.JMeterUtils: Setting Locale to en_EN
2026-08-03 18:54:39,536 INFO o.a.j.JMeter: Loading user properties from: D:\apache-jmeter-5.6.3\bin\user.properties
2026-08-03 18:54:39,538 INFO o.a.j.JMeter: Loading system properties from: D:\apache-jmeter-5.6.3\bin\system.properties
2026-08-03 18:54:39,538 INFO o.a.j.JMeter: Setting JMeter property: jmeter.save.saveservice.autoflush=true
2026-08-03 18:54:39,538 INFO o.a.j.JMeter: Setting JMeter property: summariser.interval=3
2026-08-03 18:54:39,538 INFO o.a.j.JMeter: Setting JMeter property: threads=3
2026-08-03 18:54:39,538 INFO o.a.j.JMeter: Setting JMeter property: users=3
2026-08-03 18:54:39,538 INFO o.a.j.JMeter: Setting JMeter property: num_threads=3
2026-08-03 18:54:39,540 INFO o.a.j.JMeter: Setting JMeter property: durationSeconds=60
2026-08-03 18:54:39,540 INFO o.a.j.JMeter: Setting JMeter property: duration=60
2026-08-03 18:54:39,540 INFO o.a.j.JMeter: Setting JMeter property: rampupSeconds=10
2026-08-03 18:54:39,540 INFO o.a.j.JMeter: Setting JMeter property: rampup=10
2026-08-03 18:54:39,553 INFO o.a.j.JMeter: Copyright (c) 1998-2024 The Apache Software Foundation
2026-08-03 18:54:39,553 INFO o.a.j.JMeter: Version 5.6.3
2026-08-03 18:54:39,553 INFO o.a.j.JMeter: java.version=17.0.12
2026-08-03 18:54:39,553 INFO o.a.j.JMeter: java.vm.name=Java HotSpot(TM) 64-Bit Server VM
2026-08-03 18:54:39,553 INFO o.a.j.JMeter: os.name=Windows 11
2026-08-03 18:54:39,553 INFO o.a.j.JMeter: os.arch=amd64
2026-08-03 18:54:39,553 INFO o.a.j.JMeter: os.version=10.0
2026-08-03 18:54:39,553 INFO o.a.j.JMeter: file.encoding=Cp1252
2026-08-03 18:54:39,553 INFO o.a.j.JMeter: java.awt.headless=true
2026-08-03 18:54:39,553 INFO o.a.j.JMeter: Max memory     =1073741824
2026-08-03 18:54:39,553 INFO o.a.j.JMeter: Available Processors =14
2026-08-03 18:54:39,569 INFO o.a.j.JMeter: Default Locale=English (EN)
2026-08-03 18:54:39,570 INFO o.a.j.JMeter: JMeter  Locale=English (EN)
2026-08-03 18:54:39,570 INFO o.a.j.JMeter: JMeterHome=D:\apache-jmeter-5.6.3
2026-08-03 18:54:39,570 INFO o.a.j.JMeter: user.dir  =D:\BlazemeterMCPZIP\PerfPilot
2026-08-03 18:54:39,570 INFO o.a.j.JMeter: PWD       =D:\BlazemeterMCPZIP\PerfPilot
2026-08-03 18:54:39,573 INFO o.a.j.JMeter: IP: 192.168.128.232 Name: AICPL-L224 FullName: AICPL-L224
2026-08-03 18:54:39,599 INFO o.a.j.s.FileServer: Default base='D:\BlazemeterMCPZIP\PerfPilot'
2026-08-03 18:54:39,602 INFO o.a.j.s.FileServer: Set new base='D:\BlazemeterMCPZIP\PerfPilot\Tests'
2026-08-03 18:54:39,955 INFO o.a.j.s.SaveService: Testplan (JMX) version: 2.2. Testlog (JTL) version: 2.2
2026-08-03 18:54:40,002 INFO o.a.j.s.SaveService: Using SaveService properties version 5.0
2026-08-03 18:54:40,005 INFO o.a.j.s.SaveService: Using SaveService properties file encoding UTF-8
2026-08-03 18:54:40,013 INFO o.a.j.s.SaveService: Loading file: D:\BlazemeterMCPZIP\PerfPilot\Tests\Pagination_Release_Initial_Loading_4.jmx
2026-08-03 18:54:40,074 INFO o.a.j.p.h.c.CacheManager: Will only cache the following methods: [GET]
2026-08-03 18:54:40,078 INFO o.a.j.p.h.c.CookieManager: Settings: Delete null: true Check: true Allow variable: true Save: false Prefix: COOKIE_
2026-08-03 18:54:40,167 INFO o.a.j.p.h.s.HTTPSamplerBase: Parser for text/html is org.apache.jmeter.protocol.http.parser.LagartoBasedHtmlParser
2026-08-03 18:54:40,167 INFO o.a.j.p.h.s.HTTPSamplerBase: Parser for application/xhtml+xml is org.apache.jmeter.protocol.http.parser.LagartoBasedHtmlParser
2026-08-03 18:54:40,167 INFO o.a.j.p.h.s.HTTPSamplerBase: Parser for application/xml is org.apache.jmeter.protocol.http.parser.LagartoBasedHtmlParser
2026-08-03 18:54:40,167 INFO o.a.j.p.h.s.HTTPSamplerBase: Parser for text/xml is org.apache.jmeter.protocol.http.parser.LagartoBasedHtmlParser
2026-08-03 18:54:40,167 INFO o.a.j.p.h.s.HTTPSamplerBase: Parser for text/vnd.wap.wml is org.apache.jmeter.protocol.http.parser.RegexpHTMLParser
2026-08-03 18:54:40,167 INFO o.a.j.p.h.s.HTTPSamplerBase: Parser for text/css is org.apache.jmeter.protocol.http.parser.CssParser
2026-08-03 18:54:40,207 INFO o.a.j.s.SampleResult: Note: Sample TimeStamps are START times
2026-08-03 18:54:40,207 INFO o.a.j.s.SampleResult: sampleresult.default.encoding is set to UTF-8
2026-08-03 18:54:40,209 INFO o.a.j.s.SampleResult: sampleresult.useNanoTime=true
2026-08-03 18:54:40,209 INFO o.a.j.s.SampleResult: sampleresult.nanoThreadSleep=5000
2026-08-03 18:54:40,819 INFO o.a.j.JMeter: Creating summariser <summary>
2026-08-03 18:54:40,847 INFO o.a.j.e.StandardJMeterEngine: Running the test!
2026-08-03 18:54:40,847 INFO o.a.j.s.SampleEvent: List of sample_variables: []
2026-08-03 18:54:40,847 INFO o.a.j.s.SampleEvent: List of sample_variables: []
2026-08-03 18:54:40,862 INFO o.a.j.e.u.CompoundVariable: Note: Function class names must contain the string: '.functions.'
2026-08-03 18:54:40,862 INFO o.a.j.e.u.CompoundVariable: Note: Function class names must not contain the string: '.gui.'
2026-08-03 18:54:40,983 INFO o.a.j.r.ClassFinder: Will scan jar D:\apache-jmeter-5.6.3\lib\ext\jmeter-plugins-manager-1.12.jar with filter ExtendsClassFilter [parents=[interface org.apache.jmeter.functions.Function], inner=false, contains=null, notContains=null]. Consider exposing JMeter plugins via META-INF/services, and add JMeter-Skip-Class-Scanning=true manifest attribute so JMeter can skip classfile scanning
2026-08-03 18:54:41,284 INFO o.a.j.r.ClassFinder: Will scan jar D:\apache-jmeter-5.6.3\lib\ext\jmeter-parallel-0.12.jar with filter ExtendsClassFilter [parents=[interface org.apache.jmeter.functions.Function], inner=false, contains=null, notContains=null]. Consider exposing JMeter plugins via META-INF/services, and add JMeter-Skip-Class-Scanning=true manifest attribute so JMeter can skip classfile scanning
2026-08-03 18:54:41,296 INFO o.a.j.r.ClassFinder: Will scan jar D:\apache-jmeter-5.6.3\lib\ext\jmeter-plugins-senseuploader-3.5.jar with filter ExtendsClassFilter [parents=[interface org.apache.jmeter.functions.Function], inner=false, contains=null, notContains=null]. Consider exposing JMeter plugins via META-INF/services, and add JMeter-Skip-Class-Scanning=true manifest attribute so JMeter can skip classfile scanning
2026-08-03 18:54:42,466 INFO o.a.j.v.b.BackendListener: Backend Listener: Starting worker with class: class org.apache.jmeter.visualizers.backend.graphite.GraphiteBackendListenerClient and queue capacity: 5000
2026-08-03 18:54:42,466 INFO o.a.j.v.b.BackendListener: Backend Listener: Started  worker with class: class org.apache.jmeter.visualizers.backend.graphite.GraphiteBackendListenerClient
2026-08-03 18:54:42,511 INFO o.a.j.v.b.g.TextGraphiteMetricsSender: Created TextGraphiteMetricsSender with host: , port: 2003, prefix: jmeter.
2026-08-03 18:54:42,549 INFO o.a.j.JMeter: Running test (1785763482547)
2026-08-03 18:54:42,592 INFO o.a.j.e.StandardJMeterEngine: Starting ThreadGroup: 1 : Email_filing_In_Suggested_Location
2026-08-03 18:54:42,592 INFO o.a.j.e.StandardJMeterEngine: Starting 3 threads for group Email_filing_In_Suggested_Location.
2026-08-03 18:54:42,592 INFO o.a.j.e.StandardJMeterEngine: Thread will start next loop on error
2026-08-03 18:54:42,592 INFO o.a.j.t.ThreadGroup: Starting thread group... number=1 threads=3 ramp-up=10 delayedStart=false
2026-08-03 18:54:42,775 INFO o.a.j.t.ThreadGroup: Started thread group number 1
2026-08-03 18:54:42,775 INFO o.a.j.e.StandardJMeterEngine: All thread groups have been started
2026-08-03 18:54:42,842 INFO o.a.j.t.JMeterThread: Thread started: Email_filing_In_Suggested_Location 1-1
2026-08-03 18:54:42,861 INFO c.b.j.c.ParallelSampler: Starting up to 6 threads
2026-08-03 18:54:42,861 INFO c.b.j.c.ParallelSampler: Starting up to 6 threads
2026-08-03 18:54:42,861 INFO c.b.j.c.ParallelSampler: Starting up to 6 threads
2026-08-03 18:54:42,862 INFO c.b.j.c.ParallelSampler: Starting up to 6 threads
2026-08-03 18:54:42,862 INFO c.b.j.c.ParallelSampler: Starting up to 6 threads
2026-08-03 18:54:42,862 INFO c.b.j.c.ParallelSampler: Starting up to 6 threads
2026-08-03 18:54:42,862 INFO c.b.j.c.ParallelSampler: Starting up to 6 threads
2026-08-03 18:54:42,862 INFO c.b.j.c.ParallelSampler: Starting up to 6 threads
2026-08-03 18:54:42,863 INFO c.b.j.c.ParallelSampler: Starting up to 6 threads
2026-08-03 18:54:42,864 INFO c.b.j.c.ParallelSampler: Starting up to 6 threads
2026-08-03 18:54:42,864 INFO c.b.j.c.ParallelSampler: Starting up to 6 threads
2026-08-03 18:54:42,864 INFO c.b.j.c.ParallelSampler: Starting up to 6 threads
2026-08-03 18:54:42,864 INFO c.b.j.c.ParallelSampler: Starting up to 6 threads
2026-08-03 18:54:42,865 INFO c.b.j.c.ParallelSampler: Starting up to 6 threads
2026-08-03 18:54:42,865 INFO c.b.j.c.ParallelSampler: Starting up to 6 threads
2026-08-03 18:54:42,865 INFO c.b.j.c.ParallelSampler: Starting up to 6 threads
2026-08-03 18:54:42,865 INFO c.b.j.c.ParallelSampler: Starting up to 6 threads
2026-08-03 18:54:42,865 INFO c.b.j.c.ParallelSampler: Starting up to 6 threads
2026-08-03 18:54:42,865 INFO c.b.j.c.ParallelSampler: Starting up to 6 threads
2026-08-03 18:54:42,865 INFO c.b.j.c.ParallelSampler: Starting up to 6 threads
2026-08-03 18:54:42,865 INFO c.b.j.c.ParallelSampler: Starting up to 6 threads
2026-08-03 18:54:42,865 INFO c.b.j.c.ParallelSampler: Starting up to 6 threads
2026-08-03 18:54:42,865 INFO c.b.j.c.ParallelSampler: Starting up to 6 threads
2026-08-03 18:54:42,865 INFO c.b.j.c.ParallelSampler: Starting up to 6 threads
2026-08-03 18:54:42,865 INFO c.b.j.c.ParallelSampler: Starting up to 6 threads
2026-08-03 18:54:42,865 INFO c.b.j.c.ParallelSampler: Starting up to 6 threads
2026-08-03 18:54:42,865 INFO c.b.j.c.ParallelSampler: Starting up to 6 threads
2026-08-03 18:54:42,865 INFO c.b.j.c.ParallelSampler: Starting up to 6 threads
2026-08-03 18:54:42,865 INFO c.b.j.c.ParallelSampler: Starting up to 6 threads
2026-08-03 18:54:42,865 INFO c.b.j.c.ParallelSampler: Starting up to 6 threads
2026-08-03 18:54:42,865 INFO c.b.j.c.ParallelSampler: Starting up to 6 threads
2026-08-03 18:54:42,865 INFO c.b.j.c.ParallelSampler: Starting up to 6 threads
2026-08-03 18:54:42,875 INFO o.a.j.s.FileServer: Stored: D:\BlazemeterMCPZIP\PerfPilot\Tests\Gloster_params_4.csv
2026-08-03 18:54:43,586 ERROR o.a.j.v.b.g.TextGraphiteMetricsSender: Error writing to Graphite: Connection refused: no further information
java.net.ConnectException: Connection refused: no further information
	at java.base/sun.nio.ch.Net.pollConnect(Native Method) ~[?:?]
	at java.base/sun.nio.ch.Net.pollConnectNow(Net.java:672) ~[?:?]
	at java.base/sun.nio.ch.NioSocketImpl.timedFinishConnect(NioSocketImpl.java:547) ~[?:?]
	at java.base/sun.nio.ch.NioSocketImpl.connect(NioSocketImpl.java:602) ~[?:?]
	at java.base/java.net.SocksSocketImpl.connect(SocksSocketImpl.java:327) ~[?:?]
	at java.base/java.net.Socket.connect(Socket.java:633) ~[?:?]
	at org.apache.jmeter.visualizers.backend.graphite.SocketOutputStreamPoolFactory.create(SocketOutputStreamPoolFactory.java:76) ~[ApacheJMeter_components.jar:5.6.3]
	at org.apache.jmeter.visualizers.backend.graphite.SocketOutputStreamPoolFactory.makeObject(SocketOutputStreamPoolFactory.java:47) ~[ApacheJMeter_components.jar:5.6.3]
	at org.apache.jmeter.visualizers.backend.graphite.SocketOutputStreamPoolFactory.makeObject(SocketOutputStreamPoolFactory.java:33) ~[ApacheJMeter_components.jar:5.6.3]
	at org.apache.commons.pool2.impl.GenericKeyedObjectPool.create(GenericKeyedObjectPool.java:796) ~[commons-pool2-2.12.0.jar:2.12.0]
	at org.apache.commons.pool2.impl.GenericKeyedObjectPool.borrowObject(GenericKeyedObjectPool.java:444) ~[commons-pool2-2.12.0.jar:2.12.0]
	at org.apache.commons.pool2.impl.GenericKeyedObjectPool.borrowObject(GenericKeyedObjectPool.java:355) ~[commons-pool2-2.12.0.jar:2.12.0]
	at org.apache.jmeter.visualizers.backend.graphite.TextGraphiteMetricsSender.writeMetrics(TextGraphiteMetricsSender.java:110) [ApacheJMeter_components.jar:5.6.3]
	at org.apache.jmeter.visualizers.backend.graphite.TextGraphiteMetricsSender.writeAndSendMetrics(TextGraphiteMetricsSender.java:104) [ApacheJMeter_components.jar:5.6.3]
	at org.apache.jmeter.visualizers.backend.graphite.GraphiteBackendListenerClient.sendMetrics(GraphiteBackendListenerClient.java:186) [ApacheJMeter_components.jar:5.6.3]
	at org.apache.jmeter.visualizers.backend.graphite.GraphiteBackendListenerClient.run(GraphiteBackendListenerClient.java:149) [ApacheJMeter_components.jar:5.6.3]
	at java.base/java.util.concurrent.Executors$RunnableAdapter.call(Executors.java:539) [?:?]
	at java.base/java.util.concurrent.FutureTask.runAndReset(FutureTask.java:305) [?:?]
	at java.base/java.util.concurrent.ScheduledThreadPoolExecutor$ScheduledFutureTask.run(ScheduledThreadPoolExecutor.java:305) [?:?]
	at java.base/java.util.concurrent.ThreadPoolExecutor.runWorker(ThreadPoolExecutor.java:1136) [?:?]
	at java.base/java.util.concurrent.ThreadPoolExecutor$Worker.run(ThreadPoolExecutor.java:635) [?:?]
	at java.base/java.lang.Thread.run(Thread.java:842) [?:?]
2026-08-03 18:54:44,534 ERROR o.a.j.v.b.g.TextGraphiteMetricsSender: Error writing to Graphite: Connection refused: no further information
java.net.ConnectException: Connection refused: no further information
	at java.base/sun.nio.ch.Net.pollConnect(Native Method) ~[?:?]
	at java.base/sun.nio.ch.Net.pollConnectNow(Net.java:672) ~[?:?]
	at java.base/sun.nio.ch.NioSocketImpl.timedFinishConnect(NioSocketImpl.java:547) ~[?:?]
	at java.base/sun.nio.ch.NioSocketImpl.connect(NioSocketImpl.java:602) ~[?:?]
	at java.base/java.net.SocksSocketImpl.connect(SocksSocketImpl.java:327) ~[?:?]
	at java.base/java.net.Socket.connect(Socket.java:633) ~[?:?]
	at org.apache.jmeter.visualizers.backend.graphite.SocketOutputStreamPoolFactory.create(SocketOutputStreamPoolFactory.java:76) ~[ApacheJMeter_components.jar:5.6.3]
	at org.apache.jmeter.visualizers.backend.graphite.SocketOutputStreamPoolFactory.makeObject(SocketOutputStreamPoolFactory.java:47) ~[ApacheJMeter_components.jar:5.6.3]
	at org.apache.jmeter.visualizers.backend.graphite.SocketOutputStreamPoolFactory.makeObject(SocketOutputStreamPoolFactory.java:33) ~[ApacheJMeter_components.jar:5.6.3]
	at org.apache.commons.pool2.impl.GenericKeyedObjectPool.create(GenericKeyedObjectPool.java:796) ~[commons-pool2-2.12.0.jar:2.12.0]
	at org.apache.commons.pool2.impl.GenericKeyedObjectPool.borrowObject(GenericKeyedObjectPool.java:444) ~[commons-pool2-2.12.0.jar:2.12.0]
	at org.apache.commons.pool2.impl.GenericKeyedObjectPool.borrowObject(GenericKeyedObjectPool.java:355) ~[commons-pool2-2.12.0.jar:2.12.0]
	at org.apache.jmeter.visualizers.backend.graphite.TextGraphiteMetricsSender.writeMetrics(TextGraphiteMetricsSender.java:110) [ApacheJMeter_components.jar:5.6.3]
	at org.apache.jmeter.visualizers.backend.graphite.TextGraphiteMetricsSender.writeAndSendMetrics(TextGraphiteMetricsSender.java:104) [ApacheJMeter_components.jar:5.6.3]
	at org.apache.jmeter.visualizers.backend.graphite.GraphiteBackendListenerClient.sendMetrics(GraphiteBackendListenerClient.java:186) [ApacheJMeter_components.jar:5.6.3]
	at org.apache.jmeter.visualizers.backend.graphite.GraphiteBackendListenerClient.run(GraphiteBackendListenerClient.java:149) [ApacheJMeter_components.jar:5.6.3]
	at java.base/java.util.concurrent.Executors$RunnableAdapter.call(Executors.java:539) [?:?]
	at java.base/java.util.concurrent.FutureTask.runAndReset(FutureTask.java:305) [?:?]
	at java.base/java.util.concurrent.ScheduledThreadPoolExecutor$ScheduledFutureTask.run(ScheduledThreadPoolExecutor.java:305) [?:?]
	at java.base/java.util.concurrent.ThreadPoolExecutor.runWorker(ThreadPoolExecutor.java:1136) [?:?]
	at java.base/java.util.concurrent.ThreadPoolExecutor$Worker.run(ThreadPoolExecutor.java:635) [?:?]
	at java.base/java.lang.Thread.run(Thread.java:842) [?:?]
2026-08-03 18:54:45,057 INFO o.a.j.p.h.s.HTTPHCAbstractImpl: Local host = AICPL-L224
2026-08-03 18:54:45,074 INFO o.a.j.p.h.s.HTTPHC4Impl: HTTP request retry count = 0
2026-08-03 18:54:45,293 INFO o.a.j.p.h.s.h.LazyLayeredConnectionSocketFactory: Setting up HTTPS TrustAll Socket Factory
2026-08-03 18:54:45,304 INFO o.a.j.u.JsseSSLManager: Using default SSL protocol: TLS
2026-08-03 18:54:45,304 INFO o.a.j.u.JsseSSLManager: SSL session context: per-thread
2026-08-03 18:54:45,455 INFO o.a.j.u.SSLManager: JmeterKeyStore Location:  type JKS
2026-08-03 18:54:45,470 INFO o.a.j.u.SSLManager: KeyStore created OK
2026-08-03 18:54:45,470 WARN o.a.j.u.SSLManager: Keystore file not found, loading empty keystore
2026-08-03 18:54:45,538 ERROR o.a.j.v.b.g.TextGraphiteMetricsSender: Error writing to Graphite: Connection refused: no further information
java.net.ConnectException: Connection refused: no further information
	at java.base/sun.nio.ch.Net.pollConnect(Native Method) ~[?:?]
	at java.base/sun.nio.ch.Net.pollConnectNow(Net.java:672) ~[?:?]
	at java.base/sun.nio.ch.NioSocketImpl.timedFinishConnect(NioSocketImpl.java:547) ~[?:?]
	at java.base/sun.nio.ch.NioSocketImpl.connect(NioSocketImpl.java:602) ~[?:?]
	at java.base/java.net.SocksSocketImpl.connect(SocksSocketImpl.java:327) ~[?:?]
	at java.base/java.net.Socket.connect(Socket.java:633) ~[?:?]
	at org.apache.jmeter.visualizers.backend.graphite.SocketOutputStreamPoolFactory.create(SocketOutputStreamPoolFactory.java:76) ~[ApacheJMeter_components.jar:5.6.3]
	at org.apache.jmeter.visualizers.backend.graphite.SocketOutputStreamPoolFactory.makeObject(SocketOutputStreamPoolFactory.java:47) ~[ApacheJMeter_components.jar:5.6.3]
	at org.apache.jmeter.visualizers.backend.graphite.SocketOutputStreamPoolFactory.makeObject(SocketOutputStreamPoolFactory.java:33) ~[ApacheJMeter_components.jar:5.6.3]
	at org.apache.commons.pool2.impl.GenericKeyedObjectPool.create(GenericKeyedObjectPool.java:796) ~[commons-pool2-2.12.0.jar:2.12.0]
	at org.apache.commons.pool2.impl.GenericKeyedObjectPool.borrowObject(GenericKeyedObjectPool.java:444) ~[commons-pool2-2.12.0.jar:2.12.0]
	at org.apache.commons.pool2.impl.GenericKeyedObjectPool.borrowObject(GenericKeyedObjectPool.java:355) ~[commons-pool2-2.12.0.jar:2.12.0]
	at org.apache.jmeter.visualizers.backend.graphite.TextGraphiteMetricsSender.writeMetrics(TextGraphiteMetricsSender.java:110) [ApacheJMeter_components.jar:5.6.3]
	at org.apache.jmeter.visualizers.backend.graphite.TextGraphiteMetricsSender.writeAndSendMetrics(TextGraphiteMetricsSender.java:104) [ApacheJMeter_components.jar:5.6.3]
	at org.apache.jmeter.visualizers.backend.graphite.GraphiteBackendListenerClient.sendMetrics(GraphiteBackendListenerClient.java:186) [ApacheJMeter_components.jar:5.6.3]
	at org.apache.jmeter.visualizers.backend.graphite.GraphiteBackendListenerClient.run(GraphiteBackendListenerClient.java:149) [ApacheJMeter_components.jar:5.6.3]
	at java.base/java.util.concurrent.Executors$RunnableAdapter.call(Executors.java:539) [?:?]
	at java.base/java.util.concurrent.FutureTask.runAndReset(FutureTask.java:305) [?:?]
	at java.base/java.util.concurrent.ScheduledThreadPoolExecutor$ScheduledFutureTask.run(ScheduledThreadPoolExecutor.java:305) [?:?]
	at java.base/java.util.concurrent.ThreadPoolExecutor.runWorker(ThreadPoolExecutor.java:1136) [?:?]
	at java.base/java.util.concurrent.ThreadPoolExecutor$Worker.run(ThreadPoolExecutor.java:635) [?:?]
	at java.base/java.lang.Thread.run(Thread.java:842) [?:?]
2026-08-03 18:54:46,021 INFO o.a.j.r.Summariser: summary +      1 in 00:00:03 =    0.3/s Avg:   782 Min:   782 Max:   782 Err:     0 (0.00%) Active: 1 Started: 1 Finished: 0
2026-08-03 18:54:46,163 INFO o.a.j.t.JMeterThread: Thread started: Email_filing_In_Suggested_Location 1-2
2026-08-03 18:54:46,165 INFO c.b.j.c.ParallelSampler: Starting up to 6 threads
2026-08-03 18:54:46,165 INFO c.b.j.c.ParallelSampler: Starting up to 6 threads
2026-08-03 18:54:46,165 INFO c.b.j.c.ParallelSampler: Starting up to 6 threads
2026-08-03 18:54:46,165 INFO c.b.j.c.ParallelSampler: Starting up to 6 threads
2026-08-03 18:54:46,165 INFO c.b.j.c.ParallelSampler: Starting up to 6 threads
2026-08-03 18:54:46,165 INFO c.b.j.c.ParallelSampler: Starting up to 6 threads
2026-08-03 18:54:46,165 INFO c.b.j.c.ParallelSampler: Starting up to 6 threads
2026-08-03 18:54:46,165 INFO c.b.j.c.ParallelSampler: Starting up to 6 threads
2026-08-03 18:54:46,165 INFO c.b.j.c.ParallelSampler: Starting up to 6 threads
2026-08-03 18:54:46,165 INFO c.b.j.c.ParallelSampler: Starting up to 6 threads
2026-08-03 18:54:46,165 INFO c.b.j.c.ParallelSampler: Starting up to 6 threads
2026-08-03 18:54:46,165 INFO c.b.j.c.ParallelSampler: Starting up to 6 threads
2026-08-03 18:54:46,168 INFO c.b.j.c.ParallelSampler: Starting up to 6 threads
2026-08-03 18:54:46,168 INFO c.b.j.c.ParallelSampler: Starting up to 6 threads
2026-08-03 18:54:46,170 INFO c.b.j.c.ParallelSampler: Starting up to 6 threads
2026-08-03 18:54:46,170 INFO c.b.j.c.ParallelSampler: Starting up to 6 threads
2026-08-03 18:54:46,170 INFO c.b.j.c.ParallelSampler: Starting up to 6 threads
2026-08-03 18:54:46,170 INFO c.b.j.c.ParallelSampler: Starting up to 6 threads
2026-08-03 18:54:46,170 INFO c.b.j.c.ParallelSampler: Starting up to 6 threads
2026-08-03 18:54:46,171 INFO c.b.j.c.ParallelSampler: Starting up to 6 threads
2026-08-03 18:54:46,171 INFO c.b.j.c.ParallelSampler: Starting up to 6 threads
2026-08-03 18:54:46,171 INFO c.b.j.c.ParallelSampler: Starting up to 6 threads
2026-08-03 18:54:46,171 INFO c.b.j.c.ParallelSampler: Starting up to 6 threads
2026-08-03 18:54:46,171 INFO c.b.j.c.ParallelSampler: Starting up to 6 threads
2026-08-03 18:54:46,171 INFO c.b.j.c.ParallelSampler: Starting up to 6 threads
2026-08-03 18:54:46,171 INFO c.b.j.c.ParallelSampler: Starting up to 6 threads
2026-08-03 18:54:46,173 INFO c.b.j.c.ParallelSampler: Starting up to 6 threads
2026-08-03 18:54:46,173 INFO c.b.j.c.ParallelSampler: Starting up to 6 threads
2026-08-03 18:54:46,173 INFO c.b.j.c.ParallelSampler: Starting up to 6 threads
2026-08-03 18:54:46,173 INFO c.b.j.c.ParallelSampler: Starting up to 6 threads
2026-08-03 18:54:46,173 INFO c.b.j.c.ParallelSampler: Starting up to 6 threads
2026-08-03 18:54:46,173 INFO c.b.j.c.ParallelSampler: Starting up to 6 threads
2026-08-03 18:54:46,564 ERROR o.a.j.v.b.g.TextGraphiteMetricsSender: Error writing to Graphite: Connection refused: no further information
java.net.ConnectException: Connection refused: no further information
	at java.base/sun.nio.ch.Net.pollConnect(Native Method) ~[?:?]
	at java.base/sun.nio.ch.Net.pollConnectNow(Net.java:672) ~[?:?]
	at java.base/sun.nio.ch.NioSocketImpl.timedFinishConnect(NioSocketImpl.java:547) ~[?:?]
	at java.base/sun.nio.ch.NioSocketImpl.connect(NioSocketImpl.java:602) ~[?:?]
	at java.base/java.net.SocksSocketImpl.connect(SocksSocketImpl.java:327) ~[?:?]
	at java.base/java.net.Socket.connect(Socket.java:633) ~[?:?]
	at org.apache.jmeter.visualizers.backend.graphite.SocketOutputStreamPoolFactory.create(SocketOutputStreamPoolFactory.java:76) ~[ApacheJMeter_components.jar:5.6.3]
	at org.apache.jmeter.visualizers.backend.graphite.SocketOutputStreamPoolFactory.makeObject(SocketOutputStreamPoolFactory.java:47) ~[ApacheJMeter_components.jar:5.6.3]
	at org.apache.jmeter.visualizers.backend.graphite.SocketOutputStreamPoolFactory.makeObject(SocketOutputStreamPoolFactory.java:33) ~[ApacheJMeter_components.jar:5.6.3]
	at org.apache.commons.pool2.impl.GenericKeyedObjectPool.create(GenericKeyedObjectPool.java:796) ~[commons-pool2-2.12.0.jar:2.12.0]
	at org.apache.commons.pool2.impl.GenericKeyedObjectPool.borrowObject(GenericKeyedObjectPool.java:444) ~[commons-pool2-2.12.0.jar:2.12.0]
	at org.apache.commons.pool2.impl.GenericKeyedObjectPool.borrowObject(GenericKeyedObjectPool.java:355) ~[commons-pool2-2.12.0.jar:2.12.0]
	at org.apache.jmeter.visualizers.backend.graphite.TextGraphiteMetricsSender.writeMetrics(TextGraphiteMetricsSender.java:110) [ApacheJMeter_components.jar:5.6.3]
	at org.apache.jmeter.visualizers.backend.graphite.TextGraphiteMetricsSender.writeAndSendMetrics(TextGraphiteMetricsSender.java:104) [ApacheJMeter_components.jar:5.6.3]
	at org.apache.jmeter.visualizers.backend.graphite.GraphiteBackendListenerClient.sendMetrics(GraphiteBackendListenerClient.java:186) [ApacheJMeter_components.jar:5.6.3]
	at org.apache.jmeter.visualizers.backend.graphite.GraphiteBackendListenerClient.run(GraphiteBackendListenerClient.java:149) [ApacheJMeter_components.jar:5.6.3]
	at java.base/java.util.concurrent.Executors$RunnableAdapter.call(Executors.java:539) [?:?]
	at java.base/java.util.concurrent.FutureTask.runAndReset(FutureTask.java:305) [?:?]
	at java.base/java.util.concurrent.ScheduledThreadPoolExecutor$ScheduledFutureTask.run(ScheduledThreadPoolExecutor.java:305) [?:?]
	at java.base/java.util.concurrent.ThreadPoolExecutor.runWorker(ThreadPoolExecutor.java:1136) [?:?]
	at java.base/java.util.concurrent.ThreadPoolExecutor$Worker.run(ThreadPoolExecutor.java:635) [?:?]
	at java.base/java.lang.Thread.run(Thread.java:842) [?:?]
2026-08-03 18:54:47,547 ERROR o.a.j.v.b.g.TextGraphiteMetricsSender: Error writing to Graphite: Connection refused: no further information
java.net.ConnectException: Connection refused: no further information
	at java.base/sun.nio.ch.Net.pollConnect(Native Method) ~[?:?]
	at java.base/sun.nio.ch.Net.pollConnectNow(Net.java:672) ~[?:?]
	at java.base/sun.nio.ch.NioSocketImpl.timedFinishConnect(NioSocketImpl.java:547) ~[?:?]
	at java.base/sun.nio.ch.NioSocketImpl.connect(NioSocketImpl.java:602) ~[?:?]
	at java.base/java.net.SocksSocketImpl.connect(SocksSocketImpl.java:327) ~[?:?]
	at java.base/java.net.Socket.connect(Socket.java:633) ~[?:?]
	at org.apache.jmeter.visualizers.backend.graphite.SocketOutputStreamPoolFactory.create(SocketOutputStreamPoolFactory.java:76) ~[ApacheJMeter_components.jar:5.6.3]
	at org.apache.jmeter.visualizers.backend.graphite.SocketOutputStreamPoolFactory.makeObject(SocketOutputStreamPoolFactory.java:47) ~[ApacheJMeter_components.jar:5.6.3]
	at org.apache.jmeter.visualizers.backend.graphite.SocketOutputStreamPoolFactory.makeObject(SocketOutputStreamPoolFactory.java:33) ~[ApacheJMeter_components.jar:5.6.3]
	at org.apache.commons.pool2.impl.GenericKeyedObjectPool.create(GenericKeyedObjectPool.java:796) ~[commons-pool2-2.12.0.jar:2.12.0]
	at org.apache.commons.pool2.impl.GenericKeyedObjectPool.borrowObject(GenericKeyedObjectPool.java:444) ~[commons-pool2-2.12.0.jar:2.12.0]
	at org.apache.commons.pool2.impl.GenericKeyedObjectPool.borrowObject(GenericKeyedObjectPool.java:355) ~[commons-pool2-2.12.0.jar:2.12.0]
	at org.apache.jmeter.visualizers.backend.graphite.TextGraphiteMetricsSender.writeMetrics(TextGraphiteMetricsSender.java:110) [ApacheJMeter_components.jar:5.6.3]
	at org.apache.jmeter.visualizers.backend.graphite.TextGraphiteMetricsSender.writeAndSendMetrics(TextGraphiteMetricsSender.java:104) [ApacheJMeter_components.jar:5.6.3]
	at org.apache.jmeter.visualizers.backend.graphite.GraphiteBackendListenerClient.sendMetrics(GraphiteBackendListenerClient.java:186) [ApacheJMeter_components.jar:5.6.3]
	at org.apache.jmeter.visualizers.backend.graphite.GraphiteBackendListenerClient.run(GraphiteBackendListenerClient.java:149) [ApacheJMeter_components.jar:5.6.3]
	at java.base/java.util.concurrent.Executors$RunnableAdapter.call(Executors.java:539) [?:?]
	at java.base/java.util.concurrent.FutureTask.runAndReset(FutureTask.java:305) [?:?]
	at java.base/java.util.concurrent.ScheduledThreadPoolExecutor$ScheduledFutureTask.run(ScheduledThreadPoolExecutor.java:305) [?:?]
	at java.base/java.util.concurrent.ThreadPoolExecutor.runWorker(ThreadPoolExecutor.java:1136) [?:?]
	at java.base/java.util.concurrent.ThreadPoolExecutor$Worker.run(ThreadPoolExecutor.java:635) [?:?]
	at java.base/java.lang.Thread.run(Thread.java:842) [?:?]
2026-08-03 18:54:48,108 INFO o.a.j.t.JMeterThread: Thread started: parallel T01_LaunchOutlook_02P
2026-08-03 18:54:48,109 INFO o.a.j.t.JMeterThread: Thread started: parallel T01_LaunchOutlook_02P
2026-08-03 18:54:48,171 INFO o.a.j.t.JMeterThread: Thread started: parallel T01_LaunchOutlook_02P
2026-08-03 18:54:48,171 INFO o.a.j.t.JMeterThread: Thread started: parallel T01_LaunchOutlook_02P
2026-08-03 18:54:48,415 INFO o.a.j.t.JMeterThread: Thread is done: org.apache.jmeter.threads.JMeterThread@3ef10f5b - T01_LaunchOutlook_02P - LaunchOutllok/shared/1.0/content/images/microsoft_logo_564db913a7fa0ca42727161c6d031bef.svg-59
2026-08-03 18:54:48,415 INFO o.a.j.t.JMeterThread: Thread finished: org.apache.jmeter.threads.JMeterThread@3ef10f5b - T01_LaunchOutlook_02P - LaunchOutllok/shared/1.0/content/images/microsoft_logo_564db913a7fa0ca42727161c6d031bef.svg-59
2026-08-03 18:54:48,421 INFO o.a.j.t.JMeterThread: Thread is done: org.apache.jmeter.threads.JMeterThread@3ef10f5b - T01_LaunchOutlook_02P - LaunchOutllok/shared/1.0/content/images/backgrounds/4_eae2dd7eb3a55636dc2d74f4fa4c386e.svg-58
2026-08-03 18:54:48,423 INFO o.a.j.t.JMeterThread: Thread finished: org.apache.jmeter.threads.JMeterThread@3ef10f5b - T01_LaunchOutlook_02P - LaunchOutllok/shared/1.0/content/images/backgrounds/4_eae2dd7eb3a55636dc2d74f4fa4c386e.svg-58
2026-08-03 18:54:48,428 INFO o.a.j.t.JMeterThread: Thread is done: org.apache.jmeter.threads.JMeterThread@379a352a - T01_LaunchOutlook_02P - LaunchOutllok/shared/1.0/content/images/backgrounds/4_eae2dd7eb3a55636dc2d74f4fa4c386e.svg-58
2026-08-03 18:54:48,428 INFO o.a.j.t.JMeterThread: Thread finished: org.apache.jmeter.threads.JMeterThread@379a352a - T01_LaunchOutlook_02P - LaunchOutllok/shared/1.0/content/images/backgrounds/4_eae2dd7eb3a55636dc2d74f4fa4c386e.svg-58
2026-08-03 18:54:48,430 INFO o.a.j.t.JMeterThread: Thread is done: org.apache.jmeter.threads.JMeterThread@379a352a - T01_LaunchOutlook_02P - LaunchOutllok/shared/1.0/content/images/microsoft_logo_564db913a7fa0ca42727161c6d031bef.svg-59
2026-08-03 18:54:48,430 INFO o.a.j.t.JMeterThread: Thread finished: org.apache.jmeter.threads.JMeterThread@379a352a - T01_LaunchOutlook_02P - LaunchOutllok/shared/1.0/content/images/microsoft_logo_564db913a7fa0ca42727161c6d031bef.svg-59
2026-08-03 18:54:48,531 ERROR o.a.j.v.b.g.TextGraphiteMetricsSender: Error writing to Graphite: Connection refused: no further information
java.net.ConnectException: Connection refused: no further information
	at java.base/sun.nio.ch.Net.pollConnect(Native Method) ~[?:?]
	at java.base/sun.nio.ch.Net.pollConnectNow(Net.java:672) ~[?:?]
	at java.base/sun.nio.ch.NioSocketImpl.timedFinishConnect(NioSocketImpl.java:547) ~[?:?]
	at java.base/sun.nio.ch.NioSocketImpl.connect(NioSocketImpl.java:602) ~[?:?]
	at java.base/java.net.SocksSocketImpl.connect(SocksSocketImpl.java:327) ~[?:?]
	at java.base/java.net.Socket.connect(Socket.java:633) ~[?:?]
	at org.apache.jmeter.visualizers.backend.graphite.SocketOutputStreamPoolFactory.create(SocketOutputStreamPoolFactory.java:76) ~[ApacheJMeter_components.jar:5.6.3]
	at org.apache.jmeter.visualizers.backend.graphite.SocketOutputStreamPoolFactory.makeObject(SocketOutputStreamPoolFactory.java:47) ~[ApacheJMeter_components.jar:5.6.3]
	at org.apache.jmeter.visualizers.backend.graphite.SocketOutputStreamPoolFactory.makeObject(SocketOutputStreamPoolFactory.java:33) ~[ApacheJMeter_components.jar:5.6.3]
	at org.apache.commons.pool2.impl.GenericKeyedObjectPool.create(GenericKeyedObjectPool.java:796) ~[commons-pool2-2.12.0.jar:2.12.0]
	at org.apache.commons.pool2.impl.GenericKeyedObjectPool.borrowObject(GenericKeyedObjectPool.java:444) ~[commons-pool2-2.12.0.jar:2.12.0]
	at org.apache.commons.pool2.impl.GenericKeyedObjectPool.borrowObject(GenericKeyedObjectPool.java:355) ~[commons-pool2-2.12.0.jar:2.12.0]
	at org.apache.jmeter.visualizers.backend.graphite.TextGraphiteMetricsSender.writeMetrics(TextGraphiteMetricsSender.java:110) [ApacheJMeter_components.jar:5.6.3]
	at org.apache.jmeter.visualizers.backend.graphite.TextGraphiteMetricsSender.writeAndSendMetrics(TextGraphiteMetricsSender.java:104) [ApacheJMeter_components.jar:5.6.3]
	at org.apache.jmeter.visualizers.backend.graphite.GraphiteBackendListenerClient.sendMetrics(GraphiteBackendListenerClient.java:186) [ApacheJMeter_components.jar:5.6.3]
	at org.apache.jmeter.visualizers.backend.graphite.GraphiteBackendListenerClient.run(GraphiteBackendListenerClient.java:149) [ApacheJMeter_components.jar:5.6.3]
	at java.base/java.util.concurrent.Executors$RunnableAdapter.call(Executors.java:539) [?:?]
	at java.base/java.util.concurrent.FutureTask.runAndReset(FutureTask.java:305) [?:?]
	at java.base/java.util.concurrent.ScheduledThreadPoolExecutor$ScheduledFutureTask.run(ScheduledThreadPoolExecutor.java:305) [?:?]
	at java.base/java.util.concurrent.ThreadPoolExecutor.runWorker(ThreadPoolExecutor.java:1136) [?:?]
	at java.base/java.util.concurrent.ThreadPoolExecutor$Worker.run(ThreadPoolExecutor.java:635) [?:?]
	at java.base/java.lang.Thread.run(Thread.java:842) [?:?]
2026-08-03 18:54:49,468 INFO o.a.j.t.JMeterThread: Thread started: Email_filing_In_Suggested_Location 1-3
2026-08-03 18:54:49,469 INFO c.b.j.c.ParallelSampler: Starting up to 6 threads
2026-08-03 18:54:49,471 INFO c.b.j.c.ParallelSampler: Starting up to 6 threads
2026-08-03 18:54:49,471 INFO c.b.j.c.ParallelSampler: Starting up to 6 threads
2026-08-03 18:54:49,472 INFO c.b.j.c.ParallelSampler: Starting up to 6 threads
2026-08-03 18:54:49,472 INFO c.b.j.c.ParallelSampler: Starting up to 6 threads
2026-08-03 18:54:49,472 INFO c.b.j.c.ParallelSampler: Starting up to 6 threads
2026-08-03 18:54:49,472 INFO c.b.j.c.ParallelSampler: Starting up to 6 threads
2026-08-03 18:54:49,472 INFO c.b.j.c.ParallelSampler: Starting up to 6 threads
2026-08-03 18:54:49,472 INFO c.b.j.c.ParallelSampler: Starting up to 6 threads
2026-08-03 18:54:49,472 INFO c.b.j.c.ParallelSampler: Starting up to 6 threads
2026-08-03 18:54:49,472 INFO c.b.j.c.ParallelSampler: Starting up to 6 threads
2026-08-03 18:54:49,472 INFO c.b.j.c.ParallelSampler: Starting up to 6 threads
2026-08-03 18:54:49,472 INFO c.b.j.c.ParallelSampler: Starting up to 6 threads
2026-08-03 18:54:49,472 INFO c.b.j.c.ParallelSampler: Starting up to 6 threads
2026-08-03 18:54:49,472 INFO c.b.j.c.ParallelSampler: Starting up to 6 threads
2026-08-03 18:54:49,472 INFO c.b.j.c.ParallelSampler: Starting up to 6 threads
2026-08-03 18:54:49,472 INFO c.b.j.c.ParallelSampler: Starting up to 6 threads
2026-08-03 18:54:49,472 INFO c.b.j.c.ParallelSampler: Starting up to 6 threads
2026-08-03 18:54:49,472 INFO c.b.j.c.ParallelSampler: Starting up to 6 threads
2026-08-03 18:54:49,472 INFO c.b.j.c.ParallelSampler: Starting up to 6 threads
2026-08-03 18:54:49,472 INFO c.b.j.c.ParallelSampler: Starting up to 6 threads
2026-08-03 18:54:49,472 INFO c.b.j.c.ParallelSampler: Starting up to 6 threads
2026-08-03 18:54:49,472 INFO c.b.j.c.ParallelSampler: Starting up to 6 threads
2026-08-03 18:54:49,472 INFO c.b.j.c.ParallelSampler: Starting up to 6 threads
2026-08-03 18:54:49,472 INFO c.b.j.c.ParallelSampler: Starting up to 6 threads
2026-08-03 18:54:49,472 INFO c.b.j.c.ParallelSampler: Starting up to 6 threads
2026-08-03 18:54:49,472 INFO c.b.j.c.ParallelSampler: Starting up to 6 threads
2026-08-03 18:54:49,472 INFO c.b.j.c.ParallelSampler: Starting up to 6 threads
2026-08-03 18:54:49,472 INFO c.b.j.c.ParallelSampler: Starting up to 6 threads
2026-08-03 18:54:49,472 INFO c.b.j.c.ParallelSampler: Starting up to 6 threads
2026-08-03 18:54:49,472 INFO c.b.j.c.ParallelSampler: Starting up to 6 threads
2026-08-03 18:54:49,472 INFO c.b.j.c.ParallelSampler: Starting up to 6 threads
2026-08-03 18:54:49,533 ERROR o.a.j.v.b.g.TextGraphiteMetricsSender: Error writing to Graphite: Connection refused: no further information
java.net.ConnectException: Connection refused: no further information
	at java.base/sun.nio.ch.Net.pollConnect(Native Method) ~[?:?]
	at java.base/sun.nio.ch.Net.pollConnectNow(Net.java:672) ~[?:?]
	at java.base/sun.nio.ch.NioSocketImpl.timedFinishConnect(NioSocketImpl.java:547) ~[?:?]
	at java.base/sun.nio.ch.NioSocketImpl.connect(NioSocketImpl.java:602) ~[?:?]
	at java.base/java.net.SocksSocketImpl.connect(SocksSocketImpl.java:327) ~[?:?]
	at java.base/java.net.Socket.connect(Socket.java:633) ~[?:?]
	at org.apache.jmeter.visualizers.backend.graphite.SocketOutputStreamPoolFactory.create(SocketOutputStreamPoolFactory.java:76) ~[ApacheJMeter_components.jar:5.6.3]
	at org.apache.jmeter.visualizers.backend.graphite.SocketOutputStreamPoolFactory.makeObject(SocketOutputStreamPoolFactory.java:47) ~[ApacheJMeter_components.jar:5.6.3]
	at org.apache.jmeter.visualizers.backend.graphite.SocketOutputStreamPoolFactory.makeObject(SocketOutputStreamPoolFactory.java:33) ~[ApacheJMeter_components.jar:5.6.3]
	at org.apache.commons.pool2.impl.GenericKeyedObjectPool.create(GenericKeyedObjectPool.java:796) ~[commons-pool2-2.12.0.jar:2.12.0]
	at org.apache.commons.pool2.impl.GenericKeyedObjectPool.borrowObject(GenericKeyedObjectPool.java:444) ~[commons-pool2-2.12.0.jar:2.12.0]
	at org.apache.commons.pool2.impl.GenericKeyedObjectPool.borrowObject(GenericKeyedObjectPool.java:355) ~[commons-pool2-2.12.0.jar:2.12.0]
	at org.apache.jmeter.visualizers.backend.graphite.TextGraphiteMetricsSender.writeMetrics(TextGraphiteMetricsSender.java:110) [ApacheJMeter_components.jar:5.6.3]
	at org.apache.jmeter.visualizers.backend.graphite.TextGraphiteMetricsSender.writeAndSendMetrics(TextGraphiteMetricsSender.java:104) [ApacheJMeter_components.jar:5.6.3]
	at org.apache.jmeter.visualizers.backend.graphite.GraphiteBackendListenerClient.sendMetrics(GraphiteBackendListenerClient.java:186) [ApacheJMeter_components.jar:5.6.3]
	at org.apache.jmeter.visualizers.backend.graphite.GraphiteBackendListenerClient.run(GraphiteBackendListenerClient.java:149) [ApacheJMeter_components.jar:5.6.3]
	at java.base/java.util.concurrent.Executors$RunnableAdapter.call(Executors.java:539) [?:?]
	at java.base/java.util.concurrent.FutureTask.runAndReset(FutureTask.java:305) [?:?]
	at java.base/java.util.concurrent.ScheduledThreadPoolExecutor$ScheduledFutureTask.run(ScheduledThreadPoolExecutor.java:305) [?:?]
	at java.base/java.util.concurrent.ThreadPoolExecutor.runWorker(ThreadPoolExecutor.java:1136) [?:?]
	at java.base/java.util.concurrent.ThreadPoolExecutor$Worker.run(ThreadPoolExecutor.java:635) [?:?]
	at java.base/java.lang.Thread.run(Thread.java:842) [?:?]
2026-08-03 18:54:50,531 ERROR o.a.j.v.b.g.TextGraphiteMetricsSender: Error writing to Graphite: Connection refused: no further information
java.net.ConnectException: Connection refused: no further information
	at java.base/sun.nio.ch.Net.pollConnect(Native Method) ~[?:?]
	at java.base/sun.nio.ch.Net.pollConnectNow(Net.java:672) ~[?:?]
	at java.base/sun.nio.ch.NioSocketImpl.timedFinishConnect(NioSocketImpl.java:547) ~[?:?]
	at java.base/sun.nio.ch.NioSocketImpl.connect(NioSocketImpl.java:602) ~[?:?]
	at java.base/java.net.SocksSocketImpl.connect(SocksSocketImpl.java:327) ~[?:?]
	at java.base/java.net.Socket.connect(Socket.java:633) ~[?:?]
	at org.apache.jmeter.visualizers.backend.graphite.SocketOutputStreamPoolFactory.create(SocketOutputStreamPoolFactory.java:76) ~[ApacheJMeter_components.jar:5.6.3]
	at org.apache.jmeter.visualizers.backend.graphite.SocketOutputStreamPoolFactory.makeObject(SocketOutputStreamPoolFactory.java:47) ~[ApacheJMeter_components.jar:5.6.3]
	at org.apache.jmeter.visualizers.backend.graphite.SocketOutputStreamPoolFactory.makeObject(SocketOutputStreamPoolFactory.java:33) ~[ApacheJMeter_components.jar:5.6.3]
	at org.apache.commons.pool2.impl.GenericKeyedObjectPool.create(GenericKeyedObjectPool.java:796) ~[commons-pool2-2.12.0.jar:2.12.0]
	at org.apache.commons.pool2.impl.GenericKeyedObjectPool.borrowObject(GenericKeyedObjectPool.java:444) ~[commons-pool2-2.12.0.jar:2.12.0]
	at org.apache.commons.pool2.impl.GenericKeyedObjectPool.borrowObject(GenericKeyedObjectPool.java:355) ~[commons-pool2-2.12.0.jar:2.12.0]
	at org.apache.jmeter.visualizers.backend.graphite.TextGraphiteMetricsSender.writeMetrics(TextGraphiteMetricsSender.java:110) [ApacheJMeter_components.jar:5.6.3]
	at org.apache.jmeter.visualizers.backend.graphite.TextGraphiteMetricsSender.writeAndSendMetrics(TextGraphiteMetricsSender.java:104) [ApacheJMeter_components.jar:5.6.3]
	at org.apache.jmeter.visualizers.backend.graphite.GraphiteBackendListenerClient.sendMetrics(GraphiteBackendListenerClient.java:186) [ApacheJMeter_components.jar:5.6.3]
	at org.apache.jmeter.visualizers.backend.graphite.GraphiteBackendListenerClient.run(GraphiteBackendListenerClient.java:149) [ApacheJMeter_components.jar:5.6.3]
	at java.base/java.util.concurrent.Executors$RunnableAdapter.call(Executors.java:539) [?:?]
	at java.base/java.util.concurrent.FutureTask.runAndReset(FutureTask.java:305) [?:?]
	at java.base/java.util.concurrent.ScheduledThreadPoolExecutor$ScheduledFutureTask.run(ScheduledThreadPoolExecutor.java:305) [?:?]
	at java.base/java.util.concurrent.ThreadPoolExecutor.runWorker(ThreadPoolExecutor.java:1136) [?:?]
	at java.base/java.util.concurrent.ThreadPoolExecutor$Worker.run(ThreadPoolExecutor.java:635) [?:?]
	at java.base/java.lang.Thread.run(Thread.java:842) [?:?]
2026-08-03 18:54:51,288 INFO o.a.j.t.JMeterThread: Thread started: parallel T01_LaunchOutlook_02P
2026-08-03 18:54:51,288 INFO o.a.j.t.JMeterThread: Thread started: parallel T01_LaunchOutlook_02P
2026-08-03 18:54:51,472 INFO o.a.j.t.JMeterThread: Thread is done: org.apache.jmeter.threads.JMeterThread@100c0119 - T01_LaunchOutlook_02P - LaunchOutllok/shared/1.0/content/images/microsoft_logo_564db913a7fa0ca42727161c6d031bef.svg-59
2026-08-03 18:54:51,472 INFO o.a.j.t.JMeterThread: Thread finished: org.apache.jmeter.threads.JMeterThread@100c0119 - T01_LaunchOutlook_02P - LaunchOutllok/shared/1.0/content/images/microsoft_logo_564db913a7fa0ca42727161c6d031bef.svg-59
2026-08-03 18:54:51,479 INFO o.a.j.t.JMeterThread: Thread is done: org.apache.jmeter.threads.JMeterThread@100c0119 - T01_LaunchOutlook_02P - LaunchOutllok/shared/1.0/content/images/backgrounds/4_eae2dd7eb3a55636dc2d74f4fa4c386e.svg-58
2026-08-03 18:54:51,479 INFO o.a.j.t.JMeterThread: Thread finished: org.apache.jmeter.threads.JMeterThread@100c0119 - T01_LaunchOutlook_02P - LaunchOutllok/shared/1.0/content/images/backgrounds/4_eae2dd7eb3a55636dc2d74f4fa4c386e.svg-58
2026-08-03 18:54:51,525 ERROR o.a.j.v.b.g.TextGraphiteMetricsSender: Error writing to Graphite: Connection refused: no further information
java.net.ConnectException: Connection refused: no further information
	at java.base/sun.nio.ch.Net.pollConnect(Native Method) ~[?:?]
	at java.base/sun.nio.ch.Net.pollConnectNow(Net.java:672) ~[?:?]
	at java.base/sun.nio.ch.NioSocketImpl.timedFinishConnect(NioSocketImpl.java:547) ~[?:?]
	at java.base/sun.nio.ch.NioSocketImpl.connect(NioSocketImpl.java:602) ~[?:?]
	at java.base/java.net.SocksSocketImpl.connect(SocksSocketImpl.java:327) ~[?:?]
	at java.base/java.net.Socket.connect(Socket.java:633) ~[?:?]
	at org.apache.jmeter.visualizers.backend.graphite.SocketOutputStreamPoolFactory.create(SocketOutputStreamPoolFactory.java:76) ~[ApacheJMeter_components.jar:5.6.3]
	at org.apache.jmeter.visualizers.backend.graphite.SocketOutputStreamPoolFactory.makeObject(SocketOutputStreamPoolFactory.java:47) ~[ApacheJMeter_components.jar:5.6.3]
	at org.apache.jmeter.visualizers.backend.graphite.SocketOutputStreamPoolFactory.makeObject(SocketOutputStreamPoolFactory.java:33) ~[ApacheJMeter_components.jar:5.6.3]
	at org.apache.commons.pool2.impl.GenericKeyedObjectPool.create(GenericKeyedObjectPool.java:796) ~[commons-pool2-2.12.0.jar:2.12.0]
	at org.apache.commons.pool2.impl.GenericKeyedObjectPool.borrowObject(GenericKeyedObjectPool.java:444) ~[commons-pool2-2.12.0.jar:2.12.0]
	at org.apache.commons.pool2.impl.GenericKeyedObjectPool.borrowObject(GenericKeyedObjectPool.java:355) ~[commons-pool2-2.12.0.jar:2.12.0]
	at org.apache.jmeter.visualizers.backend.graphite.TextGraphiteMetricsSender.writeMetrics(TextGraphiteMetricsSender.java:110) [ApacheJMeter_components.jar:5.6.3]
	at org.apache.jmeter.visualizers.backend.graphite.TextGraphiteMetricsSender.writeAndSendMetrics(TextGraphiteMetricsSender.java:104) [ApacheJMeter_components.jar:5.6.3]
	at org.apache.jmeter.visualizers.backend.graphite.GraphiteBackendListenerClient.sendMetrics(GraphiteBackendListenerClient.java:186) [ApacheJMeter_components.jar:5.6.3]
	at org.apache.jmeter.visualizers.backend.graphite.GraphiteBackendListenerClient.run(GraphiteBackendListenerClient.java:149) [ApacheJMeter_components.jar:5.6.3]
	at java.base/java.util.concurrent.Executors$RunnableAdapter.call(Executors.java:539) [?:?]
	at java.base/java.util.concurrent.FutureTask.runAndReset(FutureTask.java:305) [?:?]
	at java.base/java.util.concurrent.ScheduledThreadPoolExecutor$ScheduledFutureTask.run(ScheduledThreadPoolExecutor.java:305) [?:?]
	at java.base/java.util.concurrent.ThreadPoolExecutor.runWorker(ThreadPoolExecutor.java:1136) [?:?]
	at java.base/java.util.concurrent.ThreadPoolExecutor$Worker.run(ThreadPoolExecutor.java:635) [?:?]
	at java.base/java.lang.Thread.run(Thread.java:842) [?:?]
2026-08-03 18:54:52,276 INFO o.a.j.r.Summariser: summary +     34 in 00:00:06 =    5.4/s Avg:   262 Min:    51 Max:   587 Err:     0 (0.00%) Active: 3 Started: 15 Finished: 12
2026-08-03 18:54:52,277 INFO o.a.j.r.Summariser: summary =     35 in 00:00:10 =    3.6/s Avg:   277 Min:    51 Max:   782 Err:     0 (0.00%)
2026-08-03 18:54:52,528 ERROR o.a.j.v.b.g.TextGraphiteMetricsSender: Error writing to Graphite: Connection refused: no further information
java.net.ConnectException: Connection refused: no further information
	at java.base/sun.nio.ch.Net.pollConnect(Native Method) ~[?:?]
	at java.base/sun.nio.ch.Net.pollConnectNow(Net.java:672) ~[?:?]
	at java.base/sun.nio.ch.NioSocketImpl.timedFinishConnect(NioSocketImpl.java:547) ~[?:?]
	at java.base/sun.nio.ch.NioSocketImpl.connect(NioSocketImpl.java:602) ~[?:?]
	at java.base/java.net.SocksSocketImpl.connect(SocksSocketImpl.java:327) ~[?:?]
	at java.base/java.net.Socket.connect(Socket.java:633) ~[?:?]
	at org.apache.jmeter.visualizers.backend.graphite.SocketOutputStreamPoolFactory.create(SocketOutputStreamPoolFactory.java:76) ~[ApacheJMeter_components.jar:5.6.3]
	at org.apache.jmeter.visualizers.backend.graphite.SocketOutputStreamPoolFactory.makeObject(SocketOutputStreamPoolFactory.java:47) ~[ApacheJMeter_components.jar:5.6.3]
	at org.apache.jmeter.visualizers.backend.graphite.SocketOutputStreamPoolFactory.makeObject(SocketOutputStreamPoolFactory.java:33) ~[ApacheJMeter_components.jar:5.6.3]
	at org.apache.commons.pool2.impl.GenericKeyedObjectPool.create(GenericKeyedObjectPool.java:796) ~[commons-pool2-2.12.0.jar:2.12.0]
	at org.apache.commons.pool2.impl.GenericKeyedObjectPool.borrowObject(GenericKeyedObjectPool.java:444) ~[commons-pool2-2.12.0.jar:2.12.0]
	at org.apache.commons.pool2.impl.GenericKeyedObjectPool.borrowObject(GenericKeyedObjectPool.java:355) ~[commons-pool2-2.12.0.jar:2.12.0]
	at org.apache.jmeter.visualizers.backend.graphite.TextGraphiteMetricsSender.writeMetrics(TextGraphiteMetricsSender.java:110) [ApacheJMeter_components.jar:5.6.3]
	at org.apache.jmeter.visualizers.backend.graphite.TextGraphiteMetricsSender.writeAndSendMetrics(TextGraphiteMetricsSender.java:104) [ApacheJMeter_components.jar:5.6.3]
	at org.apache.jmeter.visualizers.backend.graphite.GraphiteBackendListenerClient.sendMetrics(GraphiteBackendListenerClient.java:186) [ApacheJMeter_components.jar:5.6.3]
	at org.apache.jmeter.visualizers.backend.graphite.GraphiteBackendListenerClient.run(GraphiteBackendListenerClient.java:149) [ApacheJMeter_components.jar:5.6.3]
	at java.base/java.util.concurrent.Executors$RunnableAdapter.call(Executors.java:539) [?:?]
	at java.base/java.util.concurrent.FutureTask.runAndReset(FutureTask.java:305) [?:?]
	at java.base/java.util.concurrent.ScheduledThreadPoolExecutor$ScheduledFutureTask.run(ScheduledThreadPoolExecutor.java:305) [?:?]
	at java.base/java.util.concurrent.ThreadPoolExecutor.runWorker(ThreadPoolExecutor.java:1136) [?:?]
	at java.base/java.util.concurrent.ThreadPoolExecutor$Worker.run(ThreadPoolExecutor.java:635) [?:?]
	at java.base/java.lang.Thread.run(Thread.java:842) [?:?]
2026-08-03 18:54:53,537 ERROR o.a.j.v.b.g.TextGraphiteMetricsSender: Error writing to Graphite: Connection refused: no further information
java.net.ConnectException: Connection refused: no further information
	at java.base/sun.nio.ch.Net.pollConnect(Native Method) ~[?:?]
	at java.base/sun.nio.ch.Net.pollConnectNow(Net.java:672) ~[?:?]
	at java.base/sun.nio.ch.NioSocketImpl.timedFinishConnect(NioSocketImpl.java:547) ~[?:?]
	at java.base/sun.nio.ch.NioSocketImpl.connect(NioSocketImpl.java:602) ~[?:?]
	at java.base/java.net.SocksSocketImpl.connect(SocksSocketImpl.java:327) ~[?:?]
	at java.base/java.net.Socket.connect(Socket.java:633) ~[?:?]
	at org.apache.jmeter.visualizers.backend.graphite.SocketOutputStreamPoolFactory.create(SocketOutputStreamPoolFactory.java:76) ~[ApacheJMeter_components.jar:5.6.3]
	at org.apache.jmeter.visualizers.backend.graphite.SocketOutputStreamPoolFactory.makeObject(SocketOutputStreamPoolFactory.java:47) ~[ApacheJMeter_components.jar:5.6.3]
	at org.apache.jmeter.visualizers.backend.graphite.SocketOutputStreamPoolFactory.makeObject(SocketOutputStreamPoolFactory.java:33) ~[ApacheJMeter_components.jar:5.6.3]
	at org.apache.commons.pool2.impl.GenericKeyedObjectPool.create(GenericKeyedObjectPool.java:796) ~[commons-pool2-2.12.0.jar:2.12.0]
	at org.apache.commons.pool2.impl.GenericKeyedObjectPool.borrowObject(GenericKeyedObjectPool.java:444) ~[commons-pool2-2.12.0.jar:2.12.0]
	at org.apache.commons.pool2.impl.GenericKeyedObjectPool.borrowObject(GenericKeyedObjectPool.java:355) ~[commons-pool2-2.12.0.jar:2.12.0]
	at org.apache.jmeter.visualizers.backend.graphite.TextGraphiteMetricsSender.writeMetrics(TextGraphiteMetricsSender.java:110) [ApacheJMeter_components.jar:5.6.3]
	at org.apache.jmeter.visualizers.backend.graphite.TextGraphiteMetricsSender.writeAndSendMetrics(TextGraphiteMetricsSender.java:104) [ApacheJMeter_components.jar:5.6.3]
	at org.apache.jmeter.visualizers.backend.graphite.GraphiteBackendListenerClient.sendMetrics(GraphiteBackendListenerClient.java:186) [ApacheJMeter_components.jar:5.6.3]
	at org.apache.jmeter.visualizers.backend.graphite.GraphiteBackendListenerClient.run(GraphiteBackendListenerClient.java:149) [ApacheJMeter_components.jar:5.6.3]
	at java.base/java.util.concurrent.Executors$RunnableAdapter.call(Executors.java:539) [?:?]
	at java.base/java.util.concurrent.FutureTask.runAndReset(FutureTask.java:305) [?:?]
	at java.base/java.util.concurrent.ScheduledThreadPoolExecutor$ScheduledFutureTask.run(ScheduledThreadPoolExecutor.java:305) [?:?]
	at java.base/java.util.concurrent.ThreadPoolExecutor.runWorker(ThreadPoolExecutor.java:1136) [?:?]
	at java.base/java.util.concurrent.ThreadPoolExecutor$Worker.run(ThreadPoolExecutor.java:635) [?:?]
	at java.base/java.lang.Thread.run(Thread.java:842) [?:?]
2026-08-03 18:54:53,916 INFO o.a.j.t.JMeterThread: Thread started: parallel T03_SigninOutllok_02P
2026-08-03 18:54:53,916 INFO o.a.j.t.JMeterThread: Thread started: parallel T03_SigninOutllok_02P
2026-08-03 18:54:53,916 INFO o.a.j.t.JMeterThread: Thread started: parallel T03_SigninOutllok_02P
2026-08-03 18:54:53,916 INFO o.a.j.t.JMeterThread: Thread started: parallel T03_SigninOutllok_02P
2026-08-03 18:54:54,296 INFO o.a.j.t.JMeterThread: Thread started: parallel T03_SigninOutllok_02P
2026-08-03 18:54:54,299 INFO o.a.j.t.JMeterThread: Thread started: parallel T03_SigninOutllok_02P
2026-08-03 18:54:54,299 INFO o.a.j.t.JMeterThread: Thread started: parallel T03_SigninOutllok_02P
2026-08-03 18:54:54,299 INFO o.a.j.t.JMeterThread: Thread started: parallel T03_SigninOutllok_02P
2026-08-03 18:54:54,546 ERROR o.a.j.v.b.g.TextGraphiteMetricsSender: Error writing to Graphite: Connection refused: no further information
java.net.ConnectException: Connection refused: no further information
	at java.base/sun.nio.ch.Net.pollConnect(Native Method) ~[?:?]
	at java.base/sun.nio.ch.Net.pollConnectNow(Net.java:672) ~[?:?]
	at java.base/sun.nio.ch.NioSocketImpl.timedFinishConnect(NioSocketImpl.java:547) ~[?:?]
	at java.base/sun.nio.ch.NioSocketImpl.connect(NioSocketImpl.java:602) ~[?:?]
	at java.base/java.net.SocksSocketImpl.connect(SocksSocketImpl.java:327) ~[?:?]
	at java.base/java.net.Socket.connect(Socket.java:633) ~[?:?]
	at org.apache.jmeter.visualizers.backend.graphite.SocketOutputStreamPoolFactory.create(SocketOutputStreamPoolFactory.java:76) ~[ApacheJMeter_components.jar:5.6.3]
	at org.apache.jmeter.visualizers.backend.graphite.SocketOutputStreamPoolFactory.makeObject(SocketOutputStreamPoolFactory.java:47) ~[ApacheJMeter_components.jar:5.6.3]
	at org.apache.jmeter.visualizers.backend.graphite.SocketOutputStreamPoolFactory.makeObject(SocketOutputStreamPoolFactory.java:33) ~[ApacheJMeter_components.jar:5.6.3]
	at org.apache.commons.pool2.impl.GenericKeyedObjectPool.create(GenericKeyedObjectPool.java:796) ~[commons-pool2-2.12.0.jar:2.12.0]
	at org.apache.commons.pool2.impl.GenericKeyedObjectPool.borrowObject(GenericKeyedObjectPool.java:444) ~[commons-pool2-2.12.0.jar:2.12.0]
	at org.apache.commons.pool2.impl.GenericKeyedObjectPool.borrowObject(GenericKeyedObjectPool.java:355) ~[commons-pool2-2.12.0.jar:2.12.0]
	at org.apache.jmeter.visualizers.backend.graphite.TextGraphiteMetricsSender.writeMetrics(TextGraphiteMetricsSender.java:110) [ApacheJMeter_components.jar:5.6.3]
	at org.apache.jmeter.visualizers.backend.graphite.TextGraphiteMetricsSender.writeAndSendMetrics(TextGraphiteMetricsSender.java:104) [ApacheJMeter_components.jar:5.6.3]
	at org.apache.jmeter.visualizers.backend.graphite.GraphiteBackendListenerClient.sendMetrics(GraphiteBackendListenerClient.java:186) [ApacheJMeter_components.jar:5.6.3]
	at org.apache.jmeter.visualizers.backend.graphite.GraphiteBackendListenerClient.run(GraphiteBackendListenerClient.java:149) [ApacheJMeter_components.jar:5.6.3]
	at java.base/java.util.concurrent.Executors$RunnableAdapter.call(Executors.java:539) [?:?]
	at java.base/java.util.concurrent.FutureTask.runAndReset(FutureTask.java:305) [?:?]
	at java.base/java.util.concurrent.ScheduledThreadPoolExecutor$ScheduledFutureTask.run(ScheduledThreadPoolExecutor.java:305) [?:?]
	at java.base/java.util.concurrent.ThreadPoolExecutor.runWorker(ThreadPoolExecutor.java:1136) [?:?]
	at java.base/java.util.concurrent.ThreadPoolExecutor$Worker.run(ThreadPoolExecutor.java:635) [?:?]
	at java.base/java.lang.Thread.run(Thread.java:842) [?:?]
2026-08-03 18:54:54,598 INFO o.a.j.t.JMeterThread: Thread is done: org.apache.jmeter.threads.JMeterThread@3ef10f5b - T03_SigninOutllok_02P - validate password /owa/published/service.svc?action=GetTimeZoneOffsets&app=Mail&n=3-120
2026-08-03 18:54:54,599 INFO o.a.j.t.JMeterThread: Thread finished: org.apache.jmeter.threads.JMeterThread@3ef10f5b - T03_SigninOutllok_02P - validate password /owa/published/service.svc?action=GetTimeZoneOffsets&app=Mail&n=3-120
2026-08-03 18:54:54,609 INFO o.a.j.t.JMeterThread: Thread is done: org.apache.jmeter.threads.JMeterThread@3ef10f5b - T03_SigninOutllok_02P - validate password /owa/service.svc?action=GetFolderChangeDigest&app=Mail&n=2-119
2026-08-03 18:54:54,609 INFO o.a.j.t.JMeterThread: Thread finished: org.apache.jmeter.threads.JMeterThread@3ef10f5b - T03_SigninOutllok_02P - validate password /owa/service.svc?action=GetFolderChangeDigest&app=Mail&n=2-119
2026-08-03 18:54:54,625 INFO o.a.j.t.JMeterThread: Thread is done: org.apache.jmeter.threads.JMeterThread@3ef10f5b - T03_SigninOutllok_02P - validate password /owa/service.svc?action=GetTimeZone&app=Mail&n=4-123
2026-08-03 18:54:54,625 INFO o.a.j.t.JMeterThread: Thread finished: org.apache.jmeter.threads.JMeterThread@3ef10f5b - T03_SigninOutllok_02P - validate password /owa/service.svc?action=GetTimeZone&app=Mail&n=4-123
2026-08-03 18:54:54,643 INFO o.a.j.t.JMeterThread: Thread is done: org.apache.jmeter.threads.JMeterThread@3ef10f5b - T03_SigninOutllok_02P - validate password /owa/service.svc?action=GetFolderChangeDigest&app=Mail&n=1-121
2026-08-03 18:54:54,643 INFO o.a.j.t.JMeterThread: Thread finished: org.apache.jmeter.threads.JMeterThread@3ef10f5b - T03_SigninOutllok_02P - validate password /owa/service.svc?action=GetFolderChangeDigest&app=Mail&n=1-121
2026-08-03 18:54:54,646 INFO o.a.j.t.JMeterThread: Thread is done: org.apache.jmeter.threads.JMeterThread@379a352a - T03_SigninOutllok_02P - validate password /owa/published/service.svc?action=GetTimeZoneOffsets&app=Mail&n=3-120
2026-08-03 18:54:54,648 INFO o.a.j.t.JMeterThread: Thread finished: org.apache.jmeter.threads.JMeterThread@379a352a - T03_SigninOutllok_02P - validate password /owa/published/service.svc?action=GetTimeZoneOffsets&app=Mail&n=3-120
2026-08-03 18:54:54,666 INFO o.a.j.t.JMeterThread: Thread is done: org.apache.jmeter.threads.JMeterThread@379a352a - T03_SigninOutllok_02P - validate password /owa/service.svc?action=GetFolderChangeDigest&app=Mail&n=2-119
2026-08-03 18:54:54,691 INFO o.a.j.t.JMeterThread: Thread finished: org.apache.jmeter.threads.JMeterThread@379a352a - T03_SigninOutllok_02P - validate password /owa/service.svc?action=GetFolderChangeDigest&app=Mail&n=2-119
2026-08-03 18:54:54,670 INFO o.a.j.t.JMeterThread: Thread is done: org.apache.jmeter.threads.JMeterThread@379a352a - T03_SigninOutllok_02P - validate password /owa/service.svc?action=GetTimeZone&app=Mail&n=4-123
2026-08-03 18:54:54,691 INFO o.a.j.t.JMeterThread: Thread finished: org.apache.jmeter.threads.JMeterThread@379a352a - T03_SigninOutllok_02P - validate password /owa/service.svc?action=GetTimeZone&app=Mail&n=4-123
2026-08-03 18:54:54,832 INFO o.a.j.t.JMeterThread: Thread is done: org.apache.jmeter.threads.JMeterThread@379a352a - T03_SigninOutllok_02P - validate password /owa/service.svc?action=GetFolderChangeDigest&app=Mail&n=1-121
2026-08-03 18:54:54,832 INFO o.a.j.t.JMeterThread: Thread finished: org.apache.jmeter.threads.JMeterThread@379a352a - T03_SigninOutllok_02P - validate password /owa/service.svc?action=GetFolderChangeDigest&app=Mail&n=1-121
2026-08-03 18:54:55,162 INFO o.a.j.t.JMeterThread: Thread started: parallel T03_SigninOutllok_04P
2026-08-03 18:54:55,164 INFO o.a.j.t.JMeterThread: Thread started: parallel T03_SigninOutllok_04P
2026-08-03 18:54:55,165 INFO o.a.j.t.JMeterThread: Thread started: parallel T03_SigninOutllok_04P
2026-08-03 18:54:55,165 INFO o.a.j.t.JMeterThread: Thread started: parallel T03_SigninOutllok_04P
2026-08-03 18:54:55,164 INFO o.a.j.t.JMeterThread: Thread started: parallel T03_SigninOutllok_04P
2026-08-03 18:54:55,165 INFO o.a.j.t.JMeterThread: Thread started: parallel T03_SigninOutllok_04P
2026-08-03 18:54:55,316 INFO o.a.j.t.JMeterThread: Thread is done: org.apache.jmeter.threads.JMeterThread@3ef10f5b - T03_SigninOutllok_04P - validate password /owamail/hashed-v1/resources/images/Mail_22px-hash-ef494f7f.m.svg-145
2026-08-03 18:54:55,330 INFO o.a.j.t.JMeterThread: Thread finished: org.apache.jmeter.threads.JMeterThread@3ef10f5b - T03_SigninOutllok_04P - validate password /owamail/hashed-v1/resources/images/Mail_22px-hash-ef494f7f.m.svg-145
2026-08-03 18:54:55,330 INFO o.a.j.t.JMeterThread: Thread is done: org.apache.jmeter.threads.JMeterThread@3ef10f5b - T03_SigninOutllok_04P - validate password /assets/mail/illustrations/noMailSelected/v2/light.svg-142
2026-08-03 18:54:55,332 INFO o.a.j.t.JMeterThread: Thread finished: org.apache.jmeter.threads.JMeterThread@3ef10f5b - T03_SigninOutllok_04P - validate password /assets/mail/illustrations/noMailSelected/v2/light.svg-142
2026-08-03 18:54:55,332 INFO o.a.j.t.JMeterThread: Thread started: parallel T03_SigninOutllok_04P
2026-08-03 18:54:55,332 INFO o.a.j.t.JMeterThread: Thread started: parallel T03_SigninOutllok_04P
2026-08-03 18:54:55,332 INFO o.a.j.t.JMeterThread: Thread is done: org.apache.jmeter.threads.JMeterThread@3ef10f5b - T03_SigninOutllok_04P - validate password /owamail/hashed-v1/resources/images/Calendar_22px-hash-4b5e2360.m.svg-146
2026-08-03 18:54:55,332 INFO o.a.j.t.JMeterThread: Thread finished: org.apache.jmeter.threads.JMeterThread@3ef10f5b - T03_SigninOutllok_04P - validate password /owamail/hashed-v1/resources/images/Calendar_22px-hash-4b5e2360.m.svg-146
2026-08-03 18:54:55,332 INFO o.a.j.t.JMeterThread: Thread is done: org.apache.jmeter.threads.JMeterThread@3ef10f5b - T03_SigninOutllok_04P - validate password /owamail/hashed-v1/resources/fonts/light-icons-hash-21e1c146.m.woff2-139
2026-08-03 18:54:55,332 INFO o.a.j.t.JMeterThread: Thread is done: org.apache.jmeter.threads.JMeterThread@3ef10f5b - T03_SigninOutllok_04P - validate password /owamail/hashed-v1/resources/fonts/FluentSystemIcons-Resizable-hash-f808aee0.m.woff2-141
2026-08-03 18:54:55,332 INFO o.a.j.t.JMeterThread: Thread finished: org.apache.jmeter.threads.JMeterThread@3ef10f5b - T03_SigninOutllok_04P - validate password /owamail/hashed-v1/resources/fonts/light-icons-hash-21e1c146.m.woff2-139
2026-08-03 18:54:55,332 INFO o.a.j.t.JMeterThread: Thread finished: org.apache.jmeter.threads.JMeterThread@3ef10f5b - T03_SigninOutllok_04P - validate password /owamail/hashed-v1/resources/fonts/FluentSystemIcons-Resizable-hash-f808aee0.m.woff2-141
2026-08-03 18:54:55,332 INFO o.a.j.t.JMeterThread: Thread is done: org.apache.jmeter.threads.JMeterThread@3ef10f5b - T03_SigninOutllok_04P - validate password /owamail/hashed-v1/resources/fonts/FluentSystemIcons-Regular-hash-fe13cdba.m.woff2-140
2026-08-03 18:54:55,332 INFO o.a.j.t.JMeterThread: Thread finished: org.apache.jmeter.threads.JMeterThread@3ef10f5b - T03_SigninOutllok_04P - validate password /owamail/hashed-v1/resources/fonts/FluentSystemIcons-Regular-hash-fe13cdba.m.woff2-140
2026-08-03 18:54:55,465 INFO o.a.j.t.JMeterThread: Thread is done: org.apache.jmeter.threads.JMeterThread@3ef10f5b - T03_SigninOutllok_04P - validate password /owamail/hashed-v1/resources/images/People_22px-hash-6b8f0c5c.m.svg-150
2026-08-03 18:54:55,465 INFO o.a.j.t.JMeterThread: Thread is done: org.apache.jmeter.threads.JMeterThread@3ef10f5b - T03_SigninOutllok_04P - validate password /owamail/hashed-v1/resources/images/Newsletters_22px-hash-9cfbd5b7.m.svg-151
2026-08-03 18:54:55,465 INFO o.a.j.t.JMeterThread: Thread finished: org.apache.jmeter.threads.JMeterThread@3ef10f5b - T03_SigninOutllok_04P - validate password /owamail/hashed-v1/resources/images/People_22px-hash-6b8f0c5c.m.svg-150
2026-08-03 18:54:55,465 INFO o.a.j.t.JMeterThread: Thread finished: org.apache.jmeter.threads.JMeterThread@3ef10f5b - T03_SigninOutllok_04P - validate password /owamail/hashed-v1/resources/images/Newsletters_22px-hash-9cfbd5b7.m.svg-151
2026-08-03 18:54:55,480 INFO o.a.j.t.JMeterThread: Thread started: parallel T03_SigninOutllok_04P
2026-08-03 18:54:55,480 INFO o.a.j.t.JMeterThread: Thread started: parallel T03_SigninOutllok_04P
2026-08-03 18:54:55,481 INFO o.a.j.t.JMeterThread: Thread started: parallel T03_SigninOutllok_04P
2026-08-03 18:54:55,481 INFO o.a.j.t.JMeterThread: Thread started: parallel T03_SigninOutllok_04P
2026-08-03 18:54:55,481 INFO o.a.j.t.JMeterThread: Thread started: parallel T03_SigninOutllok_04P
2026-08-03 18:54:55,481 INFO o.a.j.t.JMeterThread: Thread started: parallel T03_SigninOutllok_04P
2026-08-03 18:54:55,545 ERROR o.a.j.v.b.g.TextGraphiteMetricsSender: Error writing to Graphite: Connection refused: no further information
java.net.ConnectException: Connection refused: no further information
	at java.base/sun.nio.ch.Net.pollConnect(Native Method) ~[?:?]
	at java.base/sun.nio.ch.Net.pollConnectNow(Net.java:672) ~[?:?]
	at java.base/sun.nio.ch.NioSocketImpl.timedFinishConnect(NioSocketImpl.java:547) ~[?:?]
	at java.base/sun.nio.ch.NioSocketImpl.connect(NioSocketImpl.java:602) ~[?:?]
	at java.base/java.net.SocksSocketImpl.connect(SocksSocketImpl.java:327) ~[?:?]
	at java.base/java.net.Socket.connect(Socket.java:633) ~[?:?]
	at org.apache.jmeter.visualizers.backend.graphite.SocketOutputStreamPoolFactory.create(SocketOutputStreamPoolFactory.java:76) ~[ApacheJMeter_components.jar:5.6.3]
	at org.apache.jmeter.visualizers.backend.graphite.SocketOutputStreamPoolFactory.makeObject(SocketOutputStreamPoolFactory.java:47) ~[ApacheJMeter_components.jar:5.6.3]
	at org.apache.jmeter.visualizers.backend.graphite.SocketOutputStreamPoolFactory.makeObject(SocketOutputStreamPoolFactory.java:33) ~[ApacheJMeter_components.jar:5.6.3]
	at org.apache.commons.pool2.impl.GenericKeyedObjectPool.create(GenericKeyedObjectPool.java:796) ~[commons-pool2-2.12.0.jar:2.12.0]
	at org.apache.commons.pool2.impl.GenericKeyedObjectPool.borrowObject(GenericKeyedObjectPool.java:444) ~[commons-pool2-2.12.0.jar:2.12.0]
	at org.apache.commons.pool2.impl.GenericKeyedObjectPool.borrowObject(GenericKeyedObjectPool.java:355) ~[commons-pool2-2.12.0.jar:2.12.0]
	at org.apache.jmeter.visualizers.backend.graphite.TextGraphiteMetricsSender.writeMetrics(TextGraphiteMetricsSender.java:110) [ApacheJMeter_components.jar:5.6.3]
	at org.apache.jmeter.visualizers.backend.graphite.TextGraphiteMetricsSender.writeAndSendMetrics(TextGraphiteMetricsSender.java:104) [ApacheJMeter_components.jar:5.6.3]
	at org.apache.jmeter.visualizers.backend.graphite.GraphiteBackendListenerClient.sendMetrics(GraphiteBackendListenerClient.java:186) [ApacheJMeter_components.jar:5.6.3]
	at org.apache.jmeter.visualizers.backend.graphite.GraphiteBackendListenerClient.run(GraphiteBackendListenerClient.java:149) [ApacheJMeter_components.jar:5.6.3]
	at java.base/java.util.concurrent.Executors$RunnableAdapter.call(Executors.java:539) [?:?]
	at java.base/java.util.concurrent.FutureTask.runAndReset(FutureTask.java:305) [?:?]
	at java.base/java.util.concurrent.ScheduledThreadPoolExecutor$ScheduledFutureTask.run(ScheduledThreadPoolExecutor.java:305) [?:?]
	at java.base/java.util.concurrent.ThreadPoolExecutor.runWorker(ThreadPoolExecutor.java:1136) [?:?]
	at java.base/java.util.concurrent.ThreadPoolExecutor$Worker.run(ThreadPoolExecutor.java:635) [?:?]
	at java.base/java.lang.Thread.run(Thread.java:842) [?:?]
2026-08-03 18:54:55,592 INFO o.a.j.t.JMeterThread: Thread started: parallel T03_SigninOutllok_05P
2026-08-03 18:54:55,595 INFO o.a.j.t.JMeterThread: Thread started: parallel T03_SigninOutllok_05P
2026-08-03 18:54:55,595 INFO o.a.j.t.JMeterThread: Thread started: parallel T03_SigninOutllok_05P
2026-08-03 18:54:55,598 INFO o.a.j.t.JMeterThread: Thread started: parallel T03_SigninOutllok_05P
2026-08-03 18:54:55,612 INFO o.a.j.t.JMeterThread: Thread started: parallel T03_SigninOutllok_05P
2026-08-03 18:54:55,614 INFO o.a.j.t.JMeterThread: Thread started: parallel T03_SigninOutllok_05P
2026-08-03 18:54:55,665 INFO o.a.j.t.JMeterThread: Thread is done: org.apache.jmeter.threads.JMeterThread@379a352a - T03_SigninOutllok_04P - validate password /owamail/hashed-v1/resources/images/Mail_22px-hash-ef494f7f.m.svg-145
2026-08-03 18:54:55,665 INFO o.a.j.t.JMeterThread: Thread finished: org.apache.jmeter.threads.JMeterThread@379a352a - T03_SigninOutllok_04P - validate password /owamail/hashed-v1/resources/images/Mail_22px-hash-ef494f7f.m.svg-145
2026-08-03 18:54:55,665 INFO o.a.j.t.JMeterThread: Thread started: parallel T03_SigninOutllok_04P
2026-08-03 18:54:55,679 INFO o.a.j.t.JMeterThread: Thread is done: org.apache.jmeter.threads.JMeterThread@379a352a - T03_SigninOutllok_04P - validate password /owamail/hashed-v1/resources/images/Calendar_22px-hash-4b5e2360.m.svg-146
2026-08-03 18:54:55,679 INFO o.a.j.t.JMeterThread: Thread finished: org.apache.jmeter.threads.JMeterThread@379a352a - T03_SigninOutllok_04P - validate password /owamail/hashed-v1/resources/images/Calendar_22px-hash-4b5e2360.m.svg-146
2026-08-03 18:54:55,681 INFO o.a.j.t.JMeterThread: Thread started: parallel T03_SigninOutllok_04P
2026-08-03 18:54:55,681 INFO o.a.j.t.JMeterThread: Thread is done: org.apache.jmeter.threads.JMeterThread@379a352a - T03_SigninOutllok_04P - validate password /owamail/hashed-v1/resources/fonts/FluentSystemIcons-Resizable-hash-f808aee0.m.woff2-141
2026-08-03 18:54:55,681 INFO o.a.j.t.JMeterThread: Thread finished: org.apache.jmeter.threads.JMeterThread@379a352a - T03_SigninOutllok_04P - validate password /owamail/hashed-v1/resources/fonts/FluentSystemIcons-Resizable-hash-f808aee0.m.woff2-141
2026-08-03 18:54:55,681 INFO o.a.j.t.JMeterThread: Thread is done: org.apache.jmeter.threads.JMeterThread@379a352a - T03_SigninOutllok_04P - validate password /owamail/hashed-v1/resources/fonts/light-icons-hash-21e1c146.m.woff2-139
2026-08-03 18:54:55,681 INFO o.a.j.t.JMeterThread: Thread finished: org.apache.jmeter.threads.JMeterThread@379a352a - T03_SigninOutllok_04P - validate password /owamail/hashed-v1/resources/fonts/light-icons-hash-21e1c146.m.woff2-139
2026-08-03 18:54:55,705 INFO o.a.j.t.JMeterThread: Thread is done: org.apache.jmeter.threads.JMeterThread@379a352a - T03_SigninOutllok_04P - validate password /owamail/hashed-v1/resources/fonts/FluentSystemIcons-Regular-hash-fe13cdba.m.woff2-140
2026-08-03 18:54:55,705 INFO o.a.j.t.JMeterThread: Thread finished: org.apache.jmeter.threads.JMeterThread@379a352a - T03_SigninOutllok_04P - validate password /owamail/hashed-v1/resources/fonts/FluentSystemIcons-Regular-hash-fe13cdba.m.woff2-140
2026-08-03 18:54:55,714 INFO o.a.j.t.JMeterThread: Thread is done: org.apache.jmeter.threads.JMeterThread@379a352a - T03_SigninOutllok_04P - validate password /assets/mail/illustrations/noMailSelected/v2/light.svg-142
2026-08-03 18:54:55,714 INFO o.a.j.t.JMeterThread: Thread finished: org.apache.jmeter.threads.JMeterThread@379a352a - T03_SigninOutllok_04P - validate password /assets/mail/illustrations/noMailSelected/v2/light.svg-142
2026-08-03 18:54:55,816 INFO o.a.j.t.JMeterThread: Thread is done: org.apache.jmeter.threads.JMeterThread@379a352a - T03_SigninOutllok_04P - validate password /owamail/hashed-v1/resources/images/People_22px-hash-6b8f0c5c.m.svg-150
2026-08-03 18:54:55,816 INFO o.a.j.t.JMeterThread: Thread finished: org.apache.jmeter.threads.JMeterThread@379a352a - T03_SigninOutllok_04P - validate password /owamail/hashed-v1/resources/images/People_22px-hash-6b8f0c5c.m.svg-150
2026-08-03 18:54:55,831 INFO o.a.j.t.JMeterThread: Thread is done: org.apache.jmeter.threads.JMeterThread@379a352a - T03_SigninOutllok_04P - validate password /owamail/hashed-v1/resources/images/Newsletters_22px-hash-9cfbd5b7.m.svg-151
2026-08-03 18:54:55,831 INFO o.a.j.t.JMeterThread: Thread finished: org.apache.jmeter.threads.JMeterThread@379a352a - T03_SigninOutllok_04P - validate password /owamail/hashed-v1/resources/images/Newsletters_22px-hash-9cfbd5b7.m.svg-151
2026-08-03 18:54:55,865 INFO o.a.j.t.JMeterThread: Thread is done: org.apache.jmeter.threads.JMeterThread@3ef10f5b - T03_SigninOutllok_05P - validate password /conf/v2/o365se/fpconfig.min.json-171
2026-08-03 18:54:55,865 INFO o.a.j.t.JMeterThread: Thread finished: org.apache.jmeter.threads.JMeterThread@3ef10f5b - T03_SigninOutllok_05P - validate password /conf/v2/o365se/fpconfig.min.json-171
2026-08-03 18:54:55,865 INFO o.a.j.t.JMeterThread: Thread is done: org.apache.jmeter.threads.JMeterThread@3ef10f5b - T03_SigninOutllok_05P - validate password /s01-tpswwprod/B01C43E8AC2EE8B7BFD5FEC28279DFF918360F67809E8869DC0F3C7F60DB35FD-157
2026-08-03 18:54:55,865 INFO o.a.j.t.JMeterThread: Thread finished: org.apache.jmeter.threads.JMeterThread@3ef10f5b - T03_SigninOutllok_05P - validate password /s01-tpswwprod/B01C43E8AC2EE8B7BFD5FEC28279DFF918360F67809E8869DC0F3C7F60DB35FD-157
2026-08-03 18:54:55,865 INFO o.a.j.t.JMeterThread: Thread started: parallel T03_SigninOutllok_05P
2026-08-03 18:54:55,865 INFO o.a.j.t.JMeterThread: Thread started: parallel T03_SigninOutllok_05P
2026-08-03 18:54:55,895 INFO o.a.j.t.JMeterThread: Thread started: parallel T03_SigninOutllok_05P
2026-08-03 18:54:55,897 INFO o.a.j.t.JMeterThread: Thread started: parallel T03_SigninOutllok_05P
2026-08-03 18:54:55,897 INFO o.a.j.t.JMeterThread: Thread started: parallel T03_SigninOutllok_05P
2026-08-03 18:54:55,897 INFO o.a.j.t.JMeterThread: Thread started: parallel T03_SigninOutllok_05P
2026-08-03 18:54:55,897 INFO o.a.j.t.JMeterThread: Thread started: parallel T03_SigninOutllok_05P
2026-08-03 18:54:55,897 INFO o.a.j.t.JMeterThread: Thread started: parallel T03_SigninOutllok_05P
2026-08-03 18:54:55,998 INFO o.a.j.t.JMeterThread: Thread is done: org.apache.jmeter.threads.JMeterThread@3ef10f5b - T03_SigninOutllok_05P - validate password /me-176
2026-08-03 18:54:55,998 INFO o.a.j.t.JMeterThread: Thread finished: org.apache.jmeter.threads.JMeterThread@3ef10f5b - T03_SigninOutllok_05P - validate password /me-176
2026-08-03 18:54:56,014 INFO o.a.j.t.JMeterThread: Thread started: parallel T03_SigninOutllok_05P
2026-08-03 18:54:56,019 INFO o.a.j.t.JMeterThread: Thread is done: org.apache.jmeter.threads.JMeterThread@3ef10f5b - T03_SigninOutllok_05P - validate password /config/v1/OneShell/1.0.0.0-153
2026-08-03 18:54:56,019 INFO o.a.j.t.JMeterThread: Thread finished: org.apache.jmeter.threads.JMeterThread@3ef10f5b - T03_SigninOutllok_05P - validate password /config/v1/OneShell/1.0.0.0-153
2026-08-03 18:54:56,019 INFO o.a.j.t.JMeterThread: Thread is done: org.apache.jmeter.threads.JMeterThread@3ef10f5b - T03_SigninOutllok_05P - validate password /user/v1.0/web/policies-169
2026-08-03 18:54:56,019 INFO o.a.j.t.JMeterThread: Thread finished: org.apache.jmeter.threads.JMeterThread@3ef10f5b - T03_SigninOutllok_05P - validate password /user/v1.0/web/policies-169
2026-08-03 18:54:56,038 INFO o.a.j.t.JMeterThread: Thread is done: org.apache.jmeter.threads.JMeterThread@3ef10f5b - T03_SigninOutllok_05P - validate password /owamail/hashed-v1/resources/images/onedrive_24x-hash-e0d279de.m.svg-538
2026-08-03 18:54:56,038 INFO o.a.j.t.JMeterThread: Thread finished: org.apache.jmeter.threads.JMeterThread@3ef10f5b - T03_SigninOutllok_05P - validate password /owamail/hashed-v1/resources/images/onedrive_24x-hash-e0d279de.m.svg-538
2026-08-03 18:54:56,047 INFO o.a.j.t.JMeterThread: Thread is done: org.apache.jmeter.threads.JMeterThread@3ef10f5b - T03_SigninOutllok_05P - validate password /ows/api/beta/BootSettings/ReportSubmissionPolicy-161
2026-08-03 18:54:56,047 INFO o.a.j.t.JMeterThread: Thread finished: org.apache.jmeter.threads.JMeterThread@3ef10f5b - T03_SigninOutllok_05P - validate password /ows/api/beta/BootSettings/ReportSubmissionPolicy-161
2026-08-03 18:54:56,065 INFO o.a.j.t.JMeterThread: Thread is done: org.apache.jmeter.threads.JMeterThread@3ef10f5b - T03_SigninOutllok_05P - validate password /s01-tpswwprod/968AB88037AECA6B2E7A1EB965C99A9A9C614A81FD0296889E7C1EB265F4E9CD-545
2026-08-03 18:54:56,065 INFO o.a.j.t.JMeterThread: Thread finished: org.apache.jmeter.threads.JMeterThread@3ef10f5b - T03_SigninOutllok_05P - validate password /s01-tpswwprod/968AB88037AECA6B2E7A1EB965C99A9A9C614A81FD0296889E7C1EB265F4E9CD-545
2026-08-03 18:54:56,093 INFO o.a.j.t.JMeterThread: Thread is done: org.apache.jmeter.threads.JMeterThread@379a352a - T03_SigninOutllok_05P - validate password /s01-tpswwprod/B01C43E8AC2EE8B7BFD5FEC28279DFF918360F67809E8869DC0F3C7F60DB35FD-157
2026-08-03 18:54:56,093 INFO o.a.j.t.JMeterThread: Thread finished: org.apache.jmeter.threads.JMeterThread@379a352a - T03_SigninOutllok_05P - validate password /s01-tpswwprod/B01C43E8AC2EE8B7BFD5FEC28279DFF918360F67809E8869DC0F3C7F60DB35FD-157
2026-08-03 18:54:56,096 INFO o.a.j.t.JMeterThread: Thread started: parallel T03_SigninOutllok_05P
2026-08-03 18:54:56,133 INFO o.a.j.t.JMeterThread: Thread is done: org.apache.jmeter.threads.JMeterThread@379a352a - T03_SigninOutllok_05P - validate password /conf/v2/o365se/fpconfig.min.json-171
2026-08-03 18:54:56,133 INFO o.a.j.t.JMeterThread: Thread finished: org.apache.jmeter.threads.JMeterThread@379a352a - T03_SigninOutllok_05P - validate password /conf/v2/o365se/fpconfig.min.json-171
2026-08-03 18:54:56,133 INFO o.a.j.t.JMeterThread: Thread started: parallel T03_SigninOutllok_05P
2026-08-03 18:54:56,176 INFO o.a.j.t.JMeterThread: Thread is done: org.apache.jmeter.threads.JMeterThread@379a352a - T03_SigninOutllok_05P - validate password /me-176
2026-08-03 18:54:56,176 INFO o.a.j.t.JMeterThread: Thread finished: org.apache.jmeter.threads.JMeterThread@379a352a - T03_SigninOutllok_05P - validate password /me-176
2026-08-03 18:54:56,178 INFO o.a.j.t.JMeterThread: Thread started: parallel T03_SigninOutllok_05P
2026-08-03 18:54:56,198 INFO o.a.j.t.JMeterThread: Thread is done: org.apache.jmeter.threads.JMeterThread@379a352a - T03_SigninOutllok_05P - validate password /user/v1.0/web/policies-169
2026-08-03 18:54:56,199 INFO o.a.j.t.JMeterThread: Thread finished: org.apache.jmeter.threads.JMeterThread@379a352a - T03_SigninOutllok_05P - validate password /user/v1.0/web/policies-169
2026-08-03 18:54:56,199 INFO o.a.j.t.JMeterThread: Thread is done: org.apache.jmeter.threads.JMeterThread@379a352a - T03_SigninOutllok_05P - validate password /s01-tpswwprod/968AB88037AECA6B2E7A1EB965C99A9A9C614A81FD0296889E7C1EB265F4E9CD-545
2026-08-03 18:54:56,199 INFO o.a.j.t.JMeterThread: Thread finished: org.apache.jmeter.threads.JMeterThread@379a352a - T03_SigninOutllok_05P - validate password /s01-tpswwprod/968AB88037AECA6B2E7A1EB965C99A9A9C614A81FD0296889E7C1EB265F4E9CD-545
2026-08-03 18:54:56,240 INFO o.a.j.t.JMeterThread: Thread is done: org.apache.jmeter.threads.JMeterThread@379a352a - T03_SigninOutllok_05P - validate password /owamail/hashed-v1/resources/images/onedrive_24x-hash-e0d279de.m.svg-538
2026-08-03 18:54:56,240 INFO o.a.j.t.JMeterThread: Thread finished: org.apache.jmeter.threads.JMeterThread@379a352a - T03_SigninOutllok_05P - validate password /owamail/hashed-v1/resources/images/onedrive_24x-hash-e0d279de.m.svg-538
2026-08-03 18:54:56,264 INFO o.a.j.t.JMeterThread: Thread is done: org.apache.jmeter.threads.JMeterThread@379a352a - T03_SigninOutllok_05P - validate password /config/v1/OneShell/1.0.0.0-153
2026-08-03 18:54:56,264 INFO o.a.j.t.JMeterThread: Thread finished: org.apache.jmeter.threads.JMeterThread@379a352a - T03_SigninOutllok_05P - validate password /config/v1/OneShell/1.0.0.0-153
2026-08-03 18:54:56,323 INFO o.a.j.t.JMeterThread: Thread is done: org.apache.jmeter.threads.JMeterThread@379a352a - T03_SigninOutllok_05P - validate password /ows/api/beta/BootSettings/ReportSubmissionPolicy-161
2026-08-03 18:54:56,323 INFO o.a.j.t.JMeterThread: Thread finished: org.apache.jmeter.threads.JMeterThread@379a352a - T03_SigninOutllok_05P - validate password /ows/api/beta/BootSettings/ReportSubmissionPolicy-161
2026-08-03 18:54:56,379 INFO o.a.j.t.JMeterThread: Thread is done: org.apache.jmeter.threads.JMeterThread@3ef10f5b - T03_SigninOutllok_05P - validate password /owa/service.svc?action=GetAttachmentPreviews&app=Mail&n=7-537
2026-08-03 18:54:56,379 INFO o.a.j.t.JMeterThread: Thread finished: org.apache.jmeter.threads.JMeterThread@3ef10f5b - T03_SigninOutllok_05P - validate password /owa/service.svc?action=GetAttachmentPreviews&app=Mail&n=7-537
2026-08-03 18:54:56,528 ERROR o.a.j.v.b.g.TextGraphiteMetricsSender: Error writing to Graphite: Connection refused: no further information
java.net.ConnectException: Connection refused: no further information
	at java.base/sun.nio.ch.Net.pollConnect(Native Method) ~[?:?]
	at java.base/sun.nio.ch.Net.pollConnectNow(Net.java:672) ~[?:?]
	at java.base/sun.nio.ch.NioSocketImpl.timedFinishConnect(NioSocketImpl.java:547) ~[?:?]
	at java.base/sun.nio.ch.NioSocketImpl.connect(NioSocketImpl.java:602) ~[?:?]
	at java.base/java.net.SocksSocketImpl.connect(SocksSocketImpl.java:327) ~[?:?]
	at java.base/java.net.Socket.connect(Socket.java:633) ~[?:?]
	at org.apache.jmeter.visualizers.backend.graphite.SocketOutputStreamPoolFactory.create(SocketOutputStreamPoolFactory.java:76) ~[ApacheJMeter_components.jar:5.6.3]
	at org.apache.jmeter.visualizers.backend.graphite.SocketOutputStreamPoolFactory.makeObject(SocketOutputStreamPoolFactory.java:47) ~[ApacheJMeter_components.jar:5.6.3]
	at org.apache.jmeter.visualizers.backend.graphite.SocketOutputStreamPoolFactory.makeObject(SocketOutputStreamPoolFactory.java:33) ~[ApacheJMeter_components.jar:5.6.3]
	at org.apache.commons.pool2.impl.GenericKeyedObjectPool.create(GenericKeyedObjectPool.java:796) ~[commons-pool2-2.12.0.jar:2.12.0]
	at org.apache.commons.pool2.impl.GenericKeyedObjectPool.borrowObject(GenericKeyedObjectPool.java:444) ~[commons-pool2-2.12.0.jar:2.12.0]
	at org.apache.commons.pool2.impl.GenericKeyedObjectPool.borrowObject(GenericKeyedObjectPool.java:355) ~[commons-pool2-2.12.0.jar:2.12.0]
	at org.apache.jmeter.visualizers.backend.graphite.TextGraphiteMetricsSender.writeMetrics(TextGraphiteMetricsSender.java:110) [ApacheJMeter_components.jar:5.6.3]
	at org.apache.jmeter.visualizers.backend.graphite.TextGraphiteMetricsSender.writeAndSendMetrics(TextGraphiteMetricsSender.java:104) [ApacheJMeter_components.jar:5.6.3]
	at org.apache.jmeter.visualizers.backend.graphite.GraphiteBackendListenerClient.sendMetrics(GraphiteBackendListenerClient.java:186) [ApacheJMeter_components.jar:5.6.3]
	at org.apache.jmeter.visualizers.backend.graphite.GraphiteBackendListenerClient.run(GraphiteBackendListenerClient.java:149) [ApacheJMeter_components.jar:5.6.3]
	at java.base/java.util.concurrent.Executors$RunnableAdapter.call(Executors.java:539) [?:?]
	at java.base/java.util.concurrent.FutureTask.runAndReset(FutureTask.java:305) [?:?]
	at java.base/java.util.concurrent.ScheduledThreadPoolExecutor$ScheduledFutureTask.run(ScheduledThreadPoolExecutor.java:305) [?:?]
	at java.base/java.util.concurrent.ThreadPoolExecutor.runWorker(ThreadPoolExecutor.java:1136) [?:?]
	at java.base/java.util.concurrent.ThreadPoolExecutor$Worker.run(ThreadPoolExecutor.java:635) [?:?]
	at java.base/java.lang.Thread.run(Thread.java:842) [?:?]
2026-08-03 18:54:56,548 INFO o.a.j.t.JMeterThread: Thread is done: org.apache.jmeter.threads.JMeterThread@379a352a - T03_SigninOutllok_05P - validate password /owa/service.svc?action=GetAttachmentPreviews&app=Mail&n=7-537
2026-08-03 18:54:56,548 INFO o.a.j.t.JMeterThread: Thread finished: org.apache.jmeter.threads.JMeterThread@379a352a - T03_SigninOutllok_05P - validate password /owa/service.svc?action=GetAttachmentPreviews&app=Mail&n=7-537
2026-08-03 18:54:57,531 ERROR o.a.j.v.b.g.TextGraphiteMetricsSender: Error writing to Graphite: Connection refused: no further information
java.net.ConnectException: Connection refused: no further information
	at java.base/sun.nio.ch.Net.pollConnect(Native Method) ~[?:?]
	at java.base/sun.nio.ch.Net.pollConnectNow(Net.java:672) ~[?:?]
	at java.base/sun.nio.ch.NioSocketImpl.timedFinishConnect(NioSocketImpl.java:547) ~[?:?]
	at java.base/sun.nio.ch.NioSocketImpl.connect(NioSocketImpl.java:602) ~[?:?]
	at java.base/java.net.SocksSocketImpl.connect(SocksSocketImpl.java:327) ~[?:?]
	at java.base/java.net.Socket.connect(Socket.java:633) ~[?:?]
	at org.apache.jmeter.visualizers.backend.graphite.SocketOutputStreamPoolFactory.create(SocketOutputStreamPoolFactory.java:76) ~[ApacheJMeter_components.jar:5.6.3]
	at org.apache.jmeter.visualizers.backend.graphite.SocketOutputStreamPoolFactory.makeObject(SocketOutputStreamPoolFactory.java:47) ~[ApacheJMeter_components.jar:5.6.3]
	at org.apache.jmeter.visualizers.backend.graphite.SocketOutputStreamPoolFactory.makeObject(SocketOutputStreamPoolFactory.java:33) ~[ApacheJMeter_components.jar:5.6.3]
	at org.apache.commons.pool2.impl.GenericKeyedObjectPool.create(GenericKeyedObjectPool.java:796) ~[commons-pool2-2.12.0.jar:2.12.0]
	at org.apache.commons.pool2.impl.GenericKeyedObjectPool.borrowObject(GenericKeyedObjectPool.java:444) ~[commons-pool2-2.12.0.jar:2.12.0]
	at org.apache.commons.pool2.impl.GenericKeyedObjectPool.borrowObject(GenericKeyedObjectPool.java:355) ~[commons-pool2-2.12.0.jar:2.12.0]
	at org.apache.jmeter.visualizers.backend.graphite.TextGraphiteMetricsSender.writeMetrics(TextGraphiteMetricsSender.java:110) [ApacheJMeter_components.jar:5.6.3]
	at org.apache.jmeter.visualizers.backend.graphite.TextGraphiteMetricsSender.writeAndSendMetrics(TextGraphiteMetricsSender.java:104) [ApacheJMeter_components.jar:5.6.3]
	at org.apache.jmeter.visualizers.backend.graphite.GraphiteBackendListenerClient.sendMetrics(GraphiteBackendListenerClient.java:186) [ApacheJMeter_components.jar:5.6.3]
	at org.apache.jmeter.visualizers.backend.graphite.GraphiteBackendListenerClient.run(GraphiteBackendListenerClient.java:149) [ApacheJMeter_components.jar:5.6.3]
	at java.base/java.util.concurrent.Executors$RunnableAdapter.call(Executors.java:539) [?:?]
	at java.base/java.util.concurrent.FutureTask.runAndReset(FutureTask.java:305) [?:?]
	at java.base/java.util.concurrent.ScheduledThreadPoolExecutor$ScheduledFutureTask.run(ScheduledThreadPoolExecutor.java:305) [?:?]
	at java.base/java.util.concurrent.ThreadPoolExecutor.runWorker(ThreadPoolExecutor.java:1136) [?:?]
	at java.base/java.util.concurrent.ThreadPoolExecutor$Worker.run(ThreadPoolExecutor.java:635) [?:?]
	at java.base/java.lang.Thread.run(Thread.java:842) [?:?]
2026-08-03 18:54:58,013 INFO o.a.j.r.Summariser: summary +     27 in 00:00:06 =    4.7/s Avg:   476 Min:    17 Max:  2430 Err:     0 (0.00%) Active: 3 Started: 99 Finished: 96
2026-08-03 18:54:58,013 INFO o.a.j.r.Summariser: summary =     62 in 00:00:15 =    4.0/s Avg:   364 Min:    17 Max:  2430 Err:     0 (0.00%)
2026-08-03 18:54:58,529 ERROR o.a.j.v.b.g.TextGraphiteMetricsSender: Error writing to Graphite: Connection refused: no further information
java.net.ConnectException: Connection refused: no further information
	at java.base/sun.nio.ch.Net.pollConnect(Native Method) ~[?:?]
	at java.base/sun.nio.ch.Net.pollConnectNow(Net.java:672) ~[?:?]
	at java.base/sun.nio.ch.NioSocketImpl.timedFinishConnect(NioSocketImpl.java:547) ~[?:?]
	at java.base/sun.nio.ch.NioSocketImpl.connect(NioSocketImpl.java:602) ~[?:?]
	at java.base/java.net.SocksSocketImpl.connect(SocksSocketImpl.java:327) ~[?:?]
	at java.base/java.net.Socket.connect(Socket.java:633) ~[?:?]
	at org.apache.jmeter.visualizers.backend.graphite.SocketOutputStreamPoolFactory.create(SocketOutputStreamPoolFactory.java:76) ~[ApacheJMeter_components.jar:5.6.3]
	at org.apache.jmeter.visualizers.backend.graphite.SocketOutputStreamPoolFactory.makeObject(SocketOutputStreamPoolFactory.java:47) ~[ApacheJMeter_components.jar:5.6.3]
	at org.apache.jmeter.visualizers.backend.graphite.SocketOutputStreamPoolFactory.makeObject(SocketOutputStreamPoolFactory.java:33) ~[ApacheJMeter_components.jar:5.6.3]
	at org.apache.commons.pool2.impl.GenericKeyedObjectPool.create(GenericKeyedObjectPool.java:796) ~[commons-pool2-2.12.0.jar:2.12.0]
	at org.apache.commons.pool2.impl.GenericKeyedObjectPool.borrowObject(GenericKeyedObjectPool.java:444) ~[commons-pool2-2.12.0.jar:2.12.0]
	at org.apache.commons.pool2.impl.GenericKeyedObjectPool.borrowObject(GenericKeyedObjectPool.java:355) ~[commons-pool2-2.12.0.jar:2.12.0]
	at org.apache.jmeter.visualizers.backend.graphite.TextGraphiteMetricsSender.writeMetrics(TextGraphiteMetricsSender.java:110) [ApacheJMeter_components.jar:5.6.3]
	at org.apache.jmeter.visualizers.backend.graphite.TextGraphiteMetricsSender.writeAndSendMetrics(TextGraphiteMetricsSender.java:104) [ApacheJMeter_components.jar:5.6.3]
	at org.apache.jmeter.visualizers.backend.graphite.GraphiteBackendListenerClient.sendMetrics(GraphiteBackendListenerClient.java:186) [ApacheJMeter_components.jar:5.6.3]
	at org.apache.jmeter.visualizers.backend.graphite.GraphiteBackendListenerClient.run(GraphiteBackendListenerClient.java:149) [ApacheJMeter_components.jar:5.6.3]
	at java.base/java.util.concurrent.Executors$RunnableAdapter.call(Executors.java:539) [?:?]
	at java.base/java.util.concurrent.FutureTask.runAndReset(FutureTask.java:305) [?:?]
	at java.base/java.util.concurrent.ScheduledThreadPoolExecutor$ScheduledFutureTask.run(ScheduledThreadPoolExecutor.java:305) [?:?]
	at java.base/java.util.concurrent.ThreadPoolExecutor.runWorker(ThreadPoolExecutor.java:1136) [?:?]
	at java.base/java.util.concurrent.ThreadPoolExecutor$Worker.run(ThreadPoolExecutor.java:635) [?:?]
	at java.base/java.lang.Thread.run(Thread.java:842) [?:?]
2026-08-03 18:54:59,242 INFO o.a.j.t.JMeterThread: Thread started: parallel T03_SigninOutllok_02P
2026-08-03 18:54:59,245 INFO o.a.j.t.JMeterThread: Thread started: parallel T03_SigninOutllok_02P
2026-08-03 18:54:59,245 INFO o.a.j.t.JMeterThread: Thread started: parallel T03_SigninOutllok_02P
2026-08-03 18:54:59,245 INFO o.a.j.t.JMeterThread: Thread started: parallel T03_SigninOutllok_02P
2026-08-03 18:54:59,521 ERROR o.a.j.v.b.g.TextGraphiteMetricsSender: Error writing to Graphite: Connection refused: no further information
java.net.ConnectException: Connection refused: no further information
	at java.base/sun.nio.ch.Net.pollConnect(Native Method) ~[?:?]
	at java.base/sun.nio.ch.Net.pollConnectNow(Net.java:672) ~[?:?]
	at java.base/sun.nio.ch.NioSocketImpl.timedFinishConnect(NioSocketImpl.java:547) ~[?:?]
	at java.base/sun.nio.ch.NioSocketImpl.connect(NioSocketImpl.java:602) ~[?:?]
	at java.base/java.net.SocksSocketImpl.connect(SocksSocketImpl.java:327) ~[?:?]
	at java.base/java.net.Socket.connect(Socket.java:633) ~[?:?]
	at org.apache.jmeter.visualizers.backend.graphite.SocketOutputStreamPoolFactory.create(SocketOutputStreamPoolFactory.java:76) ~[ApacheJMeter_components.jar:5.6.3]
	at org.apache.jmeter.visualizers.backend.graphite.SocketOutputStreamPoolFactory.makeObject(SocketOutputStreamPoolFactory.java:47) ~[ApacheJMeter_components.jar:5.6.3]
	at org.apache.jmeter.visualizers.backend.graphite.SocketOutputStreamPoolFactory.makeObject(SocketOutputStreamPoolFactory.java:33) ~[ApacheJMeter_components.jar:5.6.3]
	at org.apache.commons.pool2.impl.GenericKeyedObjectPool.create(GenericKeyedObjectPool.java:796) ~[commons-pool2-2.12.0.jar:2.12.0]
	at org.apache.commons.pool2.impl.GenericKeyedObjectPool.borrowObject(GenericKeyedObjectPool.java:444) ~[commons-pool2-2.12.0.jar:2.12.0]
	at org.apache.commons.pool2.impl.GenericKeyedObjectPool.borrowObject(GenericKeyedObjectPool.java:355) ~[commons-pool2-2.12.0.jar:2.12.0]
	at org.apache.jmeter.visualizers.backend.graphite.TextGraphiteMetricsSender.writeMetrics(TextGraphiteMetricsSender.java:110) [ApacheJMeter_components.jar:5.6.3]
	at org.apache.jmeter.visualizers.backend.graphite.TextGraphiteMetricsSender.writeAndSendMetrics(TextGraphiteMetricsSender.java:104) [ApacheJMeter_components.jar:5.6.3]
	at org.apache.jmeter.visualizers.backend.graphite.GraphiteBackendListenerClient.sendMetrics(GraphiteBackendListenerClient.java:186) [ApacheJMeter_components.jar:5.6.3]
	at org.apache.jmeter.visualizers.backend.graphite.GraphiteBackendListenerClient.run(GraphiteBackendListenerClient.java:149) [ApacheJMeter_components.jar:5.6.3]
	at java.base/java.util.concurrent.Executors$RunnableAdapter.call(Executors.java:539) [?:?]
	at java.base/java.util.concurrent.FutureTask.runAndReset(FutureTask.java:305) [?:?]
	at java.base/java.util.concurrent.ScheduledThreadPoolExecutor$ScheduledFutureTask.run(ScheduledThreadPoolExecutor.java:305) [?:?]
	at java.base/java.util.concurrent.ThreadPoolExecutor.runWorker(ThreadPoolExecutor.java:1136) [?:?]
	at java.base/java.util.concurrent.ThreadPoolExecutor$Worker.run(ThreadPoolExecutor.java:635) [?:?]
	at java.base/java.lang.Thread.run(Thread.java:842) [?:?]
2026-08-03 18:54:59,573 INFO o.a.j.t.JMeterThread: Thread started: parallel T03_SigninOutllok_07P
2026-08-03 18:54:59,573 INFO o.a.j.t.JMeterThread: Thread started: parallel T03_SigninOutllok_07P
2026-08-03 18:54:59,627 INFO o.a.j.t.JMeterThread: Thread is done: org.apache.jmeter.threads.JMeterThread@100c0119 - T03_SigninOutllok_02P - validate password /owa/published/service.svc?action=GetTimeZoneOffsets&app=Mail&n=3-120
2026-08-03 18:54:59,627 INFO o.a.j.t.JMeterThread: Thread finished: org.apache.jmeter.threads.JMeterThread@100c0119 - T03_SigninOutllok_02P - validate password /owa/published/service.svc?action=GetTimeZoneOffsets&app=Mail&n=3-120
2026-08-03 18:54:59,644 INFO o.a.j.t.JMeterThread: Thread is done: org.apache.jmeter.threads.JMeterThread@100c0119 - T03_SigninOutllok_02P - validate password /owa/service.svc?action=GetFolderChangeDigest&app=Mail&n=1-121
2026-08-03 18:54:59,644 INFO o.a.j.t.JMeterThread: Thread finished: org.apache.jmeter.threads.JMeterThread@100c0119 - T03_SigninOutllok_02P - validate password /owa/service.svc?action=GetFolderChangeDigest&app=Mail&n=1-121
2026-08-03 18:54:59,645 INFO o.a.j.t.JMeterThread: Thread is done: org.apache.jmeter.threads.JMeterThread@100c0119 - T03_SigninOutllok_02P - validate password /owa/service.svc?action=GetTimeZone&app=Mail&n=4-123
2026-08-03 18:54:59,647 INFO o.a.j.t.JMeterThread: Thread finished: org.apache.jmeter.threads.JMeterThread@100c0119 - T03_SigninOutllok_02P - validate password /owa/service.svc?action=GetTimeZone&app=Mail&n=4-123
2026-08-03 18:54:59,647 INFO o.a.j.t.JMeterThread: Thread is done: org.apache.jmeter.threads.JMeterThread@100c0119 - T03_SigninOutllok_02P - validate password /owa/service.svc?action=GetFolderChangeDigest&app=Mail&n=2-119
2026-08-03 18:54:59,647 INFO o.a.j.t.JMeterThread: Thread finished: org.apache.jmeter.threads.JMeterThread@100c0119 - T03_SigninOutllok_02P - validate password /owa/service.svc?action=GetFolderChangeDigest&app=Mail&n=2-119
2026-08-03 18:54:59,728 INFO o.a.j.t.JMeterThread: Thread started: parallel T03_SigninOutllok_07P
2026-08-03 18:54:59,728 INFO o.a.j.t.JMeterThread: Thread started: parallel T03_SigninOutllok_07P
2026-08-03 18:55:00,068 INFO o.a.j.t.JMeterThread: Thread is done: org.apache.jmeter.threads.JMeterThread@3ef10f5b - T03_SigninOutllok_07P - validate password /organizations/oauth2/v2.0/token?client-request-id=3ea7f779-3747-c6a5-ddaa-a468f5012af8-563
2026-08-03 18:55:00,068 INFO o.a.j.t.JMeterThread: Thread is done: org.apache.jmeter.threads.JMeterThread@3ef10f5b - T03_SigninOutllok_07P - validate password /organizations/oauth2/v2.0/token?client-request-id=41615a61-890e-0823-6cd3-8c06fe604d89-561
2026-08-03 18:55:00,068 INFO o.a.j.t.JMeterThread: Thread finished: org.apache.jmeter.threads.JMeterThread@3ef10f5b - T03_SigninOutllok_07P - validate password /organizations/oauth2/v2.0/token?client-request-id=3ea7f779-3747-c6a5-ddaa-a468f5012af8-563
2026-08-03 18:55:00,068 INFO o.a.j.t.JMeterThread: Thread finished: org.apache.jmeter.threads.JMeterThread@3ef10f5b - T03_SigninOutllok_07P - validate password /organizations/oauth2/v2.0/token?client-request-id=41615a61-890e-0823-6cd3-8c06fe604d89-561
2026-08-03 18:55:00,144 INFO o.a.j.t.JMeterThread: Thread started: parallel T03_SigninOutllok_04P
2026-08-03 18:55:00,144 INFO o.a.j.t.JMeterThread: Thread started: parallel T03_SigninOutllok_08P
2026-08-03 18:55:00,144 INFO o.a.j.t.JMeterThread: Thread started: parallel T03_SigninOutllok_04P
2026-08-03 18:55:00,144 INFO o.a.j.t.JMeterThread: Thread started: parallel T03_SigninOutllok_08P
2026-08-03 18:55:00,144 INFO o.a.j.t.JMeterThread: Thread started: parallel T03_SigninOutllok_08P
2026-08-03 18:55:00,144 INFO o.a.j.t.JMeterThread: Thread started: parallel T03_SigninOutllok_08P
2026-08-03 18:55:00,144 INFO o.a.j.t.JMeterThread: Thread started: parallel T03_SigninOutllok_04P
2026-08-03 18:55:00,144 INFO o.a.j.t.JMeterThread: Thread started: parallel T03_SigninOutllok_08P
2026-08-03 18:55:00,144 INFO o.a.j.t.JMeterThread: Thread started: parallel T03_SigninOutllok_08P
2026-08-03 18:55:00,144 INFO o.a.j.t.JMeterThread: Thread started: parallel T03_SigninOutllok_04P
2026-08-03 18:55:00,161 INFO o.a.j.t.JMeterThread: Thread started: parallel T03_SigninOutllok_04P
2026-08-03 18:55:00,161 INFO o.a.j.t.JMeterThread: Thread started: parallel T03_SigninOutllok_04P
2026-08-03 18:55:00,200 INFO o.a.j.t.JMeterThread: Thread is done: org.apache.jmeter.threads.JMeterThread@379a352a - T03_SigninOutllok_07P - validate password /organizations/oauth2/v2.0/token?client-request-id=3ea7f779-3747-c6a5-ddaa-a468f5012af8-563
2026-08-03 18:55:00,200 INFO o.a.j.t.JMeterThread: Thread finished: org.apache.jmeter.threads.JMeterThread@379a352a - T03_SigninOutllok_07P - validate password /organizations/oauth2/v2.0/token?client-request-id=3ea7f779-3747-c6a5-ddaa-a468f5012af8-563
2026-08-03 18:55:00,238 INFO o.a.j.t.JMeterThread: Thread is done: org.apache.jmeter.threads.JMeterThread@379a352a - T03_SigninOutllok_07P - validate password /organizations/oauth2/v2.0/token?client-request-id=41615a61-890e-0823-6cd3-8c06fe604d89-561
2026-08-03 18:55:00,238 INFO o.a.j.t.JMeterThread: Thread finished: org.apache.jmeter.threads.JMeterThread@379a352a - T03_SigninOutllok_07P - validate password /organizations/oauth2/v2.0/token?client-request-id=41615a61-890e-0823-6cd3-8c06fe604d89-561
2026-08-03 18:55:00,320 INFO o.a.j.t.JMeterThread: Thread started: parallel T03_SigninOutllok_08P
2026-08-03 18:55:00,323 INFO o.a.j.t.JMeterThread: Thread started: parallel T03_SigninOutllok_08P
2026-08-03 18:55:00,326 INFO o.a.j.t.JMeterThread: Thread started: parallel T03_SigninOutllok_08P
2026-08-03 18:55:00,328 INFO o.a.j.t.JMeterThread: Thread started: parallel T03_SigninOutllok_08P
2026-08-03 18:55:00,328 INFO o.a.j.t.JMeterThread: Thread started: parallel T03_SigninOutllok_08P
2026-08-03 18:55:00,342 INFO o.a.j.t.JMeterThread: Thread is done: org.apache.jmeter.threads.JMeterThread@100c0119 - T03_SigninOutllok_04P - validate password /assets/mail/illustrations/noMailSelected/v2/light.svg-142
2026-08-03 18:55:00,344 INFO o.a.j.t.JMeterThread: Thread finished: org.apache.jmeter.threads.JMeterThread@100c0119 - T03_SigninOutllok_04P - validate password /assets/mail/illustrations/noMailSelected/v2/light.svg-142
2026-08-03 18:55:00,344 INFO o.a.j.t.JMeterThread: Thread started: parallel T03_SigninOutllok_08P
2026-08-03 18:55:00,344 INFO o.a.j.t.JMeterThread: Thread started: parallel T03_SigninOutllok_04P
2026-08-03 18:55:00,344 INFO o.a.j.t.JMeterThread: Thread is done: org.apache.jmeter.threads.JMeterThread@100c0119 - T03_SigninOutllok_04P - validate password /owamail/hashed-v1/resources/fonts/FluentSystemIcons-Resizable-hash-f808aee0.m.woff2-141
2026-08-03 18:55:00,344 INFO o.a.j.t.JMeterThread: Thread is done: org.apache.jmeter.threads.JMeterThread@100c0119 - T03_SigninOutllok_04P - validate password /owamail/hashed-v1/resources/images/Calendar_22px-hash-4b5e2360.m.svg-146
2026-08-03 18:55:00,344 INFO o.a.j.t.JMeterThread: Thread finished: org.apache.jmeter.threads.JMeterThread@100c0119 - T03_SigninOutllok_04P - validate password /owamail/hashed-v1/resources/images/Calendar_22px-hash-4b5e2360.m.svg-146
2026-08-03 18:55:00,344 INFO o.a.j.t.JMeterThread: Thread finished: org.apache.jmeter.threads.JMeterThread@100c0119 - T03_SigninOutllok_04P - validate password /owamail/hashed-v1/resources/fonts/FluentSystemIcons-Resizable-hash-f808aee0.m.woff2-141
2026-08-03 18:55:00,356 INFO o.a.j.t.JMeterThread: Thread started: parallel T03_SigninOutllok_04P
2026-08-03 18:55:00,360 INFO o.a.j.t.JMeterThread: Thread is done: org.apache.jmeter.threads.JMeterThread@100c0119 - T03_SigninOutllok_04P - validate password /owamail/hashed-v1/resources/images/Mail_22px-hash-ef494f7f.m.svg-145
2026-08-03 18:55:00,360 INFO o.a.j.t.JMeterThread: Thread finished: org.apache.jmeter.threads.JMeterThread@100c0119 - T03_SigninOutllok_04P - validate password /owamail/hashed-v1/resources/images/Mail_22px-hash-ef494f7f.m.svg-145
2026-08-03 18:55:00,398 INFO o.a.j.t.JMeterThread: Thread is done: org.apache.jmeter.threads.JMeterThread@100c0119 - T03_SigninOutllok_04P - validate password /owamail/hashed-v1/resources/fonts/light-icons-hash-21e1c146.m.woff2-139
2026-08-03 18:55:00,398 INFO o.a.j.t.JMeterThread: Thread finished: org.apache.jmeter.threads.JMeterThread@100c0119 - T03_SigninOutllok_04P - validate password /owamail/hashed-v1/resources/fonts/light-icons-hash-21e1c146.m.woff2-139
2026-08-03 18:55:00,398 INFO o.a.j.t.JMeterThread: Thread is done: org.apache.jmeter.threads.JMeterThread@100c0119 - T03_SigninOutllok_04P - validate password /owamail/hashed-v1/resources/fonts/FluentSystemIcons-Regular-hash-fe13cdba.m.woff2-140
2026-08-03 18:55:00,398 INFO o.a.j.t.JMeterThread: Thread finished: org.apache.jmeter.threads.JMeterThread@100c0119 - T03_SigninOutllok_04P - validate password /owamail/hashed-v1/resources/fonts/FluentSystemIcons-Regular-hash-fe13cdba.m.woff2-140
2026-08-03 18:55:00,491 INFO o.a.j.t.JMeterThread: Thread is done: org.apache.jmeter.threads.JMeterThread@3ef10f5b - T03_SigninOutllok_08P - validate password /api/v1/livepersonacard/configuration?cultureName=en-GB-577
2026-08-03 18:55:00,491 INFO o.a.j.t.JMeterThread: Thread finished: org.apache.jmeter.threads.JMeterThread@3ef10f5b - T03_SigninOutllok_08P - validate password /api/v1/livepersonacard/configuration?cultureName=en-GB-577
2026-08-03 18:55:00,491 INFO o.a.j.t.JMeterThread: Thread is done: org.apache.jmeter.threads.JMeterThread@3ef10f5b - T03_SigninOutllok_08P - validate password /api/myapps/GetAllApps?culture=en-GB-582
2026-08-03 18:55:00,491 INFO o.a.j.t.JMeterThread: Thread finished: org.apache.jmeter.threads.JMeterThread@3ef10f5b - T03_SigninOutllok_08P - validate password /api/myapps/GetAllApps?culture=en-GB-582
2026-08-03 18:55:00,491 INFO o.a.j.t.JMeterThread: Thread started: parallel T03_SigninOutllok_08P
2026-08-03 18:55:00,491 INFO o.a.j.t.JMeterThread: Thread started: parallel T03_SigninOutllok_08P
2026-08-03 18:55:00,493 INFO o.a.j.t.JMeterThread: Thread is done: org.apache.jmeter.threads.JMeterThread@100c0119 - T03_SigninOutllok_04P - validate password /owamail/hashed-v1/resources/images/People_22px-hash-6b8f0c5c.m.svg-150
2026-08-03 18:55:00,493 INFO o.a.j.t.JMeterThread: Thread finished: org.apache.jmeter.threads.JMeterThread@100c0119 - T03_SigninOutllok_04P - validate password /owamail/hashed-v1/resources/images/People_22px-hash-6b8f0c5c.m.svg-150
2026-08-03 18:55:00,498 INFO o.a.j.t.JMeterThread: Thread is done: org.apache.jmeter.threads.JMeterThread@100c0119 - T03_SigninOutllok_04P - validate password /owamail/hashed-v1/resources/images/Newsletters_22px-hash-9cfbd5b7.m.svg-151
2026-08-03 18:55:00,498 INFO o.a.j.t.JMeterThread: Thread finished: org.apache.jmeter.threads.JMeterThread@100c0119 - T03_SigninOutllok_04P - validate password /owamail/hashed-v1/resources/images/Newsletters_22px-hash-9cfbd5b7.m.svg-151
2026-08-03 18:55:00,498 INFO o.a.j.t.JMeterThread: Thread is done: org.apache.jmeter.threads.JMeterThread@3ef10f5b - T03_SigninOutllok_08P - validate password /api/storage/SystemMetadata/User/AppsPinnedData-568
2026-08-03 18:55:00,498 INFO o.a.j.t.JMeterThread: Thread finished: org.apache.jmeter.threads.JMeterThread@3ef10f5b - T03_SigninOutllok_08P - validate password /api/storage/SystemMetadata/User/AppsPinnedData-568
2026-08-03 18:55:00,498 INFO o.a.j.t.JMeterThread: Thread started: parallel T03_SigninOutllok_08P
2026-08-03 18:55:00,529 ERROR o.a.j.v.b.g.TextGraphiteMetricsSender: Error writing to Graphite: Connection refused: no further information
java.net.ConnectException: Connection refused: no further information
	at java.base/sun.nio.ch.Net.pollConnect(Native Method) ~[?:?]
	at java.base/sun.nio.ch.Net.pollConnectNow(Net.java:672) ~[?:?]
	at java.base/sun.nio.ch.NioSocketImpl.timedFinishConnect(NioSocketImpl.java:547) ~[?:?]
	at java.base/sun.nio.ch.NioSocketImpl.connect(NioSocketImpl.java:602) ~[?:?]
	at java.base/java.net.SocksSocketImpl.connect(SocksSocketImpl.java:327) ~[?:?]
	at java.base/java.net.Socket.connect(Socket.java:633) ~[?:?]
	at org.apache.jmeter.visualizers.backend.graphite.SocketOutputStreamPoolFactory.create(SocketOutputStreamPoolFactory.java:76) ~[ApacheJMeter_components.jar:5.6.3]
	at org.apache.jmeter.visualizers.backend.graphite.SocketOutputStreamPoolFactory.makeObject(SocketOutputStreamPoolFactory.java:47) ~[ApacheJMeter_components.jar:5.6.3]
	at org.apache.jmeter.visualizers.backend.graphite.SocketOutputStreamPoolFactory.makeObject(SocketOutputStreamPoolFactory.java:33) ~[ApacheJMeter_components.jar:5.6.3]
	at org.apache.commons.pool2.impl.GenericKeyedObjectPool.create(GenericKeyedObjectPool.java:796) ~[commons-pool2-2.12.0.jar:2.12.0]
	at org.apache.commons.pool2.impl.GenericKeyedObjectPool.borrowObject(GenericKeyedObjectPool.java:444) ~[commons-pool2-2.12.0.jar:2.12.0]
	at org.apache.commons.pool2.impl.GenericKeyedObjectPool.borrowObject(GenericKeyedObjectPool.java:355) ~[commons-pool2-2.12.0.jar:2.12.0]
	at org.apache.jmeter.visualizers.backend.graphite.TextGraphiteMetricsSender.writeMetrics(TextGraphiteMetricsSender.java:110) [ApacheJMeter_components.jar:5.6.3]
	at org.apache.jmeter.visualizers.backend.graphite.TextGraphiteMetricsSender.writeAndSendMetrics(TextGraphiteMetricsSender.java:104) [ApacheJMeter_components.jar:5.6.3]
	at org.apache.jmeter.visualizers.backend.graphite.GraphiteBackendListenerClient.sendMetrics(GraphiteBackendListenerClient.java:186) [ApacheJMeter_components.jar:5.6.3]
	at org.apache.jmeter.visualizers.backend.graphite.GraphiteBackendListenerClient.run(GraphiteBackendListenerClient.java:149) [ApacheJMeter_components.jar:5.6.3]
	at java.base/java.util.concurrent.Executors$RunnableAdapter.call(Executors.java:539) [?:?]
	at java.base/java.util.concurrent.FutureTask.runAndReset(FutureTask.java:305) [?:?]
	at java.base/java.util.concurrent.ScheduledThreadPoolExecutor$ScheduledFutureTask.run(ScheduledThreadPoolExecutor.java:305) [?:?]
	at java.base/java.util.concurrent.ThreadPoolExecutor.runWorker(ThreadPoolExecutor.java:1136) [?:?]
	at java.base/java.util.concurrent.ThreadPoolExecutor$Worker.run(ThreadPoolExecutor.java:635) [?:?]
	at java.base/java.lang.Thread.run(Thread.java:842) [?:?]
2026-08-03 18:55:00,561 INFO o.a.j.t.JMeterThread: Thread started: parallel T03_SigninOutllok_05P
2026-08-03 18:55:00,561 INFO o.a.j.t.JMeterThread: Thread started: parallel T03_SigninOutllok_05P
2026-08-03 18:55:00,561 INFO o.a.j.t.JMeterThread: Thread started: parallel T03_SigninOutllok_05P
2026-08-03 18:55:00,561 INFO o.a.j.t.JMeterThread: Thread started: parallel T03_SigninOutllok_05P
2026-08-03 18:55:00,574 INFO o.a.j.t.JMeterThread: Thread started: parallel T03_SigninOutllok_05P
2026-08-03 18:55:00,574 INFO o.a.j.t.JMeterThread: Thread started: parallel T03_SigninOutllok_05P
2026-08-03 18:55:00,578 INFO o.a.j.t.JMeterThread: Thread is done: org.apache.jmeter.threads.JMeterThread@3ef10f5b - T03_SigninOutllok_08P - validate password /owa/service.svc?action=GetComplianceConfiguration&app=Mail&n=14-541
2026-08-03 18:55:00,578 INFO o.a.j.t.JMeterThread: Thread finished: org.apache.jmeter.threads.JMeterThread@3ef10f5b - T03_SigninOutllok_08P - validate password /owa/service.svc?action=GetComplianceConfiguration&app=Mail&n=14-541
2026-08-03 18:55:00,578 INFO o.a.j.t.JMeterThread: Thread started: parallel T03_SigninOutllok_08P
2026-08-03 18:55:00,586 INFO o.a.j.t.JMeterThread: Thread is done: org.apache.jmeter.threads.JMeterThread@379a352a - T03_SigninOutllok_08P - validate password /api/v1/livepersonacard/configuration?cultureName=en-GB-577
2026-08-03 18:55:00,586 INFO o.a.j.t.JMeterThread: Thread finished: org.apache.jmeter.threads.JMeterThread@379a352a - T03_SigninOutllok_08P - validate password /api/v1/livepersonacard/configuration?cultureName=en-GB-577
2026-08-03 18:55:00,586 INFO o.a.j.t.JMeterThread: Thread started: parallel T03_SigninOutllok_08P
2026-08-03 18:55:00,631 INFO o.a.j.t.JMeterThread: Thread is done: org.apache.jmeter.threads.JMeterThread@379a352a - T03_SigninOutllok_08P - validate password /api/storage/SystemMetadata/User/AppsPinnedData-568
2026-08-03 18:55:00,631 INFO o.a.j.t.JMeterThread: Thread finished: org.apache.jmeter.threads.JMeterThread@379a352a - T03_SigninOutllok_08P - validate password /api/storage/SystemMetadata/User/AppsPinnedData-568
2026-08-03 18:55:00,632 INFO o.a.j.t.JMeterThread: Thread is done: org.apache.jmeter.threads.JMeterThread@3ef10f5b - T03_SigninOutllok_08P - validate password /ows/v1.0/OutlookOptions-556
2026-08-03 18:55:00,632 INFO o.a.j.t.JMeterThread: Thread finished: org.apache.jmeter.threads.JMeterThread@3ef10f5b - T03_SigninOutllok_08P - validate password /ows/v1.0/OutlookOptions-556
2026-08-03 18:55:00,632 INFO o.a.j.t.JMeterThread: Thread started: parallel T03_SigninOutllok_08P
2026-08-03 18:55:00,638 INFO o.a.j.t.JMeterThread: Thread started: parallel T03_SigninOutllok_08P
2026-08-03 18:55:00,689 INFO o.a.j.t.JMeterThread: Thread is done: org.apache.jmeter.threads.JMeterThread@379a352a - T03_SigninOutllok_08P - validate password /api/myapps/GetAllApps?culture=en-GB-582
2026-08-03 18:55:00,689 INFO o.a.j.t.JMeterThread: Thread finished: org.apache.jmeter.threads.JMeterThread@379a352a - T03_SigninOutllok_08P - validate password /api/myapps/GetAllApps?culture=en-GB-582
2026-08-03 18:55:00,694 INFO o.a.j.t.JMeterThread: Thread started: parallel T03_SigninOutllok_08P
2026-08-03 18:55:00,708 INFO o.a.j.t.JMeterThread: Thread is done: org.apache.jmeter.threads.JMeterThread@3ef10f5b - T03_SigninOutllok_08P - validate password /outlookcopilot/mailIntelligence/v2.0/copilotsettings-559
2026-08-03 18:55:00,708 INFO o.a.j.t.JMeterThread: Thread finished: org.apache.jmeter.threads.JMeterThread@3ef10f5b - T03_SigninOutllok_08P - validate password /outlookcopilot/mailIntelligence/v2.0/copilotsettings-559
2026-08-03 18:55:00,727 INFO o.a.j.t.JMeterThread: Thread is done: org.apache.jmeter.threads.JMeterThread@3ef10f5b - T03_SigninOutllok_08P - validate password /api/v1/livepersonacard/configuration-585
2026-08-03 18:55:00,727 INFO o.a.j.t.JMeterThread: Thread finished: org.apache.jmeter.threads.JMeterThread@3ef10f5b - T03_SigninOutllok_08P - validate password /api/v1/livepersonacard/configuration-585
2026-08-03 18:55:00,744 INFO o.a.j.t.JMeterThread: Thread is done: org.apache.jmeter.threads.JMeterThread@379a352a - T03_SigninOutllok_08P - validate password /owa/service.svc?action=GetComplianceConfiguration&app=Mail&n=14-541
2026-08-03 18:55:00,744 INFO o.a.j.t.JMeterThread: Thread finished: org.apache.jmeter.threads.JMeterThread@379a352a - T03_SigninOutllok_08P - validate password /owa/service.svc?action=GetComplianceConfiguration&app=Mail&n=14-541
2026-08-03 18:55:00,744 INFO o.a.j.t.JMeterThread: Thread started: parallel T03_SigninOutllok_08P
2026-08-03 18:55:00,790 INFO o.a.j.t.JMeterThread: Thread is done: org.apache.jmeter.threads.JMeterThread@379a352a - T03_SigninOutllok_08P - validate password /ows/v1.0/OutlookOptions-556
2026-08-03 18:55:00,791 INFO o.a.j.t.JMeterThread: Thread finished: org.apache.jmeter.threads.JMeterThread@379a352a - T03_SigninOutllok_08P - validate password /ows/v1.0/OutlookOptions-556
2026-08-03 18:55:00,793 INFO o.a.j.t.JMeterThread: Thread started: parallel T03_SigninOutllok_08P
2026-08-03 18:55:00,811 INFO o.a.j.t.JMeterThread: Thread is done: org.apache.jmeter.threads.JMeterThread@100c0119 - T03_SigninOutllok_05P - validate password /conf/v2/o365se/fpconfig.min.json-171
2026-08-03 18:55:00,811 INFO o.a.j.t.JMeterThread: Thread finished: org.apache.jmeter.threads.JMeterThread@100c0119 - T03_SigninOutllok_05P - validate password /conf/v2/o365se/fpconfig.min.json-171
2026-08-03 18:55:00,811 INFO o.a.j.t.JMeterThread: Thread started: parallel T03_SigninOutllok_05P
2026-08-03 18:55:00,811 INFO o.a.j.t.JMeterThread: Thread is done: org.apache.jmeter.threads.JMeterThread@379a352a - T03_SigninOutllok_08P - validate password /outlookcopilot/mailIntelligence/v2.0/copilotsettings-559
2026-08-03 18:55:00,826 INFO o.a.j.t.JMeterThread: Thread finished: org.apache.jmeter.threads.JMeterThread@379a352a - T03_SigninOutllok_08P - validate password /outlookcopilot/mailIntelligence/v2.0/copilotsettings-559
2026-08-03 18:55:00,843 INFO o.a.j.t.JMeterThread: Thread is done: org.apache.jmeter.threads.JMeterThread@100c0119 - T03_SigninOutllok_05P - validate password /user/v1.0/web/policies-169
2026-08-03 18:55:00,844 INFO o.a.j.t.JMeterThread: Thread finished: org.apache.jmeter.threads.JMeterThread@100c0119 - T03_SigninOutllok_05P - validate password /user/v1.0/web/policies-169
2026-08-03 18:55:00,844 INFO o.a.j.t.JMeterThread: Thread is done: org.apache.jmeter.threads.JMeterThread@3ef10f5b - T03_SigninOutllok_08P - validate password /api/v1/livepersonacard/configuration?cultureName=en-GB-607
2026-08-03 18:55:00,844 INFO o.a.j.t.JMeterThread: Thread finished: org.apache.jmeter.threads.JMeterThread@3ef10f5b - T03_SigninOutllok_08P - validate password /api/v1/livepersonacard/configuration?cultureName=en-GB-607
2026-08-03 18:55:00,844 INFO o.a.j.t.JMeterThread: Thread is done: org.apache.jmeter.threads.JMeterThread@100c0119 - T03_SigninOutllok_05P - validate password /me-176
2026-08-03 18:55:00,844 INFO o.a.j.t.JMeterThread: Thread finished: org.apache.jmeter.threads.JMeterThread@100c0119 - T03_SigninOutllok_05P - validate password /me-176
2026-08-03 18:55:00,844 INFO o.a.j.t.JMeterThread: Thread started: parallel T03_SigninOutllok_05P
2026-08-03 18:55:00,844 INFO o.a.j.t.JMeterThread: Thread is done: org.apache.jmeter.threads.JMeterThread@379a352a - T03_SigninOutllok_08P - validate password /api/v1/livepersonacard/configuration-585
2026-08-03 18:55:00,844 INFO o.a.j.t.JMeterThread: Thread finished: org.apache.jmeter.threads.JMeterThread@379a352a - T03_SigninOutllok_08P - validate password /api/v1/livepersonacard/configuration-585
2026-08-03 18:55:00,844 INFO o.a.j.t.JMeterThread: Thread started: parallel T03_SigninOutllok_05P
2026-08-03 18:55:00,878 INFO o.a.j.t.JMeterThread: Thread is done: org.apache.jmeter.threads.JMeterThread@3ef10f5b - T03_SigninOutllok_08P - validate password /api/v1/livepersonacard/configuration-616
2026-08-03 18:55:00,878 INFO o.a.j.t.JMeterThread: Thread finished: org.apache.jmeter.threads.JMeterThread@3ef10f5b - T03_SigninOutllok_08P - validate password /api/v1/livepersonacard/configuration-616
2026-08-03 18:55:00,891 INFO o.a.j.t.JMeterThread: Thread is done: org.apache.jmeter.threads.JMeterThread@3ef10f5b - T03_SigninOutllok_08P - validate password /ows/v1.0/OutlookOptions/MailLayout?n=17&cri=a91ae634-0dbd-6200-9168-ec0957d0e6ef&cv=vHWyfbsM51acLkffDosbHY.18-586
2026-08-03 18:55:00,891 INFO o.a.j.t.JMeterThread: Thread finished: org.apache.jmeter.threads.JMeterThread@3ef10f5b - T03_SigninOutllok_08P - validate password /ows/v1.0/OutlookOptions/MailLayout?n=17&cri=a91ae634-0dbd-6200-9168-ec0957d0e6ef&cv=vHWyfbsM51acLkffDosbHY.18-586
2026-08-03 18:55:00,943 INFO o.a.j.t.JMeterThread: Thread is done: org.apache.jmeter.threads.JMeterThread@3ef10f5b - T03_SigninOutllok_08P - validate password /outlookcopilot/mailIntelligence/v4.0/copilotUserPreferences-583
2026-08-03 18:55:00,943 INFO o.a.j.t.JMeterThread: Thread finished: org.apache.jmeter.threads.JMeterThread@3ef10f5b - T03_SigninOutllok_08P - validate password /outlookcopilot/mailIntelligence/v4.0/copilotUserPreferences-583
2026-08-03 18:55:00,960 INFO o.a.j.t.JMeterThread: Thread is done: org.apache.jmeter.threads.JMeterThread@100c0119 - T03_SigninOutllok_05P - validate password /owamail/hashed-v1/resources/images/onedrive_24x-hash-e0d279de.m.svg-538
2026-08-03 18:55:00,960 INFO o.a.j.t.JMeterThread: Thread finished: org.apache.jmeter.threads.JMeterThread@100c0119 - T03_SigninOutllok_05P - validate password /owamail/hashed-v1/resources/images/onedrive_24x-hash-e0d279de.m.svg-538
2026-08-03 18:55:00,971 INFO o.a.j.t.JMeterThread: Thread is done: org.apache.jmeter.threads.JMeterThread@100c0119 - T03_SigninOutllok_05P - validate password /s01-tpswwprod/968AB88037AECA6B2E7A1EB965C99A9A9C614A81FD0296889E7C1EB265F4E9CD-545
2026-08-03 18:55:00,971 INFO o.a.j.t.JMeterThread: Thread finished: org.apache.jmeter.threads.JMeterThread@100c0119 - T03_SigninOutllok_05P - validate password /s01-tpswwprod/968AB88037AECA6B2E7A1EB965C99A9A9C614A81FD0296889E7C1EB265F4E9CD-545
2026-08-03 18:55:00,974 INFO o.a.j.t.JMeterThread: Thread is done: org.apache.jmeter.threads.JMeterThread@379a352a - T03_SigninOutllok_08P - validate password /api/v1/livepersonacard/configuration?cultureName=en-GB-607
2026-08-03 18:55:00,974 INFO o.a.j.t.JMeterThread: Thread finished: org.apache.jmeter.threads.JMeterThread@379a352a - T03_SigninOutllok_08P - validate password /api/v1/livepersonacard/configuration?cultureName=en-GB-607
2026-08-03 18:55:00,976 INFO o.a.j.t.JMeterThread: Thread is done: org.apache.jmeter.threads.JMeterThread@100c0119 - T03_SigninOutllok_05P - validate password /s01-tpswwprod/B01C43E8AC2EE8B7BFD5FEC28279DFF918360F67809E8869DC0F3C7F60DB35FD-157
2026-08-03 18:55:00,977 INFO o.a.j.t.JMeterThread: Thread finished: org.apache.jmeter.threads.JMeterThread@100c0119 - T03_SigninOutllok_05P - validate password /s01-tpswwprod/B01C43E8AC2EE8B7BFD5FEC28279DFF918360F67809E8869DC0F3C7F60DB35FD-157
2026-08-03 18:55:00,977 INFO o.a.j.t.JMeterThread: Thread is done: org.apache.jmeter.threads.JMeterThread@100c0119 - T03_SigninOutllok_05P - validate password /config/v1/OneShell/1.0.0.0-153
2026-08-03 18:55:00,977 INFO o.a.j.t.JMeterThread: Thread finished: org.apache.jmeter.threads.JMeterThread@100c0119 - T03_SigninOutllok_05P - validate password /config/v1/OneShell/1.0.0.0-153
2026-08-03 18:55:00,987 INFO o.a.j.t.JMeterThread: Thread is done: org.apache.jmeter.threads.JMeterThread@100c0119 - T03_SigninOutllok_05P - validate password /ows/api/beta/BootSettings/ReportSubmissionPolicy-161
2026-08-03 18:55:00,987 INFO o.a.j.t.JMeterThread: Thread finished: org.apache.jmeter.threads.JMeterThread@100c0119 - T03_SigninOutllok_05P - validate password /ows/api/beta/BootSettings/ReportSubmissionPolicy-161
2026-08-03 18:55:01,007 INFO o.a.j.t.JMeterThread: Thread is done: org.apache.jmeter.threads.JMeterThread@379a352a - T03_SigninOutllok_08P - validate password /api/v1/livepersonacard/configuration-616
2026-08-03 18:55:01,009 INFO o.a.j.t.JMeterThread: Thread finished: org.apache.jmeter.threads.JMeterThread@379a352a - T03_SigninOutllok_08P - validate password /api/v1/livepersonacard/configuration-616
2026-08-03 18:55:01,014 INFO o.a.j.t.JMeterThread: Thread is done: org.apache.jmeter.threads.JMeterThread@379a352a - T03_SigninOutllok_08P - validate password /ows/v1.0/OutlookOptions/MailLayout?n=17&cri=a91ae634-0dbd-6200-9168-ec0957d0e6ef&cv=vHWyfbsM51acLkffDosbHY.18-586
2026-08-03 18:55:01,014 INFO o.a.j.t.JMeterThread: Thread finished: org.apache.jmeter.threads.JMeterThread@379a352a - T03_SigninOutllok_08P - validate password /ows/v1.0/OutlookOptions/MailLayout?n=17&cri=a91ae634-0dbd-6200-9168-ec0957d0e6ef&cv=vHWyfbsM51acLkffDosbHY.18-586
2026-08-03 18:55:01,028 INFO o.a.j.t.JMeterThread: Thread is done: org.apache.jmeter.threads.JMeterThread@379a352a - T03_SigninOutllok_08P - validate password /outlookcopilot/mailIntelligence/v4.0/copilotUserPreferences-583
2026-08-03 18:55:01,028 INFO o.a.j.t.JMeterThread: Thread finished: org.apache.jmeter.threads.JMeterThread@379a352a - T03_SigninOutllok_08P - validate password /outlookcopilot/mailIntelligence/v4.0/copilotUserPreferences-583
2026-08-03 18:55:01,078 INFO o.a.j.t.JMeterThread: Thread started: parallel T03_SigninOutllok_09P
2026-08-03 18:55:01,078 INFO o.a.j.t.JMeterThread: Thread started: parallel T03_SigninOutllok_09P
2026-08-03 18:55:01,078 INFO o.a.j.t.JMeterThread: Thread started: parallel T03_SigninOutllok_09P
2026-08-03 18:55:01,078 INFO o.a.j.t.JMeterThread: Thread started: parallel T03_SigninOutllok_09P
2026-08-03 18:55:01,078 INFO o.a.j.t.JMeterThread: Thread started: parallel T03_SigninOutllok_09P
2026-08-03 18:55:01,078 INFO o.a.j.t.JMeterThread: Thread started: parallel T03_SigninOutllok_09P
2026-08-03 18:55:01,089 INFO o.a.j.t.JMeterThread: Thread started: parallel T03_SigninOutllok_09P
2026-08-03 18:55:01,100 INFO o.a.j.t.JMeterThread: Thread started: parallel T03_SigninOutllok_09P
2026-08-03 18:55:01,100 INFO o.a.j.t.JMeterThread: Thread started: parallel T03_SigninOutllok_09P
2026-08-03 18:55:01,105 INFO o.a.j.t.JMeterThread: Thread started: parallel T03_SigninOutllok_09P
2026-08-03 18:55:01,109 INFO o.a.j.t.JMeterThread: Thread started: parallel T03_SigninOutllok_09P
2026-08-03 18:55:01,110 INFO o.a.j.t.JMeterThread: Thread started: parallel T03_SigninOutllok_09P
2026-08-03 18:55:01,226 INFO o.a.j.t.JMeterThread: Thread is done: org.apache.jmeter.threads.JMeterThread@100c0119 - T03_SigninOutllok_05P - validate password /owa/service.svc?action=GetAttachmentPreviews&app=Mail&n=7-537
2026-08-03 18:55:01,226 INFO o.a.j.t.JMeterThread: Thread finished: org.apache.jmeter.threads.JMeterThread@100c0119 - T03_SigninOutllok_05P - validate password /owa/service.svc?action=GetAttachmentPreviews&app=Mail&n=7-537
2026-08-03 18:55:01,300 INFO o.a.j.t.JMeterThread: Thread is done: org.apache.jmeter.threads.JMeterThread@379a352a - T03_SigninOutllok_09P - validate password /owamail/hashed-v1/resources/graphql/schema.all.min-hash-4d0b317d.graphql-624
2026-08-03 18:55:01,300 INFO o.a.j.t.JMeterThread: Thread finished: org.apache.jmeter.threads.JMeterThread@379a352a - T03_SigninOutllok_09P - validate password /owamail/hashed-v1/resources/graphql/schema.all.min-hash-4d0b317d.graphql-624
2026-08-03 18:55:01,300 INFO o.a.j.t.JMeterThread: Thread started: parallel T03_SigninOutllok_09P
2026-08-03 18:55:01,300 INFO o.a.j.t.JMeterThread: Thread is done: org.apache.jmeter.threads.JMeterThread@3ef10f5b - T03_SigninOutllok_09P - validate password /owamail/hashed-v1/resources/graphql/schema.all.min-hash-4d0b317d.graphql-624
2026-08-03 18:55:01,300 INFO o.a.j.t.JMeterThread: Thread finished: org.apache.jmeter.threads.JMeterThread@3ef10f5b - T03_SigninOutllok_09P - validate password /owamail/hashed-v1/resources/graphql/schema.all.min-hash-4d0b317d.graphql-624
2026-08-03 18:55:01,310 INFO o.a.j.t.JMeterThread: Thread started: parallel T03_SigninOutllok_09P
2026-08-03 18:55:01,486 INFO o.a.j.t.JMeterThread: Thread is done: org.apache.jmeter.threads.JMeterThread@379a352a - T03_SigninOutllok_09P - validate password /owa/published/service.svc?action=GetTimeZoneOffsets&app=Mail&n=0-614
2026-08-03 18:55:01,486 INFO o.a.j.t.JMeterThread: Thread finished: org.apache.jmeter.threads.JMeterThread@379a352a - T03_SigninOutllok_09P - validate password /owa/published/service.svc?action=GetTimeZoneOffsets&app=Mail&n=0-614
2026-08-03 18:55:01,500 INFO o.a.j.t.JMeterThread: Thread started: parallel T03_SigninOutllok_09P
2026-08-03 18:55:01,502 INFO o.a.j.t.JMeterThread: Thread is done: org.apache.jmeter.threads.JMeterThread@379a352a - T03_SigninOutllok_09P - validate password /owa/published/service.svc?action=GetTimeZoneOffsets&app=Mail&n=2-609
2026-08-03 18:55:01,502 INFO o.a.j.t.JMeterThread: Thread finished: org.apache.jmeter.threads.JMeterThread@379a352a - T03_SigninOutllok_09P - validate password /owa/published/service.svc?action=GetTimeZoneOffsets&app=Mail&n=2-609
2026-08-03 18:55:01,502 INFO o.a.j.t.JMeterThread: Thread is done: org.apache.jmeter.threads.JMeterThread@3ef10f5b - T03_SigninOutllok_09P - validate password /owa/published/service.svc?action=GetTimeZoneOffsets&app=Mail&n=0-614
2026-08-03 18:55:01,502 INFO o.a.j.t.JMeterThread: Thread finished: org.apache.jmeter.threads.JMeterThread@3ef10f5b - T03_SigninOutllok_09P - validate password /owa/published/service.svc?action=GetTimeZoneOffsets&app=Mail&n=0-614
2026-08-03 18:55:01,502 INFO o.a.j.t.JMeterThread: Thread is done: org.apache.jmeter.threads.JMeterThread@3ef10f5b - T03_SigninOutllok_09P - validate password /owa/published/service.svc?action=GetTimeZoneOffsets&app=Mail&n=2-609
2026-08-03 18:55:01,502 INFO o.a.j.t.JMeterThread: Thread finished: org.apache.jmeter.threads.JMeterThread@3ef10f5b - T03_SigninOutllok_09P - validate password /owa/published/service.svc?action=GetTimeZoneOffsets&app=Mail&n=2-609
2026-08-03 18:55:01,502 INFO o.a.j.t.JMeterThread: Thread started: parallel T03_SigninOutllok_09P
2026-08-03 18:55:01,502 INFO o.a.j.t.JMeterThread: Thread is done: org.apache.jmeter.threads.JMeterThread@379a352a - T03_SigninOutllok_09P - validate password /owa/service.svc?action=GetTimeZone&app=Mail&n=1-611
2026-08-03 18:55:01,502 INFO o.a.j.t.JMeterThread: Thread finished: org.apache.jmeter.threads.JMeterThread@379a352a - T03_SigninOutllok_09P - validate password /owa/service.svc?action=GetTimeZone&app=Mail&n=1-611
2026-08-03 18:55:01,502 INFO o.a.j.t.JMeterThread: Thread is done: org.apache.jmeter.threads.JMeterThread@379a352a - T03_SigninOutllok_09P - validate password /owa/service.svc?action=GetTimeZone&app=Mail&n=3-613
2026-08-03 18:55:01,502 INFO o.a.j.t.JMeterThread: Thread finished: org.apache.jmeter.threads.JMeterThread@379a352a - T03_SigninOutllok_09P - validate password /owa/service.svc?action=GetTimeZone&app=Mail&n=3-613
2026-08-03 18:55:01,518 INFO o.a.j.t.JMeterThread: Thread is done: org.apache.jmeter.threads.JMeterThread@3ef10f5b - T03_SigninOutllok_09P - validate password /owa/service.svc?action=GetTimeZone&app=Mail&n=3-613
2026-08-03 18:55:01,518 INFO o.a.j.t.JMeterThread: Thread finished: org.apache.jmeter.threads.JMeterThread@3ef10f5b - T03_SigninOutllok_09P - validate password /owa/service.svc?action=GetTimeZone&app=Mail&n=3-613
2026-08-03 18:55:01,534 INFO o.a.j.t.JMeterThread: Thread is done: org.apache.jmeter.threads.JMeterThread@3ef10f5b - T03_SigninOutllok_09P - validate password /owa/service.svc?action=GetTimeZone&app=Mail&n=1-611
2026-08-03 18:55:01,534 INFO o.a.j.t.JMeterThread: Thread finished: org.apache.jmeter.threads.JMeterThread@3ef10f5b - T03_SigninOutllok_09P - validate password /owa/service.svc?action=GetTimeZone&app=Mail&n=1-611
2026-08-03 18:55:01,534 ERROR o.a.j.v.b.g.TextGraphiteMetricsSender: Error writing to Graphite: Connection refused: no further information
java.net.ConnectException: Connection refused: no further information
	at java.base/sun.nio.ch.Net.pollConnect(Native Method) ~[?:?]
	at java.base/sun.nio.ch.Net.pollConnectNow(Net.java:672) ~[?:?]
	at java.base/sun.nio.ch.NioSocketImpl.timedFinishConnect(NioSocketImpl.java:547) ~[?:?]
	at java.base/sun.nio.ch.NioSocketImpl.connect(NioSocketImpl.java:602) ~[?:?]
	at java.base/java.net.SocksSocketImpl.connect(SocksSocketImpl.java:327) ~[?:?]
	at java.base/java.net.Socket.connect(Socket.java:633) ~[?:?]
	at org.apache.jmeter.visualizers.backend.graphite.SocketOutputStreamPoolFactory.create(SocketOutputStreamPoolFactory.java:76) ~[ApacheJMeter_components.jar:5.6.3]
	at org.apache.jmeter.visualizers.backend.graphite.SocketOutputStreamPoolFactory.makeObject(SocketOutputStreamPoolFactory.java:47) ~[ApacheJMeter_components.jar:5.6.3]
	at org.apache.jmeter.visualizers.backend.graphite.SocketOutputStreamPoolFactory.makeObject(SocketOutputStreamPoolFactory.java:33) ~[ApacheJMeter_components.jar:5.6.3]
	at org.apache.commons.pool2.impl.GenericKeyedObjectPool.create(GenericKeyedObjectPool.java:796) ~[commons-pool2-2.12.0.jar:2.12.0]
	at org.apache.commons.pool2.impl.GenericKeyedObjectPool.borrowObject(GenericKeyedObjectPool.java:444) ~[commons-pool2-2.12.0.jar:2.12.0]
	at org.apache.commons.pool2.impl.GenericKeyedObjectPool.borrowObject(GenericKeyedObjectPool.java:355) ~[commons-pool2-2.12.0.jar:2.12.0]
	at org.apache.jmeter.visualizers.backend.graphite.TextGraphiteMetricsSender.writeMetrics(TextGraphiteMetricsSender.java:110) [ApacheJMeter_components.jar:5.6.3]
	at org.apache.jmeter.visualizers.backend.graphite.TextGraphiteMetricsSender.writeAndSendMetrics(TextGraphiteMetricsSender.java:104) [ApacheJMeter_components.jar:5.6.3]
	at org.apache.jmeter.visualizers.backend.graphite.GraphiteBackendListenerClient.sendMetrics(GraphiteBackendListenerClient.java:186) [ApacheJMeter_components.jar:5.6.3]
	at org.apache.jmeter.visualizers.backend.graphite.GraphiteBackendListenerClient.run(GraphiteBackendListenerClient.java:149) [ApacheJMeter_components.jar:5.6.3]
	at java.base/java.util.concurrent.Executors$RunnableAdapter.call(Executors.java:539) [?:?]
	at java.base/java.util.concurrent.FutureTask.runAndReset(FutureTask.java:305) [?:?]
	at java.base/java.util.concurrent.ScheduledThreadPoolExecutor$ScheduledFutureTask.run(ScheduledThreadPoolExecutor.java:305) [?:?]
	at java.base/java.util.concurrent.ThreadPoolExecutor.runWorker(ThreadPoolExecutor.java:1136) [?:?]
	at java.base/java.util.concurrent.ThreadPoolExecutor$Worker.run(ThreadPoolExecutor.java:635) [?:?]
	at java.base/java.lang.Thread.run(Thread.java:842) [?:?]
2026-08-03 18:55:01,544 INFO o.a.j.t.JMeterThread: Thread is done: org.apache.jmeter.threads.JMeterThread@3ef10f5b - T03_SigninOutllok_09P - validate password /api/myapps/GetAllApps-588
2026-08-03 18:55:01,544 INFO o.a.j.t.JMeterThread: Thread is done: org.apache.jmeter.threads.JMeterThread@379a352a - T03_SigninOutllok_09P - validate password /api/myapps/GetAllApps-588
2026-08-03 18:55:01,544 INFO o.a.j.t.JMeterThread: Thread finished: org.apache.jmeter.threads.JMeterThread@3ef10f5b - T03_SigninOutllok_09P - validate password /api/myapps/GetAllApps-588
2026-08-03 18:55:01,544 INFO o.a.j.t.JMeterThread: Thread finished: org.apache.jmeter.threads.JMeterThread@379a352a - T03_SigninOutllok_09P - validate password /api/myapps/GetAllApps-588
2026-08-03 18:55:01,729 INFO o.a.j.t.JMeterThread: Thread is done: org.apache.jmeter.threads.JMeterThread@379a352a - T03_SigninOutllok_09P - validate password /owa/service.svc?action=GetOwaNonBootUserConfiguration&app=Mail&n=4-634
2026-08-03 18:55:01,729 INFO o.a.j.t.JMeterThread: Thread finished: org.apache.jmeter.threads.JMeterThread@379a352a - T03_SigninOutllok_09P - validate password /owa/service.svc?action=GetOwaNonBootUserConfiguration&app=Mail&n=4-634
2026-08-03 18:55:01,740 INFO o.a.j.t.JMeterThread: Thread is done: org.apache.jmeter.threads.JMeterThread@3ef10f5b - T03_SigninOutllok_09P - validate password /owa/service.svc?action=GetOwaNonBootUserConfiguration&app=Mail&n=4-634
2026-08-03 18:55:01,740 INFO o.a.j.t.JMeterThread: Thread finished: org.apache.jmeter.threads.JMeterThread@3ef10f5b - T03_SigninOutllok_09P - validate password /owa/service.svc?action=GetOwaNonBootUserConfiguration&app=Mail&n=4-634
2026-08-03 18:55:01,974 INFO o.a.j.t.JMeterThread: Thread is done: org.apache.jmeter.threads.JMeterThread@379a352a - T03_SigninOutllok_09P - validate password /organizations/oauth2/v2.0/token?client-request-id=2ffeab41-0b01-281d-9763-66361f2097d5-660
2026-08-03 18:55:01,978 INFO o.a.j.t.JMeterThread: Thread finished: org.apache.jmeter.threads.JMeterThread@379a352a - T03_SigninOutllok_09P - validate password /organizations/oauth2/v2.0/token?client-request-id=2ffeab41-0b01-281d-9763-66361f2097d5-660
2026-08-03 18:55:01,978 INFO o.a.j.t.JMeterThread: Thread is done: org.apache.jmeter.threads.JMeterThread@3ef10f5b - T03_SigninOutllok_09P - validate password /organizations/oauth2/v2.0/token?client-request-id=2ffeab41-0b01-281d-9763-66361f2097d5-660
2026-08-03 18:55:01,978 INFO o.a.j.t.JMeterThread: Thread finished: org.apache.jmeter.threads.JMeterThread@3ef10f5b - T03_SigninOutllok_09P - validate password /organizations/oauth2/v2.0/token?client-request-id=2ffeab41-0b01-281d-9763-66361f2097d5-660
2026-08-03 18:55:02,073 INFO o.a.j.t.JMeterThread: Thread started: parallel T03_SigninOutllok_10P
2026-08-03 18:55:02,073 INFO o.a.j.t.JMeterThread: Thread started: parallel T03_SigninOutllok_10P
2026-08-03 18:55:02,073 INFO o.a.j.t.JMeterThread: Thread started: parallel T03_SigninOutllok_10P
2026-08-03 18:55:02,073 INFO o.a.j.t.JMeterThread: Thread started: parallel T03_SigninOutllok_10P
2026-08-03 18:55:02,073 INFO o.a.j.t.JMeterThread: Thread started: parallel T03_SigninOutllok_10P
2026-08-03 18:55:02,089 INFO o.a.j.t.JMeterThread: Thread started: parallel T03_SigninOutllok_10P
2026-08-03 18:55:02,089 INFO o.a.j.t.JMeterThread: Thread started: parallel T03_SigninOutllok_10P
2026-08-03 18:55:02,089 INFO o.a.j.t.JMeterThread: Thread started: parallel T03_SigninOutllok_10P
2026-08-03 18:55:02,089 INFO o.a.j.t.JMeterThread: Thread started: parallel T03_SigninOutllok_10P
2026-08-03 18:55:02,089 INFO o.a.j.t.JMeterThread: Thread started: parallel T03_SigninOutllok_10P
2026-08-03 18:55:02,485 INFO o.a.j.t.JMeterThread: Thread is done: org.apache.jmeter.threads.JMeterThread@3ef10f5b - T03_SigninOutllok_10P - validate password /owa/service.svc?action=GetFolder&app=Mail&n=7-662
2026-08-03 18:55:02,485 INFO o.a.j.t.JMeterThread: Thread finished: org.apache.jmeter.threads.JMeterThread@3ef10f5b - T03_SigninOutllok_10P - validate password /owa/service.svc?action=GetFolder&app=Mail&n=7-662
2026-08-03 18:55:02,485 INFO o.a.j.t.JMeterThread: Thread is done: org.apache.jmeter.threads.JMeterThread@379a352a - T03_SigninOutllok_10P - validate password /owa/service.svc?action=FindFolder&app=Mail&n=6-655
2026-08-03 18:55:02,485 INFO o.a.j.t.JMeterThread: Thread is done: org.apache.jmeter.threads.JMeterThread@379a352a - T03_SigninOutllok_10P - validate password /owa/service.svc?action=GetFolder&app=Mail&n=7-662
2026-08-03 18:55:02,485 INFO o.a.j.t.JMeterThread: Thread finished: org.apache.jmeter.threads.JMeterThread@379a352a - T03_SigninOutllok_10P - validate password /owa/service.svc?action=FindFolder&app=Mail&n=6-655
2026-08-03 18:55:02,485 INFO o.a.j.t.JMeterThread: Thread finished: org.apache.jmeter.threads.JMeterThread@379a352a - T03_SigninOutllok_10P - validate password /owa/service.svc?action=GetFolder&app=Mail&n=7-662
2026-08-03 18:55:02,485 INFO o.a.j.t.JMeterThread: Thread is done: org.apache.jmeter.threads.JMeterThread@379a352a - T03_SigninOutllok_10P - validate password /owa/service.svc?action=FindFolder&app=Mail&n=8-656
2026-08-03 18:55:02,485 INFO o.a.j.t.JMeterThread: Thread finished: org.apache.jmeter.threads.JMeterThread@379a352a - T03_SigninOutllok_10P - validate password /owa/service.svc?action=FindFolder&app=Mail&n=8-656
2026-08-03 18:55:02,502 INFO o.a.j.t.JMeterThread: Thread is done: org.apache.jmeter.threads.JMeterThread@379a352a - T03_SigninOutllok_10P - validate password /ows/beta/RoamingSignatures/GetRoamingSignaturesStatus-668
2026-08-03 18:55:02,502 INFO o.a.j.t.JMeterThread: Thread finished: org.apache.jmeter.threads.JMeterThread@379a352a - T03_SigninOutllok_10P - validate password /ows/beta/RoamingSignatures/GetRoamingSignaturesStatus-668
2026-08-03 18:55:02,517 INFO o.a.j.t.JMeterThread: Thread is done: org.apache.jmeter.threads.JMeterThread@3ef10f5b - T03_SigninOutllok_10P - validate password /ows/beta/RoamingSignatures/GetRoamingSignaturesStatus-668
2026-08-03 18:55:02,517 INFO o.a.j.t.JMeterThread: Thread is done: org.apache.jmeter.threads.JMeterThread@379a352a - T03_SigninOutllok_10P - validate password /owa/service.svc?action=FindConversation&app=Mail&n=5-654
2026-08-03 18:55:02,517 INFO o.a.j.t.JMeterThread: Thread finished: org.apache.jmeter.threads.JMeterThread@379a352a - T03_SigninOutllok_10P - validate password /owa/service.svc?action=FindConversation&app=Mail&n=5-654
2026-08-03 18:55:02,517 INFO o.a.j.t.JMeterThread: Thread finished: org.apache.jmeter.threads.JMeterThread@3ef10f5b - T03_SigninOutllok_10P - validate password /ows/beta/RoamingSignatures/GetRoamingSignaturesStatus-668
2026-08-03 18:55:02,517 INFO o.a.j.t.JMeterThread: Thread is done: org.apache.jmeter.threads.JMeterThread@3ef10f5b - T03_SigninOutllok_10P - validate password /owa/service.svc?action=FindFolder&app=Mail&n=6-655
2026-08-03 18:55:02,517 INFO o.a.j.t.JMeterThread: Thread finished: org.apache.jmeter.threads.JMeterThread@3ef10f5b - T03_SigninOutllok_10P - validate password /owa/service.svc?action=FindFolder&app=Mail&n=6-655
2026-08-03 18:55:02,533 INFO o.a.j.t.JMeterThread: Thread is done: org.apache.jmeter.threads.JMeterThread@3ef10f5b - T03_SigninOutllok_10P - validate password /owa/service.svc?action=FindFolder&app=Mail&n=8-656
2026-08-03 18:55:02,533 INFO o.a.j.t.JMeterThread: Thread finished: org.apache.jmeter.threads.JMeterThread@3ef10f5b - T03_SigninOutllok_10P - validate password /owa/service.svc?action=FindFolder&app=Mail&n=8-656
2026-08-03 18:55:02,549 ERROR o.a.j.v.b.g.TextGraphiteMetricsSender: Error writing to Graphite: Connection refused: no further information
java.net.ConnectException: Connection refused: no further information
	at java.base/sun.nio.ch.Net.pollConnect(Native Method) ~[?:?]
	at java.base/sun.nio.ch.Net.pollConnectNow(Net.java:672) ~[?:?]
	at java.base/sun.nio.ch.NioSocketImpl.timedFinishConnect(NioSocketImpl.java:547) ~[?:?]
	at java.base/sun.nio.ch.NioSocketImpl.connect(NioSocketImpl.java:602) ~[?:?]
	at java.base/java.net.SocksSocketImpl.connect(SocksSocketImpl.java:327) ~[?:?]
	at java.base/java.net.Socket.connect(Socket.java:633) ~[?:?]
	at org.apache.jmeter.visualizers.backend.graphite.SocketOutputStreamPoolFactory.create(SocketOutputStreamPoolFactory.java:76) ~[ApacheJMeter_components.jar:5.6.3]
	at org.apache.jmeter.visualizers.backend.graphite.SocketOutputStreamPoolFactory.makeObject(SocketOutputStreamPoolFactory.java:47) ~[ApacheJMeter_components.jar:5.6.3]
	at org.apache.jmeter.visualizers.backend.graphite.SocketOutputStreamPoolFactory.makeObject(SocketOutputStreamPoolFactory.java:33) ~[ApacheJMeter_components.jar:5.6.3]
	at org.apache.commons.pool2.impl.GenericKeyedObjectPool.create(GenericKeyedObjectPool.java:796) ~[commons-pool2-2.12.0.jar:2.12.0]
	at org.apache.commons.pool2.impl.GenericKeyedObjectPool.borrowObject(GenericKeyedObjectPool.java:444) ~[commons-pool2-2.12.0.jar:2.12.0]
	at org.apache.commons.pool2.impl.GenericKeyedObjectPool.borrowObject(GenericKeyedObjectPool.java:355) ~[commons-pool2-2.12.0.jar:2.12.0]
	at org.apache.jmeter.visualizers.backend.graphite.TextGraphiteMetricsSender.writeMetrics(TextGraphiteMetricsSender.java:110) [ApacheJMeter_components.jar:5.6.3]
	at org.apache.jmeter.visualizers.backend.graphite.TextGraphiteMetricsSender.writeAndSendMetrics(TextGraphiteMetricsSender.java:104) [ApacheJMeter_components.jar:5.6.3]
	at org.apache.jmeter.visualizers.backend.graphite.GraphiteBackendListenerClient.sendMetrics(GraphiteBackendListenerClient.java:186) [ApacheJMeter_components.jar:5.6.3]
	at org.apache.jmeter.visualizers.backend.graphite.GraphiteBackendListenerClient.run(GraphiteBackendListenerClient.java:149) [ApacheJMeter_components.jar:5.6.3]
	at java.base/java.util.concurrent.Executors$RunnableAdapter.call(Executors.java:539) [?:?]
	at java.base/java.util.concurrent.FutureTask.runAndReset(FutureTask.java:305) [?:?]
	at java.base/java.util.concurrent.ScheduledThreadPoolExecutor$ScheduledFutureTask.run(ScheduledThreadPoolExecutor.java:305) [?:?]
	at java.base/java.util.concurrent.ThreadPoolExecutor.runWorker(ThreadPoolExecutor.java:1136) [?:?]
	at java.base/java.util.concurrent.ThreadPoolExecutor$Worker.run(ThreadPoolExecutor.java:635) [?:?]
	at java.base/java.lang.Thread.run(Thread.java:842) [?:?]
2026-08-03 18:55:02,564 INFO o.a.j.t.JMeterThread: Thread started: parallel T03_SigninOutllok_11P
2026-08-03 18:55:02,564 INFO o.a.j.t.JMeterThread: Thread started: parallel T03_SigninOutllok_11P
2026-08-03 18:55:02,564 INFO o.a.j.t.JMeterThread: Thread started: parallel T03_SigninOutllok_11P
2026-08-03 18:55:02,564 INFO o.a.j.t.JMeterThread: Thread started: parallel T03_SigninOutllok_11P
2026-08-03 18:55:02,676 INFO o.a.j.t.JMeterThread: Thread is done: org.apache.jmeter.threads.JMeterThread@3ef10f5b - T03_SigninOutllok_10P - validate password /owa/service.svc?action=FindConversation&app=Mail&n=5-654
2026-08-03 18:55:02,676 INFO o.a.j.t.JMeterThread: Thread finished: org.apache.jmeter.threads.JMeterThread@3ef10f5b - T03_SigninOutllok_10P - validate password /owa/service.svc?action=FindConversation&app=Mail&n=5-654
2026-08-03 18:55:02,723 INFO o.a.j.t.JMeterThread: Thread started: parallel T03_SigninOutllok_11P
2026-08-03 18:55:02,723 INFO o.a.j.t.JMeterThread: Thread started: parallel T03_SigninOutllok_11P
2026-08-03 18:55:02,723 INFO o.a.j.t.JMeterThread: Thread started: parallel T03_SigninOutllok_11P
2026-08-03 18:55:02,723 INFO o.a.j.t.JMeterThread: Thread started: parallel T03_SigninOutllok_11P
2026-08-03 18:55:02,961 INFO o.a.j.t.JMeterThread: Thread is done: org.apache.jmeter.threads.JMeterThread@379a352a - T03_SigninOutllok_11P - validate password /ows/v1/OutlookCloudSettings/settings/-674
2026-08-03 18:55:02,961 INFO o.a.j.t.JMeterThread: Thread finished: org.apache.jmeter.threads.JMeterThread@379a352a - T03_SigninOutllok_11P - validate password /ows/v1/OutlookCloudSettings/settings/-674
2026-08-03 18:55:02,979 INFO o.a.j.t.JMeterThread: Thread is done: org.apache.jmeter.threads.JMeterThread@379a352a - T03_SigninOutllok_11P - validate password /ows/v1/OutlookCloudSettings/settings/-669
2026-08-03 18:55:02,980 INFO o.a.j.t.JMeterThread: Thread finished: org.apache.jmeter.threads.JMeterThread@379a352a - T03_SigninOutllok_11P - validate password /ows/v1/OutlookCloudSettings/settings/-669
2026-08-03 18:55:03,003 INFO o.a.j.t.JMeterThread: Thread is done: org.apache.jmeter.threads.JMeterThread@379a352a - T03_SigninOutllok_11P - validate password /ows/v1/OutlookCloudSettings/settings/-670
2026-08-03 18:55:03,003 INFO o.a.j.t.JMeterThread: Thread finished: org.apache.jmeter.threads.JMeterThread@379a352a - T03_SigninOutllok_11P - validate password /ows/v1/OutlookCloudSettings/settings/-670
2026-08-03 18:55:03,127 INFO o.a.j.t.JMeterThread: Thread is done: org.apache.jmeter.threads.JMeterThread@3ef10f5b - T03_SigninOutllok_11P - validate password /ows/v1/OutlookCloudSettings/settings/-669
2026-08-03 18:55:03,127 INFO o.a.j.t.JMeterThread: Thread is done: org.apache.jmeter.threads.JMeterThread@3ef10f5b - T03_SigninOutllok_11P - validate password /ows/v1/OutlookCloudSettings/settings/-674
2026-08-03 18:55:03,127 INFO o.a.j.t.JMeterThread: Thread finished: org.apache.jmeter.threads.JMeterThread@3ef10f5b - T03_SigninOutllok_11P - validate password /ows/v1/OutlookCloudSettings/settings/-669
2026-08-03 18:55:03,127 INFO o.a.j.t.JMeterThread: Thread finished: org.apache.jmeter.threads.JMeterThread@3ef10f5b - T03_SigninOutllok_11P - validate password /ows/v1/OutlookCloudSettings/settings/-674
2026-08-03 18:55:03,148 INFO o.a.j.t.JMeterThread: Thread is done: org.apache.jmeter.threads.JMeterThread@379a352a - T03_SigninOutllok_11P - validate password /ows/v1/OutlookCloudSettings/settings/-673
2026-08-03 18:55:03,148 INFO o.a.j.t.JMeterThread: Thread finished: org.apache.jmeter.threads.JMeterThread@379a352a - T03_SigninOutllok_11P - validate password /ows/v1/OutlookCloudSettings/settings/-673
2026-08-03 18:55:03,195 INFO o.a.j.t.JMeterThread: Thread is done: org.apache.jmeter.threads.JMeterThread@3ef10f5b - T03_SigninOutllok_11P - validate password /ows/v1/OutlookCloudSettings/settings/-670
2026-08-03 18:55:03,195 INFO o.a.j.t.JMeterThread: Thread finished: org.apache.jmeter.threads.JMeterThread@3ef10f5b - T03_SigninOutllok_11P - validate password /ows/v1/OutlookCloudSettings/settings/-670
2026-08-03 18:55:03,316 INFO o.a.j.t.JMeterThread: Thread is done: org.apache.jmeter.threads.JMeterThread@3ef10f5b - T03_SigninOutllok_11P - validate password /ows/v1/OutlookCloudSettings/settings/-673
2026-08-03 18:55:03,316 INFO o.a.j.t.JMeterThread: Thread finished: org.apache.jmeter.threads.JMeterThread@3ef10f5b - T03_SigninOutllok_11P - validate password /ows/v1/OutlookCloudSettings/settings/-673
2026-08-03 18:55:03,558 ERROR o.a.j.v.b.g.TextGraphiteMetricsSender: Error writing to Graphite: Connection refused: no further information
java.net.ConnectException: Connection refused: no further information
	at java.base/sun.nio.ch.Net.pollConnect(Native Method) ~[?:?]
	at java.base/sun.nio.ch.Net.pollConnectNow(Net.java:672) ~[?:?]
	at java.base/sun.nio.ch.NioSocketImpl.timedFinishConnect(NioSocketImpl.java:547) ~[?:?]
	at java.base/sun.nio.ch.NioSocketImpl.connect(NioSocketImpl.java:602) ~[?:?]
	at java.base/java.net.SocksSocketImpl.connect(SocksSocketImpl.java:327) ~[?:?]
	at java.base/java.net.Socket.connect(Socket.java:633) ~[?:?]
	at org.apache.jmeter.visualizers.backend.graphite.SocketOutputStreamPoolFactory.create(SocketOutputStreamPoolFactory.java:76) ~[ApacheJMeter_components.jar:5.6.3]
	at org.apache.jmeter.visualizers.backend.graphite.SocketOutputStreamPoolFactory.makeObject(SocketOutputStreamPoolFactory.java:47) ~[ApacheJMeter_components.jar:5.6.3]
	at org.apache.jmeter.visualizers.backend.graphite.SocketOutputStreamPoolFactory.makeObject(SocketOutputStreamPoolFactory.java:33) ~[ApacheJMeter_components.jar:5.6.3]
	at org.apache.commons.pool2.impl.GenericKeyedObjectPool.create(GenericKeyedObjectPool.java:796) ~[commons-pool2-2.12.0.jar:2.12.0]
	at org.apache.commons.pool2.impl.GenericKeyedObjectPool.borrowObject(GenericKeyedObjectPool.java:444) ~[commons-pool2-2.12.0.jar:2.12.0]
	at org.apache.commons.pool2.impl.GenericKeyedObjectPool.borrowObject(GenericKeyedObjectPool.java:355) ~[commons-pool2-2.12.0.jar:2.12.0]
	at org.apache.jmeter.visualizers.backend.graphite.TextGraphiteMetricsSender.writeMetrics(TextGraphiteMetricsSender.java:110) [ApacheJMeter_components.jar:5.6.3]
	at org.apache.jmeter.visualizers.backend.graphite.TextGraphiteMetricsSender.writeAndSendMetrics(TextGraphiteMetricsSender.java:104) [ApacheJMeter_components.jar:5.6.3]
	at org.apache.jmeter.visualizers.backend.graphite.GraphiteBackendListenerClient.sendMetrics(GraphiteBackendListenerClient.java:186) [ApacheJMeter_components.jar:5.6.3]
	at org.apache.jmeter.visualizers.backend.graphite.GraphiteBackendListenerClient.run(GraphiteBackendListenerClient.java:149) [ApacheJMeter_components.jar:5.6.3]
	at java.base/java.util.concurrent.Executors$RunnableAdapter.call(Executors.java:539) [?:?]
	at java.base/java.util.concurrent.FutureTask.runAndReset(FutureTask.java:305) [?:?]
	at java.base/java.util.concurrent.ScheduledThreadPoolExecutor$ScheduledFutureTask.run(ScheduledThreadPoolExecutor.java:305) [?:?]
	at java.base/java.util.concurrent.ThreadPoolExecutor.runWorker(ThreadPoolExecutor.java:1136) [?:?]
	at java.base/java.util.concurrent.ThreadPoolExecutor$Worker.run(ThreadPoolExecutor.java:635) [?:?]
	at java.base/java.lang.Thread.run(Thread.java:842) [?:?]
2026-08-03 18:55:04,045 INFO o.a.j.r.Summariser: summary +     39 in 00:00:06 =    6.5/s Avg:   499 Min:    20 Max:  5121 Err:     0 (0.00%) Active: 3 Started: 261 Finished: 258
2026-08-03 18:55:04,045 INFO o.a.j.r.Summariser: summary =    101 in 00:00:21 =    4.7/s Avg:   416 Min:    17 Max:  5121 Err:     0 (0.00%)
2026-08-03 18:55:04,123 INFO o.a.j.t.JMeterThread: Thread started: parallel T03_SigninOutllok_07P
2026-08-03 18:55:04,123 INFO o.a.j.t.JMeterThread: Thread started: parallel T03_SigninOutllok_07P
2026-08-03 18:55:04,535 ERROR o.a.j.v.b.g.TextGraphiteMetricsSender: Error writing to Graphite: Connection refused: no further information
java.net.ConnectException: Connection refused: no further information
	at java.base/sun.nio.ch.Net.pollConnect(Native Method) ~[?:?]
	at java.base/sun.nio.ch.Net.pollConnectNow(Net.java:672) ~[?:?]
	at java.base/sun.nio.ch.NioSocketImpl.timedFinishConnect(NioSocketImpl.java:547) ~[?:?]
	at java.base/sun.nio.ch.NioSocketImpl.connect(NioSocketImpl.java:602) ~[?:?]
	at java.base/java.net.SocksSocketImpl.connect(SocksSocketImpl.java:327) ~[?:?]
	at java.base/java.net.Socket.connect(Socket.java:633) ~[?:?]
	at org.apache.jmeter.visualizers.backend.graphite.SocketOutputStreamPoolFactory.create(SocketOutputStreamPoolFactory.java:76) ~[ApacheJMeter_components.jar:5.6.3]
	at org.apache.jmeter.visualizers.backend.graphite.SocketOutputStreamPoolFactory.makeObject(SocketOutputStreamPoolFactory.java:47) ~[ApacheJMeter_components.jar:5.6.3]
	at org.apache.jmeter.visualizers.backend.graphite.SocketOutputStreamPoolFactory.makeObject(SocketOutputStreamPoolFactory.java:33) ~[ApacheJMeter_components.jar:5.6.3]
	at org.apache.commons.pool2.impl.GenericKeyedObjectPool.create(GenericKeyedObjectPool.java:796) ~[commons-pool2-2.12.0.jar:2.12.0]
	at org.apache.commons.pool2.impl.GenericKeyedObjectPool.borrowObject(GenericKeyedObjectPool.java:444) ~[commons-pool2-2.12.0.jar:2.12.0]
	at org.apache.commons.pool2.impl.GenericKeyedObjectPool.borrowObject(GenericKeyedObjectPool.java:355) ~[commons-pool2-2.12.0.jar:2.12.0]
	at org.apache.jmeter.visualizers.backend.graphite.TextGraphiteMetricsSender.writeMetrics(TextGraphiteMetricsSender.java:110) [ApacheJMeter_components.jar:5.6.3]
	at org.apache.jmeter.visualizers.backend.graphite.TextGraphiteMetricsSender.writeAndSendMetrics(TextGraphiteMetricsSender.java:104) [ApacheJMeter_components.jar:5.6.3]
	at org.apache.jmeter.visualizers.backend.graphite.GraphiteBackendListenerClient.sendMetrics(GraphiteBackendListenerClient.java:186) [ApacheJMeter_components.jar:5.6.3]
	at org.apache.jmeter.visualizers.backend.graphite.GraphiteBackendListenerClient.run(GraphiteBackendListenerClient.java:149) [ApacheJMeter_components.jar:5.6.3]
	at java.base/java.util.concurrent.Executors$RunnableAdapter.call(Executors.java:539) [?:?]
	at java.base/java.util.concurrent.FutureTask.runAndReset(FutureTask.java:305) [?:?]
	at java.base/java.util.concurrent.ScheduledThreadPoolExecutor$ScheduledFutureTask.run(ScheduledThreadPoolExecutor.java:305) [?:?]
	at java.base/java.util.concurrent.ThreadPoolExecutor.runWorker(ThreadPoolExecutor.java:1136) [?:?]
	at java.base/java.util.concurrent.ThreadPoolExecutor$Worker.run(ThreadPoolExecutor.java:635) [?:?]
	at java.base/java.lang.Thread.run(Thread.java:842) [?:?]
2026-08-03 18:55:04,582 INFO o.a.j.t.JMeterThread: Thread is done: org.apache.jmeter.threads.JMeterThread@100c0119 - T03_SigninOutllok_07P - validate password /organizations/oauth2/v2.0/token?client-request-id=41615a61-890e-0823-6cd3-8c06fe604d89-561
2026-08-03 18:55:04,582 INFO o.a.j.t.JMeterThread: Thread finished: org.apache.jmeter.threads.JMeterThread@100c0119 - T03_SigninOutllok_07P - validate password /organizations/oauth2/v2.0/token?client-request-id=41615a61-890e-0823-6cd3-8c06fe604d89-561
2026-08-03 18:55:04,589 INFO o.a.j.t.JMeterThread: Thread is done: org.apache.jmeter.threads.JMeterThread@100c0119 - T03_SigninOutllok_07P - validate password /organizations/oauth2/v2.0/token?client-request-id=3ea7f779-3747-c6a5-ddaa-a468f5012af8-563
2026-08-03 18:55:04,589 INFO o.a.j.t.JMeterThread: Thread finished: org.apache.jmeter.threads.JMeterThread@100c0119 - T03_SigninOutllok_07P - validate password /organizations/oauth2/v2.0/token?client-request-id=3ea7f779-3747-c6a5-ddaa-a468f5012af8-563
2026-08-03 18:55:04,640 INFO o.a.j.t.JMeterThread: Thread started: parallel T03_SigninOutllok_08P
2026-08-03 18:55:04,640 INFO o.a.j.t.JMeterThread: Thread started: parallel T03_SigninOutllok_08P
2026-08-03 18:55:04,647 INFO o.a.j.t.JMeterThread: Thread started: parallel T03_SigninOutllok_08P
2026-08-03 18:55:04,647 INFO o.a.j.t.JMeterThread: Thread started: parallel T03_SigninOutllok_08P
2026-08-03 18:55:04,651 INFO o.a.j.t.JMeterThread: Thread started: parallel T03_SigninOutllok_08P
2026-08-03 18:55:04,653 INFO o.a.j.t.JMeterThread: Thread started: parallel T03_SigninOutllok_08P
2026-08-03 18:55:04,937 INFO o.a.j.t.JMeterThread: Thread is done: org.apache.jmeter.threads.JMeterThread@100c0119 - T03_SigninOutllok_08P - validate password /api/myapps/GetAllApps?culture=en-GB-582
2026-08-03 18:55:04,937 INFO o.a.j.t.JMeterThread: Thread finished: org.apache.jmeter.threads.JMeterThread@100c0119 - T03_SigninOutllok_08P - validate password /api/myapps/GetAllApps?culture=en-GB-582
2026-08-03 18:55:04,940 INFO o.a.j.t.JMeterThread: Thread started: parallel T03_SigninOutllok_08P
2026-08-03 18:55:04,941 INFO o.a.j.t.JMeterThread: Thread is done: org.apache.jmeter.threads.JMeterThread@100c0119 - T03_SigninOutllok_08P - validate password /api/storage/SystemMetadata/User/AppsPinnedData-568
2026-08-03 18:55:04,941 INFO o.a.j.t.JMeterThread: Thread finished: org.apache.jmeter.threads.JMeterThread@100c0119 - T03_SigninOutllok_08P - validate password /api/storage/SystemMetadata/User/AppsPinnedData-568
2026-08-03 18:55:04,941 INFO o.a.j.t.JMeterThread: Thread started: parallel T03_SigninOutllok_08P
2026-08-03 18:55:04,965 INFO o.a.j.t.JMeterThread: Thread is done: org.apache.jmeter.threads.JMeterThread@100c0119 - T03_SigninOutllok_08P - validate password /api/v1/livepersonacard/configuration?cultureName=en-GB-577
2026-08-03 18:55:04,967 INFO o.a.j.t.JMeterThread: Thread finished: org.apache.jmeter.threads.JMeterThread@100c0119 - T03_SigninOutllok_08P - validate password /api/v1/livepersonacard/configuration?cultureName=en-GB-577
2026-08-03 18:55:04,967 INFO o.a.j.t.JMeterThread: Thread started: parallel T03_SigninOutllok_08P
2026-08-03 18:55:05,151 INFO o.a.j.t.JMeterThread: Thread is done: org.apache.jmeter.threads.JMeterThread@100c0119 - T03_SigninOutllok_08P - validate password /owa/service.svc?action=GetComplianceConfiguration&app=Mail&n=14-541
2026-08-03 18:55:05,151 INFO o.a.j.t.JMeterThread: Thread finished: org.apache.jmeter.threads.JMeterThread@100c0119 - T03_SigninOutllok_08P - validate password /owa/service.svc?action=GetComplianceConfiguration&app=Mail&n=14-541
2026-08-03 18:55:05,157 INFO o.a.j.t.JMeterThread: Thread started: parallel T03_SigninOutllok_08P
2026-08-03 18:55:05,188 INFO o.a.j.t.JMeterThread: Thread is done: org.apache.jmeter.threads.JMeterThread@100c0119 - T03_SigninOutllok_08P - validate password /api/v1/livepersonacard/configuration-585
2026-08-03 18:55:05,188 INFO o.a.j.t.JMeterThread: Thread finished: org.apache.jmeter.threads.JMeterThread@100c0119 - T03_SigninOutllok_08P - validate password /api/v1/livepersonacard/configuration-585
2026-08-03 18:55:05,188 INFO o.a.j.t.JMeterThread: Thread started: parallel T03_SigninOutllok_08P
2026-08-03 18:55:05,205 INFO o.a.j.t.JMeterThread: Thread is done: org.apache.jmeter.threads.JMeterThread@100c0119 - T03_SigninOutllok_08P - validate password /ows/v1.0/OutlookOptions-556
2026-08-03 18:55:05,205 INFO o.a.j.t.JMeterThread: Thread finished: org.apache.jmeter.threads.JMeterThread@100c0119 - T03_SigninOutllok_08P - validate password /ows/v1.0/OutlookOptions-556
2026-08-03 18:55:05,227 INFO o.a.j.t.JMeterThread: Thread is done: org.apache.jmeter.threads.JMeterThread@100c0119 - T03_SigninOutllok_08P - validate password /outlookcopilot/mailIntelligence/v2.0/copilotsettings-559
2026-08-03 18:55:05,238 INFO o.a.j.t.JMeterThread: Thread finished: org.apache.jmeter.threads.JMeterThread@100c0119 - T03_SigninOutllok_08P - validate password /outlookcopilot/mailIntelligence/v2.0/copilotsettings-559
2026-08-03 18:55:05,349 INFO o.a.j.t.JMeterThread: Thread is done: org.apache.jmeter.threads.JMeterThread@100c0119 - T03_SigninOutllok_08P - validate password /api/v1/livepersonacard/configuration?cultureName=en-GB-607
2026-08-03 18:55:05,349 INFO o.a.j.t.JMeterThread: Thread finished: org.apache.jmeter.threads.JMeterThread@100c0119 - T03_SigninOutllok_08P - validate password /api/v1/livepersonacard/configuration?cultureName=en-GB-607
2026-08-03 18:55:05,355 INFO o.a.j.t.JMeterThread: Thread is done: org.apache.jmeter.threads.JMeterThread@100c0119 - T03_SigninOutllok_08P - validate password /ows/v1.0/OutlookOptions/MailLayout?n=17&cri=a91ae634-0dbd-6200-9168-ec0957d0e6ef&cv=vHWyfbsM51acLkffDosbHY.18-586
2026-08-03 18:55:05,357 INFO o.a.j.t.JMeterThread: Thread finished: org.apache.jmeter.threads.JMeterThread@100c0119 - T03_SigninOutllok_08P - validate password /ows/v1.0/OutlookOptions/MailLayout?n=17&cri=a91ae634-0dbd-6200-9168-ec0957d0e6ef&cv=vHWyfbsM51acLkffDosbHY.18-586
2026-08-03 18:55:05,371 INFO o.a.j.t.JMeterThread: Thread is done: org.apache.jmeter.threads.JMeterThread@100c0119 - T03_SigninOutllok_08P - validate password /outlookcopilot/mailIntelligence/v4.0/copilotUserPreferences-583
2026-08-03 18:55:05,371 INFO o.a.j.t.JMeterThread: Thread finished: org.apache.jmeter.threads.JMeterThread@100c0119 - T03_SigninOutllok_08P - validate password /outlookcopilot/mailIntelligence/v4.0/copilotUserPreferences-583
2026-08-03 18:55:05,407 INFO o.a.j.t.JMeterThread: Thread is done: org.apache.jmeter.threads.JMeterThread@100c0119 - T03_SigninOutllok_08P - validate password /api/v1/livepersonacard/configuration-616
2026-08-03 18:55:05,407 INFO o.a.j.t.JMeterThread: Thread finished: org.apache.jmeter.threads.JMeterThread@100c0119 - T03_SigninOutllok_08P - validate password /api/v1/livepersonacard/configuration-616
2026-08-03 18:55:05,453 INFO o.a.j.t.JMeterThread: Thread started: parallel T03_SigninOutllok_09P
2026-08-03 18:55:05,455 INFO o.a.j.t.JMeterThread: Thread started: parallel T03_SigninOutllok_09P
2026-08-03 18:55:05,455 INFO o.a.j.t.JMeterThread: Thread started: parallel T03_SigninOutllok_09P
2026-08-03 18:55:05,457 INFO o.a.j.t.JMeterThread: Thread started: parallel T03_SigninOutllok_09P
2026-08-03 18:55:05,453 INFO o.a.j.t.JMeterThread: Thread started: parallel T03_SigninOutllok_09P
2026-08-03 18:55:05,457 INFO o.a.j.t.JMeterThread: Thread started: parallel T03_SigninOutllok_09P
2026-08-03 18:55:05,524 ERROR o.a.j.v.b.g.TextGraphiteMetricsSender: Error writing to Graphite: Connection refused: no further information
java.net.ConnectException: Connection refused: no further information
	at java.base/sun.nio.ch.Net.pollConnect(Native Method) ~[?:?]
	at java.base/sun.nio.ch.Net.pollConnectNow(Net.java:672) ~[?:?]
	at java.base/sun.nio.ch.NioSocketImpl.timedFinishConnect(NioSocketImpl.java:547) ~[?:?]
	at java.base/sun.nio.ch.NioSocketImpl.connect(NioSocketImpl.java:602) ~[?:?]
	at java.base/java.net.SocksSocketImpl.connect(SocksSocketImpl.java:327) ~[?:?]
	at java.base/java.net.Socket.connect(Socket.java:633) ~[?:?]
	at org.apache.jmeter.visualizers.backend.graphite.SocketOutputStreamPoolFactory.create(SocketOutputStreamPoolFactory.java:76) ~[ApacheJMeter_components.jar:5.6.3]
	at org.apache.jmeter.visualizers.backend.graphite.SocketOutputStreamPoolFactory.makeObject(SocketOutputStreamPoolFactory.java:47) ~[ApacheJMeter_components.jar:5.6.3]
	at org.apache.jmeter.visualizers.backend.graphite.SocketOutputStreamPoolFactory.makeObject(SocketOutputStreamPoolFactory.java:33) ~[ApacheJMeter_components.jar:5.6.3]
	at org.apache.commons.pool2.impl.GenericKeyedObjectPool.create(GenericKeyedObjectPool.java:796) ~[commons-pool2-2.12.0.jar:2.12.0]
	at org.apache.commons.pool2.impl.GenericKeyedObjectPool.borrowObject(GenericKeyedObjectPool.java:444) ~[commons-pool2-2.12.0.jar:2.12.0]
	at org.apache.commons.pool2.impl.GenericKeyedObjectPool.borrowObject(GenericKeyedObjectPool.java:355) ~[commons-pool2-2.12.0.jar:2.12.0]
	at org.apache.jmeter.visualizers.backend.graphite.TextGraphiteMetricsSender.writeMetrics(TextGraphiteMetricsSender.java:110) [ApacheJMeter_components.jar:5.6.3]
	at org.apache.jmeter.visualizers.backend.graphite.TextGraphiteMetricsSender.writeAndSendMetrics(TextGraphiteMetricsSender.java:104) [ApacheJMeter_components.jar:5.6.3]
	at org.apache.jmeter.visualizers.backend.graphite.GraphiteBackendListenerClient.sendMetrics(GraphiteBackendListenerClient.java:186) [ApacheJMeter_components.jar:5.6.3]
	at org.apache.jmeter.visualizers.backend.graphite.GraphiteBackendListenerClient.run(GraphiteBackendListenerClient.java:149) [ApacheJMeter_components.jar:5.6.3]
	at java.base/java.util.concurrent.Executors$RunnableAdapter.call(Executors.java:539) [?:?]
	at java.base/java.util.concurrent.FutureTask.runAndReset(FutureTask.java:305) [?:?]
	at java.base/java.util.concurrent.ScheduledThreadPoolExecutor$ScheduledFutureTask.run(ScheduledThreadPoolExecutor.java:305) [?:?]
	at java.base/java.util.concurrent.ThreadPoolExecutor.runWorker(ThreadPoolExecutor.java:1136) [?:?]
	at java.base/java.util.concurrent.ThreadPoolExecutor$Worker.run(ThreadPoolExecutor.java:635) [?:?]
	at java.base/java.lang.Thread.run(Thread.java:842) [?:?]
2026-08-03 18:55:05,607 INFO o.a.j.t.JMeterThread: Thread is done: org.apache.jmeter.threads.JMeterThread@100c0119 - T03_SigninOutllok_09P - validate password /owamail/hashed-v1/resources/graphql/schema.all.min-hash-4d0b317d.graphql-624
2026-08-03 18:55:05,607 INFO o.a.j.t.JMeterThread: Thread finished: org.apache.jmeter.threads.JMeterThread@100c0119 - T03_SigninOutllok_09P - validate password /owamail/hashed-v1/resources/graphql/schema.all.min-hash-4d0b317d.graphql-624
2026-08-03 18:55:05,607 INFO o.a.j.t.JMeterThread: Thread started: parallel T03_SigninOutllok_09P
2026-08-03 18:55:05,839 INFO o.a.j.t.JMeterThread: Thread is done: org.apache.jmeter.threads.JMeterThread@100c0119 - T03_SigninOutllok_09P - validate password /api/myapps/GetAllApps-588
2026-08-03 18:55:05,854 INFO o.a.j.t.JMeterThread: Thread finished: org.apache.jmeter.threads.JMeterThread@100c0119 - T03_SigninOutllok_09P - validate password /api/myapps/GetAllApps-588
2026-08-03 18:55:05,854 INFO o.a.j.t.JMeterThread: Thread is done: org.apache.jmeter.threads.JMeterThread@100c0119 - T03_SigninOutllok_09P - validate password /owa/published/service.svc?action=GetTimeZoneOffsets&app=Mail&n=2-609
2026-08-03 18:55:05,854 INFO o.a.j.t.JMeterThread: Thread finished: org.apache.jmeter.threads.JMeterThread@100c0119 - T03_SigninOutllok_09P - validate password /owa/published/service.svc?action=GetTimeZoneOffsets&app=Mail&n=2-609
2026-08-03 18:55:05,856 INFO o.a.j.t.JMeterThread: Thread started: parallel T03_SigninOutllok_09P
2026-08-03 18:55:05,860 INFO o.a.j.t.JMeterThread: Thread is done: org.apache.jmeter.threads.JMeterThread@100c0119 - T03_SigninOutllok_09P - validate password /owa/published/service.svc?action=GetTimeZoneOffsets&app=Mail&n=0-614
2026-08-03 18:55:05,861 INFO o.a.j.t.JMeterThread: Thread finished: org.apache.jmeter.threads.JMeterThread@100c0119 - T03_SigninOutllok_09P - validate password /owa/published/service.svc?action=GetTimeZoneOffsets&app=Mail&n=0-614
2026-08-03 18:55:05,950 INFO o.a.j.t.JMeterThread: Thread is done: org.apache.jmeter.threads.JMeterThread@100c0119 - T03_SigninOutllok_09P - validate password /owa/service.svc?action=GetTimeZone&app=Mail&n=1-611
2026-08-03 18:55:05,950 INFO o.a.j.t.JMeterThread: Thread finished: org.apache.jmeter.threads.JMeterThread@100c0119 - T03_SigninOutllok_09P - validate password /owa/service.svc?action=GetTimeZone&app=Mail&n=1-611
2026-08-03 18:55:05,950 INFO o.a.j.t.JMeterThread: Thread is done: org.apache.jmeter.threads.JMeterThread@100c0119 - T03_SigninOutllok_09P - validate password /owa/service.svc?action=GetTimeZone&app=Mail&n=3-613
2026-08-03 18:55:05,956 INFO o.a.j.t.JMeterThread: Thread finished: org.apache.jmeter.threads.JMeterThread@100c0119 - T03_SigninOutllok_09P - validate password /owa/service.svc?action=GetTimeZone&app=Mail&n=3-613
2026-08-03 18:55:06,156 INFO o.a.j.t.JMeterThread: Thread is done: org.apache.jmeter.threads.JMeterThread@100c0119 - T03_SigninOutllok_09P - validate password /owa/service.svc?action=GetOwaNonBootUserConfiguration&app=Mail&n=4-634
2026-08-03 18:55:06,156 INFO o.a.j.t.JMeterThread: Thread finished: org.apache.jmeter.threads.JMeterThread@100c0119 - T03_SigninOutllok_09P - validate password /owa/service.svc?action=GetOwaNonBootUserConfiguration&app=Mail&n=4-634
2026-08-03 18:55:06,303 INFO o.a.j.t.JMeterThread: Thread is done: org.apache.jmeter.threads.JMeterThread@100c0119 - T03_SigninOutllok_09P - validate password /organizations/oauth2/v2.0/token?client-request-id=2ffeab41-0b01-281d-9763-66361f2097d5-660
2026-08-03 18:55:06,305 INFO o.a.j.t.JMeterThread: Thread finished: org.apache.jmeter.threads.JMeterThread@100c0119 - T03_SigninOutllok_09P - validate password /organizations/oauth2/v2.0/token?client-request-id=2ffeab41-0b01-281d-9763-66361f2097d5-660
2026-08-03 18:55:06,338 INFO o.a.j.t.JMeterThread: Thread started: parallel T03_SigninOutllok_10P
2026-08-03 18:55:06,338 INFO o.a.j.t.JMeterThread: Thread started: parallel T03_SigninOutllok_10P
2026-08-03 18:55:06,338 INFO o.a.j.t.JMeterThread: Thread started: parallel T03_SigninOutllok_10P
2026-08-03 18:55:06,338 INFO o.a.j.t.JMeterThread: Thread started: parallel T03_SigninOutllok_10P
2026-08-03 18:55:06,338 INFO o.a.j.t.JMeterThread: Thread started: parallel T03_SigninOutllok_10P
2026-08-03 18:55:06,523 ERROR o.a.j.v.b.g.TextGraphiteMetricsSender: Error writing to Graphite: Connection refused: no further information
java.net.ConnectException: Connection refused: no further information
	at java.base/sun.nio.ch.Net.pollConnect(Native Method) ~[?:?]
	at java.base/sun.nio.ch.Net.pollConnectNow(Net.java:672) ~[?:?]
	at java.base/sun.nio.ch.NioSocketImpl.timedFinishConnect(NioSocketImpl.java:547) ~[?:?]
	at java.base/sun.nio.ch.NioSocketImpl.connect(NioSocketImpl.java:602) ~[?:?]
	at java.base/java.net.SocksSocketImpl.connect(SocksSocketImpl.java:327) ~[?:?]
	at java.base/java.net.Socket.connect(Socket.java:633) ~[?:?]
	at org.apache.jmeter.visualizers.backend.graphite.SocketOutputStreamPoolFactory.create(SocketOutputStreamPoolFactory.java:76) ~[ApacheJMeter_components.jar:5.6.3]
	at org.apache.jmeter.visualizers.backend.graphite.SocketOutputStreamPoolFactory.makeObject(SocketOutputStreamPoolFactory.java:47) ~[ApacheJMeter_components.jar:5.6.3]
	at org.apache.jmeter.visualizers.backend.graphite.SocketOutputStreamPoolFactory.makeObject(SocketOutputStreamPoolFactory.java:33) ~[ApacheJMeter_components.jar:5.6.3]
	at org.apache.commons.pool2.impl.GenericKeyedObjectPool.create(GenericKeyedObjectPool.java:796) ~[commons-pool2-2.12.0.jar:2.12.0]
	at org.apache.commons.pool2.impl.GenericKeyedObjectPool.borrowObject(GenericKeyedObjectPool.java:444) ~[commons-pool2-2.12.0.jar:2.12.0]
	at org.apache.commons.pool2.impl.GenericKeyedObjectPool.borrowObject(GenericKeyedObjectPool.java:355) ~[commons-pool2-2.12.0.jar:2.12.0]
	at org.apache.jmeter.visualizers.backend.graphite.TextGraphiteMetricsSender.writeMetrics(TextGraphiteMetricsSender.java:110) [ApacheJMeter_components.jar:5.6.3]
	at org.apache.jmeter.visualizers.backend.graphite.TextGraphiteMetricsSender.writeAndSendMetrics(TextGraphiteMetricsSender.java:104) [ApacheJMeter_components.jar:5.6.3]
	at org.apache.jmeter.visualizers.backend.graphite.GraphiteBackendListenerClient.sendMetrics(GraphiteBackendListenerClient.java:186) [ApacheJMeter_components.jar:5.6.3]
	at org.apache.jmeter.visualizers.backend.graphite.GraphiteBackendListenerClient.run(GraphiteBackendListenerClient.java:149) [ApacheJMeter_components.jar:5.6.3]
	at java.base/java.util.concurrent.Executors$RunnableAdapter.call(Executors.java:539) [?:?]
	at java.base/java.util.concurrent.FutureTask.runAndReset(FutureTask.java:305) [?:?]
	at java.base/java.util.concurrent.ScheduledThreadPoolExecutor$ScheduledFutureTask.run(ScheduledThreadPoolExecutor.java:305) [?:?]
	at java.base/java.util.concurrent.ThreadPoolExecutor.runWorker(ThreadPoolExecutor.java:1136) [?:?]
	at java.base/java.util.concurrent.ThreadPoolExecutor$Worker.run(ThreadPoolExecutor.java:635) [?:?]
	at java.base/java.lang.Thread.run(Thread.java:842) [?:?]
2026-08-03 18:55:06,737 INFO o.a.j.t.JMeterThread: Thread is done: org.apache.jmeter.threads.JMeterThread@100c0119 - T03_SigninOutllok_10P - validate password /ows/beta/RoamingSignatures/GetRoamingSignaturesStatus-668
2026-08-03 18:55:06,737 INFO o.a.j.t.JMeterThread: Thread is done: org.apache.jmeter.threads.JMeterThread@100c0119 - T03_SigninOutllok_10P - validate password /owa/service.svc?action=FindConversation&app=Mail&n=5-654
2026-08-03 18:55:06,737 INFO o.a.j.t.JMeterThread: Thread finished: org.apache.jmeter.threads.JMeterThread@100c0119 - T03_SigninOutllok_10P - validate password /ows/beta/RoamingSignatures/GetRoamingSignaturesStatus-668
2026-08-03 18:55:06,737 INFO o.a.j.t.JMeterThread: Thread finished: org.apache.jmeter.threads.JMeterThread@100c0119 - T03_SigninOutllok_10P - validate password /owa/service.svc?action=FindConversation&app=Mail&n=5-654
2026-08-03 18:55:06,752 INFO o.a.j.t.JMeterThread: Thread is done: org.apache.jmeter.threads.JMeterThread@100c0119 - T03_SigninOutllok_10P - validate password /owa/service.svc?action=GetFolder&app=Mail&n=7-662
2026-08-03 18:55:06,752 INFO o.a.j.t.JMeterThread: Thread finished: org.apache.jmeter.threads.JMeterThread@100c0119 - T03_SigninOutllok_10P - validate password /owa/service.svc?action=GetFolder&app=Mail&n=7-662
2026-08-03 18:55:06,755 INFO o.a.j.t.JMeterThread: Thread is done: org.apache.jmeter.threads.JMeterThread@100c0119 - T03_SigninOutllok_10P - validate password /owa/service.svc?action=FindFolder&app=Mail&n=6-655
2026-08-03 18:55:06,755 INFO o.a.j.t.JMeterThread: Thread finished: org.apache.jmeter.threads.JMeterThread@100c0119 - T03_SigninOutllok_10P - validate password /owa/service.svc?action=FindFolder&app=Mail&n=6-655
2026-08-03 18:55:06,755 INFO o.a.j.t.JMeterThread: Thread is done: org.apache.jmeter.threads.JMeterThread@100c0119 - T03_SigninOutllok_10P - validate password /owa/service.svc?action=FindFolder&app=Mail&n=8-656
2026-08-03 18:55:06,755 INFO o.a.j.t.JMeterThread: Thread finished: org.apache.jmeter.threads.JMeterThread@100c0119 - T03_SigninOutllok_10P - validate password /owa/service.svc?action=FindFolder&app=Mail&n=8-656
2026-08-03 18:55:06,799 INFO o.a.j.t.JMeterThread: Thread started: parallel T03_SigninOutllok_11P
2026-08-03 18:55:06,803 INFO o.a.j.t.JMeterThread: Thread started: parallel T03_SigninOutllok_11P
2026-08-03 18:55:06,799 INFO o.a.j.t.JMeterThread: Thread started: parallel T03_SigninOutllok_11P
2026-08-03 18:55:06,803 INFO o.a.j.t.JMeterThread: Thread started: parallel T03_SigninOutllok_11P
2026-08-03 18:55:07,320 INFO o.a.j.t.JMeterThread: Thread is done: org.apache.jmeter.threads.JMeterThread@100c0119 - T03_SigninOutllok_11P - validate password /ows/v1/OutlookCloudSettings/settings/-669
2026-08-03 18:55:07,320 INFO o.a.j.t.JMeterThread: Thread finished: org.apache.jmeter.threads.JMeterThread@100c0119 - T03_SigninOutllok_11P - validate password /ows/v1/OutlookCloudSettings/settings/-669
2026-08-03 18:55:07,321 INFO o.a.j.t.JMeterThread: Thread is done: org.apache.jmeter.threads.JMeterThread@100c0119 - T03_SigninOutllok_11P - validate password /ows/v1/OutlookCloudSettings/settings/-674
2026-08-03 18:55:07,321 INFO o.a.j.t.JMeterThread: Thread finished: org.apache.jmeter.threads.JMeterThread@100c0119 - T03_SigninOutllok_11P - validate password /ows/v1/OutlookCloudSettings/settings/-674
2026-08-03 18:55:07,345 INFO o.a.j.t.JMeterThread: Thread is done: org.apache.jmeter.threads.JMeterThread@100c0119 - T03_SigninOutllok_11P - validate password /ows/v1/OutlookCloudSettings/settings/-670
2026-08-03 18:55:07,345 INFO o.a.j.t.JMeterThread: Thread finished: org.apache.jmeter.threads.JMeterThread@100c0119 - T03_SigninOutllok_11P - validate password /ows/v1/OutlookCloudSettings/settings/-670
2026-08-03 18:55:07,522 ERROR o.a.j.v.b.g.TextGraphiteMetricsSender: Error writing to Graphite: Connection refused: no further information
java.net.ConnectException: Connection refused: no further information
	at java.base/sun.nio.ch.Net.pollConnect(Native Method) ~[?:?]
	at java.base/sun.nio.ch.Net.pollConnectNow(Net.java:672) ~[?:?]
	at java.base/sun.nio.ch.NioSocketImpl.timedFinishConnect(NioSocketImpl.java:547) ~[?:?]
	at java.base/sun.nio.ch.NioSocketImpl.connect(NioSocketImpl.java:602) ~[?:?]
	at java.base/java.net.SocksSocketImpl.connect(SocksSocketImpl.java:327) ~[?:?]
	at java.base/java.net.Socket.connect(Socket.java:633) ~[?:?]
	at org.apache.jmeter.visualizers.backend.graphite.SocketOutputStreamPoolFactory.create(SocketOutputStreamPoolFactory.java:76) ~[ApacheJMeter_components.jar:5.6.3]
	at org.apache.jmeter.visualizers.backend.graphite.SocketOutputStreamPoolFactory.makeObject(SocketOutputStreamPoolFactory.java:47) ~[ApacheJMeter_components.jar:5.6.3]
	at org.apache.jmeter.visualizers.backend.graphite.SocketOutputStreamPoolFactory.makeObject(SocketOutputStreamPoolFactory.java:33) ~[ApacheJMeter_components.jar:5.6.3]
	at org.apache.commons.pool2.impl.GenericKeyedObjectPool.create(GenericKeyedObjectPool.java:796) ~[commons-pool2-2.12.0.jar:2.12.0]
	at org.apache.commons.pool2.impl.GenericKeyedObjectPool.borrowObject(GenericKeyedObjectPool.java:444) ~[commons-pool2-2.12.0.jar:2.12.0]
	at org.apache.commons.pool2.impl.GenericKeyedObjectPool.borrowObject(GenericKeyedObjectPool.java:355) ~[commons-pool2-2.12.0.jar:2.12.0]
	at org.apache.jmeter.visualizers.backend.graphite.TextGraphiteMetricsSender.writeMetrics(TextGraphiteMetricsSender.java:110) [ApacheJMeter_components.jar:5.6.3]
	at org.apache.jmeter.visualizers.backend.graphite.TextGraphiteMetricsSender.writeAndSendMetrics(TextGraphiteMetricsSender.java:104) [ApacheJMeter_components.jar:5.6.3]
	at org.apache.jmeter.visualizers.backend.graphite.GraphiteBackendListenerClient.sendMetrics(GraphiteBackendListenerClient.java:186) [ApacheJMeter_components.jar:5.6.3]
	at org.apache.jmeter.visualizers.backend.graphite.GraphiteBackendListenerClient.run(GraphiteBackendListenerClient.java:149) [ApacheJMeter_components.jar:5.6.3]
	at java.base/java.util.concurrent.Executors$RunnableAdapter.call(Executors.java:539) [?:?]
	at java.base/java.util.concurrent.FutureTask.runAndReset(FutureTask.java:305) [?:?]
	at java.base/java.util.concurrent.ScheduledThreadPoolExecutor$ScheduledFutureTask.run(ScheduledThreadPoolExecutor.java:305) [?:?]
	at java.base/java.util.concurrent.ThreadPoolExecutor.runWorker(ThreadPoolExecutor.java:1136) [?:?]
	at java.base/java.util.concurrent.ThreadPoolExecutor$Worker.run(ThreadPoolExecutor.java:635) [?:?]
	at java.base/java.lang.Thread.run(Thread.java:842) [?:?]
2026-08-03 18:55:07,621 INFO o.a.j.t.JMeterThread: Thread is done: org.apache.jmeter.threads.JMeterThread@100c0119 - T03_SigninOutllok_11P - validate password /ows/v1/OutlookCloudSettings/settings/-673
2026-08-03 18:55:07,621 INFO o.a.j.t.JMeterThread: Thread finished: org.apache.jmeter.threads.JMeterThread@100c0119 - T03_SigninOutllok_11P - validate password /ows/v1/OutlookCloudSettings/settings/-673
2026-08-03 18:55:08,531 ERROR o.a.j.v.b.g.TextGraphiteMetricsSender: Error writing to Graphite: Connection refused: no further information
java.net.ConnectException: Connection refused: no further information
	at java.base/sun.nio.ch.Net.pollConnect(Native Method) ~[?:?]
	at java.base/sun.nio.ch.Net.pollConnectNow(Net.java:672) ~[?:?]
	at java.base/sun.nio.ch.NioSocketImpl.timedFinishConnect(NioSocketImpl.java:547) ~[?:?]
	at java.base/sun.nio.ch.NioSocketImpl.connect(NioSocketImpl.java:602) ~[?:?]
	at java.base/java.net.SocksSocketImpl.connect(SocksSocketImpl.java:327) ~[?:?]
	at java.base/java.net.Socket.connect(Socket.java:633) ~[?:?]
	at org.apache.jmeter.visualizers.backend.graphite.SocketOutputStreamPoolFactory.create(SocketOutputStreamPoolFactory.java:76) ~[ApacheJMeter_components.jar:5.6.3]
	at org.apache.jmeter.visualizers.backend.graphite.SocketOutputStreamPoolFactory.makeObject(SocketOutputStreamPoolFactory.java:47) ~[ApacheJMeter_components.jar:5.6.3]
	at org.apache.jmeter.visualizers.backend.graphite.SocketOutputStreamPoolFactory.makeObject(SocketOutputStreamPoolFactory.java:33) ~[ApacheJMeter_components.jar:5.6.3]
	at org.apache.commons.pool2.impl.GenericKeyedObjectPool.create(GenericKeyedObjectPool.java:796) ~[commons-pool2-2.12.0.jar:2.12.0]
	at org.apache.commons.pool2.impl.GenericKeyedObjectPool.borrowObject(GenericKeyedObjectPool.java:444) ~[commons-pool2-2.12.0.jar:2.12.0]
	at org.apache.commons.pool2.impl.GenericKeyedObjectPool.borrowObject(GenericKeyedObjectPool.java:355) ~[commons-pool2-2.12.0.jar:2.12.0]
	at org.apache.jmeter.visualizers.backend.graphite.TextGraphiteMetricsSender.writeMetrics(TextGraphiteMetricsSender.java:110) [ApacheJMeter_components.jar:5.6.3]
	at org.apache.jmeter.visualizers.backend.graphite.TextGraphiteMetricsSender.writeAndSendMetrics(TextGraphiteMetricsSender.java:104) [ApacheJMeter_components.jar:5.6.3]
	at org.apache.jmeter.visualizers.backend.graphite.GraphiteBackendListenerClient.sendMetrics(GraphiteBackendListenerClient.java:186) [ApacheJMeter_components.jar:5.6.3]
	at org.apache.jmeter.visualizers.backend.graphite.GraphiteBackendListenerClient.run(GraphiteBackendListenerClient.java:149) [ApacheJMeter_components.jar:5.6.3]
	at java.base/java.util.concurrent.Executors$RunnableAdapter.call(Executors.java:539) [?:?]
	at java.base/java.util.concurrent.FutureTask.runAndReset(FutureTask.java:305) [?:?]
	at java.base/java.util.concurrent.ScheduledThreadPoolExecutor$ScheduledFutureTask.run(ScheduledThreadPoolExecutor.java:305) [?:?]
	at java.base/java.util.concurrent.ThreadPoolExecutor.runWorker(ThreadPoolExecutor.java:1136) [?:?]
	at java.base/java.util.concurrent.ThreadPoolExecutor$Worker.run(ThreadPoolExecutor.java:635) [?:?]
	at java.base/java.lang.Thread.run(Thread.java:842) [?:?]
2026-08-03 18:55:09,534 ERROR o.a.j.v.b.g.TextGraphiteMetricsSender: Error writing to Graphite: Connection refused: no further information
java.net.ConnectException: Connection refused: no further information
	at java.base/sun.nio.ch.Net.pollConnect(Native Method) ~[?:?]
	at java.base/sun.nio.ch.Net.pollConnectNow(Net.java:672) ~[?:?]
	at java.base/sun.nio.ch.NioSocketImpl.timedFinishConnect(NioSocketImpl.java:547) ~[?:?]
	at java.base/sun.nio.ch.NioSocketImpl.connect(NioSocketImpl.java:602) ~[?:?]
	at java.base/java.net.SocksSocketImpl.connect(SocksSocketImpl.java:327) ~[?:?]
	at java.base/java.net.Socket.connect(Socket.java:633) ~[?:?]
	at org.apache.jmeter.visualizers.backend.graphite.SocketOutputStreamPoolFactory.create(SocketOutputStreamPoolFactory.java:76) ~[ApacheJMeter_components.jar:5.6.3]
	at org.apache.jmeter.visualizers.backend.graphite.SocketOutputStreamPoolFactory.makeObject(SocketOutputStreamPoolFactory.java:47) ~[ApacheJMeter_components.jar:5.6.3]
	at org.apache.jmeter.visualizers.backend.graphite.SocketOutputStreamPoolFactory.makeObject(SocketOutputStreamPoolFactory.java:33) ~[ApacheJMeter_components.jar:5.6.3]
	at org.apache.commons.pool2.impl.GenericKeyedObjectPool.create(GenericKeyedObjectPool.java:796) ~[commons-pool2-2.12.0.jar:2.12.0]
	at org.apache.commons.pool2.impl.GenericKeyedObjectPool.borrowObject(GenericKeyedObjectPool.java:444) ~[commons-pool2-2.12.0.jar:2.12.0]
	at org.apache.commons.pool2.impl.GenericKeyedObjectPool.borrowObject(GenericKeyedObjectPool.java:355) ~[commons-pool2-2.12.0.jar:2.12.0]
	at org.apache.jmeter.visualizers.backend.graphite.TextGraphiteMetricsSender.writeMetrics(TextGraphiteMetricsSender.java:110) [ApacheJMeter_components.jar:5.6.3]
	at org.apache.jmeter.visualizers.backend.graphite.TextGraphiteMetricsSender.writeAndSendMetrics(TextGraphiteMetricsSender.java:104) [ApacheJMeter_components.jar:5.6.3]
	at org.apache.jmeter.visualizers.backend.graphite.GraphiteBackendListenerClient.sendMetrics(GraphiteBackendListenerClient.java:186) [ApacheJMeter_components.jar:5.6.3]
	at org.apache.jmeter.visualizers.backend.graphite.GraphiteBackendListenerClient.run(GraphiteBackendListenerClient.java:149) [ApacheJMeter_components.jar:5.6.3]
	at java.base/java.util.concurrent.Executors$RunnableAdapter.call(Executors.java:539) [?:?]
	at java.base/java.util.concurrent.FutureTask.runAndReset(FutureTask.java:305) [?:?]
	at java.base/java.util.concurrent.ScheduledThreadPoolExecutor$ScheduledFutureTask.run(ScheduledThreadPoolExecutor.java:305) [?:?]
	at java.base/java.util.concurrent.ThreadPoolExecutor.runWorker(ThreadPoolExecutor.java:1136) [?:?]
	at java.base/java.util.concurrent.ThreadPoolExecutor$Worker.run(ThreadPoolExecutor.java:635) [?:?]
	at java.base/java.lang.Thread.run(Thread.java:842) [?:?]
2026-08-03 18:55:10,074 INFO o.a.j.r.Summariser: summary +     34 in 00:00:06 =    5.6/s Avg:   488 Min:   190 Max:  2536 Err:     0 (0.00%) Active: 3 Started: 321 Finished: 318
2026-08-03 18:55:10,076 INFO o.a.j.r.Summariser: summary =    135 in 00:00:28 =    4.9/s Avg:   434 Min:    17 Max:  5121 Err:     0 (0.00%)
2026-08-03 18:55:10,547 ERROR o.a.j.v.b.g.TextGraphiteMetricsSender: Error writing to Graphite: Connection refused: no further information
java.net.ConnectException: Connection refused: no further information
	at java.base/sun.nio.ch.Net.pollConnect(Native Method) ~[?:?]
	at java.base/sun.nio.ch.Net.pollConnectNow(Net.java:672) ~[?:?]
	at java.base/sun.nio.ch.NioSocketImpl.timedFinishConnect(NioSocketImpl.java:547) ~[?:?]
	at java.base/sun.nio.ch.NioSocketImpl.connect(NioSocketImpl.java:602) ~[?:?]
	at java.base/java.net.SocksSocketImpl.connect(SocksSocketImpl.java:327) ~[?:?]
	at java.base/java.net.Socket.connect(Socket.java:633) ~[?:?]
	at org.apache.jmeter.visualizers.backend.graphite.SocketOutputStreamPoolFactory.create(SocketOutputStreamPoolFactory.java:76) ~[ApacheJMeter_components.jar:5.6.3]
	at org.apache.jmeter.visualizers.backend.graphite.SocketOutputStreamPoolFactory.makeObject(SocketOutputStreamPoolFactory.java:47) ~[ApacheJMeter_components.jar:5.6.3]
	at org.apache.jmeter.visualizers.backend.graphite.SocketOutputStreamPoolFactory.makeObject(SocketOutputStreamPoolFactory.java:33) ~[ApacheJMeter_components.jar:5.6.3]
	at org.apache.commons.pool2.impl.GenericKeyedObjectPool.create(GenericKeyedObjectPool.java:796) ~[commons-pool2-2.12.0.jar:2.12.0]
	at org.apache.commons.pool2.impl.GenericKeyedObjectPool.borrowObject(GenericKeyedObjectPool.java:444) ~[commons-pool2-2.12.0.jar:2.12.0]
	at org.apache.commons.pool2.impl.GenericKeyedObjectPool.borrowObject(GenericKeyedObjectPool.java:355) ~[commons-pool2-2.12.0.jar:2.12.0]
	at org.apache.jmeter.visualizers.backend.graphite.TextGraphiteMetricsSender.writeMetrics(TextGraphiteMetricsSender.java:110) [ApacheJMeter_components.jar:5.6.3]
	at org.apache.jmeter.visualizers.backend.graphite.TextGraphiteMetricsSender.writeAndSendMetrics(TextGraphiteMetricsSender.java:104) [ApacheJMeter_components.jar:5.6.3]
	at org.apache.jmeter.visualizers.backend.graphite.GraphiteBackendListenerClient.sendMetrics(GraphiteBackendListenerClient.java:186) [ApacheJMeter_components.jar:5.6.3]
	at org.apache.jmeter.visualizers.backend.graphite.GraphiteBackendListenerClient.run(GraphiteBackendListenerClient.java:149) [ApacheJMeter_components.jar:5.6.3]
	at java.base/java.util.concurrent.Executors$RunnableAdapter.call(Executors.java:539) [?:?]
	at java.base/java.util.concurrent.FutureTask.runAndReset(FutureTask.java:305) [?:?]
	at java.base/java.util.concurrent.ScheduledThreadPoolExecutor$ScheduledFutureTask.run(ScheduledThreadPoolExecutor.java:305) [?:?]
	at java.base/java.util.concurrent.ThreadPoolExecutor.runWorker(ThreadPoolExecutor.java:1136) [?:?]
	at java.base/java.util.concurrent.ThreadPoolExecutor$Worker.run(ThreadPoolExecutor.java:635) [?:?]
	at java.base/java.lang.Thread.run(Thread.java:842) [?:?]
2026-08-03 18:55:11,161 INFO o.a.j.t.JMeterThread: Thread started: parallel T03_SigninOutllok_14P
2026-08-03 18:55:11,161 INFO o.a.j.t.JMeterThread: Thread started: parallel T03_SigninOutllok_14P
2026-08-03 18:55:11,162 INFO o.a.j.t.JMeterThread: Thread started: parallel T03_SigninOutllok_14P
2026-08-03 18:55:11,165 INFO o.a.j.t.JMeterThread: Thread started: parallel T03_SigninOutllok_14P
2026-08-03 18:55:11,165 INFO o.a.j.t.JMeterThread: Thread started: parallel T03_SigninOutllok_14P
2026-08-03 18:55:11,165 INFO o.a.j.t.JMeterThread: Thread started: parallel T03_SigninOutllok_14P
2026-08-03 18:55:11,169 INFO o.a.j.t.JMeterThread: Thread started: parallel T03_SigninOutllok_14P
2026-08-03 18:55:11,169 INFO o.a.j.t.JMeterThread: Thread started: parallel T03_SigninOutllok_14P
2026-08-03 18:55:11,178 INFO o.a.j.t.JMeterThread: Thread started: parallel T03_SigninOutllok_14P
2026-08-03 18:55:11,178 INFO o.a.j.t.JMeterThread: Thread started: parallel T03_SigninOutllok_14P
2026-08-03 18:55:11,178 INFO o.a.j.t.JMeterThread: Thread started: parallel T03_SigninOutllok_14P
2026-08-03 18:55:11,178 INFO o.a.j.t.JMeterThread: Thread started: parallel T03_SigninOutllok_14P
2026-08-03 18:55:11,321 INFO o.a.j.t.JMeterThread: Thread is done: org.apache.jmeter.threads.JMeterThread@379a352a - T03_SigninOutllok_14P - validate password /assets/mail/illustrations/emptyFolder/v1/dark.svg-1,191
2026-08-03 18:55:11,321 INFO o.a.j.t.JMeterThread: Thread finished: org.apache.jmeter.threads.JMeterThread@379a352a - T03_SigninOutllok_14P - validate password /assets/mail/illustrations/emptyFolder/v1/dark.svg-1,191
2026-08-03 18:55:11,325 INFO o.a.j.t.JMeterThread: Thread started: parallel T03_SigninOutllok_14P
2026-08-03 18:55:11,326 INFO o.a.j.t.JMeterThread: Thread is done: org.apache.jmeter.threads.JMeterThread@379a352a - T03_SigninOutllok_14P - validate password /assets/mail/illustrations/genericError/v1/dark.svg-1,189
2026-08-03 18:55:11,326 INFO o.a.j.t.JMeterThread: Thread finished: org.apache.jmeter.threads.JMeterThread@379a352a - T03_SigninOutllok_14P - validate password /assets/mail/illustrations/genericError/v1/dark.svg-1,189
2026-08-03 18:55:11,328 INFO o.a.j.t.JMeterThread: Thread started: parallel T03_SigninOutllok_14P
2026-08-03 18:55:11,335 INFO o.a.j.t.JMeterThread: Thread is done: org.apache.jmeter.threads.JMeterThread@379a352a - T03_SigninOutllok_14P - validate password /assets/mail/illustrations/emptyFolder/v1/light.svg-1,190
2026-08-03 18:55:11,335 INFO o.a.j.t.JMeterThread: Thread finished: org.apache.jmeter.threads.JMeterThread@379a352a - T03_SigninOutllok_14P - validate password /assets/mail/illustrations/emptyFolder/v1/light.svg-1,190
2026-08-03 18:55:11,335 INFO o.a.j.t.JMeterThread: Thread started: parallel T03_SigninOutllok_14P
2026-08-03 18:55:11,335 INFO o.a.j.t.JMeterThread: Thread is done: org.apache.jmeter.threads.JMeterThread@379a352a - T03_SigninOutllok_14P - validate password /assets/framework/microsoft.svg-1,192
2026-08-03 18:55:11,335 INFO o.a.j.t.JMeterThread: Thread finished: org.apache.jmeter.threads.JMeterThread@379a352a - T03_SigninOutllok_14P - validate password /assets/framework/microsoft.svg-1,192
2026-08-03 18:55:11,335 INFO o.a.j.t.JMeterThread: Thread started: parallel T03_SigninOutllok_14P
2026-08-03 18:55:11,352 INFO o.a.j.t.JMeterThread: Thread is done: org.apache.jmeter.threads.JMeterThread@3ef10f5b - T03_SigninOutllok_14P - validate password /assets/framework/microsoft.svg-1,192
2026-08-03 18:55:11,352 INFO o.a.j.t.JMeterThread: Thread finished: org.apache.jmeter.threads.JMeterThread@3ef10f5b - T03_SigninOutllok_14P - validate password /assets/framework/microsoft.svg-1,192
2026-08-03 18:55:11,352 INFO o.a.j.t.JMeterThread: Thread started: parallel T03_SigninOutllok_14P
2026-08-03 18:55:11,360 INFO o.a.j.t.JMeterThread: Thread is done: org.apache.jmeter.threads.JMeterThread@3ef10f5b - T03_SigninOutllok_14P - validate password /assets/mail/illustrations/genericError/v1/light.svg-1,188
2026-08-03 18:55:11,360 INFO o.a.j.t.JMeterThread: Thread finished: org.apache.jmeter.threads.JMeterThread@3ef10f5b - T03_SigninOutllok_14P - validate password /assets/mail/illustrations/genericError/v1/light.svg-1,188
2026-08-03 18:55:11,360 INFO o.a.j.t.JMeterThread: Thread started: parallel T03_SigninOutllok_14P
2026-08-03 18:55:11,369 INFO o.a.j.t.JMeterThread: Thread is done: org.apache.jmeter.threads.JMeterThread@379a352a - T03_SigninOutllok_14P - validate password /assets/mail/fonts/aptos/v1.93.230727224051/aptos/Aptos-Italic.woff2-1,195
2026-08-03 18:55:11,369 INFO o.a.j.t.JMeterThread: Thread finished: org.apache.jmeter.threads.JMeterThread@379a352a - T03_SigninOutllok_14P - validate password /assets/mail/fonts/aptos/v1.93.230727224051/aptos/Aptos-Italic.woff2-1,195
2026-08-03 18:55:11,369 INFO o.a.j.t.JMeterThread: Thread is done: org.apache.jmeter.threads.JMeterThread@3ef10f5b - T03_SigninOutllok_14P - validate password /assets/mail/illustrations/emptyFolder/v1/dark.svg-1,191
2026-08-03 18:55:11,369 INFO o.a.j.t.JMeterThread: Thread finished: org.apache.jmeter.threads.JMeterThread@3ef10f5b - T03_SigninOutllok_14P - validate password /assets/mail/illustrations/emptyFolder/v1/dark.svg-1,191
2026-08-03 18:55:11,369 INFO o.a.j.t.JMeterThread: Thread started: parallel T03_SigninOutllok_14P
2026-08-03 18:55:11,369 INFO o.a.j.t.JMeterThread: Thread is done: org.apache.jmeter.threads.JMeterThread@379a352a - T03_SigninOutllok_14P - validate password /assets/mail/illustrations/genericError/v1/light.svg-1,188
2026-08-03 18:55:11,369 INFO o.a.j.t.JMeterThread: Thread started: parallel T03_SigninOutllok_14P
2026-08-03 18:55:11,369 INFO o.a.j.t.JMeterThread: Thread finished: org.apache.jmeter.threads.JMeterThread@379a352a - T03_SigninOutllok_14P - validate password /assets/mail/illustrations/genericError/v1/light.svg-1,188
2026-08-03 18:55:11,369 INFO o.a.j.t.JMeterThread: Thread started: parallel T03_SigninOutllok_14P
2026-08-03 18:55:11,385 INFO o.a.j.t.JMeterThread: Thread is done: org.apache.jmeter.threads.JMeterThread@3ef10f5b - T03_SigninOutllok_14P - validate password /assets/mail/illustrations/genericError/v1/dark.svg-1,189
2026-08-03 18:55:11,385 INFO o.a.j.t.JMeterThread: Thread finished: org.apache.jmeter.threads.JMeterThread@3ef10f5b - T03_SigninOutllok_14P - validate password /assets/mail/illustrations/genericError/v1/dark.svg-1,189
2026-08-03 18:55:11,385 INFO o.a.j.t.JMeterThread: Thread started: parallel T03_SigninOutllok_14P
2026-08-03 18:55:11,385 INFO o.a.j.t.JMeterThread: Thread is done: org.apache.jmeter.threads.JMeterThread@3ef10f5b - T03_SigninOutllok_14P - validate password /assets/mail/illustrations/emptyFolder/v1/light.svg-1,190
2026-08-03 18:55:11,385 INFO o.a.j.t.JMeterThread: Thread finished: org.apache.jmeter.threads.JMeterThread@3ef10f5b - T03_SigninOutllok_14P - validate password /assets/mail/illustrations/emptyFolder/v1/light.svg-1,190
2026-08-03 18:55:11,397 INFO o.a.j.t.JMeterThread: Thread started: parallel T03_SigninOutllok_14P
2026-08-03 18:55:11,402 INFO o.a.j.t.JMeterThread: Thread is done: org.apache.jmeter.threads.JMeterThread@3ef10f5b - T03_SigninOutllok_14P - validate password /assets/mail/fonts/aptos/v1.93.230727224051/aptos/Aptos-Italic.woff2-1,195
2026-08-03 18:55:11,402 INFO o.a.j.t.JMeterThread: Thread finished: org.apache.jmeter.threads.JMeterThread@3ef10f5b - T03_SigninOutllok_14P - validate password /assets/mail/fonts/aptos/v1.93.230727224051/aptos/Aptos-Italic.woff2-1,195
2026-08-03 18:55:11,406 INFO o.a.j.t.JMeterThread: Thread started: parallel T03_SigninOutllok_14P
2026-08-03 18:55:11,490 INFO o.a.j.t.JMeterThread: Thread is done: org.apache.jmeter.threads.JMeterThread@379a352a - T03_SigninOutllok_14P - validate password /assets/mail/fonts/aptos/v1.93.230727224051/aptos-mono/Aptos-Mono.woff2-1,197
2026-08-03 18:55:11,490 INFO o.a.j.t.JMeterThread: Thread finished: org.apache.jmeter.threads.JMeterThread@379a352a - T03_SigninOutllok_14P - validate password /assets/mail/fonts/aptos/v1.93.230727224051/aptos-mono/Aptos-Mono.woff2-1,197
2026-08-03 18:55:11,490 INFO o.a.j.t.JMeterThread: Thread started: parallel T03_SigninOutllok_14P
2026-08-03 18:55:11,501 INFO o.a.j.t.JMeterThread: Thread is done: org.apache.jmeter.threads.JMeterThread@379a352a - T03_SigninOutllok_14P - validate password /assets/mail/fonts/aptos/v1.93.230727224051/aptos/Aptos-Bold.woff2-1,194
2026-08-03 18:55:11,501 INFO o.a.j.t.JMeterThread: Thread finished: org.apache.jmeter.threads.JMeterThread@379a352a - T03_SigninOutllok_14P - validate password /assets/mail/fonts/aptos/v1.93.230727224051/aptos/Aptos-Bold.woff2-1,194
2026-08-03 18:55:11,501 INFO o.a.j.t.JMeterThread: Thread is done: org.apache.jmeter.threads.JMeterThread@379a352a - T03_SigninOutllok_14P - validate password /assets/mail/fonts/aptos/v1.93.230727224051/aptos/Aptos.woff2-1,193
2026-08-03 18:55:11,501 INFO o.a.j.t.JMeterThread: Thread finished: org.apache.jmeter.threads.JMeterThread@379a352a - T03_SigninOutllok_14P - validate password /assets/mail/fonts/aptos/v1.93.230727224051/aptos/Aptos.woff2-1,193
2026-08-03 18:55:11,501 INFO o.a.j.t.JMeterThread: Thread started: parallel T03_SigninOutllok_14P
2026-08-03 18:55:11,501 INFO o.a.j.t.JMeterThread: Thread started: parallel T03_SigninOutllok_14P
2026-08-03 18:55:11,535 ERROR o.a.j.v.b.g.TextGraphiteMetricsSender: Error writing to Graphite: Connection refused: no further information
java.net.ConnectException: Connection refused: no further information
	at java.base/sun.nio.ch.Net.pollConnect(Native Method) ~[?:?]
	at java.base/sun.nio.ch.Net.pollConnectNow(Net.java:672) ~[?:?]
	at java.base/sun.nio.ch.NioSocketImpl.timedFinishConnect(NioSocketImpl.java:547) ~[?:?]
	at java.base/sun.nio.ch.NioSocketImpl.connect(NioSocketImpl.java:602) ~[?:?]
	at java.base/java.net.SocksSocketImpl.connect(SocksSocketImpl.java:327) ~[?:?]
	at java.base/java.net.Socket.connect(Socket.java:633) ~[?:?]
	at org.apache.jmeter.visualizers.backend.graphite.SocketOutputStreamPoolFactory.create(SocketOutputStreamPoolFactory.java:76) ~[ApacheJMeter_components.jar:5.6.3]
	at org.apache.jmeter.visualizers.backend.graphite.SocketOutputStreamPoolFactory.makeObject(SocketOutputStreamPoolFactory.java:47) ~[ApacheJMeter_components.jar:5.6.3]
	at org.apache.jmeter.visualizers.backend.graphite.SocketOutputStreamPoolFactory.makeObject(SocketOutputStreamPoolFactory.java:33) ~[ApacheJMeter_components.jar:5.6.3]
	at org.apache.commons.pool2.impl.GenericKeyedObjectPool.create(GenericKeyedObjectPool.java:796) ~[commons-pool2-2.12.0.jar:2.12.0]
	at org.apache.commons.pool2.impl.GenericKeyedObjectPool.borrowObject(GenericKeyedObjectPool.java:444) ~[commons-pool2-2.12.0.jar:2.12.0]
	at org.apache.commons.pool2.impl.GenericKeyedObjectPool.borrowObject(GenericKeyedObjectPool.java:355) ~[commons-pool2-2.12.0.jar:2.12.0]
	at org.apache.jmeter.visualizers.backend.graphite.TextGraphiteMetricsSender.writeMetrics(TextGraphiteMetricsSender.java:110) [ApacheJMeter_components.jar:5.6.3]
	at org.apache.jmeter.visualizers.backend.graphite.TextGraphiteMetricsSender.writeAndSendMetrics(TextGraphiteMetricsSender.java:104) [ApacheJMeter_components.jar:5.6.3]
	at org.apache.jmeter.visualizers.backend.graphite.GraphiteBackendListenerClient.sendMetrics(GraphiteBackendListenerClient.java:186) [ApacheJMeter_components.jar:5.6.3]
	at org.apache.jmeter.visualizers.backend.graphite.GraphiteBackendListenerClient.run(GraphiteBackendListenerClient.java:149) [ApacheJMeter_components.jar:5.6.3]
	at java.base/java.util.concurrent.Executors$RunnableAdapter.call(Executors.java:539) [?:?]
	at java.base/java.util.concurrent.FutureTask.runAndReset(FutureTask.java:305) [?:?]
	at java.base/java.util.concurrent.ScheduledThreadPoolExecutor$ScheduledFutureTask.run(ScheduledThreadPoolExecutor.java:305) [?:?]
	at java.base/java.util.concurrent.ThreadPoolExecutor.runWorker(ThreadPoolExecutor.java:1136) [?:?]
	at java.base/java.util.concurrent.ThreadPoolExecutor$Worker.run(ThreadPoolExecutor.java:635) [?:?]
	at java.base/java.lang.Thread.run(Thread.java:842) [?:?]
2026-08-03 18:55:11,564 INFO o.a.j.t.JMeterThread: Thread is done: org.apache.jmeter.threads.JMeterThread@379a352a - T03_SigninOutllok_14P - validate password /assets/mail/fonts/aptos/v1.93.230727224051/aptos-narrow/Aptos-Narrow.woff2-1,198
2026-08-03 18:55:11,565 INFO o.a.j.t.JMeterThread: Thread finished: org.apache.jmeter.threads.JMeterThread@379a352a - T03_SigninOutllok_14P - validate password /assets/mail/fonts/aptos/v1.93.230727224051/aptos-narrow/Aptos-Narrow.woff2-1,198
2026-08-03 18:55:11,566 INFO o.a.j.t.JMeterThread: Thread is done: org.apache.jmeter.threads.JMeterThread@379a352a - T03_SigninOutllok_14P - validate password /assets/mail/fonts/aptos/v1.93.230727224051/aptos-display/Aptos-Display.woff2-1,196
2026-08-03 18:55:11,566 INFO o.a.j.t.JMeterThread: Thread finished: org.apache.jmeter.threads.JMeterThread@379a352a - T03_SigninOutllok_14P - validate password /assets/mail/fonts/aptos/v1.93.230727224051/aptos-display/Aptos-Display.woff2-1,196
2026-08-03 18:55:11,566 INFO o.a.j.t.JMeterThread: Thread started: parallel T03_SigninOutllok_14P
2026-08-03 18:55:11,566 INFO o.a.j.t.JMeterThread: Thread started: parallel T03_SigninOutllok_14P
2026-08-03 18:55:11,608 INFO o.a.j.t.JMeterThread: Thread is done: org.apache.jmeter.threads.JMeterThread@3ef10f5b - T03_SigninOutllok_14P - validate password /assets/mail/fonts/aptos/v1.93.230727224051/aptos/Aptos.woff2-1,193
2026-08-03 18:55:11,608 INFO o.a.j.t.JMeterThread: Thread finished: org.apache.jmeter.threads.JMeterThread@3ef10f5b - T03_SigninOutllok_14P - validate password /assets/mail/fonts/aptos/v1.93.230727224051/aptos/Aptos.woff2-1,193
2026-08-03 18:55:11,610 INFO o.a.j.t.JMeterThread: Thread started: parallel T03_SigninOutllok_14P
2026-08-03 18:55:11,623 INFO o.a.j.t.JMeterThread: Thread is done: org.apache.jmeter.threads.JMeterThread@3ef10f5b - T03_SigninOutllok_14P - validate password /assets/mail/fonts/aptos/v1.93.230727224051/aptos/Aptos-Bold.woff2-1,194
2026-08-03 18:55:11,625 INFO o.a.j.t.JMeterThread: Thread finished: org.apache.jmeter.threads.JMeterThread@3ef10f5b - T03_SigninOutllok_14P - validate password /assets/mail/fonts/aptos/v1.93.230727224051/aptos/Aptos-Bold.woff2-1,194
2026-08-03 18:55:11,625 INFO o.a.j.t.JMeterThread: Thread started: parallel T03_SigninOutllok_14P
2026-08-03 18:55:11,629 INFO o.a.j.t.JMeterThread: Thread is done: org.apache.jmeter.threads.JMeterThread@3ef10f5b - T03_SigninOutllok_14P - validate password /assets/mail/fonts/aptos/v1.93.230727224051/aptos-mono/Aptos-Mono.woff2-1,197
2026-08-03 18:55:11,629 INFO o.a.j.t.JMeterThread: Thread finished: org.apache.jmeter.threads.JMeterThread@3ef10f5b - T03_SigninOutllok_14P - validate password /assets/mail/fonts/aptos/v1.93.230727224051/aptos-mono/Aptos-Mono.woff2-1,197
2026-08-03 18:55:11,633 INFO o.a.j.t.JMeterThread: Thread started: parallel T03_SigninOutllok_14P
2026-08-03 18:55:11,655 INFO o.a.j.t.JMeterThread: Thread is done: org.apache.jmeter.threads.JMeterThread@3ef10f5b - T03_SigninOutllok_14P - validate password /assets/mail/fonts/aptos/v1.93.230727224051/aptos-narrow/Aptos-Narrow.woff2-1,198
2026-08-03 18:55:11,655 INFO o.a.j.t.JMeterThread: Thread finished: org.apache.jmeter.threads.JMeterThread@3ef10f5b - T03_SigninOutllok_14P - validate password /assets/mail/fonts/aptos/v1.93.230727224051/aptos-narrow/Aptos-Narrow.woff2-1,198
2026-08-03 18:55:11,655 INFO o.a.j.t.JMeterThread: Thread started: parallel T03_SigninOutllok_14P
2026-08-03 18:55:11,655 INFO o.a.j.t.JMeterThread: Thread is done: org.apache.jmeter.threads.JMeterThread@3ef10f5b - T03_SigninOutllok_14P - validate password /assets/mail/fonts/aptos/v1.93.230727224051/aptos-serif/Aptos-Serif.woff2-1,200
2026-08-03 18:55:11,655 INFO o.a.j.t.JMeterThread: Thread finished: org.apache.jmeter.threads.JMeterThread@3ef10f5b - T03_SigninOutllok_14P - validate password /assets/mail/fonts/aptos/v1.93.230727224051/aptos-serif/Aptos-Serif.woff2-1,200
2026-08-03 18:55:11,655 INFO o.a.j.t.JMeterThread: Thread is done: org.apache.jmeter.threads.JMeterThread@379a352a - T03_SigninOutllok_14P - validate password /assets/mail/fonts/aptos/v1.93.230727224051/aptos-serif/Aptos-Serif.woff2-1,200
2026-08-03 18:55:11,655 INFO o.a.j.t.JMeterThread: Thread finished: org.apache.jmeter.threads.JMeterThread@379a352a - T03_SigninOutllok_14P - validate password /assets/mail/fonts/aptos/v1.93.230727224051/aptos-serif/Aptos-Serif.woff2-1,200
2026-08-03 18:55:11,655 INFO o.a.j.t.JMeterThread: Thread started: parallel T03_SigninOutllok_14P
2026-08-03 18:55:11,655 INFO o.a.j.t.JMeterThread: Thread started: parallel T03_SigninOutllok_14P
2026-08-03 18:55:11,664 INFO o.a.j.t.JMeterThread: Thread is done: org.apache.jmeter.threads.JMeterThread@3ef10f5b - T03_SigninOutllok_14P - validate password /assets/mail/fonts/aptos/v1.93.230727224051/aptos-display/Aptos-Display.woff2-1,196
2026-08-03 18:55:11,664 INFO o.a.j.t.JMeterThread: Thread finished: org.apache.jmeter.threads.JMeterThread@3ef10f5b - T03_SigninOutllok_14P - validate password /assets/mail/fonts/aptos/v1.93.230727224051/aptos-display/Aptos-Display.woff2-1,196
2026-08-03 18:55:11,668 INFO o.a.j.t.JMeterThread: Thread started: parallel T03_SigninOutllok_14P
2026-08-03 18:55:11,734 INFO o.a.j.t.JMeterThread: Thread is done: org.apache.jmeter.threads.JMeterThread@379a352a - T03_SigninOutllok_14P - validate password /assets/mail/fonts/aptos/v1.93.230727224051/aptos/Aptos-Black.woff2-1,201
2026-08-03 18:55:11,735 INFO o.a.j.t.JMeterThread: Thread finished: org.apache.jmeter.threads.JMeterThread@379a352a - T03_SigninOutllok_14P - validate password /assets/mail/fonts/aptos/v1.93.230727224051/aptos/Aptos-Black.woff2-1,201
2026-08-03 18:55:11,737 INFO o.a.j.t.JMeterThread: Thread started: parallel T03_SigninOutllok_14P
2026-08-03 18:55:11,737 INFO o.a.j.t.JMeterThread: Thread is done: org.apache.jmeter.threads.JMeterThread@379a352a - T03_SigninOutllok_14P - validate password /assets/mail/fonts/aptos/v1.93.230727224051/aptos/Aptos-Bold-Italic.woff2-1,199
2026-08-03 18:55:11,737 INFO o.a.j.t.JMeterThread: Thread finished: org.apache.jmeter.threads.JMeterThread@379a352a - T03_SigninOutllok_14P - validate password /assets/mail/fonts/aptos/v1.93.230727224051/aptos/Aptos-Bold-Italic.woff2-1,199
2026-08-03 18:55:11,738 INFO o.a.j.t.JMeterThread: Thread started: parallel T03_SigninOutllok_14P
2026-08-03 18:55:11,741 INFO o.a.j.t.JMeterThread: Thread is done: org.apache.jmeter.threads.JMeterThread@379a352a - T03_SigninOutllok_14P - validate password /assets/mail/fonts/aptos/v1.93.230727224051/aptos/Aptos-Black-Italic.woff2-1,202
2026-08-03 18:55:11,744 INFO o.a.j.t.JMeterThread: Thread finished: org.apache.jmeter.threads.JMeterThread@379a352a - T03_SigninOutllok_14P - validate password /assets/mail/fonts/aptos/v1.93.230727224051/aptos/Aptos-Black-Italic.woff2-1,202
2026-08-03 18:55:11,744 INFO o.a.j.t.JMeterThread: Thread started: parallel T03_SigninOutllok_14P
2026-08-03 18:55:11,819 INFO o.a.j.t.JMeterThread: Thread is done: org.apache.jmeter.threads.JMeterThread@3ef10f5b - T03_SigninOutllok_14P - validate password /assets/mail/fonts/aptos/v1.93.230727224051/aptos/Aptos-Black.woff2-1,201
2026-08-03 18:55:11,819 INFO o.a.j.t.JMeterThread: Thread is done: org.apache.jmeter.threads.JMeterThread@379a352a - T03_SigninOutllok_14P - validate password /assets/mail/fonts/aptos/v1.93.230727224051/aptos/Aptos-ExtraBold-Italic.woff2-1,204
2026-08-03 18:55:11,819 INFO o.a.j.t.JMeterThread: Thread finished: org.apache.jmeter.threads.JMeterThread@3ef10f5b - T03_SigninOutllok_14P - validate password /assets/mail/fonts/aptos/v1.93.230727224051/aptos/Aptos-Black.woff2-1,201
2026-08-03 18:55:11,819 INFO o.a.j.t.JMeterThread: Thread finished: org.apache.jmeter.threads.JMeterThread@379a352a - T03_SigninOutllok_14P - validate password /assets/mail/fonts/aptos/v1.93.230727224051/aptos/Aptos-ExtraBold-Italic.woff2-1,204
2026-08-03 18:55:11,819 INFO o.a.j.t.JMeterThread: Thread started: parallel T03_SigninOutllok_14P
2026-08-03 18:55:11,819 INFO o.a.j.t.JMeterThread: Thread started: parallel T03_SigninOutllok_14P
2026-08-03 18:55:11,856 INFO o.a.j.t.JMeterThread: Thread is done: org.apache.jmeter.threads.JMeterThread@3ef10f5b - T03_SigninOutllok_14P - validate password /assets/mail/fonts/aptos/v1.93.230727224051/aptos/Aptos-Bold-Italic.woff2-1,199
2026-08-03 18:55:11,856 INFO o.a.j.t.JMeterThread: Thread finished: org.apache.jmeter.threads.JMeterThread@3ef10f5b - T03_SigninOutllok_14P - validate password /assets/mail/fonts/aptos/v1.93.230727224051/aptos/Aptos-Bold-Italic.woff2-1,199
2026-08-03 18:55:11,856 INFO o.a.j.t.JMeterThread: Thread is done: org.apache.jmeter.threads.JMeterThread@3ef10f5b - T03_SigninOutllok_14P - validate password /assets/mail/fonts/aptos/v1.93.230727224051/aptos/Aptos-ExtraBold.woff2-1,203
2026-08-03 18:55:11,856 INFO o.a.j.t.JMeterThread: Thread finished: org.apache.jmeter.threads.JMeterThread@3ef10f5b - T03_SigninOutllok_14P - validate password /assets/mail/fonts/aptos/v1.93.230727224051/aptos/Aptos-ExtraBold.woff2-1,203
2026-08-03 18:55:11,856 INFO o.a.j.t.JMeterThread: Thread started: parallel T03_SigninOutllok_14P
2026-08-03 18:55:11,856 INFO o.a.j.t.JMeterThread: Thread started: parallel T03_SigninOutllok_14P
2026-08-03 18:55:11,856 INFO o.a.j.t.JMeterThread: Thread is done: org.apache.jmeter.threads.JMeterThread@3ef10f5b - T03_SigninOutllok_14P - validate password /assets/mail/fonts/aptos/v1.93.230727224051/aptos/Aptos-ExtraBold-Italic.woff2-1,204
2026-08-03 18:55:11,856 INFO o.a.j.t.JMeterThread: Thread finished: org.apache.jmeter.threads.JMeterThread@3ef10f5b - T03_SigninOutllok_14P - validate password /assets/mail/fonts/aptos/v1.93.230727224051/aptos/Aptos-ExtraBold-Italic.woff2-1,204
2026-08-03 18:55:11,856 INFO o.a.j.t.JMeterThread: Thread started: parallel T03_SigninOutllok_14P
2026-08-03 18:55:11,861 INFO o.a.j.t.JMeterThread: Thread is done: org.apache.jmeter.threads.JMeterThread@379a352a - T03_SigninOutllok_14P - validate password /assets/mail/fonts/aptos/v1.93.230727224051/aptos/Aptos-SemiBold-Italic.woff2-1,211
2026-08-03 18:55:11,861 INFO o.a.j.t.JMeterThread: Thread finished: org.apache.jmeter.threads.JMeterThread@379a352a - T03_SigninOutllok_14P - validate password /assets/mail/fonts/aptos/v1.93.230727224051/aptos/Aptos-SemiBold-Italic.woff2-1,211
2026-08-03 18:55:11,861 INFO o.a.j.t.JMeterThread: Thread started: parallel T03_SigninOutllok_14P
2026-08-03 18:55:11,868 INFO o.a.j.t.JMeterThread: Thread is done: org.apache.jmeter.threads.JMeterThread@3ef10f5b - T03_SigninOutllok_14P - validate password /assets/mail/fonts/aptos/v1.93.230727224051/aptos/Aptos-Black-Italic.woff2-1,202
2026-08-03 18:55:11,868 INFO o.a.j.t.JMeterThread: Thread finished: org.apache.jmeter.threads.JMeterThread@3ef10f5b - T03_SigninOutllok_14P - validate password /assets/mail/fonts/aptos/v1.93.230727224051/aptos/Aptos-Black-Italic.woff2-1,202
2026-08-03 18:55:11,868 INFO o.a.j.t.JMeterThread: Thread started: parallel T03_SigninOutllok_14P
2026-08-03 18:55:11,882 INFO o.a.j.t.JMeterThread: Thread is done: org.apache.jmeter.threads.JMeterThread@379a352a - T03_SigninOutllok_14P - validate password /assets/mail/fonts/aptos/v1.93.230727224051/aptos/Aptos-ExtraBold.woff2-1,203
2026-08-03 18:55:11,882 INFO o.a.j.t.JMeterThread: Thread finished: org.apache.jmeter.threads.JMeterThread@379a352a - T03_SigninOutllok_14P - validate password /assets/mail/fonts/aptos/v1.93.230727224051/aptos/Aptos-ExtraBold.woff2-1,203
2026-08-03 18:55:11,882 INFO o.a.j.t.JMeterThread: Thread started: parallel T03_SigninOutllok_14P
2026-08-03 18:55:11,882 INFO o.a.j.t.JMeterThread: Thread is done: org.apache.jmeter.threads.JMeterThread@379a352a - T03_SigninOutllok_14P - validate password /assets/mail/fonts/aptos/v1.93.230727224051/aptos-display/Aptos-Display-Bold.woff2-1,212
2026-08-03 18:55:11,882 INFO o.a.j.t.JMeterThread: Thread finished: org.apache.jmeter.threads.JMeterThread@379a352a - T03_SigninOutllok_14P - validate password /assets/mail/fonts/aptos/v1.93.230727224051/aptos-display/Aptos-Display-Bold.woff2-1,212
2026-08-03 18:55:11,882 INFO o.a.j.t.JMeterThread: Thread is done: org.apache.jmeter.threads.JMeterThread@379a352a - T03_SigninOutllok_14P - validate password /assets/mail/fonts/aptos/v1.93.230727224051/aptos/Aptos-SemiBold.woff2-1,210
2026-08-03 18:55:11,882 INFO o.a.j.t.JMeterThread: Thread finished: org.apache.jmeter.threads.JMeterThread@379a352a - T03_SigninOutllok_14P - validate password /assets/mail/fonts/aptos/v1.93.230727224051/aptos/Aptos-SemiBold.woff2-1,210
2026-08-03 18:55:11,882 INFO o.a.j.t.JMeterThread: Thread started: parallel T03_SigninOutllok_14P
2026-08-03 18:55:11,882 INFO o.a.j.t.JMeterThread: Thread started: parallel T03_SigninOutllok_14P
2026-08-03 18:55:11,882 INFO o.a.j.t.JMeterThread: Thread is done: org.apache.jmeter.threads.JMeterThread@3ef10f5b - T03_SigninOutllok_14P - validate password /assets/mail/fonts/aptos/v1.93.230727224051/aptos/Aptos-SemiBold-Italic.woff2-1,211
2026-08-03 18:55:11,882 INFO o.a.j.t.JMeterThread: Thread finished: org.apache.jmeter.threads.JMeterThread@3ef10f5b - T03_SigninOutllok_14P - validate password /assets/mail/fonts/aptos/v1.93.230727224051/aptos/Aptos-SemiBold-Italic.woff2-1,211
2026-08-03 18:55:11,882 INFO o.a.j.t.JMeterThread: Thread started: parallel T03_SigninOutllok_14P
2026-08-03 18:55:11,893 INFO o.a.j.t.JMeterThread: Thread is done: org.apache.jmeter.threads.JMeterThread@379a352a - T03_SigninOutllok_14P - validate password /assets/mail/fonts/aptos/v1.93.230727224051/aptos/Aptos-Light-Italic.woff2-1,209
2026-08-03 18:55:11,893 INFO o.a.j.t.JMeterThread: Thread finished: org.apache.jmeter.threads.JMeterThread@379a352a - T03_SigninOutllok_14P - validate password /assets/mail/fonts/aptos/v1.93.230727224051/aptos/Aptos-Light-Italic.woff2-1,209
2026-08-03 18:55:11,893 INFO o.a.j.t.JMeterThread: Thread started: parallel T03_SigninOutllok_14P
2026-08-03 18:55:11,935 INFO o.a.j.t.JMeterThread: Thread is done: org.apache.jmeter.threads.JMeterThread@379a352a - T03_SigninOutllok_14P - validate password /assets/mail/fonts/aptos/v1.93.230727224051/aptos/Aptos-Light.woff2-1,208
2026-08-03 18:55:11,935 INFO o.a.j.t.JMeterThread: Thread finished: org.apache.jmeter.threads.JMeterThread@379a352a - T03_SigninOutllok_14P - validate password /assets/mail/fonts/aptos/v1.93.230727224051/aptos/Aptos-Light.woff2-1,208
2026-08-03 18:55:11,935 INFO o.a.j.t.JMeterThread: Thread started: parallel T03_SigninOutllok_14P
2026-08-03 18:55:11,935 INFO o.a.j.t.JMeterThread: Thread is done: org.apache.jmeter.threads.JMeterThread@3ef10f5b - T03_SigninOutllok_14P - validate password /assets/mail/fonts/aptos/v1.93.230727224051/aptos/Aptos-Light-Italic.woff2-1,209
2026-08-03 18:55:11,935 INFO o.a.j.t.JMeterThread: Thread finished: org.apache.jmeter.threads.JMeterThread@3ef10f5b - T03_SigninOutllok_14P - validate password /assets/mail/fonts/aptos/v1.93.230727224051/aptos/Aptos-Light-Italic.woff2-1,209
2026-08-03 18:55:11,949 INFO o.a.j.t.JMeterThread: Thread started: parallel T03_SigninOutllok_14P
2026-08-03 18:55:12,050 INFO o.a.j.t.JMeterThread: Thread is done: org.apache.jmeter.threads.JMeterThread@3ef10f5b - T03_SigninOutllok_14P - validate password /assets/mail/fonts/aptos/v1.93.230727224051/aptos/Aptos-Light.woff2-1,208
2026-08-03 18:55:12,050 INFO o.a.j.t.JMeterThread: Thread finished: org.apache.jmeter.threads.JMeterThread@3ef10f5b - T03_SigninOutllok_14P - validate password /assets/mail/fonts/aptos/v1.93.230727224051/aptos/Aptos-Light.woff2-1,208
2026-08-03 18:55:12,050 INFO o.a.j.t.JMeterThread: Thread started: parallel T03_SigninOutllok_14P
2026-08-03 18:55:12,068 INFO o.a.j.t.JMeterThread: Thread is done: org.apache.jmeter.threads.JMeterThread@3ef10f5b - T03_SigninOutllok_14P - validate password /assets/mail/fonts/aptos/v1.93.230727224051/aptos-display/Aptos-Display-Bold.woff2-1,212
2026-08-03 18:55:12,068 INFO o.a.j.t.JMeterThread: Thread finished: org.apache.jmeter.threads.JMeterThread@3ef10f5b - T03_SigninOutllok_14P - validate password /assets/mail/fonts/aptos/v1.93.230727224051/aptos-display/Aptos-Display-Bold.woff2-1,212
2026-08-03 18:55:12,068 INFO o.a.j.t.JMeterThread: Thread started: parallel T03_SigninOutllok_14P
2026-08-03 18:55:12,068 INFO o.a.j.t.JMeterThread: Thread is done: org.apache.jmeter.threads.JMeterThread@379a352a - T03_SigninOutllok_14P - validate password /assets/mail/fonts/aptos/v1.93.230727224051/aptos-mono/Aptos-Mono-Bold-Italic.woff2-1,217
2026-08-03 18:55:12,068 INFO o.a.j.t.JMeterThread: Thread finished: org.apache.jmeter.threads.JMeterThread@379a352a - T03_SigninOutllok_14P - validate password /assets/mail/fonts/aptos/v1.93.230727224051/aptos-mono/Aptos-Mono-Bold-Italic.woff2-1,217
2026-08-03 18:55:12,068 INFO o.a.j.t.JMeterThread: Thread started: parallel T03_SigninOutllok_14P
2026-08-03 18:55:12,098 INFO o.a.j.t.JMeterThread: Thread is done: org.apache.jmeter.threads.JMeterThread@3ef10f5b - T03_SigninOutllok_14P - validate password /assets/mail/fonts/aptos/v1.93.230727224051/aptos-display/Aptos-Display-Italic.woff2-1,213
2026-08-03 18:55:12,098 INFO o.a.j.t.JMeterThread: Thread finished: org.apache.jmeter.threads.JMeterThread@3ef10f5b - T03_SigninOutllok_14P - validate password /assets/mail/fonts/aptos/v1.93.230727224051/aptos-display/Aptos-Display-Italic.woff2-1,213
2026-08-03 18:55:12,098 INFO o.a.j.t.JMeterThread: Thread is done: org.apache.jmeter.threads.JMeterThread@379a352a - T03_SigninOutllok_14P - validate password /assets/mail/fonts/aptos/v1.93.230727224051/aptos-display/Aptos-Display-Italic.woff2-1,213
2026-08-03 18:55:12,098 INFO o.a.j.t.JMeterThread: Thread finished: org.apache.jmeter.threads.JMeterThread@379a352a - T03_SigninOutllok_14P - validate password /assets/mail/fonts/aptos/v1.93.230727224051/aptos-display/Aptos-Display-Italic.woff2-1,213
2026-08-03 18:55:12,099 INFO o.a.j.t.JMeterThread: Thread started: parallel T03_SigninOutllok_14P
2026-08-03 18:55:12,099 INFO o.a.j.t.JMeterThread: Thread started: parallel T03_SigninOutllok_14P
2026-08-03 18:55:12,104 INFO o.a.j.t.JMeterThread: Thread is done: org.apache.jmeter.threads.JMeterThread@3ef10f5b - T03_SigninOutllok_14P - validate password /assets/mail/fonts/aptos/v1.93.230727224051/aptos/Aptos-SemiBold.woff2-1,210
2026-08-03 18:55:12,104 INFO o.a.j.t.JMeterThread: Thread is done: org.apache.jmeter.threads.JMeterThread@379a352a - T03_SigninOutllok_14P - validate password /assets/mail/fonts/aptos/v1.93.230727224051/aptos-mono/Aptos-Mono-Italic.woff2-1,216
2026-08-03 18:55:12,104 INFO o.a.j.t.JMeterThread: Thread finished: org.apache.jmeter.threads.JMeterThread@3ef10f5b - T03_SigninOutllok_14P - validate password /assets/mail/fonts/aptos/v1.93.230727224051/aptos/Aptos-SemiBold.woff2-1,210
2026-08-03 18:55:12,104 INFO o.a.j.t.JMeterThread: Thread finished: org.apache.jmeter.threads.JMeterThread@379a352a - T03_SigninOutllok_14P - validate password /assets/mail/fonts/aptos/v1.93.230727224051/aptos-mono/Aptos-Mono-Italic.woff2-1,216
2026-08-03 18:55:12,104 INFO o.a.j.t.JMeterThread: Thread started: parallel T03_SigninOutllok_14P
2026-08-03 18:55:12,104 INFO o.a.j.t.JMeterThread: Thread started: parallel T03_SigninOutllok_14P
2026-08-03 18:55:12,114 INFO o.a.j.t.JMeterThread: Thread is done: org.apache.jmeter.threads.JMeterThread@379a352a - T03_SigninOutllok_14P - validate password /assets/mail/fonts/aptos/v1.93.230727224051/aptos-mono/Aptos-Mono-Bold.woff2-1,215
2026-08-03 18:55:12,114 INFO o.a.j.t.JMeterThread: Thread finished: org.apache.jmeter.threads.JMeterThread@379a352a - T03_SigninOutllok_14P - validate password /assets/mail/fonts/aptos/v1.93.230727224051/aptos-mono/Aptos-Mono-Bold.woff2-1,215
2026-08-03 18:55:12,114 INFO o.a.j.t.JMeterThread: Thread started: parallel T03_SigninOutllok_14P
2026-08-03 18:55:12,145 INFO o.a.j.t.JMeterThread: Thread is done: org.apache.jmeter.threads.JMeterThread@3ef10f5b - T03_SigninOutllok_14P - validate password /assets/mail/fonts/aptos/v1.93.230727224051/aptos-mono/Aptos-Mono-Bold.woff2-1,215
2026-08-03 18:55:12,145 INFO o.a.j.t.JMeterThread: Thread finished: org.apache.jmeter.threads.JMeterThread@3ef10f5b - T03_SigninOutllok_14P - validate password /assets/mail/fonts/aptos/v1.93.230727224051/aptos-mono/Aptos-Mono-Bold.woff2-1,215
2026-08-03 18:55:12,150 INFO o.a.j.t.JMeterThread: Thread started: parallel T03_SigninOutllok_14P
2026-08-03 18:55:12,153 INFO o.a.j.t.JMeterThread: Thread is done: org.apache.jmeter.threads.JMeterThread@3ef10f5b - T03_SigninOutllok_14P - validate password /assets/mail/fonts/aptos/v1.93.230727224051/aptos-display/Aptos-Display-Bold-Italic.woff2-1,214
2026-08-03 18:55:12,153 INFO o.a.j.t.JMeterThread: Thread finished: org.apache.jmeter.threads.JMeterThread@3ef10f5b - T03_SigninOutllok_14P - validate password /assets/mail/fonts/aptos/v1.93.230727224051/aptos-display/Aptos-Display-Bold-Italic.woff2-1,214
2026-08-03 18:55:12,153 INFO o.a.j.t.JMeterThread: Thread started: parallel T03_SigninOutllok_14P
2026-08-03 18:55:12,153 INFO o.a.j.t.JMeterThread: Thread is done: org.apache.jmeter.threads.JMeterThread@379a352a - T03_SigninOutllok_14P - validate password /assets/mail/fonts/aptos/v1.93.230727224051/aptos-display/Aptos-Display-Bold-Italic.woff2-1,214
2026-08-03 18:55:12,153 INFO o.a.j.t.JMeterThread: Thread finished: org.apache.jmeter.threads.JMeterThread@379a352a - T03_SigninOutllok_14P - validate password /assets/mail/fonts/aptos/v1.93.230727224051/aptos-display/Aptos-Display-Bold-Italic.woff2-1,214
2026-08-03 18:55:12,153 INFO o.a.j.t.JMeterThread: Thread is done: org.apache.jmeter.threads.JMeterThread@379a352a - T03_SigninOutllok_14P - validate password /assets/mail/fonts/aptos/v1.93.230727224051/aptos-narrow/Aptos-Narrow-Bold.woff2-1,218
2026-08-03 18:55:12,153 INFO o.a.j.t.JMeterThread: Thread finished: org.apache.jmeter.threads.JMeterThread@379a352a - T03_SigninOutllok_14P - validate password /assets/mail/fonts/aptos/v1.93.230727224051/aptos-narrow/Aptos-Narrow-Bold.woff2-1,218
2026-08-03 18:55:12,153 INFO o.a.j.t.JMeterThread: Thread started: parallel T03_SigninOutllok_14P
2026-08-03 18:55:12,153 INFO o.a.j.t.JMeterThread: Thread started: parallel T03_SigninOutllok_14P
2026-08-03 18:55:12,201 INFO o.a.j.t.JMeterThread: Thread is done: org.apache.jmeter.threads.JMeterThread@3ef10f5b - T03_SigninOutllok_14P - validate password /assets/mail/fonts/aptos/v1.93.230727224051/aptos-mono/Aptos-Mono-Italic.woff2-1,216
2026-08-03 18:55:12,201 INFO o.a.j.t.JMeterThread: Thread finished: org.apache.jmeter.threads.JMeterThread@3ef10f5b - T03_SigninOutllok_14P - validate password /assets/mail/fonts/aptos/v1.93.230727224051/aptos-mono/Aptos-Mono-Italic.woff2-1,216
2026-08-03 18:55:12,201 INFO o.a.j.t.JMeterThread: Thread started: parallel T03_SigninOutllok_14P
2026-08-03 18:55:12,201 INFO o.a.j.t.JMeterThread: Thread is done: org.apache.jmeter.threads.JMeterThread@3ef10f5b - T03_SigninOutllok_14P - validate password /assets/mail/fonts/aptos/v1.93.230727224051/aptos-mono/Aptos-Mono-Bold-Italic.woff2-1,217
2026-08-03 18:55:12,201 INFO o.a.j.t.JMeterThread: Thread finished: org.apache.jmeter.threads.JMeterThread@3ef10f5b - T03_SigninOutllok_14P - validate password /assets/mail/fonts/aptos/v1.93.230727224051/aptos-mono/Aptos-Mono-Bold-Italic.woff2-1,217
2026-08-03 18:55:12,201 INFO o.a.j.t.JMeterThread: Thread started: parallel T03_SigninOutllok_14P
2026-08-03 18:55:12,218 INFO o.a.j.t.JMeterThread: Thread is done: org.apache.jmeter.threads.JMeterThread@379a352a - T03_SigninOutllok_14P - validate password /assets/mail/fonts/aptos/v1.93.230727224051/aptos-narrow/Aptos-Narrow-Italic.woff2-1,219
2026-08-03 18:55:12,218 INFO o.a.j.t.JMeterThread: Thread finished: org.apache.jmeter.threads.JMeterThread@379a352a - T03_SigninOutllok_14P - validate password /assets/mail/fonts/aptos/v1.93.230727224051/aptos-narrow/Aptos-Narrow-Italic.woff2-1,219
2026-08-03 18:55:12,255 INFO o.a.j.t.JMeterThread: Thread is done: org.apache.jmeter.threads.JMeterThread@3ef10f5b - T03_SigninOutllok_14P - validate password /assets/mail/fonts/aptos/v1.93.230727224051/aptos-narrow/Aptos-Narrow-Italic.woff2-1,219
2026-08-03 18:55:12,255 INFO o.a.j.t.JMeterThread: Thread is done: org.apache.jmeter.threads.JMeterThread@379a352a - T03_SigninOutllok_14P - validate password /assets/mail/fonts/aptos/v1.93.230727224051/aptos-narrow/Aptos-Narrow-Bold-Italic.woff2-1,220
2026-08-03 18:55:12,255 INFO o.a.j.t.JMeterThread: Thread is done: org.apache.jmeter.threads.JMeterThread@379a352a - T03_SigninOutllok_14P - validate password /assets/mail/fonts/aptos/v1.93.230727224051/aptos-serif/Aptos-Serif-Italic.woff2-1,222
2026-08-03 18:55:12,255 INFO o.a.j.t.JMeterThread: Thread finished: org.apache.jmeter.threads.JMeterThread@379a352a - T03_SigninOutllok_14P - validate password /assets/mail/fonts/aptos/v1.93.230727224051/aptos-serif/Aptos-Serif-Italic.woff2-1,222
2026-08-03 18:55:12,255 INFO o.a.j.t.JMeterThread: Thread finished: org.apache.jmeter.threads.JMeterThread@379a352a - T03_SigninOutllok_14P - validate password /assets/mail/fonts/aptos/v1.93.230727224051/aptos-narrow/Aptos-Narrow-Bold-Italic.woff2-1,220
2026-08-03 18:55:12,255 INFO o.a.j.t.JMeterThread: Thread finished: org.apache.jmeter.threads.JMeterThread@3ef10f5b - T03_SigninOutllok_14P - validate password /assets/mail/fonts/aptos/v1.93.230727224051/aptos-narrow/Aptos-Narrow-Italic.woff2-1,219
2026-08-03 18:55:12,255 INFO o.a.j.t.JMeterThread: Thread started: parallel T03_SigninOutllok_14P
2026-08-03 18:55:12,286 INFO o.a.j.t.JMeterThread: Thread is done: org.apache.jmeter.threads.JMeterThread@3ef10f5b - T03_SigninOutllok_14P - validate password /assets/mail/fonts/aptos/v1.93.230727224051/aptos-narrow/Aptos-Narrow-Bold.woff2-1,218
2026-08-03 18:55:12,286 INFO o.a.j.t.JMeterThread: Thread finished: org.apache.jmeter.threads.JMeterThread@3ef10f5b - T03_SigninOutllok_14P - validate password /assets/mail/fonts/aptos/v1.93.230727224051/aptos-narrow/Aptos-Narrow-Bold.woff2-1,218
2026-08-03 18:55:12,293 INFO o.a.j.t.JMeterThread: Thread is done: org.apache.jmeter.threads.JMeterThread@379a352a - T03_SigninOutllok_14P - validate password /assets/mail/fonts/aptos/v1.93.230727224051/aptos-serif/Aptos-Serif-Bold.woff2-1,221
2026-08-03 18:55:12,294 INFO o.a.j.t.JMeterThread: Thread finished: org.apache.jmeter.threads.JMeterThread@379a352a - T03_SigninOutllok_14P - validate password /assets/mail/fonts/aptos/v1.93.230727224051/aptos-serif/Aptos-Serif-Bold.woff2-1,221
2026-08-03 18:55:12,318 INFO o.a.j.t.JMeterThread: Thread is done: org.apache.jmeter.threads.JMeterThread@379a352a - T03_SigninOutllok_14P - validate password /assets/mail/fonts/aptos/v1.93.230727224051/aptos-serif/Aptos-Serif-Bold-Italic.woff2-1,223
2026-08-03 18:55:12,318 INFO o.a.j.t.JMeterThread: Thread finished: org.apache.jmeter.threads.JMeterThread@379a352a - T03_SigninOutllok_14P - validate password /assets/mail/fonts/aptos/v1.93.230727224051/aptos-serif/Aptos-Serif-Bold-Italic.woff2-1,223
2026-08-03 18:55:12,326 INFO o.a.j.t.JMeterThread: Thread is done: org.apache.jmeter.threads.JMeterThread@3ef10f5b - T03_SigninOutllok_14P - validate password /assets/mail/fonts/aptos/v1.93.230727224051/aptos-serif/Aptos-Serif-Bold.woff2-1,221
2026-08-03 18:55:12,327 INFO o.a.j.t.JMeterThread: Thread finished: org.apache.jmeter.threads.JMeterThread@3ef10f5b - T03_SigninOutllok_14P - validate password /assets/mail/fonts/aptos/v1.93.230727224051/aptos-serif/Aptos-Serif-Bold.woff2-1,221
2026-08-03 18:55:12,329 INFO o.a.j.t.JMeterThread: Thread is done: org.apache.jmeter.threads.JMeterThread@3ef10f5b - T03_SigninOutllok_14P - validate password /assets/mail/fonts/aptos/v1.93.230727224051/aptos-serif/Aptos-Serif-Italic.woff2-1,222
2026-08-03 18:55:12,329 INFO o.a.j.t.JMeterThread: Thread finished: org.apache.jmeter.threads.JMeterThread@3ef10f5b - T03_SigninOutllok_14P - validate password /assets/mail/fonts/aptos/v1.93.230727224051/aptos-serif/Aptos-Serif-Italic.woff2-1,222
2026-08-03 18:55:12,331 INFO o.a.j.t.JMeterThread: Thread is done: org.apache.jmeter.threads.JMeterThread@3ef10f5b - T03_SigninOutllok_14P - validate password /assets/mail/fonts/aptos/v1.93.230727224051/aptos-serif/Aptos-Serif-Bold-Italic.woff2-1,223
2026-08-03 18:55:12,331 INFO o.a.j.t.JMeterThread: Thread finished: org.apache.jmeter.threads.JMeterThread@3ef10f5b - T03_SigninOutllok_14P - validate password /assets/mail/fonts/aptos/v1.93.230727224051/aptos-serif/Aptos-Serif-Bold-Italic.woff2-1,223
2026-08-03 18:55:12,345 INFO o.a.j.t.JMeterThread: Thread is done: org.apache.jmeter.threads.JMeterThread@3ef10f5b - T03_SigninOutllok_14P - validate password /assets/mail/fonts/aptos/v1.93.230727224051/aptos-narrow/Aptos-Narrow-Bold-Italic.woff2-1,220
2026-08-03 18:55:12,345 INFO o.a.j.t.JMeterThread: Thread finished: org.apache.jmeter.threads.JMeterThread@3ef10f5b - T03_SigninOutllok_14P - validate password /assets/mail/fonts/aptos/v1.93.230727224051/aptos-narrow/Aptos-Narrow-Bold-Italic.woff2-1,220
2026-08-03 18:55:12,533 ERROR o.a.j.v.b.g.TextGraphiteMetricsSender: Error writing to Graphite: Connection refused: no further information
java.net.ConnectException: Connection refused: no further information
	at java.base/sun.nio.ch.Net.pollConnect(Native Method) ~[?:?]
	at java.base/sun.nio.ch.Net.pollConnectNow(Net.java:672) ~[?:?]
	at java.base/sun.nio.ch.NioSocketImpl.timedFinishConnect(NioSocketImpl.java:547) ~[?:?]
	at java.base/sun.nio.ch.NioSocketImpl.connect(NioSocketImpl.java:602) ~[?:?]
	at java.base/java.net.SocksSocketImpl.connect(SocksSocketImpl.java:327) ~[?:?]
	at java.base/java.net.Socket.connect(Socket.java:633) ~[?:?]
	at org.apache.jmeter.visualizers.backend.graphite.SocketOutputStreamPoolFactory.create(SocketOutputStreamPoolFactory.java:76) ~[ApacheJMeter_components.jar:5.6.3]
	at org.apache.jmeter.visualizers.backend.graphite.SocketOutputStreamPoolFactory.makeObject(SocketOutputStreamPoolFactory.java:47) ~[ApacheJMeter_components.jar:5.6.3]
	at org.apache.jmeter.visualizers.backend.graphite.SocketOutputStreamPoolFactory.makeObject(SocketOutputStreamPoolFactory.java:33) ~[ApacheJMeter_components.jar:5.6.3]
	at org.apache.commons.pool2.impl.GenericKeyedObjectPool.create(GenericKeyedObjectPool.java:796) ~[commons-pool2-2.12.0.jar:2.12.0]
	at org.apache.commons.pool2.impl.GenericKeyedObjectPool.borrowObject(GenericKeyedObjectPool.java:444) ~[commons-pool2-2.12.0.jar:2.12.0]
	at org.apache.commons.pool2.impl.GenericKeyedObjectPool.borrowObject(GenericKeyedObjectPool.java:355) ~[commons-pool2-2.12.0.jar:2.12.0]
	at org.apache.jmeter.visualizers.backend.graphite.TextGraphiteMetricsSender.writeMetrics(TextGraphiteMetricsSender.java:110) [ApacheJMeter_components.jar:5.6.3]
	at org.apache.jmeter.visualizers.backend.graphite.TextGraphiteMetricsSender.writeAndSendMetrics(TextGraphiteMetricsSender.java:104) [ApacheJMeter_components.jar:5.6.3]
	at org.apache.jmeter.visualizers.backend.graphite.GraphiteBackendListenerClient.sendMetrics(GraphiteBackendListenerClient.java:186) [ApacheJMeter_components.jar:5.6.3]
	at org.apache.jmeter.visualizers.backend.graphite.GraphiteBackendListenerClient.run(GraphiteBackendListenerClient.java:149) [ApacheJMeter_components.jar:5.6.3]
	at java.base/java.util.concurrent.Executors$RunnableAdapter.call(Executors.java:539) [?:?]
	at java.base/java.util.concurrent.FutureTask.runAndReset(FutureTask.java:305) [?:?]
	at java.base/java.util.concurrent.ScheduledThreadPoolExecutor$ScheduledFutureTask.run(ScheduledThreadPoolExecutor.java:305) [?:?]
	at java.base/java.util.concurrent.ThreadPoolExecutor.runWorker(ThreadPoolExecutor.java:1136) [?:?]
	at java.base/java.util.concurrent.ThreadPoolExecutor$Worker.run(ThreadPoolExecutor.java:635) [?:?]
	at java.base/java.lang.Thread.run(Thread.java:842) [?:?]
2026-08-03 18:55:12,645 INFO o.a.j.t.JMeterThread: Thread is done: org.apache.jmeter.threads.JMeterThread@3ef10f5b - T03_SigninOutllok_14P - validate password /search/api/v1/suggestions?scenario=owa.react.recipientcache&n=18&cri=bd0453aa-c55b-8d3d-cfba-2ad7e1cf5bec&cv=rHphPYGeIob3usvCK75YJD.18-1,257
2026-08-03 18:55:12,645 INFO o.a.j.t.JMeterThread: Thread is done: org.apache.jmeter.threads.JMeterThread@379a352a - T03_SigninOutllok_14P - validate password /search/api/v1/suggestions?scenario=owa.react.recipientcache&n=18&cri=bd0453aa-c55b-8d3d-cfba-2ad7e1cf5bec&cv=rHphPYGeIob3usvCK75YJD.18-1,257
2026-08-03 18:55:12,645 INFO o.a.j.t.JMeterThread: Thread finished: org.apache.jmeter.threads.JMeterThread@3ef10f5b - T03_SigninOutllok_14P - validate password /search/api/v1/suggestions?scenario=owa.react.recipientcache&n=18&cri=bd0453aa-c55b-8d3d-cfba-2ad7e1cf5bec&cv=rHphPYGeIob3usvCK75YJD.18-1,257
2026-08-03 18:55:12,645 INFO o.a.j.t.JMeterThread: Thread finished: org.apache.jmeter.threads.JMeterThread@379a352a - T03_SigninOutllok_14P - validate password /search/api/v1/suggestions?scenario=owa.react.recipientcache&n=18&cri=bd0453aa-c55b-8d3d-cfba-2ad7e1cf5bec&cv=rHphPYGeIob3usvCK75YJD.18-1,257
2026-08-03 18:55:12,684 INFO o.a.j.t.JMeterThread: Thread started: parallel T03_SigninOutllok_05
2026-08-03 18:55:12,685 INFO o.a.j.t.JMeterThread: Thread started: parallel T03_SigninOutllok_05
2026-08-03 18:55:12,685 INFO o.a.j.t.JMeterThread: Thread started: parallel T03_SigninOutllok_05
2026-08-03 18:55:12,685 INFO o.a.j.t.JMeterThread: Thread started: parallel T03_SigninOutllok_05
2026-08-03 18:55:12,687 INFO o.a.j.t.JMeterThread: Thread started: parallel T03_SigninOutllok_05
2026-08-03 18:55:12,687 INFO o.a.j.t.JMeterThread: Thread started: parallel T03_SigninOutllok_05
2026-08-03 18:55:13,018 INFO o.a.j.t.JMeterThread: Thread is done: org.apache.jmeter.threads.JMeterThread@3ef10f5b - T03_SigninOutllok_05 - Select a email /owa/published/service.svc?action=GetTimeZoneOffsets&app=Mail&n=29-1,297
2026-08-03 18:55:13,018 INFO o.a.j.t.JMeterThread: Thread finished: org.apache.jmeter.threads.JMeterThread@3ef10f5b - T03_SigninOutllok_05 - Select a email /owa/published/service.svc?action=GetTimeZoneOffsets&app=Mail&n=29-1,297
2026-08-03 18:55:13,032 INFO o.a.j.t.JMeterThread: Thread is done: org.apache.jmeter.threads.JMeterThread@379a352a - T03_SigninOutllok_05 - Select a email /owa/published/service.svc?action=GetTimeZoneOffsets&app=Mail&n=29-1,297
2026-08-03 18:55:13,032 INFO o.a.j.t.JMeterThread: Thread finished: org.apache.jmeter.threads.JMeterThread@379a352a - T03_SigninOutllok_05 - Select a email /owa/published/service.svc?action=GetTimeZoneOffsets&app=Mail&n=29-1,297
2026-08-03 18:55:13,041 INFO o.a.j.t.JMeterThread: Thread is done: org.apache.jmeter.threads.JMeterThread@3ef10f5b - T03_SigninOutllok_05 - Select a email /owa/service.svc?action=GetTimeZone&app=Mail&n=30-1,298
2026-08-03 18:55:13,041 INFO o.a.j.t.JMeterThread: Thread finished: org.apache.jmeter.threads.JMeterThread@3ef10f5b - T03_SigninOutllok_05 - Select a email /owa/service.svc?action=GetTimeZone&app=Mail&n=30-1,298
2026-08-03 18:55:13,056 INFO o.a.j.t.JMeterThread: Thread is done: org.apache.jmeter.threads.JMeterThread@379a352a - T03_SigninOutllok_05 - Select a email /owa/service.svc?action=GetTimeZone&app=Mail&n=30-1,298
2026-08-03 18:55:13,056 INFO o.a.j.t.JMeterThread: Thread finished: org.apache.jmeter.threads.JMeterThread@379a352a - T03_SigninOutllok_05 - Select a email /owa/service.svc?action=GetTimeZone&app=Mail&n=30-1,298
2026-08-03 18:55:13,373 INFO o.a.j.e.J.JSR223 PostProcessor: Extracted TO recipients JSON: [
    {
        "smtpAddress": "test3@knowledgemill.net",
        "field": "TO"
    },
    {
        "smtpAddress": "test8@knowledgemill.net",
        "field": "TO"
    },
    {
        "smtpAddress": "test10@knowledgemill.net",
        "field": "TO"
    },
    {
        "smtpAddress": "test18@knowledgemill.net",
        "field": "TO"
    },
    {
        "smtpAddress": "test21@knowledgemill.net",
        "field": "TO"
    },
    {
        "smtpAddress": "test19@knowledgemill.net",
        "field": "TO"
    },
    {
        "smtpAddress": "test15@knowledgemill.net",
        "field": "TO"
    },
    {
        "smtpAddress": "test11@knowledgemill.net",
        "field": "TO"
    },
    {
        "smtpAddress": "test6@knowledgemill.net",
        "field": "TO"
    }
]
2026-08-03 18:55:13,373 INFO o.a.j.e.J.JSR223 PostProcessor: Extracted TO recipients JSON: [
    {
        "smtpAddress": "test4@knowledgemill.net",
        "field": "TO"
    },
    {
        "smtpAddress": "test22@knowledgemill.net",
        "field": "TO"
    },
    {
        "smtpAddress": "test18@knowledgemill.net",
        "field": "TO"
    },
    {
        "smtpAddress": "test17@knowledgemill.net",
        "field": "TO"
    },
    {
        "smtpAddress": "test10@knowledgemill.net",
        "field": "TO"
    },
    {
        "smtpAddress": "test15@knowledgemill.net",
        "field": "TO"
    },
    {
        "smtpAddress": "test20@knowledgemill.net",
        "field": "TO"
    },
    {
        "smtpAddress": "test9@knowledgemill.net",
        "field": "TO"
    },
    {
        "smtpAddress": "testaccount@knowledgemill.net",
        "field": "TO"
    }
]
2026-08-03 18:55:13,448 INFO o.a.j.e.J.JSR223 PostProcessor: EmailRecipients: [{"smtpAddress":"test4@knowledgemill.net","field":"TO"},{"smtpAddress":"test22@knowledgemill.net","field":"TO"},{"smtpAddress":"test18@knowledgemill.net","field":"TO"},{"smtpAddress":"test17@knowledgemill.net","field":"TO"},{"smtpAddress":"test10@knowledgemill.net","field":"TO"},{"smtpAddress":"test15@knowledgemill.net","field":"TO"},{"smtpAddress":"test20@knowledgemill.net","field":"TO"},{"smtpAddress":"test9@knowledgemill.net","field":"TO"},{"smtpAddress":"testaccount@knowledgemill.net","field":"TO"},{"smtpAddress":"testaccount@knowledgemill.net","field":"FROM"}]
2026-08-03 18:55:13,448 INFO o.a.j.e.J.JSR223 PostProcessor: EmailRecipients: [{"smtpAddress":"test3@knowledgemill.net","field":"TO"},{"smtpAddress":"test8@knowledgemill.net","field":"TO"},{"smtpAddress":"test10@knowledgemill.net","field":"TO"},{"smtpAddress":"test18@knowledgemill.net","field":"TO"},{"smtpAddress":"test21@knowledgemill.net","field":"TO"},{"smtpAddress":"test19@knowledgemill.net","field":"TO"},{"smtpAddress":"test15@knowledgemill.net","field":"TO"},{"smtpAddress":"test11@knowledgemill.net","field":"TO"},{"smtpAddress":"test6@knowledgemill.net","field":"TO"},{"smtpAddress":"testaccount@knowledgemill.net","field":"FROM"}]
2026-08-03 18:55:13,451 INFO o.a.j.t.JMeterThread: Thread is done: org.apache.jmeter.threads.JMeterThread@3ef10f5b - T03_SigninOutllok_05 - validate password /owa/service.svc?action=GetConversationItems&app=Mail&n=20-1,276
2026-08-03 18:55:13,451 INFO o.a.j.t.JMeterThread: Thread is done: org.apache.jmeter.threads.JMeterThread@379a352a - T03_SigninOutllok_05 - validate password /owa/service.svc?action=GetConversationItems&app=Mail&n=20-1,276
2026-08-03 18:55:13,451 INFO o.a.j.t.JMeterThread: Thread finished: org.apache.jmeter.threads.JMeterThread@3ef10f5b - T03_SigninOutllok_05 - validate password /owa/service.svc?action=GetConversationItems&app=Mail&n=20-1,276
2026-08-03 18:55:13,451 INFO o.a.j.t.JMeterThread: Thread finished: org.apache.jmeter.threads.JMeterThread@379a352a - T03_SigninOutllok_05 - validate password /owa/service.svc?action=GetConversationItems&app=Mail&n=20-1,276
2026-08-03 18:55:13,533 ERROR o.a.j.v.b.g.TextGraphiteMetricsSender: Error writing to Graphite: Connection refused: no further information
java.net.ConnectException: Connection refused: no further information
	at java.base/sun.nio.ch.Net.pollConnect(Native Method) ~[?:?]
	at java.base/sun.nio.ch.Net.pollConnectNow(Net.java:672) ~[?:?]
	at java.base/sun.nio.ch.NioSocketImpl.timedFinishConnect(NioSocketImpl.java:547) ~[?:?]
	at java.base/sun.nio.ch.NioSocketImpl.connect(NioSocketImpl.java:602) ~[?:?]
	at java.base/java.net.SocksSocketImpl.connect(SocksSocketImpl.java:327) ~[?:?]
	at java.base/java.net.Socket.connect(Socket.java:633) ~[?:?]
	at org.apache.jmeter.visualizers.backend.graphite.SocketOutputStreamPoolFactory.create(SocketOutputStreamPoolFactory.java:76) ~[ApacheJMeter_components.jar:5.6.3]
	at org.apache.jmeter.visualizers.backend.graphite.SocketOutputStreamPoolFactory.makeObject(SocketOutputStreamPoolFactory.java:47) ~[ApacheJMeter_components.jar:5.6.3]
	at org.apache.jmeter.visualizers.backend.graphite.SocketOutputStreamPoolFactory.makeObject(SocketOutputStreamPoolFactory.java:33) ~[ApacheJMeter_components.jar:5.6.3]
	at org.apache.commons.pool2.impl.GenericKeyedObjectPool.create(GenericKeyedObjectPool.java:796) ~[commons-pool2-2.12.0.jar:2.12.0]
	at org.apache.commons.pool2.impl.GenericKeyedObjectPool.borrowObject(GenericKeyedObjectPool.java:444) ~[commons-pool2-2.12.0.jar:2.12.0]
	at org.apache.commons.pool2.impl.GenericKeyedObjectPool.borrowObject(GenericKeyedObjectPool.java:355) ~[commons-pool2-2.12.0.jar:2.12.0]
	at org.apache.jmeter.visualizers.backend.graphite.TextGraphiteMetricsSender.writeMetrics(TextGraphiteMetricsSender.java:110) [ApacheJMeter_components.jar:5.6.3]
	at org.apache.jmeter.visualizers.backend.graphite.TextGraphiteMetricsSender.writeAndSendMetrics(TextGraphiteMetricsSender.java:104) [ApacheJMeter_components.jar:5.6.3]
	at org.apache.jmeter.visualizers.backend.graphite.GraphiteBackendListenerClient.sendMetrics(GraphiteBackendListenerClient.java:186) [ApacheJMeter_components.jar:5.6.3]
	at org.apache.jmeter.visualizers.backend.graphite.GraphiteBackendListenerClient.run(GraphiteBackendListenerClient.java:149) [ApacheJMeter_components.jar:5.6.3]
	at java.base/java.util.concurrent.Executors$RunnableAdapter.call(Executors.java:539) [?:?]
	at java.base/java.util.concurrent.FutureTask.runAndReset(FutureTask.java:305) [?:?]
	at java.base/java.util.concurrent.ScheduledThreadPoolExecutor$ScheduledFutureTask.run(ScheduledThreadPoolExecutor.java:305) [?:?]
	at java.base/java.util.concurrent.ThreadPoolExecutor.runWorker(ThreadPoolExecutor.java:1136) [?:?]
	at java.base/java.util.concurrent.ThreadPoolExecutor$Worker.run(ThreadPoolExecutor.java:635) [?:?]
	at java.base/java.lang.Thread.run(Thread.java:842) [?:?]
2026-08-03 18:55:13,613 INFO o.a.j.t.JMeterThread: Thread started: parallel T04_SelectEmail_01P
2026-08-03 18:55:13,615 INFO o.a.j.t.JMeterThread: Thread started: parallel T04_SelectEmail_01P
2026-08-03 18:55:13,614 INFO o.a.j.t.JMeterThread: Thread started: parallel T04_SelectEmail_01P
2026-08-03 18:55:13,614 INFO o.a.j.t.JMeterThread: Thread started: parallel T04_SelectEmail_01P
2026-08-03 18:55:13,617 INFO o.a.j.t.JMeterThread: Thread started: parallel T04_SelectEmail_01P
2026-08-03 18:55:13,618 INFO o.a.j.t.JMeterThread: Thread started: parallel T04_SelectEmail_01P
2026-08-03 18:55:13,618 INFO o.a.j.t.JMeterThread: Thread started: parallel T04_SelectEmail_01P
2026-08-03 18:55:13,618 INFO o.a.j.t.JMeterThread: Thread started: parallel T04_SelectEmail_01P
2026-08-03 18:55:13,619 INFO o.a.j.t.JMeterThread: Thread started: parallel T04_SelectEmail_01P
2026-08-03 18:55:13,621 INFO o.a.j.t.JMeterThread: Thread started: parallel T04_SelectEmail_01P
2026-08-03 18:55:13,620 INFO o.a.j.t.JMeterThread: Thread started: parallel T04_SelectEmail_01P
2026-08-03 18:55:13,632 INFO o.a.j.t.JMeterThread: Thread started: parallel T04_SelectEmail_01P
2026-08-03 18:55:13,887 INFO o.a.j.t.JMeterThread: Thread is done: org.apache.jmeter.threads.JMeterThread@379a352a - T04_SelectEmail_01P - Select a email /v1.0/3969aad6-f7aa-424f-bad1-ef71d031df19/subscribedskus-1,307
2026-08-03 18:55:13,887 INFO o.a.j.t.JMeterThread: Thread finished: org.apache.jmeter.threads.JMeterThread@379a352a - T04_SelectEmail_01P - Select a email /v1.0/3969aad6-f7aa-424f-bad1-ef71d031df19/subscribedskus-1,307
2026-08-03 18:55:13,889 INFO o.a.j.t.JMeterThread: Thread started: parallel T04_SelectEmail_01P
2026-08-03 18:55:13,898 INFO o.a.j.t.JMeterThread: Thread is done: org.apache.jmeter.threads.JMeterThread@3ef10f5b - T04_SelectEmail_01P - Select a email /v1.0/organization?$select=assignedPlans-1,327
2026-08-03 18:55:13,898 INFO o.a.j.t.JMeterThread: Thread finished: org.apache.jmeter.threads.JMeterThread@3ef10f5b - T04_SelectEmail_01P - Select a email /v1.0/organization?$select=assignedPlans-1,327
2026-08-03 18:55:13,900 INFO o.a.j.t.JMeterThread: Thread is done: org.apache.jmeter.threads.JMeterThread@3ef10f5b - T04_SelectEmail_01P - Select a email /v1.0/3969aad6-f7aa-424f-bad1-ef71d031df19/subscribedskus-1,307
2026-08-03 18:55:13,900 INFO o.a.j.t.JMeterThread: Thread finished: org.apache.jmeter.threads.JMeterThread@3ef10f5b - T04_SelectEmail_01P - Select a email /v1.0/3969aad6-f7aa-424f-bad1-ef71d031df19/subscribedskus-1,307
2026-08-03 18:55:13,900 INFO o.a.j.t.JMeterThread: Thread started: parallel T04_SelectEmail_01P
2026-08-03 18:55:13,900 INFO o.a.j.t.JMeterThread: Thread started: parallel T04_SelectEmail_01P
2026-08-03 18:55:13,900 INFO o.a.j.t.JMeterThread: Thread is done: org.apache.jmeter.threads.JMeterThread@379a352a - T04_SelectEmail_01P - Select a email /v1.0/organization?$select=assignedPlans-1,327
2026-08-03 18:55:13,900 INFO o.a.j.t.JMeterThread: Thread finished: org.apache.jmeter.threads.JMeterThread@379a352a - T04_SelectEmail_01P - Select a email /v1.0/organization?$select=assignedPlans-1,327
2026-08-03 18:55:13,900 INFO o.a.j.t.JMeterThread: Thread started: parallel T04_SelectEmail_01P
2026-08-03 18:55:14,057 INFO o.a.j.t.JMeterThread: Thread is done: org.apache.jmeter.threads.JMeterThread@379a352a - T04_SelectEmail_01P - Select a email /owa/published/service.svc?action=GetTimeZoneOffsets&app=Mail&n=32-1,329
2026-08-03 18:55:14,057 INFO o.a.j.t.JMeterThread: Thread finished: org.apache.jmeter.threads.JMeterThread@379a352a - T04_SelectEmail_01P - Select a email /owa/published/service.svc?action=GetTimeZoneOffsets&app=Mail&n=32-1,329
2026-08-03 18:55:14,058 INFO o.a.j.t.JMeterThread: Thread is done: org.apache.jmeter.threads.JMeterThread@3ef10f5b - T04_SelectEmail_01P - Select a email /owa/published/service.svc?action=GetTimeZoneOffsets&app=Mail&n=32-1,329
2026-08-03 18:55:14,058 INFO o.a.j.t.JMeterThread: Thread finished: org.apache.jmeter.threads.JMeterThread@3ef10f5b - T04_SelectEmail_01P - Select a email /owa/published/service.svc?action=GetTimeZoneOffsets&app=Mail&n=32-1,329
2026-08-03 18:55:14,058 INFO o.a.j.t.JMeterThread: Thread started: parallel T04_SelectEmail_01P
2026-08-03 18:55:14,060 INFO o.a.j.t.JMeterThread: Thread started: parallel T04_SelectEmail_01P
2026-08-03 18:55:14,060 INFO o.a.j.t.JMeterThread: Thread is done: org.apache.jmeter.threads.JMeterThread@379a352a - T04_SelectEmail_01P - Select a email /owa/service.svc?action=GetItem&app=Mail&n=29-1,326
2026-08-03 18:55:14,060 INFO o.a.j.t.JMeterThread: Thread finished: org.apache.jmeter.threads.JMeterThread@379a352a - T04_SelectEmail_01P - Select a email /owa/service.svc?action=GetItem&app=Mail&n=29-1,326
2026-08-03 18:55:14,066 INFO o.a.j.t.JMeterThread: Thread started: parallel T04_SelectEmail_01P
2026-08-03 18:55:14,066 INFO o.a.j.t.JMeterThread: Thread is done: org.apache.jmeter.threads.JMeterThread@379a352a - T04_SelectEmail_01P - Select a email /owa/service.svc?action=GetItem&app=Mail&n=31-1,319
2026-08-03 18:55:14,066 INFO o.a.j.t.JMeterThread: Thread finished: org.apache.jmeter.threads.JMeterThread@379a352a - T04_SelectEmail_01P - Select a email /owa/service.svc?action=GetItem&app=Mail&n=31-1,319
2026-08-03 18:55:14,069 INFO o.a.j.t.JMeterThread: Thread started: parallel T04_SelectEmail_01P
2026-08-03 18:55:14,069 INFO o.a.j.t.JMeterThread: Thread is done: org.apache.jmeter.threads.JMeterThread@3ef10f5b - T04_SelectEmail_01P - Select a email /owa/service.svc?action=GetItem&app=Mail&n=31-1,319
2026-08-03 18:55:14,069 INFO o.a.j.t.JMeterThread: Thread finished: org.apache.jmeter.threads.JMeterThread@3ef10f5b - T04_SelectEmail_01P - Select a email /owa/service.svc?action=GetItem&app=Mail&n=31-1,319
2026-08-03 18:55:14,069 INFO o.a.j.t.JMeterThread: Thread is done: org.apache.jmeter.threads.JMeterThread@379a352a - T04_SelectEmail_01P - Select a email /owa/service.svc?action=GetTimeZone&app=Mail&n=33-1,331
2026-08-03 18:55:14,069 INFO o.a.j.t.JMeterThread: Thread finished: org.apache.jmeter.threads.JMeterThread@379a352a - T04_SelectEmail_01P - Select a email /owa/service.svc?action=GetTimeZone&app=Mail&n=33-1,331
2026-08-03 18:55:14,069 INFO o.a.j.t.JMeterThread: Thread started: parallel T04_SelectEmail_01P
2026-08-03 18:55:14,069 INFO o.a.j.t.JMeterThread: Thread started: parallel T04_SelectEmail_01P
2026-08-03 18:55:14,073 INFO o.a.j.t.JMeterThread: Thread is done: org.apache.jmeter.threads.JMeterThread@3ef10f5b - T04_SelectEmail_01P - Select a email /owa/service.svc?action=GetItem&app=Mail&n=29-1,326
2026-08-03 18:55:14,073 INFO o.a.j.t.JMeterThread: Thread finished: org.apache.jmeter.threads.JMeterThread@3ef10f5b - T04_SelectEmail_01P - Select a email /owa/service.svc?action=GetItem&app=Mail&n=29-1,326
2026-08-03 18:55:14,076 INFO o.a.j.t.JMeterThread: Thread started: parallel T04_SelectEmail_01P
2026-08-03 18:55:14,076 INFO o.a.j.t.JMeterThread: Thread is done: org.apache.jmeter.threads.JMeterThread@3ef10f5b - T04_SelectEmail_01P - Select a email /owa/service.svc?action=GetTimeZone&app=Mail&n=33-1,331
2026-08-03 18:55:14,076 INFO o.a.j.t.JMeterThread: Thread finished: org.apache.jmeter.threads.JMeterThread@3ef10f5b - T04_SelectEmail_01P - Select a email /owa/service.svc?action=GetTimeZone&app=Mail&n=33-1,331
2026-08-03 18:55:14,083 INFO o.a.j.t.JMeterThread: Thread started: parallel T04_SelectEmail_01P
2026-08-03 18:55:14,292 INFO o.a.j.t.JMeterThread: Thread is done: org.apache.jmeter.threads.JMeterThread@3ef10f5b - T04_SelectEmail_01P - Select a email /ows/v1/OutlookCloudSettings/settings/-1,336
2026-08-03 18:55:14,292 INFO o.a.j.t.JMeterThread: Thread finished: org.apache.jmeter.threads.JMeterThread@3ef10f5b - T04_SelectEmail_01P - Select a email /ows/v1/OutlookCloudSettings/settings/-1,336
2026-08-03 18:55:14,296 INFO o.a.j.t.JMeterThread: Thread started: parallel T04_SelectEmail_01P
2026-08-03 18:55:14,300 INFO o.a.j.t.JMeterThread: Thread is done: org.apache.jmeter.threads.JMeterThread@379a352a - T04_SelectEmail_01P - Select a email /ows/v1/OutlookCloudSettings/settings/-1,336
2026-08-03 18:55:14,300 INFO o.a.j.t.JMeterThread: Thread finished: org.apache.jmeter.threads.JMeterThread@379a352a - T04_SelectEmail_01P - Select a email /ows/v1/OutlookCloudSettings/settings/-1,336
2026-08-03 18:55:14,302 INFO o.a.j.t.JMeterThread: Thread started: parallel T04_SelectEmail_01P
2026-08-03 18:55:14,319 INFO o.a.j.t.JMeterThread: Thread is done: org.apache.jmeter.threads.JMeterThread@3ef10f5b - T04_SelectEmail_01P - Select a email /api/v1/livepersonacard/configuration-1,371
2026-08-03 18:55:14,319 INFO o.a.j.t.JMeterThread: Thread finished: org.apache.jmeter.threads.JMeterThread@3ef10f5b - T04_SelectEmail_01P - Select a email /api/v1/livepersonacard/configuration-1,371
2026-08-03 18:55:14,319 INFO o.a.j.t.JMeterThread: Thread started: parallel T04_SelectEmail_01P
2026-08-03 18:55:14,325 INFO o.a.j.t.JMeterThread: Thread is done: org.apache.jmeter.threads.JMeterThread@379a352a - T04_SelectEmail_01P - Select a email /api/v1/livepersonacard/configuration-1,371
2026-08-03 18:55:14,325 INFO o.a.j.t.JMeterThread: Thread finished: org.apache.jmeter.threads.JMeterThread@379a352a - T04_SelectEmail_01P - Select a email /api/v1/livepersonacard/configuration-1,371
2026-08-03 18:55:14,326 INFO o.a.j.t.JMeterThread: Thread started: parallel T04_SelectEmail_01P
2026-08-03 18:55:14,350 INFO o.a.j.t.JMeterThread: Thread is done: org.apache.jmeter.threads.JMeterThread@379a352a - T04_SelectEmail_01P - Select a email /v1.0/3969aad6-f7aa-424f-bad1-ef71d031df19/subscribedskus-1,328
2026-08-03 18:55:14,350 INFO o.a.j.t.JMeterThread: Thread finished: org.apache.jmeter.threads.JMeterThread@379a352a - T04_SelectEmail_01P - Select a email /v1.0/3969aad6-f7aa-424f-bad1-ef71d031df19/subscribedskus-1,328
2026-08-03 18:55:14,350 INFO o.a.j.t.JMeterThread: Thread is done: org.apache.jmeter.threads.JMeterThread@3ef10f5b - T04_SelectEmail_01P - Select a email /v1.0/3969aad6-f7aa-424f-bad1-ef71d031df19/subscribedskus-1,328
2026-08-03 18:55:14,360 INFO o.a.j.t.JMeterThread: Thread finished: org.apache.jmeter.threads.JMeterThread@3ef10f5b - T04_SelectEmail_01P - Select a email /v1.0/3969aad6-f7aa-424f-bad1-ef71d031df19/subscribedskus-1,328
2026-08-03 18:55:14,360 INFO o.a.j.t.JMeterThread: Thread started: parallel T04_SelectEmail_01P
2026-08-03 18:55:14,360 INFO o.a.j.t.JMeterThread: Thread started: parallel T04_SelectEmail_01P
2026-08-03 18:55:14,442 INFO o.a.j.t.JMeterThread: Thread is done: org.apache.jmeter.threads.JMeterThread@379a352a - T04_SelectEmail_01P - Select a email /autodiscover/autodiscover.json/v1.0/testaccount@knowledgemill.net-1,350
2026-08-03 18:55:14,442 INFO o.a.j.t.JMeterThread: Thread finished: org.apache.jmeter.threads.JMeterThread@379a352a - T04_SelectEmail_01P - Select a email /autodiscover/autodiscover.json/v1.0/testaccount@knowledgemill.net-1,350
2026-08-03 18:55:14,444 INFO o.a.j.t.JMeterThread: Thread started: parallel T04_SelectEmail_01P
2026-08-03 18:55:14,452 INFO o.a.j.t.JMeterThread: Thread is done: org.apache.jmeter.threads.JMeterThread@3ef10f5b - T04_SelectEmail_01P - Select a email /autodiscover/autodiscover.json/v1.0/testaccount@knowledgemill.net-1,350
2026-08-03 18:55:14,452 INFO o.a.j.t.JMeterThread: Thread finished: org.apache.jmeter.threads.JMeterThread@3ef10f5b - T04_SelectEmail_01P - Select a email /autodiscover/autodiscover.json/v1.0/testaccount@knowledgemill.net-1,350
2026-08-03 18:55:14,452 INFO o.a.j.t.JMeterThread: Thread started: parallel T04_SelectEmail_01P
2026-08-03 18:55:14,484 INFO o.a.j.t.JMeterThread: Thread is done: org.apache.jmeter.threads.JMeterThread@3ef10f5b - T04_SelectEmail_01P - Select a email /api/v2/personacards/preparePersona?RootCorrelationId=6f85e354-ed52-46e9-9a81-44a1b7e144ba&CorrelationId=6f85e354-ed52-46e9-9a81-44a1b7e144ba&ClientCorrelationId=ca93d6b4-5df6-4791-8e65-9355b705cd7b-1,355
2026-08-03 18:55:14,484 INFO o.a.j.t.JMeterThread: Thread finished: org.apache.jmeter.threads.JMeterThread@3ef10f5b - T04_SelectEmail_01P - Select a email /api/v2/personacards/preparePersona?RootCorrelationId=6f85e354-ed52-46e9-9a81-44a1b7e144ba&CorrelationId=6f85e354-ed52-46e9-9a81-44a1b7e144ba&ClientCorrelationId=ca93d6b4-5df6-4791-8e65-9355b705cd7b-1,355
2026-08-03 18:55:14,484 INFO o.a.j.t.JMeterThread: Thread started: parallel T04_SelectEmail_01P
2026-08-03 18:55:14,489 INFO o.a.j.t.JMeterThread: Thread is done: org.apache.jmeter.threads.JMeterThread@379a352a - T04_SelectEmail_01P - Select a email /api/v2/personacards/preparePersona?RootCorrelationId=6f85e354-ed52-46e9-9a81-44a1b7e144ba&CorrelationId=6f85e354-ed52-46e9-9a81-44a1b7e144ba&ClientCorrelationId=ca93d6b4-5df6-4791-8e65-9355b705cd7b-1,355
2026-08-03 18:55:14,498 INFO o.a.j.t.JMeterThread: Thread finished: org.apache.jmeter.threads.JMeterThread@379a352a - T04_SelectEmail_01P - Select a email /api/v2/personacards/preparePersona?RootCorrelationId=6f85e354-ed52-46e9-9a81-44a1b7e144ba&CorrelationId=6f85e354-ed52-46e9-9a81-44a1b7e144ba&ClientCorrelationId=ca93d6b4-5df6-4791-8e65-9355b705cd7b-1,355
2026-08-03 18:55:14,499 INFO o.a.j.t.JMeterThread: Thread started: parallel T04_SelectEmail_01P
2026-08-03 18:55:14,505 INFO o.a.j.t.JMeterThread: Thread is done: org.apache.jmeter.threads.JMeterThread@379a352a - T04_SelectEmail_01P - Select a email /v1.0/organization-1,341
2026-08-03 18:55:14,505 INFO o.a.j.t.JMeterThread: Thread finished: org.apache.jmeter.threads.JMeterThread@379a352a - T04_SelectEmail_01P - Select a email /v1.0/organization-1,341
2026-08-03 18:55:14,523 INFO o.a.j.t.JMeterThread: Thread is done: org.apache.jmeter.threads.JMeterThread@3ef10f5b - T04_SelectEmail_01P - Select a email /v1.0/organization-1,341
2026-08-03 18:55:14,523 INFO o.a.j.t.JMeterThread: Thread finished: org.apache.jmeter.threads.JMeterThread@3ef10f5b - T04_SelectEmail_01P - Select a email /v1.0/organization-1,341
2026-08-03 18:55:14,530 ERROR o.a.j.v.b.g.TextGraphiteMetricsSender: Error writing to Graphite: Connection refused: no further information
java.net.ConnectException: Connection refused: no further information
	at java.base/sun.nio.ch.Net.pollConnect(Native Method) ~[?:?]
	at java.base/sun.nio.ch.Net.pollConnectNow(Net.java:672) ~[?:?]
	at java.base/sun.nio.ch.NioSocketImpl.timedFinishConnect(NioSocketImpl.java:547) ~[?:?]
	at java.base/sun.nio.ch.NioSocketImpl.connect(NioSocketImpl.java:602) ~[?:?]
	at java.base/java.net.SocksSocketImpl.connect(SocksSocketImpl.java:327) ~[?:?]
	at java.base/java.net.Socket.connect(Socket.java:633) ~[?:?]
	at org.apache.jmeter.visualizers.backend.graphite.SocketOutputStreamPoolFactory.create(SocketOutputStreamPoolFactory.java:76) ~[ApacheJMeter_components.jar:5.6.3]
	at org.apache.jmeter.visualizers.backend.graphite.SocketOutputStreamPoolFactory.makeObject(SocketOutputStreamPoolFactory.java:47) ~[ApacheJMeter_components.jar:5.6.3]
	at org.apache.jmeter.visualizers.backend.graphite.SocketOutputStreamPoolFactory.makeObject(SocketOutputStreamPoolFactory.java:33) ~[ApacheJMeter_components.jar:5.6.3]
	at org.apache.commons.pool2.impl.GenericKeyedObjectPool.create(GenericKeyedObjectPool.java:796) ~[commons-pool2-2.12.0.jar:2.12.0]
	at org.apache.commons.pool2.impl.GenericKeyedObjectPool.borrowObject(GenericKeyedObjectPool.java:444) ~[commons-pool2-2.12.0.jar:2.12.0]
	at org.apache.commons.pool2.impl.GenericKeyedObjectPool.borrowObject(GenericKeyedObjectPool.java:355) ~[commons-pool2-2.12.0.jar:2.12.0]
	at org.apache.jmeter.visualizers.backend.graphite.TextGraphiteMetricsSender.writeMetrics(TextGraphiteMetricsSender.java:110) [ApacheJMeter_components.jar:5.6.3]
	at org.apache.jmeter.visualizers.backend.graphite.TextGraphiteMetricsSender.writeAndSendMetrics(TextGraphiteMetricsSender.java:104) [ApacheJMeter_components.jar:5.6.3]
	at org.apache.jmeter.visualizers.backend.graphite.GraphiteBackendListenerClient.sendMetrics(GraphiteBackendListenerClient.java:186) [ApacheJMeter_components.jar:5.6.3]
	at org.apache.jmeter.visualizers.backend.graphite.GraphiteBackendListenerClient.run(GraphiteBackendListenerClient.java:149) [ApacheJMeter_components.jar:5.6.3]
	at java.base/java.util.concurrent.Executors$RunnableAdapter.call(Executors.java:539) [?:?]
	at java.base/java.util.concurrent.FutureTask.runAndReset(FutureTask.java:305) [?:?]
	at java.base/java.util.concurrent.ScheduledThreadPoolExecutor$ScheduledFutureTask.run(ScheduledThreadPoolExecutor.java:305) [?:?]
	at java.base/java.util.concurrent.ThreadPoolExecutor.runWorker(ThreadPoolExecutor.java:1136) [?:?]
	at java.base/java.util.concurrent.ThreadPoolExecutor$Worker.run(ThreadPoolExecutor.java:635) [?:?]
	at java.base/java.lang.Thread.run(Thread.java:842) [?:?]
2026-08-03 18:55:14,606 INFO o.a.j.t.JMeterThread: Thread is done: org.apache.jmeter.threads.JMeterThread@379a352a - T04_SelectEmail_01P - Select a email /ows/api/beta/PersistedAddins-1,376
2026-08-03 18:55:14,606 INFO o.a.j.t.JMeterThread: Thread finished: org.apache.jmeter.threads.JMeterThread@379a352a - T04_SelectEmail_01P - Select a email /ows/api/beta/PersistedAddins-1,376
2026-08-03 18:55:14,616 INFO o.a.j.t.JMeterThread: Thread is done: org.apache.jmeter.threads.JMeterThread@3ef10f5b - T04_SelectEmail_01P - Select a email /ows/api/beta/PersistedAddins-1,376
2026-08-03 18:55:14,616 INFO o.a.j.t.JMeterThread: Thread finished: org.apache.jmeter.threads.JMeterThread@3ef10f5b - T04_SelectEmail_01P - Select a email /ows/api/beta/PersistedAddins-1,376
2026-08-03 18:55:14,620 INFO o.a.j.t.JMeterThread: Thread is done: org.apache.jmeter.threads.JMeterThread@379a352a - T04_SelectEmail_01P - Select a email //api/v1/peopleInsights/owareadingpane?Smtp=testaccount%40knowledgemill.net&RootCorrelationId=6fe5ab4b-c077-9fb0-995e-d3ae3220ab68&CorrelationId=6fe5ab4b-c077-9fb0-995e-d3ae3220ab68&ClientCorrelationId=ca93d6b4-5df6-4791-8e65-9355b705cd7b&ConvertGetPost=true-1,379
2026-08-03 18:55:14,622 INFO o.a.j.t.JMeterThread: Thread finished: org.apache.jmeter.threads.JMeterThread@379a352a - T04_SelectEmail_01P - Select a email //api/v1/peopleInsights/owareadingpane?Smtp=testaccount%40knowledgemill.net&RootCorrelationId=6fe5ab4b-c077-9fb0-995e-d3ae3220ab68&CorrelationId=6fe5ab4b-c077-9fb0-995e-d3ae3220ab68&ClientCorrelationId=ca93d6b4-5df6-4791-8e65-9355b705cd7b&ConvertGetPost=true-1,379
2026-08-03 18:55:14,630 INFO o.a.j.t.JMeterThread: Thread is done: org.apache.jmeter.threads.JMeterThread@3ef10f5b - T04_SelectEmail_01P - Select a email //api/v1/peopleInsights/owareadingpane?Smtp=testaccount%40knowledgemill.net&RootCorrelationId=6fe5ab4b-c077-9fb0-995e-d3ae3220ab68&CorrelationId=6fe5ab4b-c077-9fb0-995e-d3ae3220ab68&ClientCorrelationId=ca93d6b4-5df6-4791-8e65-9355b705cd7b&ConvertGetPost=true-1,379
2026-08-03 18:55:14,630 INFO o.a.j.t.JMeterThread: Thread finished: org.apache.jmeter.threads.JMeterThread@3ef10f5b - T04_SelectEmail_01P - Select a email //api/v1/peopleInsights/owareadingpane?Smtp=testaccount%40knowledgemill.net&RootCorrelationId=6fe5ab4b-c077-9fb0-995e-d3ae3220ab68&CorrelationId=6fe5ab4b-c077-9fb0-995e-d3ae3220ab68&ClientCorrelationId=ca93d6b4-5df6-4791-8e65-9355b705cd7b&ConvertGetPost=true-1,379
2026-08-03 18:55:14,716 INFO o.a.j.t.JMeterThread: Thread is done: org.apache.jmeter.threads.JMeterThread@379a352a - T04_SelectEmail_01P - Select a email //api/v1/peopleInsights/owareadingpane?Smtp=nick.wheeler%40adrodevserver.com&RootCorrelationId=882d68b3-ff3a-5a2e-ca3e-067dca08929c&CorrelationId=882d68b3-ff3a-5a2e-ca3e-067dca08929c&ClientCorrelationId=ca93d6b4-5df6-4791-8e65-9355b705cd7b&ConvertGetPost=true-1,378
2026-08-03 18:55:14,716 INFO o.a.j.t.JMeterThread: Thread finished: org.apache.jmeter.threads.JMeterThread@379a352a - T04_SelectEmail_01P - Select a email //api/v1/peopleInsights/owareadingpane?Smtp=nick.wheeler%40adrodevserver.com&RootCorrelationId=882d68b3-ff3a-5a2e-ca3e-067dca08929c&CorrelationId=882d68b3-ff3a-5a2e-ca3e-067dca08929c&ClientCorrelationId=ca93d6b4-5df6-4791-8e65-9355b705cd7b&ConvertGetPost=true-1,378
2026-08-03 18:55:14,732 INFO o.a.j.t.JMeterThread: Thread is done: org.apache.jmeter.threads.JMeterThread@3ef10f5b - T04_SelectEmail_01P - Select a email //api/v1/peopleInsights/owareadingpane?Smtp=nick.wheeler%40adrodevserver.com&RootCorrelationId=882d68b3-ff3a-5a2e-ca3e-067dca08929c&CorrelationId=882d68b3-ff3a-5a2e-ca3e-067dca08929c&ClientCorrelationId=ca93d6b4-5df6-4791-8e65-9355b705cd7b&ConvertGetPost=true-1,378
2026-08-03 18:55:14,732 INFO o.a.j.t.JMeterThread: Thread finished: org.apache.jmeter.threads.JMeterThread@3ef10f5b - T04_SelectEmail_01P - Select a email //api/v1/peopleInsights/owareadingpane?Smtp=nick.wheeler%40adrodevserver.com&RootCorrelationId=882d68b3-ff3a-5a2e-ca3e-067dca08929c&CorrelationId=882d68b3-ff3a-5a2e-ca3e-067dca08929c&ClientCorrelationId=ca93d6b4-5df6-4791-8e65-9355b705cd7b&ConvertGetPost=true-1,378
2026-08-03 18:55:14,998 INFO o.a.j.t.JMeterThread: Thread is done: org.apache.jmeter.threads.JMeterThread@3ef10f5b - T04_SelectEmail_01P - Select a email /ows/beta/PrivacyConfiguration/configuration-1,369
2026-08-03 18:55:14,998 INFO o.a.j.t.JMeterThread: Thread is done: org.apache.jmeter.threads.JMeterThread@379a352a - T04_SelectEmail_01P - Select a email /ows/beta/PrivacyConfiguration/configuration-1,369
2026-08-03 18:55:14,998 INFO o.a.j.t.JMeterThread: Thread finished: org.apache.jmeter.threads.JMeterThread@3ef10f5b - T04_SelectEmail_01P - Select a email /ows/beta/PrivacyConfiguration/configuration-1,369
2026-08-03 18:55:14,998 INFO o.a.j.t.JMeterThread: Thread finished: org.apache.jmeter.threads.JMeterThread@379a352a - T04_SelectEmail_01P - Select a email /ows/beta/PrivacyConfiguration/configuration-1,369
2026-08-03 18:55:15,007 INFO o.a.j.t.JMeterThread: Thread is done: org.apache.jmeter.threads.JMeterThread@379a352a - T04_SelectEmail_01P - Select a email /organizations/oauth2/v2.0/token?client-request-id=7048f7a7-a0cf-3089-dae1-6d5b00dd7c63-1,380
2026-08-03 18:55:15,007 INFO o.a.j.t.JMeterThread: Thread is done: org.apache.jmeter.threads.JMeterThread@3ef10f5b - T04_SelectEmail_01P - Select a email /organizations/oauth2/v2.0/token?client-request-id=7048f7a7-a0cf-3089-dae1-6d5b00dd7c63-1,380
2026-08-03 18:55:15,007 INFO o.a.j.t.JMeterThread: Thread finished: org.apache.jmeter.threads.JMeterThread@379a352a - T04_SelectEmail_01P - Select a email /organizations/oauth2/v2.0/token?client-request-id=7048f7a7-a0cf-3089-dae1-6d5b00dd7c63-1,380
2026-08-03 18:55:15,007 INFO o.a.j.t.JMeterThread: Thread finished: org.apache.jmeter.threads.JMeterThread@3ef10f5b - T04_SelectEmail_01P - Select a email /organizations/oauth2/v2.0/token?client-request-id=7048f7a7-a0cf-3089-dae1-6d5b00dd7c63-1,380
2026-08-03 18:55:15,049 INFO o.a.j.t.JMeterThread: Thread started: parallel T04_SelectEmail_02P
2026-08-03 18:55:15,049 INFO o.a.j.t.JMeterThread: Thread started: parallel T04_SelectEmail_02P
2026-08-03 18:55:15,049 INFO o.a.j.t.JMeterThread: Thread started: parallel T04_SelectEmail_02P
2026-08-03 18:55:15,064 INFO o.a.j.t.JMeterThread: Thread started: parallel T04_SelectEmail_02P
2026-08-03 18:55:15,065 INFO o.a.j.t.JMeterThread: Thread started: parallel T04_SelectEmail_02P
2026-08-03 18:55:15,065 INFO o.a.j.t.JMeterThread: Thread started: parallel T04_SelectEmail_02P
2026-08-03 18:55:15,065 INFO o.a.j.t.JMeterThread: Thread started: parallel T04_SelectEmail_02P
2026-08-03 18:55:15,082 INFO o.a.j.t.JMeterThread: Thread started: parallel T04_SelectEmail_02P
2026-08-03 18:55:15,082 INFO o.a.j.t.JMeterThread: Thread started: parallel T04_SelectEmail_02P
2026-08-03 18:55:15,082 INFO o.a.j.t.JMeterThread: Thread started: parallel T04_SelectEmail_02P
2026-08-03 18:55:15,082 INFO o.a.j.t.JMeterThread: Thread started: parallel T04_SelectEmail_02P
2026-08-03 18:55:15,082 INFO o.a.j.t.JMeterThread: Thread started: parallel T04_SelectEmail_02P
2026-08-03 18:55:15,464 INFO o.a.j.t.JMeterThread: Thread is done: org.apache.jmeter.threads.JMeterThread@3ef10f5b - T04_SelectEmail_02P - Select a email /api/v2/personacards/preparePersona?RootCorrelationId=6f85e354-ed52-46e9-9a81-44a1b7e144ba&CorrelationId=6f85e354-ed52-46e9-9a81-44a1b7e144ba&ClientCorrelationId=ca93d6b4-5df6-4791-8e65-9355b705cd7b-1,370
2026-08-03 18:55:15,464 INFO o.a.j.t.JMeterThread: Thread finished: org.apache.jmeter.threads.JMeterThread@3ef10f5b - T04_SelectEmail_02P - Select a email /api/v2/personacards/preparePersona?RootCorrelationId=6f85e354-ed52-46e9-9a81-44a1b7e144ba&CorrelationId=6f85e354-ed52-46e9-9a81-44a1b7e144ba&ClientCorrelationId=ca93d6b4-5df6-4791-8e65-9355b705cd7b-1,370
2026-08-03 18:55:15,464 INFO o.a.j.t.JMeterThread: Thread started: parallel T04_SelectEmail_02P
2026-08-03 18:55:15,481 INFO o.a.j.t.JMeterThread: Thread is done: org.apache.jmeter.threads.JMeterThread@3ef10f5b - T04_SelectEmail_02P - Select a email /ows/api/v1/translation/getSupportedLanguages-1,377
2026-08-03 18:55:15,482 INFO o.a.j.t.JMeterThread: Thread finished: org.apache.jmeter.threads.JMeterThread@3ef10f5b - T04_SelectEmail_02P - Select a email /ows/api/v1/translation/getSupportedLanguages-1,377
2026-08-03 18:55:15,482 INFO o.a.j.t.JMeterThread: Thread started: parallel T04_SelectEmail_02P
2026-08-03 18:55:15,482 INFO o.a.j.t.JMeterThread: Thread is done: org.apache.jmeter.threads.JMeterThread@379a352a - T04_SelectEmail_02P - Select a email /actionsb2netcore/v1.0/testaccount@knowledgemill.net/clientConfigs/WAC_Outlook_React-1,386
2026-08-03 18:55:15,482 INFO o.a.j.t.JMeterThread: Thread is done: org.apache.jmeter.threads.JMeterThread@379a352a - T04_SelectEmail_02P - Select a email /api/v2/personacards/preparePersona?RootCorrelationId=c980762f-3889-4a38-8b9d-044510ac0b9a&CorrelationId=c980762f-3889-4a38-8b9d-044510ac0b9a&ClientCorrelationId=ca93d6b4-5df6-4791-8e65-9355b705cd7b-1,368
2026-08-03 18:55:15,482 INFO o.a.j.t.JMeterThread: Thread is done: org.apache.jmeter.threads.JMeterThread@379a352a - T04_SelectEmail_02P - Select a email /ows/api/v1/translation/getSupportedLanguages-1,377
2026-08-03 18:55:15,482 INFO o.a.j.t.JMeterThread: Thread is done: org.apache.jmeter.threads.JMeterThread@379a352a - T04_SelectEmail_02P - Select a email //api/v1/peopleInsights/owareadingpane-1,381
2026-08-03 18:55:15,482 INFO o.a.j.t.JMeterThread: Thread is done: org.apache.jmeter.threads.JMeterThread@3ef10f5b - T04_SelectEmail_02P - Select a email /actionsb2netcore/v1.0/testaccount@knowledgemill.net/clientConfigs/WAC_Outlook_React-1,386
2026-08-03 18:55:15,482 INFO o.a.j.t.JMeterThread: Thread finished: org.apache.jmeter.threads.JMeterThread@379a352a - T04_SelectEmail_02P - Select a email //api/v1/peopleInsights/owareadingpane-1,381
2026-08-03 18:55:15,482 INFO o.a.j.t.JMeterThread: Thread finished: org.apache.jmeter.threads.JMeterThread@379a352a - T04_SelectEmail_02P - Select a email /api/v2/personacards/preparePersona?RootCorrelationId=c980762f-3889-4a38-8b9d-044510ac0b9a&CorrelationId=c980762f-3889-4a38-8b9d-044510ac0b9a&ClientCorrelationId=ca93d6b4-5df6-4791-8e65-9355b705cd7b-1,368
2026-08-03 18:55:15,482 INFO o.a.j.t.JMeterThread: Thread finished: org.apache.jmeter.threads.JMeterThread@379a352a - T04_SelectEmail_02P - Select a email /ows/api/v1/translation/getSupportedLanguages-1,377
2026-08-03 18:55:15,482 INFO o.a.j.t.JMeterThread: Thread finished: org.apache.jmeter.threads.JMeterThread@379a352a - T04_SelectEmail_02P - Select a email /actionsb2netcore/v1.0/testaccount@knowledgemill.net/clientConfigs/WAC_Outlook_React-1,386
2026-08-03 18:55:15,482 INFO o.a.j.t.JMeterThread: Thread finished: org.apache.jmeter.threads.JMeterThread@3ef10f5b - T04_SelectEmail_02P - Select a email /actionsb2netcore/v1.0/testaccount@knowledgemill.net/clientConfigs/WAC_Outlook_React-1,386
2026-08-03 18:55:15,495 INFO o.a.j.t.JMeterThread: Thread started: parallel T04_SelectEmail_02P
2026-08-03 18:55:15,495 INFO o.a.j.t.JMeterThread: Thread started: parallel T04_SelectEmail_02P
2026-08-03 18:55:15,495 INFO o.a.j.t.JMeterThread: Thread started: parallel T04_SelectEmail_02P
2026-08-03 18:55:15,495 INFO o.a.j.t.JMeterThread: Thread started: parallel T04_SelectEmail_02P
2026-08-03 18:55:15,495 INFO o.a.j.t.JMeterThread: Thread started: parallel T04_SelectEmail_02P
2026-08-03 18:55:15,499 INFO o.a.j.t.JMeterThread: Thread is done: org.apache.jmeter.threads.JMeterThread@379a352a - T04_SelectEmail_02P - Select a email /api/v2/personacards/preparePersona?RootCorrelationId=6f85e354-ed52-46e9-9a81-44a1b7e144ba&CorrelationId=6f85e354-ed52-46e9-9a81-44a1b7e144ba&ClientCorrelationId=ca93d6b4-5df6-4791-8e65-9355b705cd7b-1,370
2026-08-03 18:55:15,499 INFO o.a.j.t.JMeterThread: Thread finished: org.apache.jmeter.threads.JMeterThread@379a352a - T04_SelectEmail_02P - Select a email /api/v2/personacards/preparePersona?RootCorrelationId=6f85e354-ed52-46e9-9a81-44a1b7e144ba&CorrelationId=6f85e354-ed52-46e9-9a81-44a1b7e144ba&ClientCorrelationId=ca93d6b4-5df6-4791-8e65-9355b705cd7b-1,370
2026-08-03 18:55:15,499 INFO o.a.j.t.JMeterThread: Thread is done: org.apache.jmeter.threads.JMeterThread@3ef10f5b - T04_SelectEmail_02P - Select a email //api/v1/peopleInsights/owareadingpane-1,381
2026-08-03 18:55:15,499 INFO o.a.j.t.JMeterThread: Thread finished: org.apache.jmeter.threads.JMeterThread@3ef10f5b - T04_SelectEmail_02P - Select a email //api/v1/peopleInsights/owareadingpane-1,381
2026-08-03 18:55:15,499 INFO o.a.j.t.JMeterThread: Thread started: parallel T04_SelectEmail_02P
2026-08-03 18:55:15,499 INFO o.a.j.t.JMeterThread: Thread started: parallel T04_SelectEmail_02P
2026-08-03 18:55:15,516 INFO o.a.j.t.JMeterThread: Thread is done: org.apache.jmeter.threads.JMeterThread@3ef10f5b - T04_SelectEmail_02P - Select a email /api/v2/personacards/preparePersona?RootCorrelationId=c980762f-3889-4a38-8b9d-044510ac0b9a&CorrelationId=c980762f-3889-4a38-8b9d-044510ac0b9a&ClientCorrelationId=ca93d6b4-5df6-4791-8e65-9355b705cd7b-1,368
2026-08-03 18:55:15,516 INFO o.a.j.t.JMeterThread: Thread finished: org.apache.jmeter.threads.JMeterThread@3ef10f5b - T04_SelectEmail_02P - Select a email /api/v2/personacards/preparePersona?RootCorrelationId=c980762f-3889-4a38-8b9d-044510ac0b9a&CorrelationId=c980762f-3889-4a38-8b9d-044510ac0b9a&ClientCorrelationId=ca93d6b4-5df6-4791-8e65-9355b705cd7b-1,368
2026-08-03 18:55:15,516 INFO o.a.j.t.JMeterThread: Thread started: parallel T04_SelectEmail_02P
2026-08-03 18:55:15,530 ERROR o.a.j.v.b.g.TextGraphiteMetricsSender: Error writing to Graphite: Connection refused: no further information
java.net.ConnectException: Connection refused: no further information
	at java.base/sun.nio.ch.Net.pollConnect(Native Method) ~[?:?]
	at java.base/sun.nio.ch.Net.pollConnectNow(Net.java:672) ~[?:?]
	at java.base/sun.nio.ch.NioSocketImpl.timedFinishConnect(NioSocketImpl.java:547) ~[?:?]
	at java.base/sun.nio.ch.NioSocketImpl.connect(NioSocketImpl.java:602) ~[?:?]
	at java.base/java.net.SocksSocketImpl.connect(SocksSocketImpl.java:327) ~[?:?]
	at java.base/java.net.Socket.connect(Socket.java:633) ~[?:?]
	at org.apache.jmeter.visualizers.backend.graphite.SocketOutputStreamPoolFactory.create(SocketOutputStreamPoolFactory.java:76) ~[ApacheJMeter_components.jar:5.6.3]
	at org.apache.jmeter.visualizers.backend.graphite.SocketOutputStreamPoolFactory.makeObject(SocketOutputStreamPoolFactory.java:47) ~[ApacheJMeter_components.jar:5.6.3]
	at org.apache.jmeter.visualizers.backend.graphite.SocketOutputStreamPoolFactory.makeObject(SocketOutputStreamPoolFactory.java:33) ~[ApacheJMeter_components.jar:5.6.3]
	at org.apache.commons.pool2.impl.GenericKeyedObjectPool.create(GenericKeyedObjectPool.java:796) ~[commons-pool2-2.12.0.jar:2.12.0]
	at org.apache.commons.pool2.impl.GenericKeyedObjectPool.borrowObject(GenericKeyedObjectPool.java:444) ~[commons-pool2-2.12.0.jar:2.12.0]
	at org.apache.commons.pool2.impl.GenericKeyedObjectPool.borrowObject(GenericKeyedObjectPool.java:355) ~[commons-pool2-2.12.0.jar:2.12.0]
	at org.apache.jmeter.visualizers.backend.graphite.TextGraphiteMetricsSender.writeMetrics(TextGraphiteMetricsSender.java:110) [ApacheJMeter_components.jar:5.6.3]
	at org.apache.jmeter.visualizers.backend.graphite.TextGraphiteMetricsSender.writeAndSendMetrics(TextGraphiteMetricsSender.java:104) [ApacheJMeter_components.jar:5.6.3]
	at org.apache.jmeter.visualizers.backend.graphite.GraphiteBackendListenerClient.sendMetrics(GraphiteBackendListenerClient.java:186) [ApacheJMeter_components.jar:5.6.3]
	at org.apache.jmeter.visualizers.backend.graphite.GraphiteBackendListenerClient.run(GraphiteBackendListenerClient.java:149) [ApacheJMeter_components.jar:5.6.3]
	at java.base/java.util.concurrent.Executors$RunnableAdapter.call(Executors.java:539) [?:?]
	at java.base/java.util.concurrent.FutureTask.runAndReset(FutureTask.java:305) [?:?]
	at java.base/java.util.concurrent.ScheduledThreadPoolExecutor$ScheduledFutureTask.run(ScheduledThreadPoolExecutor.java:305) [?:?]
	at java.base/java.util.concurrent.ThreadPoolExecutor.runWorker(ThreadPoolExecutor.java:1136) [?:?]
	at java.base/java.util.concurrent.ThreadPoolExecutor$Worker.run(ThreadPoolExecutor.java:635) [?:?]
	at java.base/java.lang.Thread.run(Thread.java:842) [?:?]
2026-08-03 18:55:15,742 INFO o.a.j.t.JMeterThread: Thread is done: org.apache.jmeter.threads.JMeterThread@379a352a - T04_SelectEmail_02P - Select a email /owa/service.svc?action=GetExtensibilityContext&app=Mail&n=37-1,383
2026-08-03 18:55:15,742 INFO o.a.j.t.JMeterThread: Thread finished: org.apache.jmeter.threads.JMeterThread@379a352a - T04_SelectEmail_02P - Select a email /owa/service.svc?action=GetExtensibilityContext&app=Mail&n=37-1,383
2026-08-03 18:55:15,742 INFO o.a.j.t.JMeterThread: Thread started: parallel T04_SelectEmail_02P
2026-08-03 18:55:15,748 INFO o.a.j.t.JMeterThread: Thread is done: org.apache.jmeter.threads.JMeterThread@3ef10f5b - T04_SelectEmail_02P - Select a email /owa/service.svc?action=GetExtensibilityContext&app=Mail&n=37-1,383
2026-08-03 18:55:15,748 INFO o.a.j.t.JMeterThread: Thread finished: org.apache.jmeter.threads.JMeterThread@3ef10f5b - T04_SelectEmail_02P - Select a email /owa/service.svc?action=GetExtensibilityContext&app=Mail&n=37-1,383
2026-08-03 18:55:15,748 INFO o.a.j.t.JMeterThread: Thread started: parallel T04_SelectEmail_02P
2026-08-03 18:55:15,865 INFO o.a.j.t.JMeterThread: Thread is done: org.apache.jmeter.threads.JMeterThread@3ef10f5b - T04_SelectEmail_02P - Select a email /ows/v1/OutlookCloudSettings/settings/-1,395
2026-08-03 18:55:15,865 INFO o.a.j.t.JMeterThread: Thread finished: org.apache.jmeter.threads.JMeterThread@3ef10f5b - T04_SelectEmail_02P - Select a email /ows/v1/OutlookCloudSettings/settings/-1,395
2026-08-03 18:55:15,865 INFO o.a.j.t.JMeterThread: Thread started: parallel T04_SelectEmail_02P
2026-08-03 18:55:15,882 INFO o.a.j.t.JMeterThread: Thread is done: org.apache.jmeter.threads.JMeterThread@3ef10f5b - T04_SelectEmail_02P - Select a email /search/api/v1/init-1,401
2026-08-03 18:55:15,882 INFO o.a.j.t.JMeterThread: Thread finished: org.apache.jmeter.threads.JMeterThread@3ef10f5b - T04_SelectEmail_02P - Select a email /search/api/v1/init-1,401
2026-08-03 18:55:15,882 INFO o.a.j.t.JMeterThread: Thread started: parallel T04_SelectEmail_02P
2026-08-03 18:55:15,894 INFO o.a.j.t.JMeterThread: Thread is done: org.apache.jmeter.threads.JMeterThread@379a352a - T04_SelectEmail_02P - Select a email /search/api/v1/init-1,401
2026-08-03 18:55:15,894 INFO o.a.j.t.JMeterThread: Thread finished: org.apache.jmeter.threads.JMeterThread@379a352a - T04_SelectEmail_02P - Select a email /search/api/v1/init-1,401
2026-08-03 18:55:15,898 INFO o.a.j.t.JMeterThread: Thread started: parallel T04_SelectEmail_02P
2026-08-03 18:55:15,899 INFO o.a.j.t.JMeterThread: Thread is done: org.apache.jmeter.threads.JMeterThread@379a352a - T04_SelectEmail_02P - Select a email /owa/service.svc?action=GetFolderMruConfiguration&app=Mail&n=42-1,420
2026-08-03 18:55:15,899 INFO o.a.j.t.JMeterThread: Thread finished: org.apache.jmeter.threads.JMeterThread@379a352a - T04_SelectEmail_02P - Select a email /owa/service.svc?action=GetFolderMruConfiguration&app=Mail&n=42-1,420
2026-08-03 18:55:15,899 INFO o.a.j.t.JMeterThread: Thread started: parallel T04_SelectEmail_02P
2026-08-03 18:55:15,899 INFO o.a.j.t.JMeterThread: Thread is done: org.apache.jmeter.threads.JMeterThread@379a352a - T04_SelectEmail_02P - Select a email /ows/beta/ScenarioSettings/-1,437
2026-08-03 18:55:15,899 INFO o.a.j.t.JMeterThread: Thread finished: org.apache.jmeter.threads.JMeterThread@379a352a - T04_SelectEmail_02P - Select a email /ows/beta/ScenarioSettings/-1,437
2026-08-03 18:55:15,899 INFO o.a.j.t.JMeterThread: Thread started: parallel T04_SelectEmail_02P
2026-08-03 18:55:15,915 INFO o.a.j.t.JMeterThread: Thread is done: org.apache.jmeter.threads.JMeterThread@3ef10f5b - T04_SelectEmail_02P - Select a email /owa/service.svc?action=GetFolderMruConfiguration&app=Mail&n=42-1,420
2026-08-03 18:55:15,915 INFO o.a.j.t.JMeterThread: Thread is done: org.apache.jmeter.threads.JMeterThread@3ef10f5b - T04_SelectEmail_02P - Select a email /ows/beta/ScenarioSettings/-1,437
2026-08-03 18:55:15,915 INFO o.a.j.t.JMeterThread: Thread finished: org.apache.jmeter.threads.JMeterThread@3ef10f5b - T04_SelectEmail_02P - Select a email /owa/service.svc?action=GetFolderMruConfiguration&app=Mail&n=42-1,420
2026-08-03 18:55:15,915 INFO o.a.j.t.JMeterThread: Thread finished: org.apache.jmeter.threads.JMeterThread@3ef10f5b - T04_SelectEmail_02P - Select a email /ows/beta/ScenarioSettings/-1,437
2026-08-03 18:55:15,915 INFO o.a.j.t.JMeterThread: Thread started: parallel T04_SelectEmail_02P
2026-08-03 18:55:15,915 INFO o.a.j.t.JMeterThread: Thread started: parallel T04_SelectEmail_02P
2026-08-03 18:55:15,915 INFO o.a.j.t.JMeterThread: Thread is done: org.apache.jmeter.threads.JMeterThread@3ef10f5b - T04_SelectEmail_02P - Select a email /api/beta/me/translateExchangeIds?n=41&cv=vHWyfbsM51acLkffDosbHY.49-1,399
2026-08-03 18:55:15,915 INFO o.a.j.t.JMeterThread: Thread finished: org.apache.jmeter.threads.JMeterThread@3ef10f5b - T04_SelectEmail_02P - Select a email /api/beta/me/translateExchangeIds?n=41&cv=vHWyfbsM51acLkffDosbHY.49-1,399
2026-08-03 18:55:15,915 INFO o.a.j.t.JMeterThread: Thread is done: org.apache.jmeter.threads.JMeterThread@379a352a - T04_SelectEmail_02P - Select a email /api/beta/me/translateExchangeIds?n=41&cv=vHWyfbsM51acLkffDosbHY.49-1,399
2026-08-03 18:55:15,915 INFO o.a.j.t.JMeterThread: Thread finished: org.apache.jmeter.threads.JMeterThread@379a352a - T04_SelectEmail_02P - Select a email /api/beta/me/translateExchangeIds?n=41&cv=vHWyfbsM51acLkffDosbHY.49-1,399
2026-08-03 18:55:15,915 INFO o.a.j.t.JMeterThread: Thread started: parallel T04_SelectEmail_02P
2026-08-03 18:55:15,915 INFO o.a.j.t.JMeterThread: Thread started: parallel T04_SelectEmail_02P
2026-08-03 18:55:15,932 INFO o.a.j.t.JMeterThread: Thread is done: org.apache.jmeter.threads.JMeterThread@379a352a - T04_SelectEmail_02P - Select a email /ows/v1/OutlookCloudSettings/settings/-1,395
2026-08-03 18:55:15,932 INFO o.a.j.t.JMeterThread: Thread finished: org.apache.jmeter.threads.JMeterThread@379a352a - T04_SelectEmail_02P - Select a email /ows/v1/OutlookCloudSettings/settings/-1,395
2026-08-03 18:55:15,932 INFO o.a.j.t.JMeterThread: Thread started: parallel T04_SelectEmail_02P
2026-08-03 18:55:16,027 INFO o.a.j.r.Summariser: summary +     34 in 00:00:06 =    5.7/s Avg:   409 Min:    16 Max:  4463 Err:     0 (0.00%) Active: 3 Started: 593 Finished: 590
2026-08-03 18:55:16,027 INFO o.a.j.r.Summariser: summary =    169 in 00:00:33 =    5.0/s Avg:   429 Min:    16 Max:  5121 Err:     0 (0.00%)
2026-08-03 18:55:16,081 INFO o.a.j.t.JMeterThread: Thread is done: org.apache.jmeter.threads.JMeterThread@379a352a - T04_SelectEmail_02P - Select a email /owa/service.svc?action=FindCategoryDetails&app=Mail&n=45-1,438
2026-08-03 18:55:16,081 INFO o.a.j.t.JMeterThread: Thread finished: org.apache.jmeter.threads.JMeterThread@379a352a - T04_SelectEmail_02P - Select a email /owa/service.svc?action=FindCategoryDetails&app=Mail&n=45-1,438
2026-08-03 18:55:16,081 INFO o.a.j.t.JMeterThread: Thread started: parallel T04_SelectEmail_02P
2026-08-03 18:55:16,115 INFO o.a.j.t.JMeterThread: Thread is done: org.apache.jmeter.threads.JMeterThread@3ef10f5b - T04_SelectEmail_02P - Select a email /owa/service.svc?action=FindCategoryDetails&app=Mail&n=45-1,438
2026-08-03 18:55:16,115 INFO o.a.j.t.JMeterThread: Thread finished: org.apache.jmeter.threads.JMeterThread@3ef10f5b - T04_SelectEmail_02P - Select a email /owa/service.svc?action=FindCategoryDetails&app=Mail&n=45-1,438
2026-08-03 18:55:16,115 INFO o.a.j.t.JMeterThread: Thread started: parallel T04_SelectEmail_02P
2026-08-03 18:55:16,279 INFO o.a.j.t.JMeterThread: Thread is done: org.apache.jmeter.threads.JMeterThread@3ef10f5b - T04_SelectEmail_02P - Select a email /ows/v1.0/FloodGateSurvey/CampaignStates-1,456
2026-08-03 18:55:16,279 INFO o.a.j.t.JMeterThread: Thread finished: org.apache.jmeter.threads.JMeterThread@3ef10f5b - T04_SelectEmail_02P - Select a email /ows/v1.0/FloodGateSurvey/CampaignStates-1,456
2026-08-03 18:55:16,281 INFO o.a.j.t.JMeterThread: Thread is done: org.apache.jmeter.threads.JMeterThread@3ef10f5b - T04_SelectEmail_02P - Select a email /api/beta/me/calendar/gettimeprofile-1,444
2026-08-03 18:55:16,281 INFO o.a.j.t.JMeterThread: Thread finished: org.apache.jmeter.threads.JMeterThread@3ef10f5b - T04_SelectEmail_02P - Select a email /api/beta/me/calendar/gettimeprofile-1,444
2026-08-03 18:55:16,281 INFO o.a.j.t.JMeterThread: Thread is done: org.apache.jmeter.threads.JMeterThread@3ef10f5b - T04_SelectEmail_02P - Select a email /owa/service.svc?action=GetCalendarView&app=Mail&n=33-1,455
2026-08-03 18:55:16,281 INFO o.a.j.t.JMeterThread: Thread finished: org.apache.jmeter.threads.JMeterThread@3ef10f5b - T04_SelectEmail_02P - Select a email /owa/service.svc?action=GetCalendarView&app=Mail&n=33-1,455
2026-08-03 18:55:16,281 INFO o.a.j.t.JMeterThread: Thread started: parallel T04_SelectEmail_02P
2026-08-03 18:55:16,281 INFO o.a.j.t.JMeterThread: Thread started: parallel T04_SelectEmail_02P
2026-08-03 18:55:16,281 INFO o.a.j.t.JMeterThread: Thread started: parallel T04_SelectEmail_02P
2026-08-03 18:55:16,281 INFO o.a.j.t.JMeterThread: Thread is done: org.apache.jmeter.threads.JMeterThread@379a352a - T04_SelectEmail_02P - Select a email /owa/service.svc?action=GetCalendarView&app=Mail&n=33-1,455
2026-08-03 18:55:16,281 INFO o.a.j.t.JMeterThread: Thread finished: org.apache.jmeter.threads.JMeterThread@379a352a - T04_SelectEmail_02P - Select a email /owa/service.svc?action=GetCalendarView&app=Mail&n=33-1,455
2026-08-03 18:55:16,281 INFO o.a.j.t.JMeterThread: Thread started: parallel T04_SelectEmail_02P
2026-08-03 18:55:16,295 INFO o.a.j.t.JMeterThread: Thread is done: org.apache.jmeter.threads.JMeterThread@379a352a - T04_SelectEmail_02P - Select a email /ows/v1.0/FloodGateSurvey/CampaignStates-1,456
2026-08-03 18:55:16,295 INFO o.a.j.t.JMeterThread: Thread finished: org.apache.jmeter.threads.JMeterThread@379a352a - T04_SelectEmail_02P - Select a email /ows/v1.0/FloodGateSurvey/CampaignStates-1,456
2026-08-03 18:55:16,296 INFO o.a.j.t.JMeterThread: Thread started: parallel T04_SelectEmail_02P
2026-08-03 18:55:16,311 INFO o.a.j.t.JMeterThread: Thread is done: org.apache.jmeter.threads.JMeterThread@379a352a - T04_SelectEmail_02P - Select a email /api/beta/me/calendar/gettimeprofile-1,444
2026-08-03 18:55:16,312 INFO o.a.j.t.JMeterThread: Thread finished: org.apache.jmeter.threads.JMeterThread@379a352a - T04_SelectEmail_02P - Select a email /api/beta/me/calendar/gettimeprofile-1,444
2026-08-03 18:55:16,315 INFO o.a.j.t.JMeterThread: Thread started: parallel T04_SelectEmail_02P
2026-08-03 18:55:16,329 INFO o.a.j.t.JMeterThread: Thread is done: org.apache.jmeter.threads.JMeterThread@379a352a - T04_SelectEmail_02P - Select a email /ows/beta/ConnectedAccounts-1,448
2026-08-03 18:55:16,329 INFO o.a.j.t.JMeterThread: Thread finished: org.apache.jmeter.threads.JMeterThread@379a352a - T04_SelectEmail_02P - Select a email /ows/beta/ConnectedAccounts-1,448
2026-08-03 18:55:16,331 INFO o.a.j.t.JMeterThread: Thread started: parallel T04_SelectEmail_02P
2026-08-03 18:55:16,343 INFO o.a.j.t.JMeterThread: Thread is done: org.apache.jmeter.threads.JMeterThread@3ef10f5b - T04_SelectEmail_02P - Select a email /ows/beta/ConnectedAccounts-1,448
2026-08-03 18:55:16,343 INFO o.a.j.t.JMeterThread: Thread finished: org.apache.jmeter.threads.JMeterThread@3ef10f5b - T04_SelectEmail_02P - Select a email /ows/beta/ConnectedAccounts-1,448
2026-08-03 18:55:16,344 INFO o.a.j.t.JMeterThread: Thread started: parallel T04_SelectEmail_02P
2026-08-03 18:55:16,375 INFO o.a.j.t.JMeterThread: Thread is done: org.apache.jmeter.threads.JMeterThread@3ef10f5b - T04_SelectEmail_02P - Select a email /owa/service.svc?action=GetCalendarFolders&app=Mail&n=32-1,439
2026-08-03 18:55:16,375 INFO o.a.j.t.JMeterThread: Thread finished: org.apache.jmeter.threads.JMeterThread@3ef10f5b - T04_SelectEmail_02P - Select a email /owa/service.svc?action=GetCalendarFolders&app=Mail&n=32-1,439
2026-08-03 18:55:16,375 INFO o.a.j.t.JMeterThread: Thread started: parallel T04_SelectEmail_02P
2026-08-03 18:55:16,396 INFO o.a.j.t.JMeterThread: Thread is done: org.apache.jmeter.threads.JMeterThread@379a352a - T04_SelectEmail_02P - Select a email /ows/v1.0/FloodGateSurvey/GovernedChannelStates-1,459
2026-08-03 18:55:16,396 INFO o.a.j.t.JMeterThread: Thread finished: org.apache.jmeter.threads.JMeterThread@379a352a - T04_SelectEmail_02P - Select a email /ows/v1.0/FloodGateSurvey/GovernedChannelStates-1,459
2026-08-03 18:55:16,397 INFO o.a.j.t.JMeterThread: Thread started: parallel T04_SelectEmail_02P
2026-08-03 18:55:16,414 INFO o.a.j.t.JMeterThread: Thread is done: org.apache.jmeter.threads.JMeterThread@379a352a - T04_SelectEmail_02P - Select a email /owa/service.svc?action=GetCalendarFolders&app=Mail&n=32-1,439
2026-08-03 18:55:16,414 INFO o.a.j.t.JMeterThread: Thread finished: org.apache.jmeter.threads.JMeterThread@379a352a - T04_SelectEmail_02P - Select a email /owa/service.svc?action=GetCalendarFolders&app=Mail&n=32-1,439
2026-08-03 18:55:16,431 INFO o.a.j.t.JMeterThread: Thread started: parallel T04_SelectEmail_02P
2026-08-03 18:55:16,431 INFO o.a.j.t.JMeterThread: Thread is done: org.apache.jmeter.threads.JMeterThread@3ef10f5b - T04_SelectEmail_02P - Select a email /ows/v1.0/FloodGateSurvey/GovernedChannelStates-1,459
2026-08-03 18:55:16,431 INFO o.a.j.t.JMeterThread: Thread finished: org.apache.jmeter.threads.JMeterThread@3ef10f5b - T04_SelectEmail_02P - Select a email /ows/v1.0/FloodGateSurvey/GovernedChannelStates-1,459
2026-08-03 18:55:16,431 INFO o.a.j.t.JMeterThread: Thread started: parallel T04_SelectEmail_02P
2026-08-03 18:55:16,525 ERROR o.a.j.v.b.g.TextGraphiteMetricsSender: Error writing to Graphite: Connection refused: no further information
java.net.ConnectException: Connection refused: no further information
	at java.base/sun.nio.ch.Net.pollConnect(Native Method) ~[?:?]
	at java.base/sun.nio.ch.Net.pollConnectNow(Net.java:672) ~[?:?]
	at java.base/sun.nio.ch.NioSocketImpl.timedFinishConnect(NioSocketImpl.java:547) ~[?:?]
	at java.base/sun.nio.ch.NioSocketImpl.connect(NioSocketImpl.java:602) ~[?:?]
	at java.base/java.net.SocksSocketImpl.connect(SocksSocketImpl.java:327) ~[?:?]
	at java.base/java.net.Socket.connect(Socket.java:633) ~[?:?]
	at org.apache.jmeter.visualizers.backend.graphite.SocketOutputStreamPoolFactory.create(SocketOutputStreamPoolFactory.java:76) ~[ApacheJMeter_components.jar:5.6.3]
	at org.apache.jmeter.visualizers.backend.graphite.SocketOutputStreamPoolFactory.makeObject(SocketOutputStreamPoolFactory.java:47) ~[ApacheJMeter_components.jar:5.6.3]
	at org.apache.jmeter.visualizers.backend.graphite.SocketOutputStreamPoolFactory.makeObject(SocketOutputStreamPoolFactory.java:33) ~[ApacheJMeter_components.jar:5.6.3]
	at org.apache.commons.pool2.impl.GenericKeyedObjectPool.create(GenericKeyedObjectPool.java:796) ~[commons-pool2-2.12.0.jar:2.12.0]
	at org.apache.commons.pool2.impl.GenericKeyedObjectPool.borrowObject(GenericKeyedObjectPool.java:444) ~[commons-pool2-2.12.0.jar:2.12.0]
	at org.apache.commons.pool2.impl.GenericKeyedObjectPool.borrowObject(GenericKeyedObjectPool.java:355) ~[commons-pool2-2.12.0.jar:2.12.0]
	at org.apache.jmeter.visualizers.backend.graphite.TextGraphiteMetricsSender.writeMetrics(TextGraphiteMetricsSender.java:110) [ApacheJMeter_components.jar:5.6.3]
	at org.apache.jmeter.visualizers.backend.graphite.TextGraphiteMetricsSender.writeAndSendMetrics(TextGraphiteMetricsSender.java:104) [ApacheJMeter_components.jar:5.6.3]
	at org.apache.jmeter.visualizers.backend.graphite.GraphiteBackendListenerClient.sendMetrics(GraphiteBackendListenerClient.java:186) [ApacheJMeter_components.jar:5.6.3]
	at org.apache.jmeter.visualizers.backend.graphite.GraphiteBackendListenerClient.run(GraphiteBackendListenerClient.java:149) [ApacheJMeter_components.jar:5.6.3]
	at java.base/java.util.concurrent.Executors$RunnableAdapter.call(Executors.java:539) [?:?]
	at java.base/java.util.concurrent.FutureTask.runAndReset(FutureTask.java:305) [?:?]
	at java.base/java.util.concurrent.ScheduledThreadPoolExecutor$ScheduledFutureTask.run(ScheduledThreadPoolExecutor.java:305) [?:?]
	at java.base/java.util.concurrent.ThreadPoolExecutor.runWorker(ThreadPoolExecutor.java:1136) [?:?]
	at java.base/java.util.concurrent.ThreadPoolExecutor$Worker.run(ThreadPoolExecutor.java:635) [?:?]
	at java.base/java.lang.Thread.run(Thread.java:842) [?:?]
2026-08-03 18:55:16,663 INFO o.a.j.t.JMeterThread: Thread is done: org.apache.jmeter.threads.JMeterThread@379a352a - T04_SelectEmail_02P - Select a email /ows/v1.0/FloodGateSurvey/SurveyActivationStats-1,460
2026-08-03 18:55:16,663 INFO o.a.j.t.JMeterThread: Thread is done: org.apache.jmeter.threads.JMeterThread@3ef10f5b - T04_SelectEmail_02P - Select a email /ows/v1.0/FloodGateSurvey/SurveyActivationStats-1,460
2026-08-03 18:55:16,663 INFO o.a.j.t.JMeterThread: Thread finished: org.apache.jmeter.threads.JMeterThread@3ef10f5b - T04_SelectEmail_02P - Select a email /ows/v1.0/FloodGateSurvey/SurveyActivationStats-1,460
2026-08-03 18:55:16,663 INFO o.a.j.t.JMeterThread: Thread finished: org.apache.jmeter.threads.JMeterThread@379a352a - T04_SelectEmail_02P - Select a email /ows/v1.0/FloodGateSurvey/SurveyActivationStats-1,460
2026-08-03 18:55:16,664 INFO o.a.j.t.JMeterThread: Thread is done: org.apache.jmeter.threads.JMeterThread@3ef10f5b - T04_SelectEmail_02P - Select a email /owa/service.svc?action=FindItem&app=Mail&n=52-1,467
2026-08-03 18:55:16,664 INFO o.a.j.t.JMeterThread: Thread finished: org.apache.jmeter.threads.JMeterThread@3ef10f5b - T04_SelectEmail_02P - Select a email /owa/service.svc?action=FindItem&app=Mail&n=52-1,467
2026-08-03 18:55:16,664 INFO o.a.j.t.JMeterThread: Thread started: parallel T04_SelectEmail_02P
2026-08-03 18:55:16,664 INFO o.a.j.t.JMeterThread: Thread started: parallel T04_SelectEmail_02P
2026-08-03 18:55:16,665 INFO o.a.j.t.JMeterThread: Thread started: parallel T04_SelectEmail_02P
2026-08-03 18:55:16,676 INFO o.a.j.t.JMeterThread: Thread is done: org.apache.jmeter.threads.JMeterThread@379a352a - T04_SelectEmail_02P - Select a email /owa/service.svc?action=FindItem&app=Mail&n=52-1,467
2026-08-03 18:55:16,676 INFO o.a.j.t.JMeterThread: Thread finished: org.apache.jmeter.threads.JMeterThread@379a352a - T04_SelectEmail_02P - Select a email /owa/service.svc?action=FindItem&app=Mail&n=52-1,467
2026-08-03 18:55:16,678 INFO o.a.j.t.JMeterThread: Thread started: parallel T04_SelectEmail_02P
2026-08-03 18:55:16,764 INFO o.a.j.t.JMeterThread: Thread is done: org.apache.jmeter.threads.JMeterThread@379a352a - T04_SelectEmail_02P - Select a email /owa/service.svc?action=GetCalendarProcessing&app=Mail&n=53-1,468
2026-08-03 18:55:16,764 INFO o.a.j.t.JMeterThread: Thread is done: org.apache.jmeter.threads.JMeterThread@3ef10f5b - T04_SelectEmail_02P - Select a email /owa/service.svc?action=GetCalendarProcessing&app=Mail&n=53-1,468
2026-08-03 18:55:16,764 INFO o.a.j.t.JMeterThread: Thread finished: org.apache.jmeter.threads.JMeterThread@3ef10f5b - T04_SelectEmail_02P - Select a email /owa/service.svc?action=GetCalendarProcessing&app=Mail&n=53-1,468
2026-08-03 18:55:16,764 INFO o.a.j.t.JMeterThread: Thread finished: org.apache.jmeter.threads.JMeterThread@379a352a - T04_SelectEmail_02P - Select a email /owa/service.svc?action=GetCalendarProcessing&app=Mail&n=53-1,468
2026-08-03 18:55:16,764 INFO o.a.j.t.JMeterThread: Thread started: parallel T04_SelectEmail_02P
2026-08-03 18:55:16,764 INFO o.a.j.t.JMeterThread: Thread started: parallel T04_SelectEmail_02P
2026-08-03 18:55:16,798 INFO o.a.j.t.JMeterThread: Thread is done: org.apache.jmeter.threads.JMeterThread@379a352a - T04_SelectEmail_02P - Select a email /ows/api/v1.0/whatsnew/items/unseen-1,484
2026-08-03 18:55:16,798 INFO o.a.j.t.JMeterThread: Thread finished: org.apache.jmeter.threads.JMeterThread@379a352a - T04_SelectEmail_02P - Select a email /ows/api/v1.0/whatsnew/items/unseen-1,484
2026-08-03 18:55:16,811 INFO o.a.j.t.JMeterThread: Thread is done: org.apache.jmeter.threads.JMeterThread@3ef10f5b - T04_SelectEmail_02P - Select a email /ows/api/v1.0/whatsnew/items/unseen-1,484
2026-08-03 18:55:16,813 INFO o.a.j.t.JMeterThread: Thread finished: org.apache.jmeter.threads.JMeterThread@3ef10f5b - T04_SelectEmail_02P - Select a email /ows/api/v1.0/whatsnew/items/unseen-1,484
2026-08-03 18:55:16,814 INFO o.a.j.t.JMeterThread: Thread is done: org.apache.jmeter.threads.JMeterThread@3ef10f5b - T04_SelectEmail_02P - Select a email /NotesFabric/api/v2.0/me/connectednotes-1,479
2026-08-03 18:55:16,814 INFO o.a.j.t.JMeterThread: Thread finished: org.apache.jmeter.threads.JMeterThread@3ef10f5b - T04_SelectEmail_02P - Select a email /NotesFabric/api/v2.0/me/connectednotes-1,479
2026-08-03 18:55:16,874 INFO o.a.j.t.JMeterThread: Thread is done: org.apache.jmeter.threads.JMeterThread@379a352a - T04_SelectEmail_02P - Select a email /NotesFabric/api/v2.0/me/connectednotes-1,479
2026-08-03 18:55:16,874 INFO o.a.j.t.JMeterThread: Thread finished: org.apache.jmeter.threads.JMeterThread@379a352a - T04_SelectEmail_02P - Select a email /NotesFabric/api/v2.0/me/connectednotes-1,479
2026-08-03 18:55:16,874 INFO o.a.j.t.JMeterThread: Thread is done: org.apache.jmeter.threads.JMeterThread@379a352a - T04_SelectEmail_02P - Select a email /owamail/20251128003.09/scripts/ThirdPartyNotices.txt-1,487
2026-08-03 18:55:16,874 INFO o.a.j.t.JMeterThread: Thread finished: org.apache.jmeter.threads.JMeterThread@379a352a - T04_SelectEmail_02P - Select a email /owamail/20251128003.09/scripts/ThirdPartyNotices.txt-1,487
2026-08-03 18:55:16,879 INFO o.a.j.t.JMeterThread: Thread is done: org.apache.jmeter.threads.JMeterThread@3ef10f5b - T04_SelectEmail_02P - Select a email /ows/v1/OutlookCloudSettings/settings/-1,476
2026-08-03 18:55:16,879 INFO o.a.j.t.JMeterThread: Thread finished: org.apache.jmeter.threads.JMeterThread@3ef10f5b - T04_SelectEmail_02P - Select a email /ows/v1/OutlookCloudSettings/settings/-1,476
2026-08-03 18:55:16,881 INFO o.a.j.t.JMeterThread: Thread is done: org.apache.jmeter.threads.JMeterThread@379a352a - T04_SelectEmail_02P - Select a email /ows/v1/OutlookCloudSettings/settings/-1,476
2026-08-03 18:55:16,881 INFO o.a.j.t.JMeterThread: Thread finished: org.apache.jmeter.threads.JMeterThread@379a352a - T04_SelectEmail_02P - Select a email /ows/v1/OutlookCloudSettings/settings/-1,476
2026-08-03 18:55:16,881 INFO o.a.j.t.JMeterThread: Thread is done: org.apache.jmeter.threads.JMeterThread@3ef10f5b - T04_SelectEmail_02P - Select a email /owamail/20251128003.09/scripts/ThirdPartyNotices.txt-1,487
2026-08-03 18:55:16,881 INFO o.a.j.t.JMeterThread: Thread finished: org.apache.jmeter.threads.JMeterThread@3ef10f5b - T04_SelectEmail_02P - Select a email /owamail/20251128003.09/scripts/ThirdPartyNotices.txt-1,487
2026-08-03 18:55:17,047 INFO o.a.j.t.JMeterThread: Thread is done: org.apache.jmeter.threads.JMeterThread@3ef10f5b - T04_SelectEmail_02P - Select a email /ows/api/v1/EndpointTracker?n=55&cv=vHWyfbsM51acLkffDosbHY.63-1,490
2026-08-03 18:55:17,048 INFO o.a.j.t.JMeterThread: Thread finished: org.apache.jmeter.threads.JMeterThread@3ef10f5b - T04_SelectEmail_02P - Select a email /ows/api/v1/EndpointTracker?n=55&cv=vHWyfbsM51acLkffDosbHY.63-1,490
2026-08-03 18:55:17,062 INFO o.a.j.t.JMeterThread: Thread is done: org.apache.jmeter.threads.JMeterThread@379a352a - T04_SelectEmail_02P - Select a email /ows/api/v1/EndpointTracker?n=55&cv=vHWyfbsM51acLkffDosbHY.63-1,490
2026-08-03 18:55:17,064 INFO o.a.j.t.JMeterThread: Thread finished: org.apache.jmeter.threads.JMeterThread@379a352a - T04_SelectEmail_02P - Select a email /ows/api/v1/EndpointTracker?n=55&cv=vHWyfbsM51acLkffDosbHY.63-1,490
2026-08-03 18:55:17,246 INFO o.a.j.t.JMeterThread: Thread is done: org.apache.jmeter.threads.JMeterThread@379a352a - T04_SelectEmail_02P - Select a email /organizations/oauth2/v2.0/token?client-request-id=3e8def55-ac2a-90c3-5ed7-e12fb7303578-1,491
2026-08-03 18:55:17,246 INFO o.a.j.t.JMeterThread: Thread finished: org.apache.jmeter.threads.JMeterThread@379a352a - T04_SelectEmail_02P - Select a email /organizations/oauth2/v2.0/token?client-request-id=3e8def55-ac2a-90c3-5ed7-e12fb7303578-1,491
2026-08-03 18:55:17,296 INFO o.a.j.t.JMeterThread: Thread started: parallel T04_SelectEmail_03P
2026-08-03 18:55:17,296 INFO o.a.j.t.JMeterThread: Thread started: parallel T04_SelectEmail_03P
2026-08-03 18:55:17,296 INFO o.a.j.t.JMeterThread: Thread started: parallel T04_SelectEmail_03P
2026-08-03 18:55:17,296 INFO o.a.j.t.JMeterThread: Thread started: parallel T04_SelectEmail_03P
2026-08-03 18:55:17,310 INFO o.a.j.t.JMeterThread: Thread started: parallel T04_SelectEmail_03P
2026-08-03 18:55:17,311 INFO o.a.j.t.JMeterThread: Thread started: parallel T04_SelectEmail_03P
2026-08-03 18:55:17,332 INFO o.a.j.t.JMeterThread: Thread is done: org.apache.jmeter.threads.JMeterThread@3ef10f5b - T04_SelectEmail_02P - Select a email /organizations/oauth2/v2.0/token?client-request-id=3e8def55-ac2a-90c3-5ed7-e12fb7303578-1,491
2026-08-03 18:55:17,332 INFO o.a.j.t.JMeterThread: Thread finished: org.apache.jmeter.threads.JMeterThread@3ef10f5b - T04_SelectEmail_02P - Select a email /organizations/oauth2/v2.0/token?client-request-id=3e8def55-ac2a-90c3-5ed7-e12fb7303578-1,491
2026-08-03 18:55:17,414 INFO o.a.j.t.JMeterThread: Thread started: parallel T04_SelectEmail_03P
2026-08-03 18:55:17,414 INFO o.a.j.t.JMeterThread: Thread started: parallel T04_SelectEmail_03P
2026-08-03 18:55:17,414 INFO o.a.j.t.JMeterThread: Thread started: parallel T04_SelectEmail_03P
2026-08-03 18:55:17,414 INFO o.a.j.t.JMeterThread: Thread started: parallel T04_SelectEmail_03P
2026-08-03 18:55:17,414 INFO o.a.j.t.JMeterThread: Thread started: parallel T04_SelectEmail_03P
2026-08-03 18:55:17,414 INFO o.a.j.t.JMeterThread: Thread started: parallel T04_SelectEmail_03P
2026-08-03 18:55:17,464 INFO o.a.j.t.JMeterThread: Thread is done: org.apache.jmeter.threads.JMeterThread@379a352a - T04_SelectEmail_03P - Select a email /fluid/prod/generic-loader/versionless/manifest.en-gb.json-1,514
2026-08-03 18:55:17,464 INFO o.a.j.t.JMeterThread: Thread finished: org.apache.jmeter.threads.JMeterThread@379a352a - T04_SelectEmail_03P - Select a email /fluid/prod/generic-loader/versionless/manifest.en-gb.json-1,514
2026-08-03 18:55:17,474 INFO o.a.j.t.JMeterThread: Thread started: parallel T04_SelectEmail_03P
2026-08-03 18:55:17,500 INFO o.a.j.t.JMeterThread: Thread is done: org.apache.jmeter.threads.JMeterThread@379a352a - T04_SelectEmail_03P - Select a email /fluid/prod/loop-page-container/versionless/loopPageContainerCodeLoadDetails.json-1,513
2026-08-03 18:55:17,501 INFO o.a.j.t.JMeterThread: Thread finished: org.apache.jmeter.threads.JMeterThread@379a352a - T04_SelectEmail_03P - Select a email /fluid/prod/loop-page-container/versionless/loopPageContainerCodeLoadDetails.json-1,513
2026-08-03 18:55:17,501 INFO o.a.j.t.JMeterThread: Thread started: parallel T04_SelectEmail_03P
2026-08-03 18:55:17,530 ERROR o.a.j.v.b.g.TextGraphiteMetricsSender: Error writing to Graphite: Connection refused: no further information
java.net.ConnectException: Connection refused: no further information
	at java.base/sun.nio.ch.Net.pollConnect(Native Method) ~[?:?]
	at java.base/sun.nio.ch.Net.pollConnectNow(Net.java:672) ~[?:?]
	at java.base/sun.nio.ch.NioSocketImpl.timedFinishConnect(NioSocketImpl.java:547) ~[?:?]
	at java.base/sun.nio.ch.NioSocketImpl.connect(NioSocketImpl.java:602) ~[?:?]
	at java.base/java.net.SocksSocketImpl.connect(SocksSocketImpl.java:327) ~[?:?]
	at java.base/java.net.Socket.connect(Socket.java:633) ~[?:?]
	at org.apache.jmeter.visualizers.backend.graphite.SocketOutputStreamPoolFactory.create(SocketOutputStreamPoolFactory.java:76) ~[ApacheJMeter_components.jar:5.6.3]
	at org.apache.jmeter.visualizers.backend.graphite.SocketOutputStreamPoolFactory.makeObject(SocketOutputStreamPoolFactory.java:47) ~[ApacheJMeter_components.jar:5.6.3]
	at org.apache.jmeter.visualizers.backend.graphite.SocketOutputStreamPoolFactory.makeObject(SocketOutputStreamPoolFactory.java:33) ~[ApacheJMeter_components.jar:5.6.3]
	at org.apache.commons.pool2.impl.GenericKeyedObjectPool.create(GenericKeyedObjectPool.java:796) ~[commons-pool2-2.12.0.jar:2.12.0]
	at org.apache.commons.pool2.impl.GenericKeyedObjectPool.borrowObject(GenericKeyedObjectPool.java:444) ~[commons-pool2-2.12.0.jar:2.12.0]
	at org.apache.commons.pool2.impl.GenericKeyedObjectPool.borrowObject(GenericKeyedObjectPool.java:355) ~[commons-pool2-2.12.0.jar:2.12.0]
	at org.apache.jmeter.visualizers.backend.graphite.TextGraphiteMetricsSender.writeMetrics(TextGraphiteMetricsSender.java:110) [ApacheJMeter_components.jar:5.6.3]
	at org.apache.jmeter.visualizers.backend.graphite.TextGraphiteMetricsSender.writeAndSendMetrics(TextGraphiteMetricsSender.java:104) [ApacheJMeter_components.jar:5.6.3]
	at org.apache.jmeter.visualizers.backend.graphite.GraphiteBackendListenerClient.sendMetrics(GraphiteBackendListenerClient.java:186) [ApacheJMeter_components.jar:5.6.3]
	at org.apache.jmeter.visualizers.backend.graphite.GraphiteBackendListenerClient.run(GraphiteBackendListenerClient.java:149) [ApacheJMeter_components.jar:5.6.3]
	at java.base/java.util.concurrent.Executors$RunnableAdapter.call(Executors.java:539) [?:?]
	at java.base/java.util.concurrent.FutureTask.runAndReset(FutureTask.java:305) [?:?]
	at java.base/java.util.concurrent.ScheduledThreadPoolExecutor$ScheduledFutureTask.run(ScheduledThreadPoolExecutor.java:305) [?:?]
	at java.base/java.util.concurrent.ThreadPoolExecutor.runWorker(ThreadPoolExecutor.java:1136) [?:?]
	at java.base/java.util.concurrent.ThreadPoolExecutor$Worker.run(ThreadPoolExecutor.java:635) [?:?]
	at java.base/java.lang.Thread.run(Thread.java:842) [?:?]
2026-08-03 18:55:17,545 INFO o.a.j.t.JMeterThread: Thread is done: org.apache.jmeter.threads.JMeterThread@379a352a - T04_SelectEmail_03P - Select a email /v1.0/organization/3969aad6-f7aa-424f-bad1-ef71d031df19/serviceProvisioningInfo-1,519
2026-08-03 18:55:17,545 INFO o.a.j.t.JMeterThread: Thread finished: org.apache.jmeter.threads.JMeterThread@379a352a - T04_SelectEmail_03P - Select a email /v1.0/organization/3969aad6-f7aa-424f-bad1-ef71d031df19/serviceProvisioningInfo-1,519
2026-08-03 18:55:17,546 INFO o.a.j.t.JMeterThread: Thread started: parallel T04_SelectEmail_03P
2026-08-03 18:55:17,580 INFO o.a.j.t.JMeterThread: Thread is done: org.apache.jmeter.threads.JMeterThread@3ef10f5b - T04_SelectEmail_03P - Select a email /fluid/prod/generic-loader/versionless/manifest.en-gb.json-1,514
2026-08-03 18:55:17,580 INFO o.a.j.t.JMeterThread: Thread finished: org.apache.jmeter.threads.JMeterThread@3ef10f5b - T04_SelectEmail_03P - Select a email /fluid/prod/generic-loader/versionless/manifest.en-gb.json-1,514
2026-08-03 18:55:17,580 INFO o.a.j.t.JMeterThread: Thread started: parallel T04_SelectEmail_03P
2026-08-03 18:55:17,596 INFO o.a.j.t.JMeterThread: Thread is done: org.apache.jmeter.threads.JMeterThread@3ef10f5b - T04_SelectEmail_03P - Select a email /fluid/prod/loop-page-container/versionless/loopPageContainerCodeLoadDetails.json-1,513
2026-08-03 18:55:17,596 INFO o.a.j.t.JMeterThread: Thread finished: org.apache.jmeter.threads.JMeterThread@3ef10f5b - T04_SelectEmail_03P - Select a email /fluid/prod/loop-page-container/versionless/loopPageContainerCodeLoadDetails.json-1,513
2026-08-03 18:55:17,596 INFO o.a.j.t.JMeterThread: Thread started: parallel T04_SelectEmail_03P
2026-08-03 18:55:17,630 INFO o.a.j.t.JMeterThread: Thread is done: org.apache.jmeter.threads.JMeterThread@3ef10f5b - T04_SelectEmail_03P - Select a email /v1.0/organization/3969aad6-f7aa-424f-bad1-ef71d031df19/serviceProvisioningInfo-1,519
2026-08-03 18:55:17,630 INFO o.a.j.t.JMeterThread: Thread finished: org.apache.jmeter.threads.JMeterThread@3ef10f5b - T04_SelectEmail_03P - Select a email /v1.0/organization/3969aad6-f7aa-424f-bad1-ef71d031df19/serviceProvisioningInfo-1,519
2026-08-03 18:55:17,633 INFO o.a.j.t.JMeterThread: Thread started: parallel T04_SelectEmail_03P
2026-08-03 18:55:17,727 INFO o.a.j.t.JMeterThread: Thread is done: org.apache.jmeter.threads.JMeterThread@379a352a - T04_SelectEmail_03P - Select a email /ows/beta/elevenbyeleven-1,511
2026-08-03 18:55:17,727 INFO o.a.j.t.JMeterThread: Thread is done: org.apache.jmeter.threads.JMeterThread@379a352a - T04_SelectEmail_03P - Select a email /rs/v1/settings?rs=en-GB-1,492
2026-08-03 18:55:17,727 INFO o.a.j.t.JMeterThread: Thread finished: org.apache.jmeter.threads.JMeterThread@379a352a - T04_SelectEmail_03P - Select a email /rs/v1/settings?rs=en-GB-1,492
2026-08-03 18:55:17,729 INFO o.a.j.t.JMeterThread: Thread started: parallel T04_SelectEmail_03P
2026-08-03 18:55:17,731 INFO o.a.j.t.JMeterThread: Thread is done: org.apache.jmeter.threads.JMeterThread@379a352a - T04_SelectEmail_03P - Select a email /owa/service.svc?action=GetMailboxJunkEmailConfiguration&app=Mail&n=57-1,518
2026-08-03 18:55:17,731 INFO o.a.j.t.JMeterThread: Thread finished: org.apache.jmeter.threads.JMeterThread@379a352a - T04_SelectEmail_03P - Select a email /ows/beta/elevenbyeleven-1,511
2026-08-03 18:55:17,731 INFO o.a.j.t.JMeterThread: Thread finished: org.apache.jmeter.threads.JMeterThread@379a352a - T04_SelectEmail_03P - Select a email /owa/service.svc?action=GetMailboxJunkEmailConfiguration&app=Mail&n=57-1,518
2026-08-03 18:55:17,731 INFO o.a.j.t.JMeterThread: Thread started: parallel T04_SelectEmail_03P
2026-08-03 18:55:17,731 INFO o.a.j.t.JMeterThread: Thread started: parallel T04_SelectEmail_03P
2026-08-03 18:55:17,740 INFO o.a.j.t.JMeterThread: Thread is done: org.apache.jmeter.threads.JMeterThread@3ef10f5b - T04_SelectEmail_03P - Select a email /rs/v1/settings?rs=en-GB-1,492
2026-08-03 18:55:17,740 INFO o.a.j.t.JMeterThread: Thread finished: org.apache.jmeter.threads.JMeterThread@3ef10f5b - T04_SelectEmail_03P - Select a email /rs/v1/settings?rs=en-GB-1,492
2026-08-03 18:55:17,741 INFO o.a.j.t.JMeterThread: Thread started: parallel T04_SelectEmail_03P
2026-08-03 18:55:17,763 INFO o.a.j.t.JMeterThread: Thread is done: org.apache.jmeter.threads.JMeterThread@3ef10f5b - T04_SelectEmail_03P - Select a email /ows/beta/elevenbyeleven-1,511
2026-08-03 18:55:17,763 INFO o.a.j.t.JMeterThread: Thread finished: org.apache.jmeter.threads.JMeterThread@3ef10f5b - T04_SelectEmail_03P - Select a email /ows/beta/elevenbyeleven-1,511
2026-08-03 18:55:17,763 INFO o.a.j.t.JMeterThread: Thread started: parallel T04_SelectEmail_03P
2026-08-03 18:55:17,800 INFO o.a.j.t.JMeterThread: Thread is done: org.apache.jmeter.threads.JMeterThread@3ef10f5b - T04_SelectEmail_03P - Select a email /owa/service.svc?action=GetMailboxJunkEmailConfiguration&app=Mail&n=57-1,518
2026-08-03 18:55:17,800 INFO o.a.j.t.JMeterThread: Thread finished: org.apache.jmeter.threads.JMeterThread@3ef10f5b - T04_SelectEmail_03P - Select a email /owa/service.svc?action=GetMailboxJunkEmailConfiguration&app=Mail&n=57-1,518
2026-08-03 18:55:17,800 INFO o.a.j.t.JMeterThread: Thread started: parallel T04_SelectEmail_03P
2026-08-03 18:55:17,946 INFO o.a.j.t.JMeterThread: Thread is done: org.apache.jmeter.threads.JMeterThread@379a352a - T04_SelectEmail_03P - Select a email /organizations/oauth2/v2.0/token?client-request-id=a7d73303-f5fd-c5e1-310c-019d0131645a-1,516
2026-08-03 18:55:17,946 INFO o.a.j.t.JMeterThread: Thread finished: org.apache.jmeter.threads.JMeterThread@379a352a - T04_SelectEmail_03P - Select a email /organizations/oauth2/v2.0/token?client-request-id=a7d73303-f5fd-c5e1-310c-019d0131645a-1,516
2026-08-03 18:55:17,946 INFO o.a.j.t.JMeterThread: Thread started: parallel T04_SelectEmail_03P
2026-08-03 18:55:17,964 INFO o.a.j.t.JMeterThread: Thread is done: org.apache.jmeter.threads.JMeterThread@379a352a - T04_SelectEmail_03P - Select a email /organizations/oauth2/v2.0/token?client-request-id=4cab3e62-774d-355f-4740-ca34252cdf13-1,517
2026-08-03 18:55:17,964 INFO o.a.j.t.JMeterThread: Thread finished: org.apache.jmeter.threads.JMeterThread@379a352a - T04_SelectEmail_03P - Select a email /organizations/oauth2/v2.0/token?client-request-id=4cab3e62-774d-355f-4740-ca34252cdf13-1,517
2026-08-03 18:55:17,978 INFO o.a.j.t.JMeterThread: Thread started: parallel T04_SelectEmail_03P
2026-08-03 18:55:18,028 INFO o.a.j.t.JMeterThread: Thread is done: org.apache.jmeter.threads.JMeterThread@3ef10f5b - T04_SelectEmail_03P - Select a email /organizations/oauth2/v2.0/token?client-request-id=4cab3e62-774d-355f-4740-ca34252cdf13-1,517
2026-08-03 18:55:18,028 INFO o.a.j.t.JMeterThread: Thread finished: org.apache.jmeter.threads.JMeterThread@3ef10f5b - T04_SelectEmail_03P - Select a email /organizations/oauth2/v2.0/token?client-request-id=4cab3e62-774d-355f-4740-ca34252cdf13-1,517
2026-08-03 18:55:18,028 INFO o.a.j.t.JMeterThread: Thread is done: org.apache.jmeter.threads.JMeterThread@379a352a - T04_SelectEmail_03P - Select a email /organizations/oauth2/v2.0/token?client-request-id=4be7d4a8-62f9-99f1-ce06-64afe94917c8-1,515
2026-08-03 18:55:18,028 INFO o.a.j.t.JMeterThread: Thread finished: org.apache.jmeter.threads.JMeterThread@379a352a - T04_SelectEmail_03P - Select a email /organizations/oauth2/v2.0/token?client-request-id=4be7d4a8-62f9-99f1-ce06-64afe94917c8-1,515
2026-08-03 18:55:18,029 INFO o.a.j.t.JMeterThread: Thread started: parallel T04_SelectEmail_03P
2026-08-03 18:55:18,030 INFO o.a.j.t.JMeterThread: Thread started: parallel T04_SelectEmail_03P
2026-08-03 18:55:18,035 INFO o.a.j.t.JMeterThread: Thread is done: org.apache.jmeter.threads.JMeterThread@3ef10f5b - T04_SelectEmail_03P - Select a email /organizations/oauth2/v2.0/token?client-request-id=a7d73303-f5fd-c5e1-310c-019d0131645a-1,516
2026-08-03 18:55:18,035 INFO o.a.j.t.JMeterThread: Thread finished: org.apache.jmeter.threads.JMeterThread@3ef10f5b - T04_SelectEmail_03P - Select a email /organizations/oauth2/v2.0/token?client-request-id=a7d73303-f5fd-c5e1-310c-019d0131645a-1,516
2026-08-03 18:55:18,037 INFO o.a.j.t.JMeterThread: Thread started: parallel T04_SelectEmail_03P
2026-08-03 18:55:18,059 INFO o.a.j.t.JMeterThread: Thread is done: org.apache.jmeter.threads.JMeterThread@3ef10f5b - T04_SelectEmail_03P - Select a email /config/v1/Fluid/0.0.0.1-1,512
2026-08-03 18:55:18,059 INFO o.a.j.t.JMeterThread: Thread finished: org.apache.jmeter.threads.JMeterThread@3ef10f5b - T04_SelectEmail_03P - Select a email /config/v1/Fluid/0.0.0.1-1,512
2026-08-03 18:55:18,062 INFO o.a.j.t.JMeterThread: Thread started: parallel T04_SelectEmail_03P
2026-08-03 18:55:18,062 INFO o.a.j.t.JMeterThread: Thread is done: org.apache.jmeter.threads.JMeterThread@3ef10f5b - T04_SelectEmail_03P - Select a email /organizations/oauth2/v2.0/token?client-request-id=4be7d4a8-62f9-99f1-ce06-64afe94917c8-1,515
2026-08-03 18:55:18,062 INFO o.a.j.t.JMeterThread: Thread finished: org.apache.jmeter.threads.JMeterThread@3ef10f5b - T04_SelectEmail_03P - Select a email /organizations/oauth2/v2.0/token?client-request-id=4be7d4a8-62f9-99f1-ce06-64afe94917c8-1,515
2026-08-03 18:55:18,062 INFO o.a.j.t.JMeterThread: Thread started: parallel T04_SelectEmail_03P
2026-08-03 18:55:18,089 INFO o.a.j.t.JMeterThread: Thread is done: org.apache.jmeter.threads.JMeterThread@379a352a - T04_SelectEmail_03P - Select a email /config/v1/Fluid/0.0.0.1-1,533
2026-08-03 18:55:18,089 INFO o.a.j.t.JMeterThread: Thread finished: org.apache.jmeter.threads.JMeterThread@379a352a - T04_SelectEmail_03P - Select a email /config/v1/Fluid/0.0.0.1-1,533
2026-08-03 18:55:18,089 INFO o.a.j.t.JMeterThread: Thread started: parallel T04_SelectEmail_03P
2026-08-03 18:55:18,095 INFO o.a.j.t.JMeterThread: Thread is done: org.apache.jmeter.threads.JMeterThread@379a352a - T04_SelectEmail_03P - Select a email /config/v1/Fluid/0.0.0.1-1,512
2026-08-03 18:55:18,095 INFO o.a.j.t.JMeterThread: Thread finished: org.apache.jmeter.threads.JMeterThread@379a352a - T04_SelectEmail_03P - Select a email /config/v1/Fluid/0.0.0.1-1,512
2026-08-03 18:55:18,095 INFO o.a.j.t.JMeterThread: Thread started: parallel T04_SelectEmail_03P
2026-08-03 18:55:18,128 INFO o.a.j.t.JMeterThread: Thread started: parallel T03_SigninOutllok_14P
2026-08-03 18:55:18,130 INFO o.a.j.t.JMeterThread: Thread started: parallel T03_SigninOutllok_14P
2026-08-03 18:55:18,130 INFO o.a.j.t.JMeterThread: Thread started: parallel T03_SigninOutllok_14P
2026-08-03 18:55:18,130 INFO o.a.j.t.JMeterThread: Thread started: parallel T03_SigninOutllok_14P
2026-08-03 18:55:18,133 INFO o.a.j.t.JMeterThread: Thread started: parallel T03_SigninOutllok_14P
2026-08-03 18:55:18,133 INFO o.a.j.t.JMeterThread: Thread started: parallel T03_SigninOutllok_14P
2026-08-03 18:55:18,180 INFO o.a.j.t.JMeterThread: Thread is done: org.apache.jmeter.threads.JMeterThread@3ef10f5b - T04_SelectEmail_03P - Select a email /config/v1/Fluid/0.0.0.1-1,533
2026-08-03 18:55:18,180 INFO o.a.j.t.JMeterThread: Thread finished: org.apache.jmeter.threads.JMeterThread@3ef10f5b - T04_SelectEmail_03P - Select a email /config/v1/Fluid/0.0.0.1-1,533
2026-08-03 18:55:18,180 INFO o.a.j.t.JMeterThread: Thread started: parallel T04_SelectEmail_03P
2026-08-03 18:55:18,246 INFO o.a.j.t.JMeterThread: Thread is done: org.apache.jmeter.threads.JMeterThread@379a352a - T04_SelectEmail_03P - Select a email /owa/service.svc?action=GetAccountInformation&app=Mail&n=58-1,550
2026-08-03 18:55:18,246 INFO o.a.j.t.JMeterThread: Thread finished: org.apache.jmeter.threads.JMeterThread@379a352a - T04_SelectEmail_03P - Select a email /owa/service.svc?action=GetAccountInformation&app=Mail&n=58-1,550
2026-08-03 18:55:18,255 INFO o.a.j.t.JMeterThread: Thread started: parallel T04_SelectEmail_03P
2026-08-03 18:55:18,260 INFO o.a.j.t.JMeterThread: Thread is done: org.apache.jmeter.threads.JMeterThread@3ef10f5b - T04_SelectEmail_03P - Select a email /owa/service.svc?action=GetAccountInformation&app=Mail&n=58-1,550
2026-08-03 18:55:18,260 INFO o.a.j.t.JMeterThread: Thread finished: org.apache.jmeter.threads.JMeterThread@3ef10f5b - T04_SelectEmail_03P - Select a email /owa/service.svc?action=GetAccountInformation&app=Mail&n=58-1,550
2026-08-03 18:55:18,262 INFO o.a.j.t.JMeterThread: Thread started: parallel T04_SelectEmail_03P
2026-08-03 18:55:18,306 INFO o.a.j.t.JMeterThread: Thread is done: org.apache.jmeter.threads.JMeterThread@379a352a - T04_SelectEmail_03P - Select a email /ows/v1.0/CalendarIcons/-1,571
2026-08-03 18:55:18,306 INFO o.a.j.t.JMeterThread: Thread finished: org.apache.jmeter.threads.JMeterThread@379a352a - T04_SelectEmail_03P - Select a email /ows/v1.0/CalendarIcons/-1,571
2026-08-03 18:55:18,330 INFO o.a.j.t.JMeterThread: Thread is done: org.apache.jmeter.threads.JMeterThread@100c0119 - T03_SigninOutllok_14P - validate password /assets/framework/microsoft.svg-1,192
2026-08-03 18:55:18,330 INFO o.a.j.t.JMeterThread: Thread finished: org.apache.jmeter.threads.JMeterThread@100c0119 - T03_SigninOutllok_14P - validate password /assets/framework/microsoft.svg-1,192
2026-08-03 18:55:18,330 INFO o.a.j.t.JMeterThread: Thread is done: org.apache.jmeter.threads.JMeterThread@100c0119 - T03_SigninOutllok_14P - validate password /assets/mail/illustrations/genericError/v1/dark.svg-1,189
2026-08-03 18:55:18,330 INFO o.a.j.t.JMeterThread: Thread is done: org.apache.jmeter.threads.JMeterThread@100c0119 - T03_SigninOutllok_14P - validate password /assets/mail/illustrations/emptyFolder/v1/dark.svg-1,191
2026-08-03 18:55:18,330 INFO o.a.j.t.JMeterThread: Thread finished: org.apache.jmeter.threads.JMeterThread@100c0119 - T03_SigninOutllok_14P - validate password /assets/mail/illustrations/genericError/v1/dark.svg-1,189
2026-08-03 18:55:18,330 INFO o.a.j.t.JMeterThread: Thread finished: org.apache.jmeter.threads.JMeterThread@100c0119 - T03_SigninOutllok_14P - validate password /assets/mail/illustrations/emptyFolder/v1/dark.svg-1,191
2026-08-03 18:55:18,331 INFO o.a.j.t.JMeterThread: Thread started: parallel T03_SigninOutllok_14P
2026-08-03 18:55:18,331 INFO o.a.j.t.JMeterThread: Thread started: parallel T03_SigninOutllok_14P
2026-08-03 18:55:18,331 INFO o.a.j.t.JMeterThread: Thread started: parallel T03_SigninOutllok_14P
2026-08-03 18:55:18,334 INFO o.a.j.t.JMeterThread: Thread is done: org.apache.jmeter.threads.JMeterThread@100c0119 - T03_SigninOutllok_14P - validate password /assets/mail/illustrations/emptyFolder/v1/light.svg-1,190
2026-08-03 18:55:18,334 INFO o.a.j.t.JMeterThread: Thread finished: org.apache.jmeter.threads.JMeterThread@100c0119 - T03_SigninOutllok_14P - validate password /assets/mail/illustrations/emptyFolder/v1/light.svg-1,190
2026-08-03 18:55:18,334 INFO o.a.j.t.JMeterThread: Thread started: parallel T03_SigninOutllok_14P
2026-08-03 18:55:18,346 INFO o.a.j.t.JMeterThread: Thread is done: org.apache.jmeter.threads.JMeterThread@100c0119 - T03_SigninOutllok_14P - validate password /assets/mail/illustrations/genericError/v1/light.svg-1,188
2026-08-03 18:55:18,346 INFO o.a.j.t.JMeterThread: Thread finished: org.apache.jmeter.threads.JMeterThread@100c0119 - T03_SigninOutllok_14P - validate password /assets/mail/illustrations/genericError/v1/light.svg-1,188
2026-08-03 18:55:18,346 INFO o.a.j.t.JMeterThread: Thread started: parallel T03_SigninOutllok_14P
2026-08-03 18:55:18,362 INFO o.a.j.t.JMeterThread: Thread is done: org.apache.jmeter.threads.JMeterThread@100c0119 - T03_SigninOutllok_14P - validate password /assets/mail/fonts/aptos/v1.93.230727224051/aptos/Aptos-Italic.woff2-1,195
2026-08-03 18:55:18,362 INFO o.a.j.t.JMeterThread: Thread finished: org.apache.jmeter.threads.JMeterThread@100c0119 - T03_SigninOutllok_14P - validate password /assets/mail/fonts/aptos/v1.93.230727224051/aptos/Aptos-Italic.woff2-1,195
2026-08-03 18:55:18,362 INFO o.a.j.t.JMeterThread: Thread is done: org.apache.jmeter.threads.JMeterThread@379a352a - T04_SelectEmail_03P - Select a email /ows/v1/OutlookCloudSettings/settings/-1,570
2026-08-03 18:55:18,363 INFO o.a.j.t.JMeterThread: Thread started: parallel T03_SigninOutllok_14P
2026-08-03 18:55:18,363 INFO o.a.j.t.JMeterThread: Thread finished: org.apache.jmeter.threads.JMeterThread@379a352a - T04_SelectEmail_03P - Select a email /ows/v1/OutlookCloudSettings/settings/-1,570
2026-08-03 18:55:18,395 INFO o.a.j.t.JMeterThread: Thread is done: org.apache.jmeter.threads.JMeterThread@3ef10f5b - T04_SelectEmail_03P - Select a email /ows/v1.0/CalendarIcons/-1,571
2026-08-03 18:55:18,395 INFO o.a.j.t.JMeterThread: Thread finished: org.apache.jmeter.threads.JMeterThread@3ef10f5b - T04_SelectEmail_03P - Select a email /ows/v1.0/CalendarIcons/-1,571
2026-08-03 18:55:18,412 INFO o.a.j.t.JMeterThread: Thread is done: org.apache.jmeter.threads.JMeterThread@379a352a - T04_SelectEmail_03P - Select a email /owa/service.svc?action=GetMailboxCalendarConfiguration&app=Mail&n=60-1,572
2026-08-03 18:55:18,412 INFO o.a.j.t.JMeterThread: Thread finished: org.apache.jmeter.threads.JMeterThread@379a352a - T04_SelectEmail_03P - Select a email /owa/service.svc?action=GetMailboxCalendarConfiguration&app=Mail&n=60-1,572
2026-08-03 18:55:18,423 INFO o.a.j.t.JMeterThread: Thread is done: org.apache.jmeter.threads.JMeterThread@3ef10f5b - T04_SelectEmail_03P - Select a email /ows/v1/OutlookCloudSettings/settings/-1,570
2026-08-03 18:55:18,428 INFO o.a.j.t.JMeterThread: Thread finished: org.apache.jmeter.threads.JMeterThread@3ef10f5b - T04_SelectEmail_03P - Select a email /ows/v1/OutlookCloudSettings/settings/-1,570
2026-08-03 18:55:18,480 INFO o.a.j.t.JMeterThread: Thread is done: org.apache.jmeter.threads.JMeterThread@3ef10f5b - T04_SelectEmail_03P - Select a email /owa/service.svc?action=GetMailboxCalendarConfiguration&app=Mail&n=60-1,572
2026-08-03 18:55:18,480 INFO o.a.j.t.JMeterThread: Thread finished: org.apache.jmeter.threads.JMeterThread@3ef10f5b - T04_SelectEmail_03P - Select a email /owa/service.svc?action=GetMailboxCalendarConfiguration&app=Mail&n=60-1,572
2026-08-03 18:55:18,496 INFO o.a.j.t.JMeterThread: Thread is done: org.apache.jmeter.threads.JMeterThread@100c0119 - T03_SigninOutllok_14P - validate password /assets/mail/fonts/aptos/v1.93.230727224051/aptos-mono/Aptos-Mono.woff2-1,197
2026-08-03 18:55:18,496 INFO o.a.j.t.JMeterThread: Thread is done: org.apache.jmeter.threads.JMeterThread@100c0119 - T03_SigninOutllok_14P - validate password /assets/mail/fonts/aptos/v1.93.230727224051/aptos/Aptos.woff2-1,193
2026-08-03 18:55:18,496 INFO o.a.j.t.JMeterThread: Thread finished: org.apache.jmeter.threads.JMeterThread@100c0119 - T03_SigninOutllok_14P - validate password /assets/mail/fonts/aptos/v1.93.230727224051/aptos-mono/Aptos-Mono.woff2-1,197
2026-08-03 18:55:18,496 INFO o.a.j.t.JMeterThread: Thread finished: org.apache.jmeter.threads.JMeterThread@100c0119 - T03_SigninOutllok_14P - validate password /assets/mail/fonts/aptos/v1.93.230727224051/aptos/Aptos.woff2-1,193
2026-08-03 18:55:18,498 INFO o.a.j.t.JMeterThread: Thread started: parallel T03_SigninOutllok_14P
2026-08-03 18:55:18,498 INFO o.a.j.t.JMeterThread: Thread started: parallel T03_SigninOutllok_14P
2026-08-03 18:55:18,500 INFO o.a.j.t.JMeterThread: Thread is done: org.apache.jmeter.threads.JMeterThread@100c0119 - T03_SigninOutllok_14P - validate password /assets/mail/fonts/aptos/v1.93.230727224051/aptos/Aptos-Bold.woff2-1,194
2026-08-03 18:55:18,500 INFO o.a.j.t.JMeterThread: Thread finished: org.apache.jmeter.threads.JMeterThread@100c0119 - T03_SigninOutllok_14P - validate password /assets/mail/fonts/aptos/v1.93.230727224051/aptos/Aptos-Bold.woff2-1,194
2026-08-03 18:55:18,500 INFO o.a.j.t.JMeterThread: Thread started: parallel T03_SigninOutllok_14P
2026-08-03 18:55:18,502 INFO o.a.j.t.JMeterThread: Thread is done: org.apache.jmeter.threads.JMeterThread@100c0119 - T03_SigninOutllok_14P - validate password /assets/mail/fonts/aptos/v1.93.230727224051/aptos-narrow/Aptos-Narrow.woff2-1,198
2026-08-03 18:55:18,502 INFO o.a.j.t.JMeterThread: Thread finished: org.apache.jmeter.threads.JMeterThread@100c0119 - T03_SigninOutllok_14P - validate password /assets/mail/fonts/aptos/v1.93.230727224051/aptos-narrow/Aptos-Narrow.woff2-1,198
2026-08-03 18:55:18,504 INFO o.a.j.t.JMeterThread: Thread started: parallel T03_SigninOutllok_14P
2026-08-03 18:55:18,510 INFO o.a.j.t.JMeterThread: Thread is done: org.apache.jmeter.threads.JMeterThread@100c0119 - T03_SigninOutllok_14P - validate password /assets/mail/fonts/aptos/v1.93.230727224051/aptos-serif/Aptos-Serif.woff2-1,200
2026-08-03 18:55:18,510 INFO o.a.j.t.JMeterThread: Thread is done: org.apache.jmeter.threads.JMeterThread@100c0119 - T03_SigninOutllok_14P - validate password /assets/mail/fonts/aptos/v1.93.230727224051/aptos-display/Aptos-Display.woff2-1,196
2026-08-03 18:55:18,510 INFO o.a.j.t.JMeterThread: Thread finished: org.apache.jmeter.threads.JMeterThread@100c0119 - T03_SigninOutllok_14P - validate password /assets/mail/fonts/aptos/v1.93.230727224051/aptos-serif/Aptos-Serif.woff2-1,200
2026-08-03 18:55:18,510 INFO o.a.j.t.JMeterThread: Thread finished: org.apache.jmeter.threads.JMeterThread@100c0119 - T03_SigninOutllok_14P - validate password /assets/mail/fonts/aptos/v1.93.230727224051/aptos-display/Aptos-Display.woff2-1,196
2026-08-03 18:55:18,512 INFO o.a.j.t.JMeterThread: Thread started: parallel T03_SigninOutllok_14P
2026-08-03 18:55:18,512 INFO o.a.j.t.JMeterThread: Thread started: parallel T03_SigninOutllok_14P
2026-08-03 18:55:18,512 INFO o.a.j.t.JMeterThread: Thread is done: org.apache.jmeter.threads.JMeterThread@379a352a - T04_SelectEmail_03P - Select a email /owa/service.svc?action=FindConversation&app=Mail&n=36-1,580
2026-08-03 18:55:18,512 INFO o.a.j.t.JMeterThread: Thread finished: org.apache.jmeter.threads.JMeterThread@379a352a - T04_SelectEmail_03P - Select a email /owa/service.svc?action=FindConversation&app=Mail&n=36-1,580
2026-08-03 18:55:18,531 ERROR o.a.j.v.b.g.TextGraphiteMetricsSender: Error writing to Graphite: Connection refused: no further information
java.net.ConnectException: Connection refused: no further information
	at java.base/sun.nio.ch.Net.pollConnect(Native Method) ~[?:?]
	at java.base/sun.nio.ch.Net.pollConnectNow(Net.java:672) ~[?:?]
	at java.base/sun.nio.ch.NioSocketImpl.timedFinishConnect(NioSocketImpl.java:547) ~[?:?]
	at java.base/sun.nio.ch.NioSocketImpl.connect(NioSocketImpl.java:602) ~[?:?]
	at java.base/java.net.SocksSocketImpl.connect(SocksSocketImpl.java:327) ~[?:?]
	at java.base/java.net.Socket.connect(Socket.java:633) ~[?:?]
	at org.apache.jmeter.visualizers.backend.graphite.SocketOutputStreamPoolFactory.create(SocketOutputStreamPoolFactory.java:76) ~[ApacheJMeter_components.jar:5.6.3]
	at org.apache.jmeter.visualizers.backend.graphite.SocketOutputStreamPoolFactory.makeObject(SocketOutputStreamPoolFactory.java:47) ~[ApacheJMeter_components.jar:5.6.3]
	at org.apache.jmeter.visualizers.backend.graphite.SocketOutputStreamPoolFactory.makeObject(SocketOutputStreamPoolFactory.java:33) ~[ApacheJMeter_components.jar:5.6.3]
	at org.apache.commons.pool2.impl.GenericKeyedObjectPool.create(GenericKeyedObjectPool.java:796) ~[commons-pool2-2.12.0.jar:2.12.0]
	at org.apache.commons.pool2.impl.GenericKeyedObjectPool.borrowObject(GenericKeyedObjectPool.java:444) ~[commons-pool2-2.12.0.jar:2.12.0]
	at org.apache.commons.pool2.impl.GenericKeyedObjectPool.borrowObject(GenericKeyedObjectPool.java:355) ~[commons-pool2-2.12.0.jar:2.12.0]
	at org.apache.jmeter.visualizers.backend.graphite.TextGraphiteMetricsSender.writeMetrics(TextGraphiteMetricsSender.java:110) [ApacheJMeter_components.jar:5.6.3]
	at org.apache.jmeter.visualizers.backend.graphite.TextGraphiteMetricsSender.writeAndSendMetrics(TextGraphiteMetricsSender.java:104) [ApacheJMeter_components.jar:5.6.3]
	at org.apache.jmeter.visualizers.backend.graphite.GraphiteBackendListenerClient.sendMetrics(GraphiteBackendListenerClient.java:186) [ApacheJMeter_components.jar:5.6.3]
	at org.apache.jmeter.visualizers.backend.graphite.GraphiteBackendListenerClient.run(GraphiteBackendListenerClient.java:149) [ApacheJMeter_components.jar:5.6.3]
	at java.base/java.util.concurrent.Executors$RunnableAdapter.call(Executors.java:539) [?:?]
	at java.base/java.util.concurrent.FutureTask.runAndReset(FutureTask.java:305) [?:?]
	at java.base/java.util.concurrent.ScheduledThreadPoolExecutor$ScheduledFutureTask.run(ScheduledThreadPoolExecutor.java:305) [?:?]
	at java.base/java.util.concurrent.ThreadPoolExecutor.runWorker(ThreadPoolExecutor.java:1136) [?:?]
	at java.base/java.util.concurrent.ThreadPoolExecutor$Worker.run(ThreadPoolExecutor.java:635) [?:?]
	at java.base/java.lang.Thread.run(Thread.java:842) [?:?]
2026-08-03 18:55:18,543 INFO o.a.j.t.JMeterThread: Thread is done: org.apache.jmeter.threads.JMeterThread@3ef10f5b - T04_SelectEmail_03P - Select a email /owa/service.svc?action=FindConversation&app=Mail&n=36-1,580
2026-08-03 18:55:18,543 INFO o.a.j.t.JMeterThread: Thread finished: org.apache.jmeter.threads.JMeterThread@3ef10f5b - T04_SelectEmail_03P - Select a email /owa/service.svc?action=FindConversation&app=Mail&n=36-1,580
2026-08-03 18:55:18,574 INFO o.a.j.t.JMeterThread: Thread is done: org.apache.jmeter.threads.JMeterThread@3ef10f5b - T04_SelectEmail_03P - Select a email /txpb2/api/v1.1/me/UserSettings-1,573
2026-08-03 18:55:18,576 INFO o.a.j.t.JMeterThread: Thread finished: org.apache.jmeter.threads.JMeterThread@3ef10f5b - T04_SelectEmail_03P - Select a email /txpb2/api/v1.1/me/UserSettings-1,573
2026-08-03 18:55:18,588 INFO o.a.j.t.JMeterThread: Thread is done: org.apache.jmeter.threads.JMeterThread@379a352a - T04_SelectEmail_03P - Select a email /owa/service.svc?action=FindItem&app=Mail&n=37-1,584
2026-08-03 18:55:18,588 INFO o.a.j.t.JMeterThread: Thread finished: org.apache.jmeter.threads.JMeterThread@379a352a - T04_SelectEmail_03P - Select a email /owa/service.svc?action=FindItem&app=Mail&n=37-1,584
2026-08-03 18:55:18,588 INFO o.a.j.t.JMeterThread: Thread is done: org.apache.jmeter.threads.JMeterThread@379a352a - T04_SelectEmail_03P - Select a email /txpb2/api/v1.1/me/UserSettings-1,573
2026-08-03 18:55:18,588 INFO o.a.j.t.JMeterThread: Thread finished: org.apache.jmeter.threads.JMeterThread@379a352a - T04_SelectEmail_03P - Select a email /txpb2/api/v1.1/me/UserSettings-1,573
2026-08-03 18:55:18,601 INFO o.a.j.t.JMeterThread: Thread is done: org.apache.jmeter.threads.JMeterThread@3ef10f5b - T04_SelectEmail_03P - Select a email /owa/service.svc?action=FindItem&app=Mail&n=37-1,584
2026-08-03 18:55:18,601 INFO o.a.j.t.JMeterThread: Thread finished: org.apache.jmeter.threads.JMeterThread@3ef10f5b - T04_SelectEmail_03P - Select a email /owa/service.svc?action=FindItem&app=Mail&n=37-1,584
2026-08-03 18:55:18,694 INFO o.a.j.t.JMeterThread: Thread is done: org.apache.jmeter.threads.JMeterThread@100c0119 - T03_SigninOutllok_14P - validate password /assets/mail/fonts/aptos/v1.93.230727224051/aptos/Aptos-Black.woff2-1,201
2026-08-03 18:55:18,694 INFO o.a.j.t.JMeterThread: Thread finished: org.apache.jmeter.threads.JMeterThread@100c0119 - T03_SigninOutllok_14P - validate password /assets/mail/fonts/aptos/v1.93.230727224051/aptos/Aptos-Black.woff2-1,201
2026-08-03 18:55:18,694 INFO o.a.j.t.JMeterThread: Thread started: parallel T03_SigninOutllok_14P
2026-08-03 18:55:18,704 INFO o.a.j.t.JMeterThread: Thread started: parallel T05_ClickOnShowTaskPane_01P
2026-08-03 18:55:18,704 INFO o.a.j.t.JMeterThread: Thread started: parallel T05_ClickOnShowTaskPane_01P
2026-08-03 18:55:18,708 INFO o.a.j.t.JMeterThread: Thread started: parallel T05_ClickOnShowTaskPane_01P
2026-08-03 18:55:18,708 INFO o.a.j.t.JMeterThread: Thread started: parallel T05_ClickOnShowTaskPane_01P
2026-08-03 18:55:18,717 INFO o.a.j.t.JMeterThread: Thread started: parallel T05_ClickOnShowTaskPane_01P
2026-08-03 18:55:18,717 INFO o.a.j.t.JMeterThread: Thread started: parallel T05_ClickOnShowTaskPane_01P
2026-08-03 18:55:18,724 INFO o.a.j.t.JMeterThread: Thread started: parallel T05_ClickOnShowTaskPane_01P
2026-08-03 18:55:18,724 INFO o.a.j.t.JMeterThread: Thread started: parallel T05_ClickOnShowTaskPane_01P
2026-08-03 18:55:18,797 INFO o.a.j.t.JMeterThread: Thread is done: org.apache.jmeter.threads.JMeterThread@100c0119 - T03_SigninOutllok_14P - validate password /assets/mail/fonts/aptos/v1.93.230727224051/aptos/Aptos-ExtraBold.woff2-1,203
2026-08-03 18:55:18,798 INFO o.a.j.t.JMeterThread: Thread finished: org.apache.jmeter.threads.JMeterThread@100c0119 - T03_SigninOutllok_14P - validate password /assets/mail/fonts/aptos/v1.93.230727224051/aptos/Aptos-ExtraBold.woff2-1,203
2026-08-03 18:55:18,798 INFO o.a.j.t.JMeterThread: Thread started: parallel T03_SigninOutllok_14P
2026-08-03 18:55:18,798 INFO o.a.j.t.JMeterThread: Thread is done: org.apache.jmeter.threads.JMeterThread@100c0119 - T03_SigninOutllok_14P - validate password /assets/mail/fonts/aptos/v1.93.230727224051/aptos/Aptos-SemiBold-Italic.woff2-1,211
2026-08-03 18:55:18,798 INFO o.a.j.t.JMeterThread: Thread finished: org.apache.jmeter.threads.JMeterThread@100c0119 - T03_SigninOutllok_14P - validate password /assets/mail/fonts/aptos/v1.93.230727224051/aptos/Aptos-SemiBold-Italic.woff2-1,211
2026-08-03 18:55:18,798 INFO o.a.j.t.JMeterThread: Thread started: parallel T03_SigninOutllok_14P
2026-08-03 18:55:18,807 INFO o.a.j.t.JMeterThread: Thread is done: org.apache.jmeter.threads.JMeterThread@100c0119 - T03_SigninOutllok_14P - validate password /assets/mail/fonts/aptos/v1.93.230727224051/aptos/Aptos-ExtraBold-Italic.woff2-1,204
2026-08-03 18:55:18,807 INFO o.a.j.t.JMeterThread: Thread finished: org.apache.jmeter.threads.JMeterThread@100c0119 - T03_SigninOutllok_14P - validate password /assets/mail/fonts/aptos/v1.93.230727224051/aptos/Aptos-ExtraBold-Italic.woff2-1,204
2026-08-03 18:55:18,811 INFO o.a.j.t.JMeterThread: Thread started: parallel T03_SigninOutllok_14P
2026-08-03 18:55:18,813 INFO o.a.j.t.JMeterThread: Thread is done: org.apache.jmeter.threads.JMeterThread@100c0119 - T03_SigninOutllok_14P - validate password /assets/mail/fonts/aptos/v1.93.230727224051/aptos/Aptos-Bold-Italic.woff2-1,199
2026-08-03 18:55:18,813 INFO o.a.j.t.JMeterThread: Thread finished: org.apache.jmeter.threads.JMeterThread@100c0119 - T03_SigninOutllok_14P - validate password /assets/mail/fonts/aptos/v1.93.230727224051/aptos/Aptos-Bold-Italic.woff2-1,199
2026-08-03 18:55:18,813 INFO o.a.j.t.JMeterThread: Thread started: parallel T03_SigninOutllok_14P
2026-08-03 18:55:18,813 INFO o.a.j.t.JMeterThread: Thread is done: org.apache.jmeter.threads.JMeterThread@100c0119 - T03_SigninOutllok_14P - validate password /assets/mail/fonts/aptos/v1.93.230727224051/aptos/Aptos-Black-Italic.woff2-1,202
2026-08-03 18:55:18,813 INFO o.a.j.t.JMeterThread: Thread finished: org.apache.jmeter.threads.JMeterThread@100c0119 - T03_SigninOutllok_14P - validate password /assets/mail/fonts/aptos/v1.93.230727224051/aptos/Aptos-Black-Italic.woff2-1,202
2026-08-03 18:55:18,813 INFO o.a.j.t.JMeterThread: Thread started: parallel T03_SigninOutllok_14P
2026-08-03 18:55:18,897 INFO o.a.j.t.JMeterThread: Thread is done: org.apache.jmeter.threads.JMeterThread@100c0119 - T03_SigninOutllok_14P - validate password /assets/mail/fonts/aptos/v1.93.230727224051/aptos/Aptos-Light-Italic.woff2-1,209
2026-08-03 18:55:18,897 INFO o.a.j.t.JMeterThread: Thread finished: org.apache.jmeter.threads.JMeterThread@100c0119 - T03_SigninOutllok_14P - validate password /assets/mail/fonts/aptos/v1.93.230727224051/aptos/Aptos-Light-Italic.woff2-1,209
2026-08-03 18:55:18,899 INFO o.a.j.t.JMeterThread: Thread started: parallel T03_SigninOutllok_14P
2026-08-03 18:55:18,979 INFO o.a.j.t.JMeterThread: Thread is done: org.apache.jmeter.threads.JMeterThread@100c0119 - T03_SigninOutllok_14P - validate password /assets/mail/fonts/aptos/v1.93.230727224051/aptos-display/Aptos-Display-Italic.woff2-1,213
2026-08-03 18:55:18,979 INFO o.a.j.t.JMeterThread: Thread finished: org.apache.jmeter.threads.JMeterThread@100c0119 - T03_SigninOutllok_14P - validate password /assets/mail/fonts/aptos/v1.93.230727224051/aptos-display/Aptos-Display-Italic.woff2-1,213
2026-08-03 18:55:18,979 INFO o.a.j.t.JMeterThread: Thread started: parallel T03_SigninOutllok_14P
2026-08-03 18:55:18,996 INFO o.a.j.t.JMeterThread: Thread is done: org.apache.jmeter.threads.JMeterThread@100c0119 - T03_SigninOutllok_14P - validate password /assets/mail/fonts/aptos/v1.93.230727224051/aptos-display/Aptos-Display-Bold-Italic.woff2-1,214
2026-08-03 18:55:18,996 INFO o.a.j.t.JMeterThread: Thread is done: org.apache.jmeter.threads.JMeterThread@100c0119 - T03_SigninOutllok_14P - validate password /assets/mail/fonts/aptos/v1.93.230727224051/aptos/Aptos-Light.woff2-1,208
2026-08-03 18:55:18,996 INFO o.a.j.t.JMeterThread: Thread is done: org.apache.jmeter.threads.JMeterThread@100c0119 - T03_SigninOutllok_14P - validate password /assets/mail/fonts/aptos/v1.93.230727224051/aptos-display/Aptos-Display-Bold.woff2-1,212
2026-08-03 18:55:18,996 INFO o.a.j.t.JMeterThread: Thread finished: org.apache.jmeter.threads.JMeterThread@100c0119 - T03_SigninOutllok_14P - validate password /assets/mail/fonts/aptos/v1.93.230727224051/aptos-display/Aptos-Display-Bold-Italic.woff2-1,214
2026-08-03 18:55:18,996 INFO o.a.j.t.JMeterThread: Thread finished: org.apache.jmeter.threads.JMeterThread@100c0119 - T03_SigninOutllok_14P - validate password /assets/mail/fonts/aptos/v1.93.230727224051/aptos/Aptos-Light.woff2-1,208
2026-08-03 18:55:18,996 INFO o.a.j.t.JMeterThread: Thread finished: org.apache.jmeter.threads.JMeterThread@100c0119 - T03_SigninOutllok_14P - validate password /assets/mail/fonts/aptos/v1.93.230727224051/aptos-display/Aptos-Display-Bold.woff2-1,212
2026-08-03 18:55:18,996 INFO o.a.j.t.JMeterThread: Thread started: parallel T03_SigninOutllok_14P
2026-08-03 18:55:18,996 INFO o.a.j.t.JMeterThread: Thread started: parallel T03_SigninOutllok_14P
2026-08-03 18:55:18,996 INFO o.a.j.t.JMeterThread: Thread started: parallel T03_SigninOutllok_14P
2026-08-03 18:55:19,003 INFO o.a.j.t.JMeterThread: Thread is done: org.apache.jmeter.threads.JMeterThread@100c0119 - T03_SigninOutllok_14P - validate password /assets/mail/fonts/aptos/v1.93.230727224051/aptos/Aptos-SemiBold.woff2-1,210
2026-08-03 18:55:19,003 INFO o.a.j.t.JMeterThread: Thread finished: org.apache.jmeter.threads.JMeterThread@100c0119 - T03_SigninOutllok_14P - validate password /assets/mail/fonts/aptos/v1.93.230727224051/aptos/Aptos-SemiBold.woff2-1,210
2026-08-03 18:55:19,007 INFO o.a.j.t.JMeterThread: Thread started: parallel T03_SigninOutllok_14P
2026-08-03 18:55:19,078 INFO o.a.j.t.JMeterThread: Thread is done: org.apache.jmeter.threads.JMeterThread@379a352a - T05_ClickOnShowTaskPane_01P - click on show taskpane /api/beta/me/translateExchangeIds?n=64&cv=vHWyfbsM51acLkffDosbHY.72-1,620
2026-08-03 18:55:19,078 INFO o.a.j.t.JMeterThread: Thread finished: org.apache.jmeter.threads.JMeterThread@379a352a - T05_ClickOnShowTaskPane_01P - click on show taskpane /api/beta/me/translateExchangeIds?n=64&cv=vHWyfbsM51acLkffDosbHY.72-1,620
2026-08-03 18:55:19,103 INFO o.a.j.t.JMeterThread: Thread is done: org.apache.jmeter.threads.JMeterThread@3ef10f5b - T05_ClickOnShowTaskPane_01P - click on show taskpane /api/beta/me/translateExchangeIds?n=64&cv=vHWyfbsM51acLkffDosbHY.72-1,620
2026-08-03 18:55:19,103 INFO o.a.j.t.JMeterThread: Thread finished: org.apache.jmeter.threads.JMeterThread@3ef10f5b - T05_ClickOnShowTaskPane_01P - click on show taskpane /api/beta/me/translateExchangeIds?n=64&cv=vHWyfbsM51acLkffDosbHY.72-1,620
2026-08-03 18:55:19,118 INFO o.a.j.t.JMeterThread: Thread is done: org.apache.jmeter.threads.JMeterThread@100c0119 - T03_SigninOutllok_14P - validate password /assets/mail/fonts/aptos/v1.93.230727224051/aptos-mono/Aptos-Mono-Bold-Italic.woff2-1,217
2026-08-03 18:55:19,118 INFO o.a.j.t.JMeterThread: Thread finished: org.apache.jmeter.threads.JMeterThread@100c0119 - T03_SigninOutllok_14P - validate password /assets/mail/fonts/aptos/v1.93.230727224051/aptos-mono/Aptos-Mono-Bold-Italic.woff2-1,217
2026-08-03 18:55:19,118 INFO o.a.j.t.JMeterThread: Thread started: parallel T03_SigninOutllok_14P
2026-08-03 18:55:19,147 INFO o.a.j.t.JMeterThread: Thread is done: org.apache.jmeter.threads.JMeterThread@100c0119 - T03_SigninOutllok_14P - validate password /assets/mail/fonts/aptos/v1.93.230727224051/aptos-narrow/Aptos-Narrow-Italic.woff2-1,219
2026-08-03 18:55:19,147 INFO o.a.j.t.JMeterThread: Thread finished: org.apache.jmeter.threads.JMeterThread@100c0119 - T03_SigninOutllok_14P - validate password /assets/mail/fonts/aptos/v1.93.230727224051/aptos-narrow/Aptos-Narrow-Italic.woff2-1,219
2026-08-03 18:55:19,147 INFO o.a.j.t.JMeterThread: Thread started: parallel T03_SigninOutllok_14P
2026-08-03 18:55:19,156 INFO o.a.j.t.JMeterThread: Thread is done: org.apache.jmeter.threads.JMeterThread@100c0119 - T03_SigninOutllok_14P - validate password /assets/mail/fonts/aptos/v1.93.230727224051/aptos-serif/Aptos-Serif-Bold.woff2-1,221
2026-08-03 18:55:19,156 INFO o.a.j.t.JMeterThread: Thread is done: org.apache.jmeter.threads.JMeterThread@100c0119 - T03_SigninOutllok_14P - validate password /assets/mail/fonts/aptos/v1.93.230727224051/aptos-narrow/Aptos-Narrow-Bold.woff2-1,218
2026-08-03 18:55:19,156 INFO o.a.j.t.JMeterThread: Thread finished: org.apache.jmeter.threads.JMeterThread@100c0119 - T03_SigninOutllok_14P - validate password /assets/mail/fonts/aptos/v1.93.230727224051/aptos-serif/Aptos-Serif-Bold.woff2-1,221
2026-08-03 18:55:19,156 INFO o.a.j.t.JMeterThread: Thread finished: org.apache.jmeter.threads.JMeterThread@100c0119 - T03_SigninOutllok_14P - validate password /assets/mail/fonts/aptos/v1.93.230727224051/aptos-narrow/Aptos-Narrow-Bold.woff2-1,218
2026-08-03 18:55:19,156 INFO o.a.j.t.JMeterThread: Thread started: parallel T03_SigninOutllok_14P
2026-08-03 18:55:19,161 INFO o.a.j.t.JMeterThread: Thread started: parallel T03_SigninOutllok_14P
2026-08-03 18:55:19,173 INFO o.a.j.t.JMeterThread: Thread is done: org.apache.jmeter.threads.JMeterThread@100c0119 - T03_SigninOutllok_14P - validate password /assets/mail/fonts/aptos/v1.93.230727224051/aptos-mono/Aptos-Mono-Italic.woff2-1,216
2026-08-03 18:55:19,174 INFO o.a.j.t.JMeterThread: Thread finished: org.apache.jmeter.threads.JMeterThread@100c0119 - T03_SigninOutllok_14P - validate password /assets/mail/fonts/aptos/v1.93.230727224051/aptos-mono/Aptos-Mono-Italic.woff2-1,216
2026-08-03 18:55:19,261 INFO o.a.j.t.JMeterThread: Thread is done: org.apache.jmeter.threads.JMeterThread@379a352a - T05_ClickOnShowTaskPane_01P - click on show taskpane /addin/null/KMCSRest/main/user/KNOW-US-00000000000000000000000000000000/systemattributes-1,622
2026-08-03 18:55:19,262 INFO o.a.j.t.JMeterThread: Thread finished: org.apache.jmeter.threads.JMeterThread@379a352a - T05_ClickOnShowTaskPane_01P - click on show taskpane /addin/null/KMCSRest/main/user/KNOW-US-00000000000000000000000000000000/systemattributes-1,622
2026-08-03 18:55:19,293 INFO o.a.j.t.JMeterThread: Thread is done: org.apache.jmeter.threads.JMeterThread@100c0119 - T03_SigninOutllok_14P - validate password /assets/mail/fonts/aptos/v1.93.230727224051/aptos-narrow/Aptos-Narrow-Bold-Italic.woff2-1,220
2026-08-03 18:55:19,293 INFO o.a.j.t.JMeterThread: Thread finished: org.apache.jmeter.threads.JMeterThread@100c0119 - T03_SigninOutllok_14P - validate password /assets/mail/fonts/aptos/v1.93.230727224051/aptos-narrow/Aptos-Narrow-Bold-Italic.woff2-1,220
2026-08-03 18:55:19,293 INFO o.a.j.t.JMeterThread: Thread is done: org.apache.jmeter.threads.JMeterThread@100c0119 - T03_SigninOutllok_14P - validate password /assets/mail/fonts/aptos/v1.93.230727224051/aptos-serif/Aptos-Serif-Italic.woff2-1,222
2026-08-03 18:55:19,293 INFO o.a.j.t.JMeterThread: Thread finished: org.apache.jmeter.threads.JMeterThread@100c0119 - T03_SigninOutllok_14P - validate password /assets/mail/fonts/aptos/v1.93.230727224051/aptos-serif/Aptos-Serif-Italic.woff2-1,222
2026-08-03 18:55:19,295 INFO o.a.j.t.JMeterThread: Thread is done: org.apache.jmeter.threads.JMeterThread@100c0119 - T03_SigninOutllok_14P - validate password /assets/mail/fonts/aptos/v1.93.230727224051/aptos-serif/Aptos-Serif-Bold-Italic.woff2-1,223
2026-08-03 18:55:19,295 INFO o.a.j.t.JMeterThread: Thread finished: org.apache.jmeter.threads.JMeterThread@100c0119 - T03_SigninOutllok_14P - validate password /assets/mail/fonts/aptos/v1.93.230727224051/aptos-serif/Aptos-Serif-Bold-Italic.woff2-1,223
2026-08-03 18:55:19,327 INFO o.a.j.t.JMeterThread: Thread is done: org.apache.jmeter.threads.JMeterThread@379a352a - T05_ClickOnShowTaskPane_01P - click on show taskpane /addin/null/KMCSStatus/status/getstatus-1,623
2026-08-03 18:55:19,327 INFO o.a.j.t.JMeterThread: Thread finished: org.apache.jmeter.threads.JMeterThread@379a352a - T05_ClickOnShowTaskPane_01P - click on show taskpane /addin/null/KMCSStatus/status/getstatus-1,623
2026-08-03 18:55:19,341 INFO o.a.j.t.JMeterThread: Thread is done: org.apache.jmeter.threads.JMeterThread@3ef10f5b - T05_ClickOnShowTaskPane_01P - click on show taskpane /addin/taskpane.html-1,610
2026-08-03 18:55:19,341 INFO o.a.j.t.JMeterThread: Thread finished: org.apache.jmeter.threads.JMeterThread@3ef10f5b - T05_ClickOnShowTaskPane_01P - click on show taskpane /addin/taskpane.html-1,610
2026-08-03 18:55:19,538 ERROR o.a.j.v.b.g.TextGraphiteMetricsSender: Error writing to Graphite: Connection refused: no further information
java.net.ConnectException: Connection refused: no further information
	at java.base/sun.nio.ch.Net.pollConnect(Native Method) ~[?:?]
	at java.base/sun.nio.ch.Net.pollConnectNow(Net.java:672) ~[?:?]
	at java.base/sun.nio.ch.NioSocketImpl.timedFinishConnect(NioSocketImpl.java:547) ~[?:?]
	at java.base/sun.nio.ch.NioSocketImpl.connect(NioSocketImpl.java:602) ~[?:?]
	at java.base/java.net.SocksSocketImpl.connect(SocksSocketImpl.java:327) ~[?:?]
	at java.base/java.net.Socket.connect(Socket.java:633) ~[?:?]
	at org.apache.jmeter.visualizers.backend.graphite.SocketOutputStreamPoolFactory.create(SocketOutputStreamPoolFactory.java:76) ~[ApacheJMeter_components.jar:5.6.3]
	at org.apache.jmeter.visualizers.backend.graphite.SocketOutputStreamPoolFactory.makeObject(SocketOutputStreamPoolFactory.java:47) ~[ApacheJMeter_components.jar:5.6.3]
	at org.apache.jmeter.visualizers.backend.graphite.SocketOutputStreamPoolFactory.makeObject(SocketOutputStreamPoolFactory.java:33) ~[ApacheJMeter_components.jar:5.6.3]
	at org.apache.commons.pool2.impl.GenericKeyedObjectPool.create(GenericKeyedObjectPool.java:796) ~[commons-pool2-2.12.0.jar:2.12.0]
	at org.apache.commons.pool2.impl.GenericKeyedObjectPool.borrowObject(GenericKeyedObjectPool.java:444) ~[commons-pool2-2.12.0.jar:2.12.0]
	at org.apache.commons.pool2.impl.GenericKeyedObjectPool.borrowObject(GenericKeyedObjectPool.java:355) ~[commons-pool2-2.12.0.jar:2.12.0]
	at org.apache.jmeter.visualizers.backend.graphite.TextGraphiteMetricsSender.writeMetrics(TextGraphiteMetricsSender.java:110) [ApacheJMeter_components.jar:5.6.3]
	at org.apache.jmeter.visualizers.backend.graphite.TextGraphiteMetricsSender.writeAndSendMetrics(TextGraphiteMetricsSender.java:104) [ApacheJMeter_components.jar:5.6.3]
	at org.apache.jmeter.visualizers.backend.graphite.GraphiteBackendListenerClient.sendMetrics(GraphiteBackendListenerClient.java:186) [ApacheJMeter_components.jar:5.6.3]
	at org.apache.jmeter.visualizers.backend.graphite.GraphiteBackendListenerClient.run(GraphiteBackendListenerClient.java:149) [ApacheJMeter_components.jar:5.6.3]
	at java.base/java.util.concurrent.Executors$RunnableAdapter.call(Executors.java:539) [?:?]
	at java.base/java.util.concurrent.FutureTask.runAndReset(FutureTask.java:305) [?:?]
	at java.base/java.util.concurrent.ScheduledThreadPoolExecutor$ScheduledFutureTask.run(ScheduledThreadPoolExecutor.java:305) [?:?]
	at java.base/java.util.concurrent.ThreadPoolExecutor.runWorker(ThreadPoolExecutor.java:1136) [?:?]
	at java.base/java.util.concurrent.ThreadPoolExecutor$Worker.run(ThreadPoolExecutor.java:635) [?:?]
	at java.base/java.lang.Thread.run(Thread.java:842) [?:?]
2026-08-03 18:55:19,609 INFO o.a.j.t.JMeterThread: Thread is done: org.apache.jmeter.threads.JMeterThread@100c0119 - T03_SigninOutllok_14P - validate password /search/api/v1/suggestions?scenario=owa.react.recipientcache&n=18&cri=bd0453aa-c55b-8d3d-cfba-2ad7e1cf5bec&cv=rHphPYGeIob3usvCK75YJD.18-1,257
2026-08-03 18:55:19,611 INFO o.a.j.t.JMeterThread: Thread finished: org.apache.jmeter.threads.JMeterThread@100c0119 - T03_SigninOutllok_14P - validate password /search/api/v1/suggestions?scenario=owa.react.recipientcache&n=18&cri=bd0453aa-c55b-8d3d-cfba-2ad7e1cf5bec&cv=rHphPYGeIob3usvCK75YJD.18-1,257
2026-08-03 18:55:19,662 INFO o.a.j.t.JMeterThread: Thread is done: org.apache.jmeter.threads.JMeterThread@3ef10f5b - T05_ClickOnShowTaskPane_01P - click on show taskpane /addin/null/KMCSStatus/status/getstatus-1,623
2026-08-03 18:55:19,662 INFO o.a.j.t.JMeterThread: Thread finished: org.apache.jmeter.threads.JMeterThread@3ef10f5b - T05_ClickOnShowTaskPane_01P - click on show taskpane /addin/null/KMCSStatus/status/getstatus-1,623
2026-08-03 18:55:20,045 INFO o.a.j.t.JMeterThread: Thread is done: org.apache.jmeter.threads.JMeterThread@100c0119 - T03_SigninOutllok_14P - validate password /assets/mail/fonts/aptos/v1.93.230727224051/aptos-mono/Aptos-Mono-Bold.woff2-1,215
2026-08-03 18:55:20,046 INFO o.a.j.t.JMeterThread: Thread finished: org.apache.jmeter.threads.JMeterThread@100c0119 - T03_SigninOutllok_14P - validate password /assets/mail/fonts/aptos/v1.93.230727224051/aptos-mono/Aptos-Mono-Bold.woff2-1,215
2026-08-03 18:55:20,084 INFO o.a.j.t.JMeterThread: Thread started: parallel T03_SigninOutllok_05
2026-08-03 18:55:20,084 INFO o.a.j.t.JMeterThread: Thread started: parallel T03_SigninOutllok_05
2026-08-03 18:55:20,087 INFO o.a.j.t.JMeterThread: Thread started: parallel T03_SigninOutllok_05
2026-08-03 18:55:20,293 INFO o.a.j.t.JMeterThread: Thread is done: org.apache.jmeter.threads.JMeterThread@379a352a - T05_ClickOnShowTaskPane_01P - click on show taskpane /addin/taskpane.html-1,610
2026-08-03 18:55:20,295 INFO o.a.j.t.JMeterThread: Thread finished: org.apache.jmeter.threads.JMeterThread@379a352a - T05_ClickOnShowTaskPane_01P - click on show taskpane /addin/taskpane.html-1,610
2026-08-03 18:55:20,306 INFO o.a.j.t.JMeterThread: Thread is done: org.apache.jmeter.threads.JMeterThread@3ef10f5b - T05_ClickOnShowTaskPane_01P - click on show taskpane /addin/null/KMCSRest/main/user/KNOW-US-00000000000000000000000000000000/systemattributes-1,622
2026-08-03 18:55:20,306 INFO o.a.j.t.JMeterThread: Thread finished: org.apache.jmeter.threads.JMeterThread@3ef10f5b - T05_ClickOnShowTaskPane_01P - click on show taskpane /addin/null/KMCSRest/main/user/KNOW-US-00000000000000000000000000000000/systemattributes-1,622
2026-08-03 18:55:20,338 INFO o.a.j.t.JMeterThread: Thread started: parallel T05_ClickOnShowTaskPane_02P
2026-08-03 18:55:20,338 INFO o.a.j.t.JMeterThread: Thread started: parallel T05_ClickOnShowTaskPane_02P
2026-08-03 18:55:20,340 INFO o.a.j.t.JMeterThread: Thread started: parallel T05_ClickOnShowTaskPane_02P
2026-08-03 18:55:20,349 INFO o.a.j.t.JMeterThread: Thread started: parallel T05_ClickOnShowTaskPane_02P
2026-08-03 18:55:20,349 INFO o.a.j.t.JMeterThread: Thread started: parallel T05_ClickOnShowTaskPane_02P
2026-08-03 18:55:20,349 INFO o.a.j.t.JMeterThread: Thread started: parallel T05_ClickOnShowTaskPane_02P
2026-08-03 18:55:20,444 INFO o.a.j.t.JMeterThread: Thread is done: org.apache.jmeter.threads.JMeterThread@100c0119 - T03_SigninOutllok_05 - Select a email /owa/published/service.svc?action=GetTimeZoneOffsets&app=Mail&n=29-1,297
2026-08-03 18:55:20,444 INFO o.a.j.t.JMeterThread: Thread finished: org.apache.jmeter.threads.JMeterThread@100c0119 - T03_SigninOutllok_05 - Select a email /owa/published/service.svc?action=GetTimeZoneOffsets&app=Mail&n=29-1,297
2026-08-03 18:55:20,520 ERROR o.a.j.v.b.g.TextGraphiteMetricsSender: Error writing to Graphite: Connection refused: no further information
java.net.ConnectException: Connection refused: no further information
	at java.base/sun.nio.ch.Net.pollConnect(Native Method) ~[?:?]
	at java.base/sun.nio.ch.Net.pollConnectNow(Net.java:672) ~[?:?]
	at java.base/sun.nio.ch.NioSocketImpl.timedFinishConnect(NioSocketImpl.java:547) ~[?:?]
	at java.base/sun.nio.ch.NioSocketImpl.connect(NioSocketImpl.java:602) ~[?:?]
	at java.base/java.net.SocksSocketImpl.connect(SocksSocketImpl.java:327) ~[?:?]
	at java.base/java.net.Socket.connect(Socket.java:633) ~[?:?]
	at org.apache.jmeter.visualizers.backend.graphite.SocketOutputStreamPoolFactory.create(SocketOutputStreamPoolFactory.java:76) ~[ApacheJMeter_components.jar:5.6.3]
	at org.apache.jmeter.visualizers.backend.graphite.SocketOutputStreamPoolFactory.makeObject(SocketOutputStreamPoolFactory.java:47) ~[ApacheJMeter_components.jar:5.6.3]
	at org.apache.jmeter.visualizers.backend.graphite.SocketOutputStreamPoolFactory.makeObject(SocketOutputStreamPoolFactory.java:33) ~[ApacheJMeter_components.jar:5.6.3]
	at org.apache.commons.pool2.impl.GenericKeyedObjectPool.create(GenericKeyedObjectPool.java:796) ~[commons-pool2-2.12.0.jar:2.12.0]
	at org.apache.commons.pool2.impl.GenericKeyedObjectPool.borrowObject(GenericKeyedObjectPool.java:444) ~[commons-pool2-2.12.0.jar:2.12.0]
	at org.apache.commons.pool2.impl.GenericKeyedObjectPool.borrowObject(GenericKeyedObjectPool.java:355) ~[commons-pool2-2.12.0.jar:2.12.0]
	at org.apache.jmeter.visualizers.backend.graphite.TextGraphiteMetricsSender.writeMetrics(TextGraphiteMetricsSender.java:110) [ApacheJMeter_components.jar:5.6.3]
	at org.apache.jmeter.visualizers.backend.graphite.TextGraphiteMetricsSender.writeAndSendMetrics(TextGraphiteMetricsSender.java:104) [ApacheJMeter_components.jar:5.6.3]
	at org.apache.jmeter.visualizers.backend.graphite.GraphiteBackendListenerClient.sendMetrics(GraphiteBackendListenerClient.java:186) [ApacheJMeter_components.jar:5.6.3]
	at org.apache.jmeter.visualizers.backend.graphite.GraphiteBackendListenerClient.run(GraphiteBackendListenerClient.java:149) [ApacheJMeter_components.jar:5.6.3]
	at java.base/java.util.concurrent.Executors$RunnableAdapter.call(Executors.java:539) [?:?]
	at java.base/java.util.concurrent.FutureTask.runAndReset(FutureTask.java:305) [?:?]
	at java.base/java.util.concurrent.ScheduledThreadPoolExecutor$ScheduledFutureTask.run(ScheduledThreadPoolExecutor.java:305) [?:?]
	at java.base/java.util.concurrent.ThreadPoolExecutor.runWorker(ThreadPoolExecutor.java:1136) [?:?]
	at java.base/java.util.concurrent.ThreadPoolExecutor$Worker.run(ThreadPoolExecutor.java:635) [?:?]
	at java.base/java.lang.Thread.run(Thread.java:842) [?:?]
2026-08-03 18:55:20,539 INFO o.a.j.t.JMeterThread: Thread is done: org.apache.jmeter.threads.JMeterThread@100c0119 - T03_SigninOutllok_05 - Select a email /owa/service.svc?action=GetTimeZone&app=Mail&n=30-1,298
2026-08-03 18:55:20,553 INFO o.a.j.t.JMeterThread: Thread finished: org.apache.jmeter.threads.JMeterThread@100c0119 - T03_SigninOutllok_05 - Select a email /owa/service.svc?action=GetTimeZone&app=Mail&n=30-1,298
2026-08-03 18:55:20,578 INFO o.a.j.e.J.JSR223 PostProcessor: Extracted TO recipients JSON: [
    {
        "smtpAddress": "test4@knowledgemill.net",
        "field": "TO"
    },
    {
        "smtpAddress": "test16@knowledgemill.net",
        "field": "TO"
    },
    {
        "smtpAddress": "test20@knowledgemill.net",
        "field": "TO"
    },
    {
        "smtpAddress": "test11@knowledgemill.net",
        "field": "TO"
    },
    {
        "smtpAddress": "test18@knowledgemill.net",
        "field": "TO"
    },
    {
        "smtpAddress": "test2@knowledgemill.net",
        "field": "TO"
    },
    {
        "smtpAddress": "test23@knowledgemill.net",
        "field": "TO"
    },
    {
        "smtpAddress": "test8@knowledgemill.net",
        "field": "TO"
    },
    {
        "smtpAddress": "test13@knowledgemill.net",
        "field": "TO"
    }
]
2026-08-03 18:55:20,578 INFO o.a.j.e.J.JSR223 PostProcessor: EmailRecipients: [{"smtpAddress":"test4@knowledgemill.net","field":"TO"},{"smtpAddress":"test16@knowledgemill.net","field":"TO"},{"smtpAddress":"test20@knowledgemill.net","field":"TO"},{"smtpAddress":"test11@knowledgemill.net","field":"TO"},{"smtpAddress":"test18@knowledgemill.net","field":"TO"},{"smtpAddress":"test2@knowledgemill.net","field":"TO"},{"smtpAddress":"test23@knowledgemill.net","field":"TO"},{"smtpAddress":"test8@knowledgemill.net","field":"TO"},{"smtpAddress":"test13@knowledgemill.net","field":"TO"},{"smtpAddress":"testaccount@knowledgemill.net","field":"FROM"}]
2026-08-03 18:55:20,578 INFO o.a.j.t.JMeterThread: Thread is done: org.apache.jmeter.threads.JMeterThread@100c0119 - T03_SigninOutllok_05 - validate password /owa/service.svc?action=GetConversationItems&app=Mail&n=20-1,276
2026-08-03 18:55:20,578 INFO o.a.j.t.JMeterThread: Thread finished: org.apache.jmeter.threads.JMeterThread@100c0119 - T03_SigninOutllok_05 - validate password /owa/service.svc?action=GetConversationItems&app=Mail&n=20-1,276
2026-08-03 18:55:20,661 INFO o.a.j.t.JMeterThread: Thread started: parallel T04_SelectEmail_01P
2026-08-03 18:55:20,661 INFO o.a.j.t.JMeterThread: Thread started: parallel T04_SelectEmail_01P
2026-08-03 18:55:20,661 INFO o.a.j.t.JMeterThread: Thread started: parallel T04_SelectEmail_01P
2026-08-03 18:55:20,661 INFO o.a.j.t.JMeterThread: Thread started: parallel T04_SelectEmail_01P
2026-08-03 18:55:20,661 INFO o.a.j.t.JMeterThread: Thread started: parallel T04_SelectEmail_01P
2026-08-03 18:55:20,661 INFO o.a.j.t.JMeterThread: Thread started: parallel T04_SelectEmail_01P
2026-08-03 18:55:20,885 INFO o.a.j.t.JMeterThread: Thread is done: org.apache.jmeter.threads.JMeterThread@100c0119 - T04_SelectEmail_01P - Select a email /v1.0/3969aad6-f7aa-424f-bad1-ef71d031df19/subscribedskus-1,307
2026-08-03 18:55:20,885 INFO o.a.j.t.JMeterThread: Thread finished: org.apache.jmeter.threads.JMeterThread@100c0119 - T04_SelectEmail_01P - Select a email /v1.0/3969aad6-f7aa-424f-bad1-ef71d031df19/subscribedskus-1,307
2026-08-03 18:55:20,885 INFO o.a.j.t.JMeterThread: Thread started: parallel T04_SelectEmail_01P
2026-08-03 18:55:20,894 INFO o.a.j.t.JMeterThread: Thread is done: org.apache.jmeter.threads.JMeterThread@100c0119 - T04_SelectEmail_01P - Select a email /v1.0/organization?$select=assignedPlans-1,327
2026-08-03 18:55:20,894 INFO o.a.j.t.JMeterThread: Thread finished: org.apache.jmeter.threads.JMeterThread@100c0119 - T04_SelectEmail_01P - Select a email /v1.0/organization?$select=assignedPlans-1,327
2026-08-03 18:55:20,894 INFO o.a.j.t.JMeterThread: Thread started: parallel T04_SelectEmail_01P
2026-08-03 18:55:21,009 INFO o.a.j.t.JMeterThread: Thread is done: org.apache.jmeter.threads.JMeterThread@100c0119 - T04_SelectEmail_01P - Select a email /owa/published/service.svc?action=GetTimeZoneOffsets&app=Mail&n=32-1,329
2026-08-03 18:55:21,009 INFO o.a.j.t.JMeterThread: Thread finished: org.apache.jmeter.threads.JMeterThread@100c0119 - T04_SelectEmail_01P - Select a email /owa/published/service.svc?action=GetTimeZoneOffsets&app=Mail&n=32-1,329
2026-08-03 18:55:21,011 INFO o.a.j.t.JMeterThread: Thread started: parallel T04_SelectEmail_01P
2026-08-03 18:55:21,044 INFO o.a.j.t.JMeterThread: Thread is done: org.apache.jmeter.threads.JMeterThread@100c0119 - T04_SelectEmail_01P - Select a email /owa/service.svc?action=GetItem&app=Mail&n=29-1,326
2026-08-03 18:55:21,044 INFO o.a.j.t.JMeterThread: Thread finished: org.apache.jmeter.threads.JMeterThread@100c0119 - T04_SelectEmail_01P - Select a email /owa/service.svc?action=GetItem&app=Mail&n=29-1,326
2026-08-03 18:55:21,044 INFO o.a.j.t.JMeterThread: Thread started: parallel T04_SelectEmail_01P
2026-08-03 18:55:21,091 INFO o.a.j.t.JMeterThread: Thread is done: org.apache.jmeter.threads.JMeterThread@100c0119 - T04_SelectEmail_01P - Select a email /owa/service.svc?action=GetItem&app=Mail&n=31-1,319
2026-08-03 18:55:21,091 INFO o.a.j.t.JMeterThread: Thread finished: org.apache.jmeter.threads.JMeterThread@100c0119 - T04_SelectEmail_01P - Select a email /owa/service.svc?action=GetItem&app=Mail&n=31-1,319
2026-08-03 18:55:21,094 INFO o.a.j.t.JMeterThread: Thread started: parallel T04_SelectEmail_01P
2026-08-03 18:55:21,091 INFO o.a.j.t.JMeterThread: Thread is done: org.apache.jmeter.threads.JMeterThread@100c0119 - T04_SelectEmail_01P - Select a email /owa/service.svc?action=GetTimeZone&app=Mail&n=33-1,331
2026-08-03 18:55:21,094 INFO o.a.j.t.JMeterThread: Thread finished: org.apache.jmeter.threads.JMeterThread@100c0119 - T04_SelectEmail_01P - Select a email /owa/service.svc?action=GetTimeZone&app=Mail&n=33-1,331
2026-08-03 18:55:21,094 INFO o.a.j.t.JMeterThread: Thread started: parallel T04_SelectEmail_01P
2026-08-03 18:55:21,140 INFO o.a.j.t.JMeterThread: Thread is done: org.apache.jmeter.threads.JMeterThread@3ef10f5b - T05_ClickOnShowTaskPane_02P - click on show taskpane /track/browser/errors-1,624
2026-08-03 18:55:21,140 INFO o.a.j.t.JMeterThread: Thread is done: org.apache.jmeter.threads.JMeterThread@3ef10f5b - T05_ClickOnShowTaskPane_02P - click on show taskpane /track/browser/errors-1,625
2026-08-03 18:55:21,140 INFO o.a.j.t.JMeterThread: Thread finished: org.apache.jmeter.threads.JMeterThread@3ef10f5b - T05_ClickOnShowTaskPane_02P - click on show taskpane /track/browser/errors-1,625
2026-08-03 18:55:21,140 INFO o.a.j.t.JMeterThread: Thread is done: org.apache.jmeter.threads.JMeterThread@3ef10f5b - T05_ClickOnShowTaskPane_02P - click on show taskpane /track/browser/perf/pageload-1,626
2026-08-03 18:55:21,140 INFO o.a.j.t.JMeterThread: Thread finished: org.apache.jmeter.threads.JMeterThread@3ef10f5b - T05_ClickOnShowTaskPane_02P - click on show taskpane /track/browser/perf/pageload-1,626
2026-08-03 18:55:21,142 INFO o.a.j.t.JMeterThread: Thread is done: org.apache.jmeter.threads.JMeterThread@379a352a - T05_ClickOnShowTaskPane_02P - click on show taskpane /track/browser/perf/pageload-1,626
2026-08-03 18:55:21,142 INFO o.a.j.t.JMeterThread: Thread finished: org.apache.jmeter.threads.JMeterThread@379a352a - T05_ClickOnShowTaskPane_02P - click on show taskpane /track/browser/perf/pageload-1,626
2026-08-03 18:55:21,140 INFO o.a.j.t.JMeterThread: Thread finished: org.apache.jmeter.threads.JMeterThread@3ef10f5b - T05_ClickOnShowTaskPane_02P - click on show taskpane /track/browser/errors-1,624
2026-08-03 18:55:21,151 INFO o.a.j.t.JMeterThread: Thread is done: org.apache.jmeter.threads.JMeterThread@379a352a - T05_ClickOnShowTaskPane_02P - click on show taskpane /track/browser/errors-1,625
2026-08-03 18:55:21,151 INFO o.a.j.t.JMeterThread: Thread finished: org.apache.jmeter.threads.JMeterThread@379a352a - T05_ClickOnShowTaskPane_02P - click on show taskpane /track/browser/errors-1,625
2026-08-03 18:55:21,155 INFO o.a.j.t.JMeterThread: Thread is done: org.apache.jmeter.threads.JMeterThread@379a352a - T05_ClickOnShowTaskPane_02P - click on show taskpane /track/browser/errors-1,624
2026-08-03 18:55:21,155 INFO o.a.j.t.JMeterThread: Thread finished: org.apache.jmeter.threads.JMeterThread@379a352a - T05_ClickOnShowTaskPane_02P - click on show taskpane /track/browser/errors-1,624
2026-08-03 18:55:21,175 INFO o.a.j.t.JMeterThread: Thread started: parallel T05_ClickOnShowTaskPane_03P
2026-08-03 18:55:21,175 INFO o.a.j.t.JMeterThread: Thread started: parallel T05_ClickOnShowTaskPane_03P
2026-08-03 18:55:21,177 INFO o.a.j.t.JMeterThread: Thread started: parallel T05_ClickOnShowTaskPane_03P
2026-08-03 18:55:21,177 INFO o.a.j.t.JMeterThread: Thread started: parallel T05_ClickOnShowTaskPane_03P
2026-08-03 18:55:21,193 INFO o.a.j.t.JMeterThread: Thread started: parallel T05_ClickOnShowTaskPane_03P
2026-08-03 18:55:21,193 INFO o.a.j.t.JMeterThread: Thread started: parallel T05_ClickOnShowTaskPane_03P
2026-08-03 18:55:21,200 INFO o.a.j.t.JMeterThread: Thread started: parallel T05_ClickOnShowTaskPane_03P
2026-08-03 18:55:21,203 INFO o.a.j.t.JMeterThread: Thread started: parallel T05_ClickOnShowTaskPane_03P
2026-08-03 18:55:21,261 INFO o.a.j.t.JMeterThread: Thread is done: org.apache.jmeter.threads.JMeterThread@100c0119 - T04_SelectEmail_01P - Select a email /ows/v1/OutlookCloudSettings/settings/-1,336
2026-08-03 18:55:21,261 INFO o.a.j.t.JMeterThread: Thread finished: org.apache.jmeter.threads.JMeterThread@100c0119 - T04_SelectEmail_01P - Select a email /ows/v1/OutlookCloudSettings/settings/-1,336
2026-08-03 18:55:21,261 INFO o.a.j.t.JMeterThread: Thread started: parallel T04_SelectEmail_01P
2026-08-03 18:55:21,310 INFO o.a.j.t.JMeterThread: Thread is done: org.apache.jmeter.threads.JMeterThread@100c0119 - T04_SelectEmail_01P - Select a email /api/v1/livepersonacard/configuration-1,371
2026-08-03 18:55:21,310 INFO o.a.j.t.JMeterThread: Thread finished: org.apache.jmeter.threads.JMeterThread@100c0119 - T04_SelectEmail_01P - Select a email /api/v1/livepersonacard/configuration-1,371
2026-08-03 18:55:21,310 INFO o.a.j.t.JMeterThread: Thread started: parallel T04_SelectEmail_01P
2026-08-03 18:55:21,381 INFO o.a.j.t.JMeterThread: Thread is done: org.apache.jmeter.threads.JMeterThread@100c0119 - T04_SelectEmail_01P - Select a email /api/v2/personacards/preparePersona?RootCorrelationId=6f85e354-ed52-46e9-9a81-44a1b7e144ba&CorrelationId=6f85e354-ed52-46e9-9a81-44a1b7e144ba&ClientCorrelationId=ca93d6b4-5df6-4791-8e65-9355b705cd7b-1,355
2026-08-03 18:55:21,381 INFO o.a.j.t.JMeterThread: Thread finished: org.apache.jmeter.threads.JMeterThread@100c0119 - T04_SelectEmail_01P - Select a email /api/v2/personacards/preparePersona?RootCorrelationId=6f85e354-ed52-46e9-9a81-44a1b7e144ba&CorrelationId=6f85e354-ed52-46e9-9a81-44a1b7e144ba&ClientCorrelationId=ca93d6b4-5df6-4791-8e65-9355b705cd7b-1,355
2026-08-03 18:55:21,381 INFO o.a.j.t.JMeterThread: Thread started: parallel T04_SelectEmail_01P
2026-08-03 18:55:21,394 INFO o.a.j.t.JMeterThread: Thread is done: org.apache.jmeter.threads.JMeterThread@100c0119 - T04_SelectEmail_01P - Select a email /v1.0/3969aad6-f7aa-424f-bad1-ef71d031df19/subscribedskus-1,328
2026-08-03 18:55:21,394 INFO o.a.j.t.JMeterThread: Thread finished: org.apache.jmeter.threads.JMeterThread@100c0119 - T04_SelectEmail_01P - Select a email /v1.0/3969aad6-f7aa-424f-bad1-ef71d031df19/subscribedskus-1,328
2026-08-03 18:55:21,394 INFO o.a.j.t.JMeterThread: Thread started: parallel T04_SelectEmail_01P
2026-08-03 18:55:21,410 INFO o.a.j.t.JMeterThread: Thread is done: org.apache.jmeter.threads.JMeterThread@100c0119 - T04_SelectEmail_01P - Select a email /autodiscover/autodiscover.json/v1.0/testaccount@knowledgemill.net-1,350
2026-08-03 18:55:21,410 INFO o.a.j.t.JMeterThread: Thread finished: org.apache.jmeter.threads.JMeterThread@100c0119 - T04_SelectEmail_01P - Select a email /autodiscover/autodiscover.json/v1.0/testaccount@knowledgemill.net-1,350
2026-08-03 18:55:21,410 INFO o.a.j.t.JMeterThread: Thread started: parallel T04_SelectEmail_01P
2026-08-03 18:55:21,456 INFO o.a.j.t.JMeterThread: Thread is done: org.apache.jmeter.threads.JMeterThread@100c0119 - T04_SelectEmail_01P - Select a email /v1.0/organization-1,341
2026-08-03 18:55:21,456 INFO o.a.j.t.JMeterThread: Thread finished: org.apache.jmeter.threads.JMeterThread@100c0119 - T04_SelectEmail_01P - Select a email /v1.0/organization-1,341
2026-08-03 18:55:21,535 ERROR o.a.j.v.b.g.TextGraphiteMetricsSender: Error writing to Graphite: Connection refused: no further information
java.net.ConnectException: Connection refused: no further information
	at java.base/sun.nio.ch.Net.pollConnect(Native Method) ~[?:?]
	at java.base/sun.nio.ch.Net.pollConnectNow(Net.java:672) ~[?:?]
	at java.base/sun.nio.ch.NioSocketImpl.timedFinishConnect(NioSocketImpl.java:547) ~[?:?]
	at java.base/sun.nio.ch.NioSocketImpl.connect(NioSocketImpl.java:602) ~[?:?]
	at java.base/java.net.SocksSocketImpl.connect(SocksSocketImpl.java:327) ~[?:?]
	at java.base/java.net.Socket.connect(Socket.java:633) ~[?:?]
	at org.apache.jmeter.visualizers.backend.graphite.SocketOutputStreamPoolFactory.create(SocketOutputStreamPoolFactory.java:76) ~[ApacheJMeter_components.jar:5.6.3]
	at org.apache.jmeter.visualizers.backend.graphite.SocketOutputStreamPoolFactory.makeObject(SocketOutputStreamPoolFactory.java:47) ~[ApacheJMeter_components.jar:5.6.3]
	at org.apache.jmeter.visualizers.backend.graphite.SocketOutputStreamPoolFactory.makeObject(SocketOutputStreamPoolFactory.java:33) ~[ApacheJMeter_components.jar:5.6.3]
	at org.apache.commons.pool2.impl.GenericKeyedObjectPool.create(GenericKeyedObjectPool.java:796) ~[commons-pool2-2.12.0.jar:2.12.0]
	at org.apache.commons.pool2.impl.GenericKeyedObjectPool.borrowObject(GenericKeyedObjectPool.java:444) ~[commons-pool2-2.12.0.jar:2.12.0]
	at org.apache.commons.pool2.impl.GenericKeyedObjectPool.borrowObject(GenericKeyedObjectPool.java:355) ~[commons-pool2-2.12.0.jar:2.12.0]
	at org.apache.jmeter.visualizers.backend.graphite.TextGraphiteMetricsSender.writeMetrics(TextGraphiteMetricsSender.java:110) [ApacheJMeter_components.jar:5.6.3]
	at org.apache.jmeter.visualizers.backend.graphite.TextGraphiteMetricsSender.writeAndSendMetrics(TextGraphiteMetricsSender.java:104) [ApacheJMeter_components.jar:5.6.3]
	at org.apache.jmeter.visualizers.backend.graphite.GraphiteBackendListenerClient.sendMetrics(GraphiteBackendListenerClient.java:186) [ApacheJMeter_components.jar:5.6.3]
	at org.apache.jmeter.visualizers.backend.graphite.GraphiteBackendListenerClient.run(GraphiteBackendListenerClient.java:149) [ApacheJMeter_components.jar:5.6.3]
	at java.base/java.util.concurrent.Executors$RunnableAdapter.call(Executors.java:539) [?:?]
	at java.base/java.util.concurrent.FutureTask.runAndReset(FutureTask.java:305) [?:?]
	at java.base/java.util.concurrent.ScheduledThreadPoolExecutor$ScheduledFutureTask.run(ScheduledThreadPoolExecutor.java:305) [?:?]
	at java.base/java.util.concurrent.ThreadPoolExecutor.runWorker(ThreadPoolExecutor.java:1136) [?:?]
	at java.base/java.util.concurrent.ThreadPoolExecutor$Worker.run(ThreadPoolExecutor.java:635) [?:?]
	at java.base/java.lang.Thread.run(Thread.java:842) [?:?]
2026-08-03 18:55:21,576 INFO o.a.j.t.JMeterThread: Thread is done: org.apache.jmeter.threads.JMeterThread@3ef10f5b - T05_ClickOnShowTaskPane_03P - click on show taskpane /3969aad6-f7aa-424f-bad1-ef71d031df19/oauth2/v2.0/authorize-1,627
2026-08-03 18:55:21,576 INFO o.a.j.t.JMeterThread: Thread finished: org.apache.jmeter.threads.JMeterThread@3ef10f5b - T05_ClickOnShowTaskPane_03P - click on show taskpane /3969aad6-f7aa-424f-bad1-ef71d031df19/oauth2/v2.0/authorize-1,627
2026-08-03 18:55:21,640 INFO o.a.j.t.JMeterThread: Thread is done: org.apache.jmeter.threads.JMeterThread@3ef10f5b - T05_ClickOnShowTaskPane_03P - click on show taskpane /3969aad6-f7aa-424f-bad1-ef71d031df19/oauth2/v2.0/authorize-1,629
2026-08-03 18:55:21,640 INFO o.a.j.t.JMeterThread: Thread finished: org.apache.jmeter.threads.JMeterThread@3ef10f5b - T05_ClickOnShowTaskPane_03P - click on show taskpane /3969aad6-f7aa-424f-bad1-ef71d031df19/oauth2/v2.0/authorize-1,629
2026-08-03 18:55:21,642 INFO o.a.j.t.JMeterThread: Thread is done: org.apache.jmeter.threads.JMeterThread@100c0119 - T04_SelectEmail_01P - Select a email /ows/api/beta/PersistedAddins-1,376
2026-08-03 18:55:21,642 INFO o.a.j.t.JMeterThread: Thread finished: org.apache.jmeter.threads.JMeterThread@100c0119 - T04_SelectEmail_01P - Select a email /ows/api/beta/PersistedAddins-1,376
2026-08-03 18:55:21,654 INFO o.a.j.t.JMeterThread: Thread is done: org.apache.jmeter.threads.JMeterThread@100c0119 - T04_SelectEmail_01P - Select a email //api/v1/peopleInsights/owareadingpane?Smtp=testaccount%40knowledgemill.net&RootCorrelationId=6fe5ab4b-c077-9fb0-995e-d3ae3220ab68&CorrelationId=6fe5ab4b-c077-9fb0-995e-d3ae3220ab68&ClientCorrelationId=ca93d6b4-5df6-4791-8e65-9355b705cd7b&ConvertGetPost=true-1,379
2026-08-03 18:55:21,654 INFO o.a.j.t.JMeterThread: Thread finished: org.apache.jmeter.threads.JMeterThread@100c0119 - T04_SelectEmail_01P - Select a email //api/v1/peopleInsights/owareadingpane?Smtp=testaccount%40knowledgemill.net&RootCorrelationId=6fe5ab4b-c077-9fb0-995e-d3ae3220ab68&CorrelationId=6fe5ab4b-c077-9fb0-995e-d3ae3220ab68&ClientCorrelationId=ca93d6b4-5df6-4791-8e65-9355b705cd7b&ConvertGetPost=true-1,379
2026-08-03 18:55:21,686 INFO o.a.j.t.JMeterThread: Thread is done: org.apache.jmeter.threads.JMeterThread@379a352a - T05_ClickOnShowTaskPane_03P - click on show taskpane /3969aad6-f7aa-424f-bad1-ef71d031df19/oauth2/v2.0/authorize-1,627
2026-08-03 18:55:21,686 INFO o.a.j.t.JMeterThread: Thread finished: org.apache.jmeter.threads.JMeterThread@379a352a - T05_ClickOnShowTaskPane_03P - click on show taskpane /3969aad6-f7aa-424f-bad1-ef71d031df19/oauth2/v2.0/authorize-1,627
2026-08-03 18:55:21,711 INFO o.a.j.t.JMeterThread: Thread is done: org.apache.jmeter.threads.JMeterThread@100c0119 - T04_SelectEmail_01P - Select a email //api/v1/peopleInsights/owareadingpane?Smtp=nick.wheeler%40adrodevserver.com&RootCorrelationId=882d68b3-ff3a-5a2e-ca3e-067dca08929c&CorrelationId=882d68b3-ff3a-5a2e-ca3e-067dca08929c&ClientCorrelationId=ca93d6b4-5df6-4791-8e65-9355b705cd7b&ConvertGetPost=true-1,378
2026-08-03 18:55:21,711 INFO o.a.j.t.JMeterThread: Thread finished: org.apache.jmeter.threads.JMeterThread@100c0119 - T04_SelectEmail_01P - Select a email //api/v1/peopleInsights/owareadingpane?Smtp=nick.wheeler%40adrodevserver.com&RootCorrelationId=882d68b3-ff3a-5a2e-ca3e-067dca08929c&CorrelationId=882d68b3-ff3a-5a2e-ca3e-067dca08929c&ClientCorrelationId=ca93d6b4-5df6-4791-8e65-9355b705cd7b&ConvertGetPost=true-1,378
2026-08-03 18:55:21,744 INFO o.a.j.t.JMeterThread: Thread is done: org.apache.jmeter.threads.JMeterThread@379a352a - T05_ClickOnShowTaskPane_03P - click on show taskpane /3969aad6-f7aa-424f-bad1-ef71d031df19/oauth2/v2.0/authorize-1,629
2026-08-03 18:55:21,744 INFO o.a.j.t.JMeterThread: Thread finished: org.apache.jmeter.threads.JMeterThread@379a352a - T05_ClickOnShowTaskPane_03P - click on show taskpane /3969aad6-f7aa-424f-bad1-ef71d031df19/oauth2/v2.0/authorize-1,629
2026-08-03 18:55:21,744 INFO o.a.j.t.JMeterThread: Thread is done: org.apache.jmeter.threads.JMeterThread@3ef10f5b - T05_ClickOnShowTaskPane_03P - click on show taskpane /-1,632
2026-08-03 18:55:21,744 INFO o.a.j.t.JMeterThread: Thread finished: org.apache.jmeter.threads.JMeterThread@3ef10f5b - T05_ClickOnShowTaskPane_03P - click on show taskpane /-1,632
2026-08-03 18:55:21,774 INFO o.a.j.t.JMeterThread: Thread is done: org.apache.jmeter.threads.JMeterThread@379a352a - T05_ClickOnShowTaskPane_03P - click on show taskpane /-1,632
2026-08-03 18:55:21,776 INFO o.a.j.t.JMeterThread: Thread finished: org.apache.jmeter.threads.JMeterThread@379a352a - T05_ClickOnShowTaskPane_03P - click on show taskpane /-1,632
2026-08-03 18:55:21,788 INFO o.a.j.t.JMeterThread: Thread is done: org.apache.jmeter.threads.JMeterThread@3ef10f5b - T05_ClickOnShowTaskPane_03P - click on show taskpane /-1,628
2026-08-03 18:55:21,788 INFO o.a.j.t.JMeterThread: Thread is done: org.apache.jmeter.threads.JMeterThread@379a352a - T05_ClickOnShowTaskPane_03P - click on show taskpane /-1,628
2026-08-03 18:55:21,792 INFO o.a.j.t.JMeterThread: Thread finished: org.apache.jmeter.threads.JMeterThread@3ef10f5b - T05_ClickOnShowTaskPane_03P - click on show taskpane /-1,628
2026-08-03 18:55:21,794 INFO o.a.j.t.JMeterThread: Thread finished: org.apache.jmeter.threads.JMeterThread@379a352a - T05_ClickOnShowTaskPane_03P - click on show taskpane /-1,628
2026-08-03 18:55:21,858 INFO o.a.j.t.JMeterThread: Thread is done: org.apache.jmeter.threads.JMeterThread@100c0119 - T04_SelectEmail_01P - Select a email /organizations/oauth2/v2.0/token?client-request-id=7048f7a7-a0cf-3089-dae1-6d5b00dd7c63-1,380
2026-08-03 18:55:21,858 INFO o.a.j.t.JMeterThread: Thread finished: org.apache.jmeter.threads.JMeterThread@100c0119 - T04_SelectEmail_01P - Select a email /organizations/oauth2/v2.0/token?client-request-id=7048f7a7-a0cf-3089-dae1-6d5b00dd7c63-1,380
2026-08-03 18:55:21,973 INFO o.a.j.t.JMeterThread: Thread is done: org.apache.jmeter.threads.JMeterThread@100c0119 - T04_SelectEmail_01P - Select a email /ows/beta/PrivacyConfiguration/configuration-1,369
2026-08-03 18:55:21,973 INFO o.a.j.t.JMeterThread: Thread finished: org.apache.jmeter.threads.JMeterThread@100c0119 - T04_SelectEmail_01P - Select a email /ows/beta/PrivacyConfiguration/configuration-1,369
2026-08-03 18:55:22,044 INFO o.a.j.t.JMeterThread: Thread started: parallel T04_SelectEmail_02P
2026-08-03 18:55:22,044 INFO o.a.j.t.JMeterThread: Thread started: parallel T04_SelectEmail_02P
2026-08-03 18:55:22,044 INFO o.a.j.t.JMeterThread: Thread started: parallel T04_SelectEmail_02P
2026-08-03 18:55:22,044 INFO o.a.j.t.JMeterThread: Thread started: parallel T04_SelectEmail_02P
2026-08-03 18:55:22,046 INFO o.a.j.t.JMeterThread: Thread started: parallel T04_SelectEmail_02P
2026-08-03 18:55:22,048 INFO o.a.j.t.JMeterThread: Thread started: parallel T04_SelectEmail_02P
2026-08-03 18:55:22,143 INFO o.a.j.r.Summariser: summary +     28 in 00:00:06 =    4.6/s Avg:   652 Min:    16 Max:  2278 Err:     0 (0.00%) Active: 3 Started: 875 Finished: 872
2026-08-03 18:55:22,143 INFO o.a.j.r.Summariser: summary =    197 in 00:00:40 =    5.0/s Avg:   461 Min:    16 Max:  5121 Err:     0 (0.00%)
2026-08-03 18:55:22,179 INFO o.a.j.t.JMeterThread: Thread started: parallel T05_ClickOnShowTaskPane_05P
2026-08-03 18:55:22,179 INFO o.a.j.t.JMeterThread: Thread started: parallel T05_ClickOnShowTaskPane_05P
2026-08-03 18:55:22,179 INFO o.a.j.t.JMeterThread: Thread started: parallel T05_ClickOnShowTaskPane_05P
2026-08-03 18:55:22,179 INFO o.a.j.t.JMeterThread: Thread started: parallel T05_ClickOnShowTaskPane_05P
2026-08-03 18:55:22,190 INFO o.a.j.t.JMeterThread: Thread started: parallel T05_ClickOnShowTaskPane_05P
2026-08-03 18:55:22,190 INFO o.a.j.t.JMeterThread: Thread started: parallel T05_ClickOnShowTaskPane_05P
2026-08-03 18:55:22,191 INFO o.a.j.t.JMeterThread: Thread started: parallel T05_ClickOnShowTaskPane_05P
2026-08-03 18:55:22,191 INFO o.a.j.t.JMeterThread: Thread started: parallel T05_ClickOnShowTaskPane_05P
2026-08-03 18:55:22,206 INFO o.a.j.t.JMeterThread: Thread started: parallel T05_ClickOnShowTaskPane_05P
2026-08-03 18:55:22,210 INFO o.a.j.t.JMeterThread: Thread started: parallel T05_ClickOnShowTaskPane_05P
2026-08-03 18:55:22,210 INFO o.a.j.t.JMeterThread: Thread started: parallel T05_ClickOnShowTaskPane_05P
2026-08-03 18:55:22,210 INFO o.a.j.t.JMeterThread: Thread started: parallel T05_ClickOnShowTaskPane_05P
2026-08-03 18:55:22,210 INFO o.a.j.t.JMeterThread: Thread started: parallel T05_ClickOnShowTaskPane_05P
2026-08-03 18:55:22,210 INFO o.a.j.t.JMeterThread: Thread started: parallel T05_ClickOnShowTaskPane_05P
2026-08-03 18:55:22,210 INFO o.a.j.t.JMeterThread: Thread started: parallel T05_ClickOnShowTaskPane_05P
2026-08-03 18:55:22,210 INFO o.a.j.t.JMeterThread: Thread started: parallel T05_ClickOnShowTaskPane_05P
2026-08-03 18:55:22,410 INFO o.a.j.t.JMeterThread: Thread is done: org.apache.jmeter.threads.JMeterThread@100c0119 - T04_SelectEmail_02P - Select a email /ows/api/v1/translation/getSupportedLanguages-1,377
2026-08-03 18:55:22,410 INFO o.a.j.t.JMeterThread: Thread finished: org.apache.jmeter.threads.JMeterThread@100c0119 - T04_SelectEmail_02P - Select a email /ows/api/v1/translation/getSupportedLanguages-1,377
2026-08-03 18:55:22,410 INFO o.a.j.t.JMeterThread: Thread started: parallel T04_SelectEmail_02P
2026-08-03 18:55:22,435 INFO o.a.j.t.JMeterThread: Thread is done: org.apache.jmeter.threads.JMeterThread@100c0119 - T04_SelectEmail_02P - Select a email //api/v1/peopleInsights/owareadingpane-1,381
2026-08-03 18:55:22,435 INFO o.a.j.t.JMeterThread: Thread finished: org.apache.jmeter.threads.JMeterThread@100c0119 - T04_SelectEmail_02P - Select a email //api/v1/peopleInsights/owareadingpane-1,381
2026-08-03 18:55:22,435 INFO o.a.j.t.JMeterThread: Thread started: parallel T04_SelectEmail_02P
2026-08-03 18:55:22,459 INFO o.a.j.t.JMeterThread: Thread is done: org.apache.jmeter.threads.JMeterThread@100c0119 - T04_SelectEmail_02P - Select a email /actionsb2netcore/v1.0/testaccount@knowledgemill.net/clientConfigs/WAC_Outlook_React-1,386
2026-08-03 18:55:22,459 INFO o.a.j.t.JMeterThread: Thread is done: org.apache.jmeter.threads.JMeterThread@100c0119 - T04_SelectEmail_02P - Select a email /api/v2/personacards/preparePersona?RootCorrelationId=c980762f-3889-4a38-8b9d-044510ac0b9a&CorrelationId=c980762f-3889-4a38-8b9d-044510ac0b9a&ClientCorrelationId=ca93d6b4-5df6-4791-8e65-9355b705cd7b-1,368
2026-08-03 18:55:22,459 INFO o.a.j.t.JMeterThread: Thread finished: org.apache.jmeter.threads.JMeterThread@100c0119 - T04_SelectEmail_02P - Select a email /actionsb2netcore/v1.0/testaccount@knowledgemill.net/clientConfigs/WAC_Outlook_React-1,386
2026-08-03 18:55:22,460 INFO o.a.j.t.JMeterThread: Thread finished: org.apache.jmeter.threads.JMeterThread@100c0119 - T04_SelectEmail_02P - Select a email /api/v2/personacards/preparePersona?RootCorrelationId=c980762f-3889-4a38-8b9d-044510ac0b9a&CorrelationId=c980762f-3889-4a38-8b9d-044510ac0b9a&ClientCorrelationId=ca93d6b4-5df6-4791-8e65-9355b705cd7b-1,368
2026-08-03 18:55:22,460 INFO o.a.j.t.JMeterThread: Thread started: parallel T04_SelectEmail_02P
2026-08-03 18:55:22,460 INFO o.a.j.t.JMeterThread: Thread started: parallel T04_SelectEmail_02P
2026-08-03 18:55:22,460 INFO o.a.j.t.JMeterThread: Thread is done: org.apache.jmeter.threads.JMeterThread@100c0119 - T04_SelectEmail_02P - Select a email /api/v2/personacards/preparePersona?RootCorrelationId=6f85e354-ed52-46e9-9a81-44a1b7e144ba&CorrelationId=6f85e354-ed52-46e9-9a81-44a1b7e144ba&ClientCorrelationId=ca93d6b4-5df6-4791-8e65-9355b705cd7b-1,370
2026-08-03 18:55:22,460 INFO o.a.j.t.JMeterThread: Thread finished: org.apache.jmeter.threads.JMeterThread@100c0119 - T04_SelectEmail_02P - Select a email /api/v2/personacards/preparePersona?RootCorrelationId=6f85e354-ed52-46e9-9a81-44a1b7e144ba&CorrelationId=6f85e354-ed52-46e9-9a81-44a1b7e144ba&ClientCorrelationId=ca93d6b4-5df6-4791-8e65-9355b705cd7b-1,370
2026-08-03 18:55:22,460 INFO o.a.j.t.JMeterThread: Thread started: parallel T04_SelectEmail_02P
2026-08-03 18:55:22,520 ERROR o.a.j.v.b.g.TextGraphiteMetricsSender: Error writing to Graphite: Connection refused: no further information
java.net.ConnectException: Connection refused: no further information
	at java.base/sun.nio.ch.Net.pollConnect(Native Method) ~[?:?]
	at java.base/sun.nio.ch.Net.pollConnectNow(Net.java:672) ~[?:?]
	at java.base/sun.nio.ch.NioSocketImpl.timedFinishConnect(NioSocketImpl.java:547) ~[?:?]
	at java.base/sun.nio.ch.NioSocketImpl.connect(NioSocketImpl.java:602) ~[?:?]
	at java.base/java.net.SocksSocketImpl.connect(SocksSocketImpl.java:327) ~[?:?]
	at java.base/java.net.Socket.connect(Socket.java:633) ~[?:?]
	at org.apache.jmeter.visualizers.backend.graphite.SocketOutputStreamPoolFactory.create(SocketOutputStreamPoolFactory.java:76) ~[ApacheJMeter_components.jar:5.6.3]
	at org.apache.jmeter.visualizers.backend.graphite.SocketOutputStreamPoolFactory.makeObject(SocketOutputStreamPoolFactory.java:47) ~[ApacheJMeter_components.jar:5.6.3]
	at org.apache.jmeter.visualizers.backend.graphite.SocketOutputStreamPoolFactory.makeObject(SocketOutputStreamPoolFactory.java:33) ~[ApacheJMeter_components.jar:5.6.3]
	at org.apache.commons.pool2.impl.GenericKeyedObjectPool.create(GenericKeyedObjectPool.java:796) ~[commons-pool2-2.12.0.jar:2.12.0]
	at org.apache.commons.pool2.impl.GenericKeyedObjectPool.borrowObject(GenericKeyedObjectPool.java:444) ~[commons-pool2-2.12.0.jar:2.12.0]
	at org.apache.commons.pool2.impl.GenericKeyedObjectPool.borrowObject(GenericKeyedObjectPool.java:355) ~[commons-pool2-2.12.0.jar:2.12.0]
	at org.apache.jmeter.visualizers.backend.graphite.TextGraphiteMetricsSender.writeMetrics(TextGraphiteMetricsSender.java:110) [ApacheJMeter_components.jar:5.6.3]
	at org.apache.jmeter.visualizers.backend.graphite.TextGraphiteMetricsSender.writeAndSendMetrics(TextGraphiteMetricsSender.java:104) [ApacheJMeter_components.jar:5.6.3]
	at org.apache.jmeter.visualizers.backend.graphite.GraphiteBackendListenerClient.sendMetrics(GraphiteBackendListenerClient.java:186) [ApacheJMeter_components.jar:5.6.3]
	at org.apache.jmeter.visualizers.backend.graphite.GraphiteBackendListenerClient.run(GraphiteBackendListenerClient.java:149) [ApacheJMeter_components.jar:5.6.3]
	at java.base/java.util.concurrent.Executors$RunnableAdapter.call(Executors.java:539) [?:?]
	at java.base/java.util.concurrent.FutureTask.runAndReset(FutureTask.java:305) [?:?]
	at java.base/java.util.concurrent.ScheduledThreadPoolExecutor$ScheduledFutureTask.run(ScheduledThreadPoolExecutor.java:305) [?:?]
	at java.base/java.util.concurrent.ThreadPoolExecutor.runWorker(ThreadPoolExecutor.java:1136) [?:?]
	at java.base/java.util.concurrent.ThreadPoolExecutor$Worker.run(ThreadPoolExecutor.java:635) [?:?]
	at java.base/java.lang.Thread.run(Thread.java:842) [?:?]
2026-08-03 18:55:22,676 INFO o.a.j.t.JMeterThread: Thread is done: org.apache.jmeter.threads.JMeterThread@379a352a - T05_ClickOnShowTaskPane_05P - click on show taskpane /v1.0/me/messages-1,648
2026-08-03 18:55:22,676 INFO o.a.j.t.JMeterThread: Thread finished: org.apache.jmeter.threads.JMeterThread@379a352a - T05_ClickOnShowTaskPane_05P - click on show taskpane /v1.0/me/messages-1,648
2026-08-03 18:55:22,726 INFO o.a.j.t.JMeterThread: Thread is done: org.apache.jmeter.threads.JMeterThread@3ef10f5b - T05_ClickOnShowTaskPane_05P - click on show taskpane /v1.0/me/messages-1,648
2026-08-03 18:55:22,726 INFO o.a.j.t.JMeterThread: Thread finished: org.apache.jmeter.threads.JMeterThread@3ef10f5b - T05_ClickOnShowTaskPane_05P - click on show taskpane /v1.0/me/messages-1,648
2026-08-03 18:55:22,776 INFO o.a.j.t.JMeterThread: Thread is done: org.apache.jmeter.threads.JMeterThread@3ef10f5b - T05_ClickOnShowTaskPane_05P - click on show taskpane /addin/null/KMCSRest/main/user/KNOW-US-00000000000000000000000000000000/containers/GMEP-CF-450C092235845819E0630100007FEABC-1,640
2026-08-03 18:55:22,776 INFO o.a.j.t.JMeterThread: Thread finished: org.apache.jmeter.threads.JMeterThread@3ef10f5b - T05_ClickOnShowTaskPane_05P - click on show taskpane /addin/null/KMCSRest/main/user/KNOW-US-00000000000000000000000000000000/containers/GMEP-CF-450C092235845819E0630100007FEABC-1,640
2026-08-03 18:55:22,776 INFO o.a.j.t.JMeterThread: Thread is done: org.apache.jmeter.threads.JMeterThread@100c0119 - T04_SelectEmail_02P - Select a email /api/beta/me/translateExchangeIds?n=41&cv=vHWyfbsM51acLkffDosbHY.49-1,399
2026-08-03 18:55:22,776 INFO o.a.j.t.JMeterThread: Thread finished: org.apache.jmeter.threads.JMeterThread@100c0119 - T04_SelectEmail_02P - Select a email /api/beta/me/translateExchangeIds?n=41&cv=vHWyfbsM51acLkffDosbHY.49-1,399
2026-08-03 18:55:22,776 INFO o.a.j.t.JMeterThread: Thread started: parallel T04_SelectEmail_02P
2026-08-03 18:55:22,794 INFO o.a.j.t.JMeterThread: Thread is done: org.apache.jmeter.threads.JMeterThread@100c0119 - T04_SelectEmail_02P - Select a email /ows/v1/OutlookCloudSettings/settings/-1,395
2026-08-03 18:55:22,794 INFO o.a.j.t.JMeterThread: Thread finished: org.apache.jmeter.threads.JMeterThread@100c0119 - T04_SelectEmail_02P - Select a email /ows/v1/OutlookCloudSettings/settings/-1,395
2026-08-03 18:55:22,794 INFO o.a.j.t.JMeterThread: Thread is done: org.apache.jmeter.threads.JMeterThread@100c0119 - T04_SelectEmail_02P - Select a email /owa/service.svc?action=GetExtensibilityContext&app=Mail&n=37-1,383
2026-08-03 18:55:22,794 INFO o.a.j.t.JMeterThread: Thread finished: org.apache.jmeter.threads.JMeterThread@100c0119 - T04_SelectEmail_02P - Select a email /owa/service.svc?action=GetExtensibilityContext&app=Mail&n=37-1,383
2026-08-03 18:55:22,794 INFO o.a.j.t.JMeterThread: Thread started: parallel T04_SelectEmail_02P
2026-08-03 18:55:22,794 INFO o.a.j.t.JMeterThread: Thread started: parallel T04_SelectEmail_02P
2026-08-03 18:55:22,801 INFO o.a.j.t.JMeterThread: Thread is done: org.apache.jmeter.threads.JMeterThread@379a352a - T05_ClickOnShowTaskPane_05P - click on show taskpane /addin/null/KMCSStatus/status/getstatus-1,642
2026-08-03 18:55:22,801 INFO o.a.j.t.JMeterThread: Thread finished: org.apache.jmeter.threads.JMeterThread@379a352a - T05_ClickOnShowTaskPane_05P - click on show taskpane /addin/null/KMCSStatus/status/getstatus-1,642
2026-08-03 18:55:22,808 INFO o.a.j.t.JMeterThread: Thread is done: org.apache.jmeter.threads.JMeterThread@100c0119 - T04_SelectEmail_02P - Select a email /ows/beta/ScenarioSettings/-1,437
2026-08-03 18:55:22,808 INFO o.a.j.t.JMeterThread: Thread finished: org.apache.jmeter.threads.JMeterThread@100c0119 - T04_SelectEmail_02P - Select a email /ows/beta/ScenarioSettings/-1,437
2026-08-03 18:55:22,808 INFO o.a.j.t.JMeterThread: Thread is done: org.apache.jmeter.threads.JMeterThread@100c0119 - T04_SelectEmail_02P - Select a email /owa/service.svc?action=GetFolderMruConfiguration&app=Mail&n=42-1,420
2026-08-03 18:55:22,808 INFO o.a.j.t.JMeterThread: Thread is done: org.apache.jmeter.threads.JMeterThread@379a352a - T05_ClickOnShowTaskPane_05P - click on show taskpane /addin/null/KMCSRest/main/user/KNOW-US-00000000000000000000000000000000/containers/GMEP-CF-450C0922358C5819E0630100007FEABC-1,651
2026-08-03 18:55:22,808 INFO o.a.j.t.JMeterThread: Thread finished: org.apache.jmeter.threads.JMeterThread@379a352a - T05_ClickOnShowTaskPane_05P - click on show taskpane /addin/null/KMCSRest/main/user/KNOW-US-00000000000000000000000000000000/containers/GMEP-CF-450C0922358C5819E0630100007FEABC-1,651
2026-08-03 18:55:22,808 INFO o.a.j.t.JMeterThread: Thread is done: org.apache.jmeter.threads.JMeterThread@3ef10f5b - T05_ClickOnShowTaskPane_05P - click on show taskpane /addin/null/KMCSRest/main/user/KNOW-US-00000000000000000000000000000000/containers/GMEP-CF-450C0922358C5819E0630100007FEABC-1,641
2026-08-03 18:55:22,808 INFO o.a.j.t.JMeterThread: Thread started: parallel T04_SelectEmail_02P
2026-08-03 18:55:22,808 INFO o.a.j.t.JMeterThread: Thread finished: org.apache.jmeter.threads.JMeterThread@3ef10f5b - T05_ClickOnShowTaskPane_05P - click on show taskpane /addin/null/KMCSRest/main/user/KNOW-US-00000000000000000000000000000000/containers/GMEP-CF-450C0922358C5819E0630100007FEABC-1,641
2026-08-03 18:55:22,808 INFO o.a.j.t.JMeterThread: Thread is done: org.apache.jmeter.threads.JMeterThread@3ef10f5b - T05_ClickOnShowTaskPane_05P - click on show taskpane /addin/null/KMCSRest/main/user/KNOW-US-00000000000000000000000000000000/containers/GMEP-CF-450C092235845819E0630100007FEABC-1,650
2026-08-03 18:55:22,808 INFO o.a.j.t.JMeterThread: Thread finished: org.apache.jmeter.threads.JMeterThread@3ef10f5b - T05_ClickOnShowTaskPane_05P - click on show taskpane /addin/null/KMCSRest/main/user/KNOW-US-00000000000000000000000000000000/containers/GMEP-CF-450C092235845819E0630100007FEABC-1,650
2026-08-03 18:55:22,808 INFO o.a.j.t.JMeterThread: Thread finished: org.apache.jmeter.threads.JMeterThread@100c0119 - T04_SelectEmail_02P - Select a email /owa/service.svc?action=GetFolderMruConfiguration&app=Mail&n=42-1,420
2026-08-03 18:55:22,808 INFO o.a.j.t.JMeterThread: Thread started: parallel T04_SelectEmail_02P
2026-08-03 18:55:22,808 INFO o.a.j.t.JMeterThread: Thread is done: org.apache.jmeter.threads.JMeterThread@3ef10f5b - T05_ClickOnShowTaskPane_05P - click on show taskpane /addin/null/KMCSRest/main/user/KNOW-US-00000000000000000000000000000000/containers/GMEP-CF-450C092235845819E0630100007FEABC-1,645
2026-08-03 18:55:22,808 INFO o.a.j.t.JMeterThread: Thread is done: org.apache.jmeter.threads.JMeterThread@379a352a - T05_ClickOnShowTaskPane_05P - click on show taskpane /addin/null/KMCSRest/main/user/KNOW-US-00000000000000000000000000000000/containers/GMEP-CF-450C0922358C5819E0630100007FEABC-1,641
2026-08-03 18:55:22,808 INFO o.a.j.t.JMeterThread: Thread finished: org.apache.jmeter.threads.JMeterThread@3ef10f5b - T05_ClickOnShowTaskPane_05P - click on show taskpane /addin/null/KMCSRest/main/user/KNOW-US-00000000000000000000000000000000/containers/GMEP-CF-450C092235845819E0630100007FEABC-1,645
2026-08-03 18:55:22,808 INFO o.a.j.t.JMeterThread: Thread is done: org.apache.jmeter.threads.JMeterThread@3ef10f5b - T05_ClickOnShowTaskPane_05P - click on show taskpane /addin/null/KMCSStatus/status/getstatus-1,642
2026-08-03 18:55:22,808 INFO o.a.j.t.JMeterThread: Thread finished: org.apache.jmeter.threads.JMeterThread@379a352a - T05_ClickOnShowTaskPane_05P - click on show taskpane /addin/null/KMCSRest/main/user/KNOW-US-00000000000000000000000000000000/containers/GMEP-CF-450C0922358C5819E0630100007FEABC-1,641
2026-08-03 18:55:22,808 INFO o.a.j.t.JMeterThread: Thread is done: org.apache.jmeter.threads.JMeterThread@379a352a - T05_ClickOnShowTaskPane_05P - click on show taskpane /addin/null/KMCSRest/main/user/KNOW-US-00000000000000000000000000000000/containers/GMEP-CF-450C092235845819E0630100007FEABC-1,640
2026-08-03 18:55:22,808 INFO o.a.j.t.JMeterThread: Thread finished: org.apache.jmeter.threads.JMeterThread@3ef10f5b - T05_ClickOnShowTaskPane_05P - click on show taskpane /addin/null/KMCSStatus/status/getstatus-1,642
2026-08-03 18:55:22,808 INFO o.a.j.t.JMeterThread: Thread finished: org.apache.jmeter.threads.JMeterThread@379a352a - T05_ClickOnShowTaskPane_05P - click on show taskpane /addin/null/KMCSRest/main/user/KNOW-US-00000000000000000000000000000000/containers/GMEP-CF-450C092235845819E0630100007FEABC-1,640
2026-08-03 18:55:22,827 INFO o.a.j.t.JMeterThread: Thread is done: org.apache.jmeter.threads.JMeterThread@379a352a - T05_ClickOnShowTaskPane_05P - click on show taskpane /addin/null/KMCSRest/main/user/KNOW-US-00000000000000000000000000000000/containers/GMEP-CF-450C092235845819E0630100007FEABC-1,650
2026-08-03 18:55:22,827 INFO o.a.j.t.JMeterThread: Thread is done: org.apache.jmeter.threads.JMeterThread@379a352a - T05_ClickOnShowTaskPane_05P - click on show taskpane /addin/null/KMCSRest/main/user/KNOW-US-00000000000000000000000000000000/containers/GMEP-CF-450C0922358C5819E0630100007FEABC-1,644
2026-08-03 18:55:22,827 INFO o.a.j.t.JMeterThread: Thread finished: org.apache.jmeter.threads.JMeterThread@379a352a - T05_ClickOnShowTaskPane_05P - click on show taskpane /addin/null/KMCSRest/main/user/KNOW-US-00000000000000000000000000000000/containers/GMEP-CF-450C092235845819E0630100007FEABC-1,650
2026-08-03 18:55:22,827 INFO o.a.j.t.JMeterThread: Thread finished: org.apache.jmeter.threads.JMeterThread@379a352a - T05_ClickOnShowTaskPane_05P - click on show taskpane /addin/null/KMCSRest/main/user/KNOW-US-00000000000000000000000000000000/containers/GMEP-CF-450C0922358C5819E0630100007FEABC-1,644
2026-08-03 18:55:22,827 INFO o.a.j.t.JMeterThread: Thread is done: org.apache.jmeter.threads.JMeterThread@3ef10f5b - T05_ClickOnShowTaskPane_05P - click on show taskpane /addin/null/KMCSRest/main/user/KNOW-US-00000000000000000000000000000000/containers/GMEP-CF-450C0922358C5819E0630100007FEABC-1,651
2026-08-03 18:55:22,827 INFO o.a.j.t.JMeterThread: Thread finished: org.apache.jmeter.threads.JMeterThread@3ef10f5b - T05_ClickOnShowTaskPane_05P - click on show taskpane /addin/null/KMCSRest/main/user/KNOW-US-00000000000000000000000000000000/containers/GMEP-CF-450C0922358C5819E0630100007FEABC-1,651
2026-08-03 18:55:22,836 INFO o.a.j.t.JMeterThread: Thread is done: org.apache.jmeter.threads.JMeterThread@379a352a - T05_ClickOnShowTaskPane_05P - click on show taskpane /addin/null/KMCSRest/main/user/KNOW-US-00000000000000000000000000000000/containers/GMEP-CF-450C092235845819E0630100007FEABC-1,645
2026-08-03 18:55:22,836 INFO o.a.j.t.JMeterThread: Thread finished: org.apache.jmeter.threads.JMeterThread@379a352a - T05_ClickOnShowTaskPane_05P - click on show taskpane /addin/null/KMCSRest/main/user/KNOW-US-00000000000000000000000000000000/containers/GMEP-CF-450C092235845819E0630100007FEABC-1,645
2026-08-03 18:55:22,836 INFO o.a.j.t.JMeterThread: Thread is done: org.apache.jmeter.threads.JMeterThread@3ef10f5b - T05_ClickOnShowTaskPane_05P - click on show taskpane /addin/null/KMCSRest/main/user/KNOW-US-00000000000000000000000000000000/containers/GMEP-CF-450C0922358C5819E0630100007FEABC-1,644
2026-08-03 18:55:22,836 INFO o.a.j.t.JMeterThread: Thread finished: org.apache.jmeter.threads.JMeterThread@3ef10f5b - T05_ClickOnShowTaskPane_05P - click on show taskpane /addin/null/KMCSRest/main/user/KNOW-US-00000000000000000000000000000000/containers/GMEP-CF-450C0922358C5819E0630100007FEABC-1,644
2026-08-03 18:55:22,852 INFO o.a.j.t.JMeterThread: Thread is done: org.apache.jmeter.threads.JMeterThread@100c0119 - T04_SelectEmail_02P - Select a email /search/api/v1/init-1,401
2026-08-03 18:55:22,852 INFO o.a.j.t.JMeterThread: Thread finished: org.apache.jmeter.threads.JMeterThread@100c0119 - T04_SelectEmail_02P - Select a email /search/api/v1/init-1,401
2026-08-03 18:55:22,852 INFO o.a.j.t.JMeterThread: Thread started: parallel T04_SelectEmail_02P
2026-08-03 18:55:22,942 INFO o.a.j.t.JMeterThread: Thread started: parallel T06_SignIN_KM_Atatus_01P
2026-08-03 18:55:22,942 INFO o.a.j.t.JMeterThread: Thread started: parallel T06_SignIN_KM_Atatus_01P
2026-08-03 18:55:22,942 INFO o.a.j.t.JMeterThread: Thread started: parallel T06_SignIN_KM_Atatus_01P
2026-08-03 18:55:22,942 INFO o.a.j.t.JMeterThread: Thread started: parallel T06_SignIN_KM_Atatus_01P
2026-08-03 18:55:22,942 INFO o.a.j.t.JMeterThread: Thread started: parallel T06_SignIN_KM_Atatus_01P
2026-08-03 18:55:22,942 INFO o.a.j.t.JMeterThread: Thread started: parallel T06_SignIN_KM_Atatus_01P
2026-08-03 18:55:22,958 INFO o.a.j.t.JMeterThread: Thread started: parallel T06_SignIN_KM_Atatus_01P
2026-08-03 18:55:22,959 INFO o.a.j.t.JMeterThread: Thread started: parallel T06_SignIN_KM_Atatus_01P
2026-08-03 18:55:22,959 INFO o.a.j.t.JMeterThread: Thread started: parallel T06_SignIN_KM_Atatus_01P
2026-08-03 18:55:22,959 INFO o.a.j.t.JMeterThread: Thread started: parallel T06_SignIN_KM_Atatus_01P
2026-08-03 18:55:22,959 INFO o.a.j.t.JMeterThread: Thread started: parallel T06_SignIN_KM_Atatus_01P
2026-08-03 18:55:22,970 INFO o.a.j.t.JMeterThread: Thread started: parallel T06_SignIN_KM_Atatus_01P
2026-08-03 18:55:23,207 INFO o.a.j.t.JMeterThread: Thread is done: org.apache.jmeter.threads.JMeterThread@100c0119 - T04_SelectEmail_02P - Select a email /api/beta/me/calendar/gettimeprofile-1,444
2026-08-03 18:55:23,207 INFO o.a.j.t.JMeterThread: Thread finished: org.apache.jmeter.threads.JMeterThread@100c0119 - T04_SelectEmail_02P - Select a email /api/beta/me/calendar/gettimeprofile-1,444
2026-08-03 18:55:23,209 INFO o.a.j.t.JMeterThread: Thread started: parallel T04_SelectEmail_02P
2026-08-03 18:55:23,209 INFO o.a.j.t.JMeterThread: Thread is done: org.apache.jmeter.threads.JMeterThread@100c0119 - T04_SelectEmail_02P - Select a email /owa/service.svc?action=FindCategoryDetails&app=Mail&n=45-1,438
2026-08-03 18:55:23,220 INFO o.a.j.t.JMeterThread: Thread finished: org.apache.jmeter.threads.JMeterThread@100c0119 - T04_SelectEmail_02P - Select a email /owa/service.svc?action=FindCategoryDetails&app=Mail&n=45-1,438
2026-08-03 18:55:23,220 INFO o.a.j.t.JMeterThread: Thread started: parallel T04_SelectEmail_02P
2026-08-03 18:55:23,224 INFO o.a.j.t.JMeterThread: Thread is done: org.apache.jmeter.threads.JMeterThread@100c0119 - T04_SelectEmail_02P - Select a email /ows/v1.0/FloodGateSurvey/CampaignStates-1,456
2026-08-03 18:55:23,224 INFO o.a.j.t.JMeterThread: Thread finished: org.apache.jmeter.threads.JMeterThread@100c0119 - T04_SelectEmail_02P - Select a email /ows/v1.0/FloodGateSurvey/CampaignStates-1,456
2026-08-03 18:55:23,224 INFO o.a.j.t.JMeterThread: Thread started: parallel T04_SelectEmail_02P
2026-08-03 18:55:23,270 INFO o.a.j.t.JMeterThread: Thread is done: org.apache.jmeter.threads.JMeterThread@100c0119 - T04_SelectEmail_02P - Select a email /owa/service.svc?action=GetCalendarView&app=Mail&n=33-1,455
2026-08-03 18:55:23,286 INFO o.a.j.t.JMeterThread: Thread finished: org.apache.jmeter.threads.JMeterThread@100c0119 - T04_SelectEmail_02P - Select a email /owa/service.svc?action=GetCalendarView&app=Mail&n=33-1,455
2026-08-03 18:55:23,276 INFO o.a.j.t.JMeterThread: Thread is done: org.apache.jmeter.threads.JMeterThread@100c0119 - T04_SelectEmail_02P - Select a email /ows/beta/ConnectedAccounts-1,448
2026-08-03 18:55:23,290 INFO o.a.j.t.JMeterThread: Thread started: parallel T04_SelectEmail_02P
2026-08-03 18:55:23,290 INFO o.a.j.t.JMeterThread: Thread finished: org.apache.jmeter.threads.JMeterThread@100c0119 - T04_SelectEmail_02P - Select a email /ows/beta/ConnectedAccounts-1,448
2026-08-03 18:55:23,292 INFO o.a.j.t.JMeterThread: Thread started: parallel T04_SelectEmail_02P
2026-08-03 18:55:23,442 INFO o.a.j.t.JMeterThread: Thread is done: org.apache.jmeter.threads.JMeterThread@100c0119 - T04_SelectEmail_02P - Select a email /owa/service.svc?action=GetCalendarFolders&app=Mail&n=32-1,439
2026-08-03 18:55:23,442 INFO o.a.j.t.JMeterThread: Thread finished: org.apache.jmeter.threads.JMeterThread@100c0119 - T04_SelectEmail_02P - Select a email /owa/service.svc?action=GetCalendarFolders&app=Mail&n=32-1,439
2026-08-03 18:55:23,442 INFO o.a.j.t.JMeterThread: Thread started: parallel T04_SelectEmail_02P
2026-08-03 18:55:23,523 ERROR o.a.j.v.b.g.TextGraphiteMetricsSender: Error writing to Graphite: Connection refused: no further information
java.net.ConnectException: Connection refused: no further information
	at java.base/sun.nio.ch.Net.pollConnect(Native Method) ~[?:?]
	at java.base/sun.nio.ch.Net.pollConnectNow(Net.java:672) ~[?:?]
	at java.base/sun.nio.ch.NioSocketImpl.timedFinishConnect(NioSocketImpl.java:547) ~[?:?]
	at java.base/sun.nio.ch.NioSocketImpl.connect(NioSocketImpl.java:602) ~[?:?]
	at java.base/java.net.SocksSocketImpl.connect(SocksSocketImpl.java:327) ~[?:?]
	at java.base/java.net.Socket.connect(Socket.java:633) ~[?:?]
	at org.apache.jmeter.visualizers.backend.graphite.SocketOutputStreamPoolFactory.create(SocketOutputStreamPoolFactory.java:76) ~[ApacheJMeter_components.jar:5.6.3]
	at org.apache.jmeter.visualizers.backend.graphite.SocketOutputStreamPoolFactory.makeObject(SocketOutputStreamPoolFactory.java:47) ~[ApacheJMeter_components.jar:5.6.3]
	at org.apache.jmeter.visualizers.backend.graphite.SocketOutputStreamPoolFactory.makeObject(SocketOutputStreamPoolFactory.java:33) ~[ApacheJMeter_components.jar:5.6.3]
	at org.apache.commons.pool2.impl.GenericKeyedObjectPool.create(GenericKeyedObjectPool.java:796) ~[commons-pool2-2.12.0.jar:2.12.0]
	at org.apache.commons.pool2.impl.GenericKeyedObjectPool.borrowObject(GenericKeyedObjectPool.java:444) ~[commons-pool2-2.12.0.jar:2.12.0]
	at org.apache.commons.pool2.impl.GenericKeyedObjectPool.borrowObject(GenericKeyedObjectPool.java:355) ~[commons-pool2-2.12.0.jar:2.12.0]
	at org.apache.jmeter.visualizers.backend.graphite.TextGraphiteMetricsSender.writeMetrics(TextGraphiteMetricsSender.java:110) [ApacheJMeter_components.jar:5.6.3]
	at org.apache.jmeter.visualizers.backend.graphite.TextGraphiteMetricsSender.writeAndSendMetrics(TextGraphiteMetricsSender.java:104) [ApacheJMeter_components.jar:5.6.3]
	at org.apache.jmeter.visualizers.backend.graphite.GraphiteBackendListenerClient.sendMetrics(GraphiteBackendListenerClient.java:186) [ApacheJMeter_components.jar:5.6.3]
	at org.apache.jmeter.visualizers.backend.graphite.GraphiteBackendListenerClient.run(GraphiteBackendListenerClient.java:149) [ApacheJMeter_components.jar:5.6.3]
	at java.base/java.util.concurrent.Executors$RunnableAdapter.call(Executors.java:539) [?:?]
	at java.base/java.util.concurrent.FutureTask.runAndReset(FutureTask.java:305) [?:?]
	at java.base/java.util.concurrent.ScheduledThreadPoolExecutor$ScheduledFutureTask.run(ScheduledThreadPoolExecutor.java:305) [?:?]
	at java.base/java.util.concurrent.ThreadPoolExecutor.runWorker(ThreadPoolExecutor.java:1136) [?:?]
	at java.base/java.util.concurrent.ThreadPoolExecutor$Worker.run(ThreadPoolExecutor.java:635) [?:?]
	at java.base/java.lang.Thread.run(Thread.java:842) [?:?]
2026-08-03 18:55:23,673 INFO o.a.j.t.JMeterThread: Thread is done: org.apache.jmeter.threads.JMeterThread@100c0119 - T04_SelectEmail_02P - Select a email /ows/v1.0/FloodGateSurvey/GovernedChannelStates-1,459
2026-08-03 18:55:23,673 INFO o.a.j.t.JMeterThread: Thread is done: org.apache.jmeter.threads.JMeterThread@100c0119 - T04_SelectEmail_02P - Select a email /ows/v1.0/FloodGateSurvey/SurveyActivationStats-1,460
2026-08-03 18:55:23,673 INFO o.a.j.t.JMeterThread: Thread finished: org.apache.jmeter.threads.JMeterThread@100c0119 - T04_SelectEmail_02P - Select a email /ows/v1.0/FloodGateSurvey/GovernedChannelStates-1,459
2026-08-03 18:55:23,673 INFO o.a.j.t.JMeterThread: Thread is done: org.apache.jmeter.threads.JMeterThread@100c0119 - T04_SelectEmail_02P - Select a email /owa/service.svc?action=FindItem&app=Mail&n=52-1,467
2026-08-03 18:55:23,674 INFO o.a.j.t.JMeterThread: Thread finished: org.apache.jmeter.threads.JMeterThread@100c0119 - T04_SelectEmail_02P - Select a email /owa/service.svc?action=FindItem&app=Mail&n=52-1,467
2026-08-03 18:55:23,674 INFO o.a.j.t.JMeterThread: Thread started: parallel T04_SelectEmail_02P
2026-08-03 18:55:23,674 INFO o.a.j.t.JMeterThread: Thread started: parallel T04_SelectEmail_02P
2026-08-03 18:55:23,675 INFO o.a.j.t.JMeterThread: Thread finished: org.apache.jmeter.threads.JMeterThread@100c0119 - T04_SelectEmail_02P - Select a email /ows/v1.0/FloodGateSurvey/SurveyActivationStats-1,460
2026-08-03 18:55:23,675 INFO o.a.j.t.JMeterThread: Thread started: parallel T04_SelectEmail_02P
2026-08-03 18:55:23,783 INFO o.a.j.t.JMeterThread: Thread is done: org.apache.jmeter.threads.JMeterThread@3ef10f5b - T06_SignIN_KM_Atatus_01P - SignIN KM /track/browser/perf/ajax?apikey=f6ba2f2442904e1488cf8e621e86ebfb&v=4.7.0-spa-1,667
2026-08-03 18:55:23,783 INFO o.a.j.t.JMeterThread: Thread is done: org.apache.jmeter.threads.JMeterThread@379a352a - T06_SignIN_KM_Atatus_01P - SignIN KM /track/browser/perf/ajax?apikey=f6ba2f2442904e1488cf8e621e86ebfb&v=4.7.0-spa-1,666
2026-08-03 18:55:23,783 INFO o.a.j.t.JMeterThread: Thread finished: org.apache.jmeter.threads.JMeterThread@3ef10f5b - T06_SignIN_KM_Atatus_01P - SignIN KM /track/browser/perf/ajax?apikey=f6ba2f2442904e1488cf8e621e86ebfb&v=4.7.0-spa-1,667
2026-08-03 18:55:23,783 INFO o.a.j.t.JMeterThread: Thread finished: org.apache.jmeter.threads.JMeterThread@379a352a - T06_SignIN_KM_Atatus_01P - SignIN KM /track/browser/perf/ajax?apikey=f6ba2f2442904e1488cf8e621e86ebfb&v=4.7.0-spa-1,666
2026-08-03 18:55:23,791 INFO o.a.j.t.JMeterThread: Thread is done: org.apache.jmeter.threads.JMeterThread@379a352a - T06_SignIN_KM_Atatus_01P - SignIN KM /track/browser/perf/ajax?apikey=f6ba2f2442904e1488cf8e621e86ebfb&v=4.7.0-spa-1,668
2026-08-03 18:55:23,791 INFO o.a.j.t.JMeterThread: Thread is done: org.apache.jmeter.threads.JMeterThread@3ef10f5b - T06_SignIN_KM_Atatus_01P - SignIN KM /track/browser/perf/ajax?apikey=f6ba2f2442904e1488cf8e621e86ebfb&v=4.7.0-spa-1,666
2026-08-03 18:55:23,791 INFO o.a.j.t.JMeterThread: Thread is done: org.apache.jmeter.threads.JMeterThread@3ef10f5b - T06_SignIN_KM_Atatus_01P - SignIN KM /track/browser/perf/ajax?apikey=f6ba2f2442904e1488cf8e621e86ebfb&v=4.7.0-spa-1,668
2026-08-03 18:55:23,791 INFO o.a.j.t.JMeterThread: Thread finished: org.apache.jmeter.threads.JMeterThread@3ef10f5b - T06_SignIN_KM_Atatus_01P - SignIN KM /track/browser/perf/ajax?apikey=f6ba2f2442904e1488cf8e621e86ebfb&v=4.7.0-spa-1,666
2026-08-03 18:55:23,791 INFO o.a.j.t.JMeterThread: Thread is done: org.apache.jmeter.threads.JMeterThread@3ef10f5b - T06_SignIN_KM_Atatus_01P - SignIN KM /track/browser/perf/ajax?apikey=f6ba2f2442904e1488cf8e621e86ebfb&v=4.7.0-spa-1,669
2026-08-03 18:55:23,791 INFO o.a.j.t.JMeterThread: Thread finished: org.apache.jmeter.threads.JMeterThread@3ef10f5b - T06_SignIN_KM_Atatus_01P - SignIN KM /track/browser/perf/ajax?apikey=f6ba2f2442904e1488cf8e621e86ebfb&v=4.7.0-spa-1,669
2026-08-03 18:55:23,791 INFO o.a.j.t.JMeterThread: Thread finished: org.apache.jmeter.threads.JMeterThread@379a352a - T06_SignIN_KM_Atatus_01P - SignIN KM /track/browser/perf/ajax?apikey=f6ba2f2442904e1488cf8e621e86ebfb&v=4.7.0-spa-1,668
2026-08-03 18:55:23,791 INFO o.a.j.t.JMeterThread: Thread finished: org.apache.jmeter.threads.JMeterThread@3ef10f5b - T06_SignIN_KM_Atatus_01P - SignIN KM /track/browser/perf/ajax?apikey=f6ba2f2442904e1488cf8e621e86ebfb&v=4.7.0-spa-1,668
2026-08-03 18:55:23,791 INFO o.a.j.t.JMeterThread: Thread is done: org.apache.jmeter.threads.JMeterThread@3ef10f5b - T06_SignIN_KM_Atatus_01P - SignIN KM /track/browser/perf/ajax?apikey=f6ba2f2442904e1488cf8e621e86ebfb&v=4.7.0-spa-1,671
2026-08-03 18:55:23,791 INFO o.a.j.t.JMeterThread: Thread finished: org.apache.jmeter.threads.JMeterThread@3ef10f5b - T06_SignIN_KM_Atatus_01P - SignIN KM /track/browser/perf/ajax?apikey=f6ba2f2442904e1488cf8e621e86ebfb&v=4.7.0-spa-1,671
2026-08-03 18:55:23,807 INFO o.a.j.t.JMeterThread: Thread is done: org.apache.jmeter.threads.JMeterThread@3ef10f5b - T06_SignIN_KM_Atatus_01P - SignIN KM /track/browser/perf/ajax?apikey=f6ba2f2442904e1488cf8e621e86ebfb&v=4.7.0-spa-1,670
2026-08-03 18:55:23,807 INFO o.a.j.t.JMeterThread: Thread finished: org.apache.jmeter.threads.JMeterThread@3ef10f5b - T06_SignIN_KM_Atatus_01P - SignIN KM /track/browser/perf/ajax?apikey=f6ba2f2442904e1488cf8e621e86ebfb&v=4.7.0-spa-1,670
2026-08-03 18:55:23,809 INFO o.a.j.t.JMeterThread: Thread is done: org.apache.jmeter.threads.JMeterThread@100c0119 - T04_SelectEmail_02P - Select a email /owa/service.svc?action=GetCalendarProcessing&app=Mail&n=53-1,468
2026-08-03 18:55:23,809 INFO o.a.j.t.JMeterThread: Thread finished: org.apache.jmeter.threads.JMeterThread@100c0119 - T04_SelectEmail_02P - Select a email /owa/service.svc?action=GetCalendarProcessing&app=Mail&n=53-1,468
2026-08-03 18:55:23,809 INFO o.a.j.t.JMeterThread: Thread started: parallel T04_SelectEmail_02P
2026-08-03 18:55:23,822 INFO o.a.j.t.JMeterThread: Thread is done: org.apache.jmeter.threads.JMeterThread@379a352a - T06_SignIN_KM_Atatus_01P - SignIN KM /track/browser/perf/ajax?apikey=f6ba2f2442904e1488cf8e621e86ebfb&v=4.7.0-spa-1,669
2026-08-03 18:55:23,823 INFO o.a.j.t.JMeterThread: Thread finished: org.apache.jmeter.threads.JMeterThread@379a352a - T06_SignIN_KM_Atatus_01P - SignIN KM /track/browser/perf/ajax?apikey=f6ba2f2442904e1488cf8e621e86ebfb&v=4.7.0-spa-1,669
2026-08-03 18:55:23,823 INFO o.a.j.t.JMeterThread: Thread is done: org.apache.jmeter.threads.JMeterThread@100c0119 - T04_SelectEmail_02P - Select a email /owamail/20251128003.09/scripts/ThirdPartyNotices.txt-1,487
2026-08-03 18:55:23,823 INFO o.a.j.t.JMeterThread: Thread finished: org.apache.jmeter.threads.JMeterThread@100c0119 - T04_SelectEmail_02P - Select a email /owamail/20251128003.09/scripts/ThirdPartyNotices.txt-1,487
2026-08-03 18:55:23,908 INFO o.a.j.t.JMeterThread: Thread is done: org.apache.jmeter.threads.JMeterThread@100c0119 - T04_SelectEmail_02P - Select a email /ows/v1/OutlookCloudSettings/settings/-1,476
2026-08-03 18:55:23,908 INFO o.a.j.t.JMeterThread: Thread finished: org.apache.jmeter.threads.JMeterThread@100c0119 - T04_SelectEmail_02P - Select a email /ows/v1/OutlookCloudSettings/settings/-1,476
2026-08-03 18:55:24,039 INFO o.a.j.t.JMeterThread: Thread is done: org.apache.jmeter.threads.JMeterThread@100c0119 - T04_SelectEmail_02P - Select a email /NotesFabric/api/v2.0/me/connectednotes-1,479
2026-08-03 18:55:24,039 INFO o.a.j.t.JMeterThread: Thread finished: org.apache.jmeter.threads.JMeterThread@100c0119 - T04_SelectEmail_02P - Select a email /NotesFabric/api/v2.0/me/connectednotes-1,479
2026-08-03 18:55:24,057 INFO o.a.j.t.JMeterThread: Thread is done: org.apache.jmeter.threads.JMeterThread@100c0119 - T04_SelectEmail_02P - Select a email /ows/api/v1/EndpointTracker?n=55&cv=vHWyfbsM51acLkffDosbHY.63-1,490
2026-08-03 18:55:24,067 INFO o.a.j.t.JMeterThread: Thread finished: org.apache.jmeter.threads.JMeterThread@100c0119 - T04_SelectEmail_02P - Select a email /ows/api/v1/EndpointTracker?n=55&cv=vHWyfbsM51acLkffDosbHY.63-1,490
2026-08-03 18:55:24,067 INFO o.a.j.t.JMeterThread: Thread is done: org.apache.jmeter.threads.JMeterThread@100c0119 - T04_SelectEmail_02P - Select a email /ows/api/v1.0/whatsnew/items/unseen-1,484
2026-08-03 18:55:24,067 INFO o.a.j.t.JMeterThread: Thread finished: org.apache.jmeter.threads.JMeterThread@100c0119 - T04_SelectEmail_02P - Select a email /ows/api/v1.0/whatsnew/items/unseen-1,484
2026-08-03 18:55:24,244 INFO o.a.j.t.JMeterThread: Thread is done: org.apache.jmeter.threads.JMeterThread@100c0119 - T04_SelectEmail_02P - Select a email /organizations/oauth2/v2.0/token?client-request-id=3e8def55-ac2a-90c3-5ed7-e12fb7303578-1,491
2026-08-03 18:55:24,244 INFO o.a.j.t.JMeterThread: Thread finished: org.apache.jmeter.threads.JMeterThread@100c0119 - T04_SelectEmail_02P - Select a email /organizations/oauth2/v2.0/token?client-request-id=3e8def55-ac2a-90c3-5ed7-e12fb7303578-1,491
2026-08-03 18:55:24,275 INFO o.a.j.t.JMeterThread: Thread started: parallel T04_SelectEmail_03P
2026-08-03 18:55:24,275 INFO o.a.j.t.JMeterThread: Thread started: parallel T04_SelectEmail_03P
2026-08-03 18:55:24,275 INFO o.a.j.t.JMeterThread: Thread started: parallel T04_SelectEmail_03P
2026-08-03 18:55:24,275 INFO o.a.j.t.JMeterThread: Thread started: parallel T04_SelectEmail_03P
2026-08-03 18:55:24,275 INFO o.a.j.t.JMeterThread: Thread started: parallel T04_SelectEmail_03P
2026-08-03 18:55:24,275 INFO o.a.j.t.JMeterThread: Thread started: parallel T04_SelectEmail_03P
2026-08-03 18:55:24,422 INFO o.a.j.t.JMeterThread: Thread is done: org.apache.jmeter.threads.JMeterThread@100c0119 - T04_SelectEmail_03P - Select a email /fluid/prod/loop-page-container/versionless/loopPageContainerCodeLoadDetails.json-1,513
2026-08-03 18:55:24,422 INFO o.a.j.t.JMeterThread: Thread finished: org.apache.jmeter.threads.JMeterThread@100c0119 - T04_SelectEmail_03P - Select a email /fluid/prod/loop-page-container/versionless/loopPageContainerCodeLoadDetails.json-1,513
2026-08-03 18:55:24,422 INFO o.a.j.t.JMeterThread: Thread started: parallel T04_SelectEmail_03P
2026-08-03 18:55:24,422 INFO o.a.j.t.JMeterThread: Thread is done: org.apache.jmeter.threads.JMeterThread@100c0119 - T04_SelectEmail_03P - Select a email /fluid/prod/generic-loader/versionless/manifest.en-gb.json-1,514
2026-08-03 18:55:24,422 INFO o.a.j.t.JMeterThread: Thread finished: org.apache.jmeter.threads.JMeterThread@100c0119 - T04_SelectEmail_03P - Select a email /fluid/prod/generic-loader/versionless/manifest.en-gb.json-1,514
2026-08-03 18:55:24,422 INFO o.a.j.t.JMeterThread: Thread started: parallel T04_SelectEmail_03P
2026-08-03 18:55:24,535 INFO o.a.j.t.JMeterThread: Thread is done: org.apache.jmeter.threads.JMeterThread@100c0119 - T04_SelectEmail_03P - Select a email /v1.0/organization/3969aad6-f7aa-424f-bad1-ef71d031df19/serviceProvisioningInfo-1,519
2026-08-03 18:55:24,535 INFO o.a.j.t.JMeterThread: Thread finished: org.apache.jmeter.threads.JMeterThread@100c0119 - T04_SelectEmail_03P - Select a email /v1.0/organization/3969aad6-f7aa-424f-bad1-ef71d031df19/serviceProvisioningInfo-1,519
2026-08-03 18:55:24,538 INFO o.a.j.t.JMeterThread: Thread started: parallel T04_SelectEmail_03P
2026-08-03 18:55:24,538 ERROR o.a.j.v.b.g.TextGraphiteMetricsSender: Error writing to Graphite: Connection refused: no further information
java.net.ConnectException: Connection refused: no further information
	at java.base/sun.nio.ch.Net.pollConnect(Native Method) ~[?:?]
	at java.base/sun.nio.ch.Net.pollConnectNow(Net.java:672) ~[?:?]
	at java.base/sun.nio.ch.NioSocketImpl.timedFinishConnect(NioSocketImpl.java:547) ~[?:?]
	at java.base/sun.nio.ch.NioSocketImpl.connect(NioSocketImpl.java:602) ~[?:?]
	at java.base/java.net.SocksSocketImpl.connect(SocksSocketImpl.java:327) ~[?:?]
	at java.base/java.net.Socket.connect(Socket.java:633) ~[?:?]
	at org.apache.jmeter.visualizers.backend.graphite.SocketOutputStreamPoolFactory.create(SocketOutputStreamPoolFactory.java:76) ~[ApacheJMeter_components.jar:5.6.3]
	at org.apache.jmeter.visualizers.backend.graphite.SocketOutputStreamPoolFactory.makeObject(SocketOutputStreamPoolFactory.java:47) ~[ApacheJMeter_components.jar:5.6.3]
	at org.apache.jmeter.visualizers.backend.graphite.SocketOutputStreamPoolFactory.makeObject(SocketOutputStreamPoolFactory.java:33) ~[ApacheJMeter_components.jar:5.6.3]
	at org.apache.commons.pool2.impl.GenericKeyedObjectPool.create(GenericKeyedObjectPool.java:796) ~[commons-pool2-2.12.0.jar:2.12.0]
	at org.apache.commons.pool2.impl.GenericKeyedObjectPool.borrowObject(GenericKeyedObjectPool.java:444) ~[commons-pool2-2.12.0.jar:2.12.0]
	at org.apache.commons.pool2.impl.GenericKeyedObjectPool.borrowObject(GenericKeyedObjectPool.java:355) ~[commons-pool2-2.12.0.jar:2.12.0]
	at org.apache.jmeter.visualizers.backend.graphite.TextGraphiteMetricsSender.writeMetrics(TextGraphiteMetricsSender.java:110) [ApacheJMeter_components.jar:5.6.3]
	at org.apache.jmeter.visualizers.backend.graphite.TextGraphiteMetricsSender.writeAndSendMetrics(TextGraphiteMetricsSender.java:104) [ApacheJMeter_components.jar:5.6.3]
	at org.apache.jmeter.visualizers.backend.graphite.GraphiteBackendListenerClient.sendMetrics(GraphiteBackendListenerClient.java:186) [ApacheJMeter_components.jar:5.6.3]
	at org.apache.jmeter.visualizers.backend.graphite.GraphiteBackendListenerClient.run(GraphiteBackendListenerClient.java:149) [ApacheJMeter_components.jar:5.6.3]
	at java.base/java.util.concurrent.Executors$RunnableAdapter.call(Executors.java:539) [?:?]
	at java.base/java.util.concurrent.FutureTask.runAndReset(FutureTask.java:305) [?:?]
	at java.base/java.util.concurrent.ScheduledThreadPoolExecutor$ScheduledFutureTask.run(ScheduledThreadPoolExecutor.java:305) [?:?]
	at java.base/java.util.concurrent.ThreadPoolExecutor.runWorker(ThreadPoolExecutor.java:1136) [?:?]
	at java.base/java.util.concurrent.ThreadPoolExecutor$Worker.run(ThreadPoolExecutor.java:635) [?:?]
	at java.base/java.lang.Thread.run(Thread.java:842) [?:?]
2026-08-03 18:55:24,590 INFO o.a.j.t.JMeterThread: Thread is done: org.apache.jmeter.threads.JMeterThread@100c0119 - T04_SelectEmail_03P - Select a email /rs/v1/settings?rs=en-GB-1,492
2026-08-03 18:55:24,590 INFO o.a.j.t.JMeterThread: Thread finished: org.apache.jmeter.threads.JMeterThread@100c0119 - T04_SelectEmail_03P - Select a email /rs/v1/settings?rs=en-GB-1,492
2026-08-03 18:55:24,590 INFO o.a.j.t.JMeterThread: Thread started: parallel T04_SelectEmail_03P
2026-08-03 18:55:24,647 INFO o.a.j.t.JMeterThread: Thread is done: org.apache.jmeter.threads.JMeterThread@100c0119 - T04_SelectEmail_03P - Select a email /ows/beta/elevenbyeleven-1,511
2026-08-03 18:55:24,658 INFO o.a.j.t.JMeterThread: Thread finished: org.apache.jmeter.threads.JMeterThread@100c0119 - T04_SelectEmail_03P - Select a email /ows/beta/elevenbyeleven-1,511
2026-08-03 18:55:24,658 INFO o.a.j.t.JMeterThread: Thread started: parallel T04_SelectEmail_03P
2026-08-03 18:55:24,677 INFO o.a.j.t.JMeterThread: Thread is done: org.apache.jmeter.threads.JMeterThread@100c0119 - T04_SelectEmail_03P - Select a email /owa/service.svc?action=GetMailboxJunkEmailConfiguration&app=Mail&n=57-1,518
2026-08-03 18:55:24,677 INFO o.a.j.t.JMeterThread: Thread finished: org.apache.jmeter.threads.JMeterThread@100c0119 - T04_SelectEmail_03P - Select a email /owa/service.svc?action=GetMailboxJunkEmailConfiguration&app=Mail&n=57-1,518
2026-08-03 18:55:24,677 INFO o.a.j.t.JMeterThread: Thread started: parallel T04_SelectEmail_03P
2026-08-03 18:55:24,773 INFO o.a.j.t.JMeterThread: Thread is done: org.apache.jmeter.threads.JMeterThread@100c0119 - T04_SelectEmail_03P - Select a email /config/v1/Fluid/0.0.0.1-1,512
2026-08-03 18:55:24,773 INFO o.a.j.t.JMeterThread: Thread finished: org.apache.jmeter.threads.JMeterThread@100c0119 - T04_SelectEmail_03P - Select a email /config/v1/Fluid/0.0.0.1-1,512
2026-08-03 18:55:24,773 INFO o.a.j.t.JMeterThread: Thread started: parallel T04_SelectEmail_03P
2026-08-03 18:55:24,823 INFO o.a.j.t.JMeterThread: Thread is done: org.apache.jmeter.threads.JMeterThread@379a352a - T06_SignIN_KM_Atatus_01P - SignIN KM /track/browser/perf/ajax?apikey=f6ba2f2442904e1488cf8e621e86ebfb&v=4.7.0-spa-1,667
2026-08-03 18:55:24,823 INFO o.a.j.t.JMeterThread: Thread finished: org.apache.jmeter.threads.JMeterThread@379a352a - T06_SignIN_KM_Atatus_01P - SignIN KM /track/browser/perf/ajax?apikey=f6ba2f2442904e1488cf8e621e86ebfb&v=4.7.0-spa-1,667
2026-08-03 18:55:24,873 INFO o.a.j.t.JMeterThread: Thread is done: org.apache.jmeter.threads.JMeterThread@100c0119 - T04_SelectEmail_03P - Select a email /organizations/oauth2/v2.0/token?client-request-id=a7d73303-f5fd-c5e1-310c-019d0131645a-1,516
2026-08-03 18:55:24,873 INFO o.a.j.t.JMeterThread: Thread finished: org.apache.jmeter.threads.JMeterThread@100c0119 - T04_SelectEmail_03P - Select a email /organizations/oauth2/v2.0/token?client-request-id=a7d73303-f5fd-c5e1-310c-019d0131645a-1,516
2026-08-03 18:55:24,874 INFO o.a.j.t.JMeterThread: Thread started: parallel T04_SelectEmail_03P
2026-08-03 18:55:24,905 INFO o.a.j.t.JMeterThread: Thread is done: org.apache.jmeter.threads.JMeterThread@100c0119 - T04_SelectEmail_03P - Select a email /organizations/oauth2/v2.0/token?client-request-id=4cab3e62-774d-355f-4740-ca34252cdf13-1,517
2026-08-03 18:55:24,905 INFO o.a.j.t.JMeterThread: Thread finished: org.apache.jmeter.threads.JMeterThread@100c0119 - T04_SelectEmail_03P - Select a email /organizations/oauth2/v2.0/token?client-request-id=4cab3e62-774d-355f-4740-ca34252cdf13-1,517
2026-08-03 18:55:24,905 INFO o.a.j.t.JMeterThread: Thread started: parallel T04_SelectEmail_03P
2026-08-03 18:55:24,990 INFO o.a.j.t.JMeterThread: Thread is done: org.apache.jmeter.threads.JMeterThread@100c0119 - T04_SelectEmail_03P - Select a email /organizations/oauth2/v2.0/token?client-request-id=4be7d4a8-62f9-99f1-ce06-64afe94917c8-1,515
2026-08-03 18:55:24,990 INFO o.a.j.t.JMeterThread: Thread finished: org.apache.jmeter.threads.JMeterThread@100c0119 - T04_SelectEmail_03P - Select a email /organizations/oauth2/v2.0/token?client-request-id=4be7d4a8-62f9-99f1-ce06-64afe94917c8-1,515
2026-08-03 18:55:24,990 INFO o.a.j.t.JMeterThread: Thread started: parallel T04_SelectEmail_03P
2026-08-03 18:55:25,038 INFO o.a.j.t.JMeterThread: Thread is done: org.apache.jmeter.threads.JMeterThread@379a352a - T06_SignIN_KM_Atatus_01P - SignIN KM /track/browser/perf/ajax?apikey=f6ba2f2442904e1488cf8e621e86ebfb&v=4.7.0-spa-1,670
2026-08-03 18:55:25,038 INFO o.a.j.t.JMeterThread: Thread finished: org.apache.jmeter.threads.JMeterThread@379a352a - T06_SignIN_KM_Atatus_01P - SignIN KM /track/browser/perf/ajax?apikey=f6ba2f2442904e1488cf8e621e86ebfb&v=4.7.0-spa-1,670
2026-08-03 18:55:25,069 INFO o.a.j.t.JMeterThread: Thread is done: org.apache.jmeter.threads.JMeterThread@379a352a - T06_SignIN_KM_Atatus_01P - SignIN KM /track/browser/perf/ajax?apikey=f6ba2f2442904e1488cf8e621e86ebfb&v=4.7.0-spa-1,671
2026-08-03 18:55:25,069 INFO o.a.j.t.JMeterThread: Thread finished: org.apache.jmeter.threads.JMeterThread@379a352a - T06_SignIN_KM_Atatus_01P - SignIN KM /track/browser/perf/ajax?apikey=f6ba2f2442904e1488cf8e621e86ebfb&v=4.7.0-spa-1,671
2026-08-03 18:55:25,085 INFO o.a.j.t.JMeterThread: Thread is done: org.apache.jmeter.threads.JMeterThread@100c0119 - T04_SelectEmail_03P - Select a email /config/v1/Fluid/0.0.0.1-1,533
2026-08-03 18:55:25,089 INFO o.a.j.t.JMeterThread: Thread finished: org.apache.jmeter.threads.JMeterThread@100c0119 - T04_SelectEmail_03P - Select a email /config/v1/Fluid/0.0.0.1-1,533
2026-08-03 18:55:25,091 INFO o.a.j.t.JMeterThread: Thread started: parallel T04_SelectEmail_03P
2026-08-03 18:55:25,122 INFO o.a.j.t.JMeterThread: Thread is done: org.apache.jmeter.threads.JMeterThread@100c0119 - T04_SelectEmail_03P - Select a email /ows/v1/OutlookCloudSettings/settings/-1,570
2026-08-03 18:55:25,122 INFO o.a.j.t.JMeterThread: Thread finished: org.apache.jmeter.threads.JMeterThread@100c0119 - T04_SelectEmail_03P - Select a email /ows/v1/OutlookCloudSettings/settings/-1,570
2026-08-03 18:55:25,125 INFO o.a.j.t.JMeterThread: Thread started: parallel T04_SelectEmail_03P
2026-08-03 18:55:25,157 INFO o.a.j.t.JMeterThread: Thread is done: org.apache.jmeter.threads.JMeterThread@100c0119 - T04_SelectEmail_03P - Select a email /owa/service.svc?action=GetAccountInformation&app=Mail&n=58-1,550
2026-08-03 18:55:25,157 INFO o.a.j.t.JMeterThread: Thread finished: org.apache.jmeter.threads.JMeterThread@100c0119 - T04_SelectEmail_03P - Select a email /owa/service.svc?action=GetAccountInformation&app=Mail&n=58-1,550
2026-08-03 18:55:25,157 INFO o.a.j.t.JMeterThread: Thread is done: org.apache.jmeter.threads.JMeterThread@100c0119 - T04_SelectEmail_03P - Select a email /ows/v1.0/CalendarIcons/-1,571
2026-08-03 18:55:25,157 INFO o.a.j.t.JMeterThread: Thread finished: org.apache.jmeter.threads.JMeterThread@100c0119 - T04_SelectEmail_03P - Select a email /ows/v1.0/CalendarIcons/-1,571
2026-08-03 18:55:25,340 INFO o.a.j.t.JMeterThread: Thread is done: org.apache.jmeter.threads.JMeterThread@100c0119 - T04_SelectEmail_03P - Select a email /owa/service.svc?action=GetMailboxCalendarConfiguration&app=Mail&n=60-1,572
2026-08-03 18:55:25,340 INFO o.a.j.t.JMeterThread: Thread finished: org.apache.jmeter.threads.JMeterThread@100c0119 - T04_SelectEmail_03P - Select a email /owa/service.svc?action=GetMailboxCalendarConfiguration&app=Mail&n=60-1,572
2026-08-03 18:55:25,452 INFO o.a.j.t.JMeterThread: Thread is done: org.apache.jmeter.threads.JMeterThread@100c0119 - T04_SelectEmail_03P - Select a email /owa/service.svc?action=FindConversation&app=Mail&n=36-1,580
2026-08-03 18:55:25,452 INFO o.a.j.t.JMeterThread: Thread finished: org.apache.jmeter.threads.JMeterThread@100c0119 - T04_SelectEmail_03P - Select a email /owa/service.svc?action=FindConversation&app=Mail&n=36-1,580
2026-08-03 18:55:25,482 INFO o.a.j.t.JMeterThread: Thread is done: org.apache.jmeter.threads.JMeterThread@100c0119 - T04_SelectEmail_03P - Select a email /txpb2/api/v1.1/me/UserSettings-1,573
2026-08-03 18:55:25,482 INFO o.a.j.t.JMeterThread: Thread finished: org.apache.jmeter.threads.JMeterThread@100c0119 - T04_SelectEmail_03P - Select a email /txpb2/api/v1.1/me/UserSettings-1,573
2026-08-03 18:55:25,498 INFO o.a.j.t.JMeterThread: Thread is done: org.apache.jmeter.threads.JMeterThread@100c0119 - T04_SelectEmail_03P - Select a email /owa/service.svc?action=FindItem&app=Mail&n=37-1,584
2026-08-03 18:55:25,498 INFO o.a.j.t.JMeterThread: Thread finished: org.apache.jmeter.threads.JMeterThread@100c0119 - T04_SelectEmail_03P - Select a email /owa/service.svc?action=FindItem&app=Mail&n=37-1,584
2026-08-03 18:55:25,523 ERROR o.a.j.v.b.g.TextGraphiteMetricsSender: Error writing to Graphite: Connection refused: no further information
java.net.ConnectException: Connection refused: no further information
	at java.base/sun.nio.ch.Net.pollConnect(Native Method) ~[?:?]
	at java.base/sun.nio.ch.Net.pollConnectNow(Net.java:672) ~[?:?]
	at java.base/sun.nio.ch.NioSocketImpl.timedFinishConnect(NioSocketImpl.java:547) ~[?:?]
	at java.base/sun.nio.ch.NioSocketImpl.connect(NioSocketImpl.java:602) ~[?:?]
	at java.base/java.net.SocksSocketImpl.connect(SocksSocketImpl.java:327) ~[?:?]
	at java.base/java.net.Socket.connect(Socket.java:633) ~[?:?]
	at org.apache.jmeter.visualizers.backend.graphite.SocketOutputStreamPoolFactory.create(SocketOutputStreamPoolFactory.java:76) ~[ApacheJMeter_components.jar:5.6.3]
	at org.apache.jmeter.visualizers.backend.graphite.SocketOutputStreamPoolFactory.makeObject(SocketOutputStreamPoolFactory.java:47) ~[ApacheJMeter_components.jar:5.6.3]
	at org.apache.jmeter.visualizers.backend.graphite.SocketOutputStreamPoolFactory.makeObject(SocketOutputStreamPoolFactory.java:33) ~[ApacheJMeter_components.jar:5.6.3]
	at org.apache.commons.pool2.impl.GenericKeyedObjectPool.create(GenericKeyedObjectPool.java:796) ~[commons-pool2-2.12.0.jar:2.12.0]
	at org.apache.commons.pool2.impl.GenericKeyedObjectPool.borrowObject(GenericKeyedObjectPool.java:444) ~[commons-pool2-2.12.0.jar:2.12.0]
	at org.apache.commons.pool2.impl.GenericKeyedObjectPool.borrowObject(GenericKeyedObjectPool.java:355) ~[commons-pool2-2.12.0.jar:2.12.0]
	at org.apache.jmeter.visualizers.backend.graphite.TextGraphiteMetricsSender.writeMetrics(TextGraphiteMetricsSender.java:110) [ApacheJMeter_components.jar:5.6.3]
	at org.apache.jmeter.visualizers.backend.graphite.TextGraphiteMetricsSender.writeAndSendMetrics(TextGraphiteMetricsSender.java:104) [ApacheJMeter_components.jar:5.6.3]
	at org.apache.jmeter.visualizers.backend.graphite.GraphiteBackendListenerClient.sendMetrics(GraphiteBackendListenerClient.java:186) [ApacheJMeter_components.jar:5.6.3]
	at org.apache.jmeter.visualizers.backend.graphite.GraphiteBackendListenerClient.run(GraphiteBackendListenerClient.java:149) [ApacheJMeter_components.jar:5.6.3]
	at java.base/java.util.concurrent.Executors$RunnableAdapter.call(Executors.java:539) [?:?]
	at java.base/java.util.concurrent.FutureTask.runAndReset(FutureTask.java:305) [?:?]
	at java.base/java.util.concurrent.ScheduledThreadPoolExecutor$ScheduledFutureTask.run(ScheduledThreadPoolExecutor.java:305) [?:?]
	at java.base/java.util.concurrent.ThreadPoolExecutor.runWorker(ThreadPoolExecutor.java:1136) [?:?]
	at java.base/java.util.concurrent.ThreadPoolExecutor$Worker.run(ThreadPoolExecutor.java:635) [?:?]
	at java.base/java.lang.Thread.run(Thread.java:842) [?:?]
2026-08-03 18:55:25,555 INFO o.a.j.t.JMeterThread: Thread started: parallel T05_ClickOnShowTaskPane_01P
2026-08-03 18:55:25,555 INFO o.a.j.t.JMeterThread: Thread started: parallel T05_ClickOnShowTaskPane_01P
2026-08-03 18:55:25,555 INFO o.a.j.t.JMeterThread: Thread started: parallel T05_ClickOnShowTaskPane_01P
2026-08-03 18:55:25,555 INFO o.a.j.t.JMeterThread: Thread started: parallel T05_ClickOnShowTaskPane_01P
2026-08-03 18:55:25,607 WARN o.a.j.p.h.s.HTTPSamplerBase: Existing CookieManager HTTP Cookie Manager superseded by HTTP Cookie Manager
2026-08-03 18:55:25,938 INFO o.a.j.t.JMeterThread: Thread is done: org.apache.jmeter.threads.JMeterThread@100c0119 - T05_ClickOnShowTaskPane_01P - click on show taskpane /api/beta/me/translateExchangeIds?n=64&cv=vHWyfbsM51acLkffDosbHY.72-1,620
2026-08-03 18:55:25,938 INFO o.a.j.t.JMeterThread: Thread finished: org.apache.jmeter.threads.JMeterThread@100c0119 - T05_ClickOnShowTaskPane_01P - click on show taskpane /api/beta/me/translateExchangeIds?n=64&cv=vHWyfbsM51acLkffDosbHY.72-1,620
2026-08-03 18:55:25,971 WARN o.a.j.p.h.s.HTTPSamplerBase: Existing CookieManager HTTP Cookie Manager superseded by HTTP Cookie Manager
2026-08-03 18:55:26,104 INFO o.a.j.t.JMeterThread: Thread is done: org.apache.jmeter.threads.JMeterThread@100c0119 - T05_ClickOnShowTaskPane_01P - click on show taskpane /addin/taskpane.html-1,610
2026-08-03 18:55:26,104 INFO o.a.j.t.JMeterThread: Thread finished: org.apache.jmeter.threads.JMeterThread@100c0119 - T05_ClickOnShowTaskPane_01P - click on show taskpane /addin/taskpane.html-1,610
2026-08-03 18:55:26,118 INFO o.a.j.t.JMeterThread: Thread is done: org.apache.jmeter.threads.JMeterThread@100c0119 - T05_ClickOnShowTaskPane_01P - click on show taskpane /addin/null/KMCSStatus/status/getstatus-1,623
2026-08-03 18:55:26,118 INFO o.a.j.t.JMeterThread: Thread finished: org.apache.jmeter.threads.JMeterThread@100c0119 - T05_ClickOnShowTaskPane_01P - click on show taskpane /addin/null/KMCSStatus/status/getstatus-1,623
2026-08-03 18:55:26,118 INFO o.a.j.t.JMeterThread: Thread is done: org.apache.jmeter.threads.JMeterThread@100c0119 - T05_ClickOnShowTaskPane_01P - click on show taskpane /addin/null/KMCSRest/main/user/KNOW-US-00000000000000000000000000000000/systemattributes-1,622
2026-08-03 18:55:26,118 INFO o.a.j.t.JMeterThread: Thread finished: org.apache.jmeter.threads.JMeterThread@100c0119 - T05_ClickOnShowTaskPane_01P - click on show taskpane /addin/null/KMCSRest/main/user/KNOW-US-00000000000000000000000000000000/systemattributes-1,622
2026-08-03 18:55:26,150 INFO o.a.j.t.JMeterThread: Thread started: parallel T05_ClickOnShowTaskPane_02P
2026-08-03 18:55:26,150 INFO o.a.j.t.JMeterThread: Thread started: parallel T05_ClickOnShowTaskPane_02P
2026-08-03 18:55:26,150 INFO o.a.j.t.JMeterThread: Thread started: parallel T05_ClickOnShowTaskPane_02P
2026-08-03 18:55:26,437 WARN o.a.j.p.h.s.HTTPSamplerBase: Existing CookieManager HTTP Cookie Manager superseded by HTTP Cookie Manager
2026-08-03 18:55:26,539 ERROR o.a.j.v.b.g.TextGraphiteMetricsSender: Error writing to Graphite: Connection refused: no further information
java.net.ConnectException: Connection refused: no further information
	at java.base/sun.nio.ch.Net.pollConnect(Native Method) ~[?:?]
	at java.base/sun.nio.ch.Net.pollConnectNow(Net.java:672) ~[?:?]
	at java.base/sun.nio.ch.NioSocketImpl.timedFinishConnect(NioSocketImpl.java:547) ~[?:?]
	at java.base/sun.nio.ch.NioSocketImpl.connect(NioSocketImpl.java:602) ~[?:?]
	at java.base/java.net.SocksSocketImpl.connect(SocksSocketImpl.java:327) ~[?:?]
	at java.base/java.net.Socket.connect(Socket.java:633) ~[?:?]
	at org.apache.jmeter.visualizers.backend.graphite.SocketOutputStreamPoolFactory.create(SocketOutputStreamPoolFactory.java:76) ~[ApacheJMeter_components.jar:5.6.3]
	at org.apache.jmeter.visualizers.backend.graphite.SocketOutputStreamPoolFactory.makeObject(SocketOutputStreamPoolFactory.java:47) ~[ApacheJMeter_components.jar:5.6.3]
	at org.apache.jmeter.visualizers.backend.graphite.SocketOutputStreamPoolFactory.makeObject(SocketOutputStreamPoolFactory.java:33) ~[ApacheJMeter_components.jar:5.6.3]
	at org.apache.commons.pool2.impl.GenericKeyedObjectPool.create(GenericKeyedObjectPool.java:796) ~[commons-pool2-2.12.0.jar:2.12.0]
	at org.apache.commons.pool2.impl.GenericKeyedObjectPool.borrowObject(GenericKeyedObjectPool.java:444) ~[commons-pool2-2.12.0.jar:2.12.0]
	at org.apache.commons.pool2.impl.GenericKeyedObjectPool.borrowObject(GenericKeyedObjectPool.java:355) ~[commons-pool2-2.12.0.jar:2.12.0]
	at org.apache.jmeter.visualizers.backend.graphite.TextGraphiteMetricsSender.writeMetrics(TextGraphiteMetricsSender.java:110) [ApacheJMeter_components.jar:5.6.3]
	at org.apache.jmeter.visualizers.backend.graphite.TextGraphiteMetricsSender.writeAndSendMetrics(TextGraphiteMetricsSender.java:104) [ApacheJMeter_components.jar:5.6.3]
	at org.apache.jmeter.visualizers.backend.graphite.GraphiteBackendListenerClient.sendMetrics(GraphiteBackendListenerClient.java:186) [ApacheJMeter_components.jar:5.6.3]
	at org.apache.jmeter.visualizers.backend.graphite.GraphiteBackendListenerClient.run(GraphiteBackendListenerClient.java:149) [ApacheJMeter_components.jar:5.6.3]
	at java.base/java.util.concurrent.Executors$RunnableAdapter.call(Executors.java:539) [?:?]
	at java.base/java.util.concurrent.FutureTask.runAndReset(FutureTask.java:305) [?:?]
	at java.base/java.util.concurrent.ScheduledThreadPoolExecutor$ScheduledFutureTask.run(ScheduledThreadPoolExecutor.java:305) [?:?]
	at java.base/java.util.concurrent.ThreadPoolExecutor.runWorker(ThreadPoolExecutor.java:1136) [?:?]
	at java.base/java.util.concurrent.ThreadPoolExecutor$Worker.run(ThreadPoolExecutor.java:635) [?:?]
	at java.base/java.lang.Thread.run(Thread.java:842) [?:?]
2026-08-03 18:55:26,682 WARN o.a.j.p.h.s.HTTPSamplerBase: Existing CookieManager HTTP Cookie Manager superseded by HTTP Cookie Manager
2026-08-03 18:55:26,922 INFO o.a.j.t.JMeterThread: Thread is done: org.apache.jmeter.threads.JMeterThread@100c0119 - T05_ClickOnShowTaskPane_02P - click on show taskpane /track/browser/errors-1,624
2026-08-03 18:55:26,922 INFO o.a.j.t.JMeterThread: Thread finished: org.apache.jmeter.threads.JMeterThread@100c0119 - T05_ClickOnShowTaskPane_02P - click on show taskpane /track/browser/errors-1,624
2026-08-03 18:55:26,922 INFO o.a.j.t.JMeterThread: Thread is done: org.apache.jmeter.threads.JMeterThread@100c0119 - T05_ClickOnShowTaskPane_02P - click on show taskpane /track/browser/perf/pageload-1,626
2026-08-03 18:55:26,922 INFO o.a.j.t.JMeterThread: Thread finished: org.apache.jmeter.threads.JMeterThread@100c0119 - T05_ClickOnShowTaskPane_02P - click on show taskpane /track/browser/perf/pageload-1,626
2026-08-03 18:55:26,922 INFO o.a.j.t.JMeterThread: Thread is done: org.apache.jmeter.threads.JMeterThread@100c0119 - T05_ClickOnShowTaskPane_02P - click on show taskpane /track/browser/errors-1,625
2026-08-03 18:55:26,934 INFO o.a.j.t.JMeterThread: Thread finished: org.apache.jmeter.threads.JMeterThread@100c0119 - T05_ClickOnShowTaskPane_02P - click on show taskpane /track/browser/errors-1,625
2026-08-03 18:55:26,966 INFO o.a.j.t.JMeterThread: Thread started: parallel T05_ClickOnShowTaskPane_03P
2026-08-03 18:55:26,966 INFO o.a.j.t.JMeterThread: Thread started: parallel T05_ClickOnShowTaskPane_03P
2026-08-03 18:55:26,966 INFO o.a.j.t.JMeterThread: Thread started: parallel T05_ClickOnShowTaskPane_03P
2026-08-03 18:55:26,966 INFO o.a.j.t.JMeterThread: Thread started: parallel T05_ClickOnShowTaskPane_03P
2026-08-03 18:55:27,203 INFO o.a.j.t.JMeterThread: Thread started: parallel T01_LaunchOutlook_02P
2026-08-03 18:55:27,203 INFO o.a.j.t.JMeterThread: Thread started: parallel T01_LaunchOutlook_02P
2026-08-03 18:55:27,403 INFO o.a.j.t.JMeterThread: Thread is done: org.apache.jmeter.threads.JMeterThread@100c0119 - T05_ClickOnShowTaskPane_03P - click on show taskpane /3969aad6-f7aa-424f-bad1-ef71d031df19/oauth2/v2.0/authorize-1,627
2026-08-03 18:55:27,403 INFO o.a.j.t.JMeterThread: Thread finished: org.apache.jmeter.threads.JMeterThread@100c0119 - T05_ClickOnShowTaskPane_03P - click on show taskpane /3969aad6-f7aa-424f-bad1-ef71d031df19/oauth2/v2.0/authorize-1,627
2026-08-03 18:55:27,419 INFO o.a.j.t.JMeterThread: Thread is done: org.apache.jmeter.threads.JMeterThread@3ef10f5b - T01_LaunchOutlook_02P - LaunchOutllok/shared/1.0/content/images/microsoft_logo_564db913a7fa0ca42727161c6d031bef.svg-59
2026-08-03 18:55:27,420 INFO o.a.j.t.JMeterThread: Thread finished: org.apache.jmeter.threads.JMeterThread@3ef10f5b - T01_LaunchOutlook_02P - LaunchOutllok/shared/1.0/content/images/microsoft_logo_564db913a7fa0ca42727161c6d031bef.svg-59
2026-08-03 18:55:27,420 INFO o.a.j.t.JMeterThread: Thread is done: org.apache.jmeter.threads.JMeterThread@3ef10f5b - T01_LaunchOutlook_02P - LaunchOutllok/shared/1.0/content/images/backgrounds/4_eae2dd7eb3a55636dc2d74f4fa4c386e.svg-58
2026-08-03 18:55:27,420 INFO o.a.j.t.JMeterThread: Thread finished: org.apache.jmeter.threads.JMeterThread@3ef10f5b - T01_LaunchOutlook_02P - LaunchOutllok/shared/1.0/content/images/backgrounds/4_eae2dd7eb3a55636dc2d74f4fa4c386e.svg-58
2026-08-03 18:55:27,454 INFO o.a.j.t.JMeterThread: Thread is done: org.apache.jmeter.threads.JMeterThread@100c0119 - T05_ClickOnShowTaskPane_03P - click on show taskpane /3969aad6-f7aa-424f-bad1-ef71d031df19/oauth2/v2.0/authorize-1,629
2026-08-03 18:55:27,454 INFO o.a.j.t.JMeterThread: Thread finished: org.apache.jmeter.threads.JMeterThread@100c0119 - T05_ClickOnShowTaskPane_03P - click on show taskpane /3969aad6-f7aa-424f-bad1-ef71d031df19/oauth2/v2.0/authorize-1,629
2026-08-03 18:55:27,503 INFO o.a.j.t.JMeterThread: Thread is done: org.apache.jmeter.threads.JMeterThread@100c0119 - T05_ClickOnShowTaskPane_03P - click on show taskpane /-1,632
2026-08-03 18:55:27,503 INFO o.a.j.t.JMeterThread: Thread finished: org.apache.jmeter.threads.JMeterThread@100c0119 - T05_ClickOnShowTaskPane_03P - click on show taskpane /-1,632
2026-08-03 18:55:27,503 INFO o.a.j.t.JMeterThread: Thread is done: org.apache.jmeter.threads.JMeterThread@100c0119 - T05_ClickOnShowTaskPane_03P - click on show taskpane /-1,628
2026-08-03 18:55:27,503 INFO o.a.j.t.JMeterThread: Thread finished: org.apache.jmeter.threads.JMeterThread@100c0119 - T05_ClickOnShowTaskPane_03P - click on show taskpane /-1,628
2026-08-03 18:55:27,551 ERROR o.a.j.v.b.g.TextGraphiteMetricsSender: Error writing to Graphite: Connection refused: no further information
java.net.ConnectException: Connection refused: no further information
	at java.base/sun.nio.ch.Net.pollConnect(Native Method) ~[?:?]
	at java.base/sun.nio.ch.Net.pollConnectNow(Net.java:672) ~[?:?]
	at java.base/sun.nio.ch.NioSocketImpl.timedFinishConnect(NioSocketImpl.java:547) ~[?:?]
	at java.base/sun.nio.ch.NioSocketImpl.connect(NioSocketImpl.java:602) ~[?:?]
	at java.base/java.net.SocksSocketImpl.connect(SocksSocketImpl.java:327) ~[?:?]
	at java.base/java.net.Socket.connect(Socket.java:633) ~[?:?]
	at org.apache.jmeter.visualizers.backend.graphite.SocketOutputStreamPoolFactory.create(SocketOutputStreamPoolFactory.java:76) ~[ApacheJMeter_components.jar:5.6.3]
	at org.apache.jmeter.visualizers.backend.graphite.SocketOutputStreamPoolFactory.makeObject(SocketOutputStreamPoolFactory.java:47) ~[ApacheJMeter_components.jar:5.6.3]
	at org.apache.jmeter.visualizers.backend.graphite.SocketOutputStreamPoolFactory.makeObject(SocketOutputStreamPoolFactory.java:33) ~[ApacheJMeter_components.jar:5.6.3]
	at org.apache.commons.pool2.impl.GenericKeyedObjectPool.create(GenericKeyedObjectPool.java:796) ~[commons-pool2-2.12.0.jar:2.12.0]
	at org.apache.commons.pool2.impl.GenericKeyedObjectPool.borrowObject(GenericKeyedObjectPool.java:444) ~[commons-pool2-2.12.0.jar:2.12.0]
	at org.apache.commons.pool2.impl.GenericKeyedObjectPool.borrowObject(GenericKeyedObjectPool.java:355) ~[commons-pool2-2.12.0.jar:2.12.0]
	at org.apache.jmeter.visualizers.backend.graphite.TextGraphiteMetricsSender.writeMetrics(TextGraphiteMetricsSender.java:110) [ApacheJMeter_components.jar:5.6.3]
	at org.apache.jmeter.visualizers.backend.graphite.TextGraphiteMetricsSender.writeAndSendMetrics(TextGraphiteMetricsSender.java:104) [ApacheJMeter_components.jar:5.6.3]
	at org.apache.jmeter.visualizers.backend.graphite.GraphiteBackendListenerClient.sendMetrics(GraphiteBackendListenerClient.java:186) [ApacheJMeter_components.jar:5.6.3]
	at org.apache.jmeter.visualizers.backend.graphite.GraphiteBackendListenerClient.run(GraphiteBackendListenerClient.java:149) [ApacheJMeter_components.jar:5.6.3]
	at java.base/java.util.concurrent.Executors$RunnableAdapter.call(Executors.java:539) [?:?]
	at java.base/java.util.concurrent.FutureTask.runAndReset(FutureTask.java:305) [?:?]
	at java.base/java.util.concurrent.ScheduledThreadPoolExecutor$ScheduledFutureTask.run(ScheduledThreadPoolExecutor.java:305) [?:?]
	at java.base/java.util.concurrent.ThreadPoolExecutor.runWorker(ThreadPoolExecutor.java:1136) [?:?]
	at java.base/java.util.concurrent.ThreadPoolExecutor$Worker.run(ThreadPoolExecutor.java:635) [?:?]
	at java.base/java.lang.Thread.run(Thread.java:842) [?:?]
2026-08-03 18:55:27,647 WARN o.a.j.p.h.s.HTTPSamplerBase: Existing CookieManager HTTP Cookie Manager superseded by HTTP Cookie Manager
2026-08-03 18:55:27,870 INFO o.a.j.t.JMeterThread: Thread started: parallel T05_ClickOnShowTaskPane_05P
2026-08-03 18:55:27,870 INFO o.a.j.t.JMeterThread: Thread started: parallel T05_ClickOnShowTaskPane_05P
2026-08-03 18:55:27,870 INFO o.a.j.t.JMeterThread: Thread started: parallel T05_ClickOnShowTaskPane_05P
2026-08-03 18:55:27,870 INFO o.a.j.t.JMeterThread: Thread started: parallel T05_ClickOnShowTaskPane_05P
2026-08-03 18:55:27,870 INFO o.a.j.t.JMeterThread: Thread started: parallel T05_ClickOnShowTaskPane_05P
2026-08-03 18:55:27,870 INFO o.a.j.t.JMeterThread: Thread started: parallel T05_ClickOnShowTaskPane_05P
2026-08-03 18:55:27,870 INFO o.a.j.t.JMeterThread: Thread started: parallel T05_ClickOnShowTaskPane_05P
2026-08-03 18:55:27,870 INFO o.a.j.t.JMeterThread: Thread started: parallel T05_ClickOnShowTaskPane_05P
2026-08-03 18:55:28,219 INFO o.a.j.r.Summariser: summary +     21 in 00:00:06 =    3.5/s Avg:   676 Min:    52 Max:  2208 Err:     1 (4.76%) Active: 3 Started: 1049 Finished: 1046
2026-08-03 18:55:28,219 INFO o.a.j.r.Summariser: summary =    218 in 00:00:46 =    4.8/s Avg:   481 Min:    16 Max:  5121 Err:     1 (0.46%)
2026-08-03 18:55:28,330 WARN o.a.j.p.h.s.HTTPSamplerBase: Existing CookieManager HTTP Cookie Manager superseded by HTTP Cookie Manager
2026-08-03 18:55:28,346 INFO o.a.j.t.JMeterThread: Thread is done: org.apache.jmeter.threads.JMeterThread@100c0119 - T05_ClickOnShowTaskPane_05P - click on show taskpane /v1.0/me/messages-1,648
2026-08-03 18:55:28,346 INFO o.a.j.t.JMeterThread: Thread finished: org.apache.jmeter.threads.JMeterThread@100c0119 - T05_ClickOnShowTaskPane_05P - click on show taskpane /v1.0/me/messages-1,648
2026-08-03 18:55:28,402 INFO o.a.j.t.JMeterThread: Thread is done: org.apache.jmeter.threads.JMeterThread@100c0119 - T05_ClickOnShowTaskPane_05P - click on show taskpane /addin/null/KMCSStatus/status/getstatus-1,642
2026-08-03 18:55:28,402 INFO o.a.j.t.JMeterThread: Thread finished: org.apache.jmeter.threads.JMeterThread@100c0119 - T05_ClickOnShowTaskPane_05P - click on show taskpane /addin/null/KMCSStatus/status/getstatus-1,642
2026-08-03 18:55:28,407 INFO o.a.j.t.JMeterThread: Thread is done: org.apache.jmeter.threads.JMeterThread@100c0119 - T05_ClickOnShowTaskPane_05P - click on show taskpane /addin/null/KMCSRest/main/user/KNOW-US-00000000000000000000000000000000/containers/GMEP-CF-450C092235845819E0630100007FEABC-1,640
2026-08-03 18:55:28,407 INFO o.a.j.t.JMeterThread: Thread finished: org.apache.jmeter.threads.JMeterThread@100c0119 - T05_ClickOnShowTaskPane_05P - click on show taskpane /addin/null/KMCSRest/main/user/KNOW-US-00000000000000000000000000000000/containers/GMEP-CF-450C092235845819E0630100007FEABC-1,640
2026-08-03 18:55:28,481 INFO o.a.j.t.JMeterThread: Thread is done: org.apache.jmeter.threads.JMeterThread@100c0119 - T05_ClickOnShowTaskPane_05P - click on show taskpane /addin/null/KMCSRest/main/user/KNOW-US-00000000000000000000000000000000/containers/GMEP-CF-450C0922358C5819E0630100007FEABC-1,644
2026-08-03 18:55:28,481 INFO o.a.j.t.JMeterThread: Thread is done: org.apache.jmeter.threads.JMeterThread@100c0119 - T05_ClickOnShowTaskPane_05P - click on show taskpane /addin/null/KMCSRest/main/user/KNOW-US-00000000000000000000000000000000/containers/GMEP-CF-450C0922358C5819E0630100007FEABC-1,641
2026-08-03 18:55:28,481 INFO o.a.j.t.JMeterThread: Thread finished: org.apache.jmeter.threads.JMeterThread@100c0119 - T05_ClickOnShowTaskPane_05P - click on show taskpane /addin/null/KMCSRest/main/user/KNOW-US-00000000000000000000000000000000/containers/GMEP-CF-450C0922358C5819E0630100007FEABC-1,644
2026-08-03 18:55:28,481 INFO o.a.j.t.JMeterThread: Thread finished: org.apache.jmeter.threads.JMeterThread@100c0119 - T05_ClickOnShowTaskPane_05P - click on show taskpane /addin/null/KMCSRest/main/user/KNOW-US-00000000000000000000000000000000/containers/GMEP-CF-450C0922358C5819E0630100007FEABC-1,641
2026-08-03 18:55:28,486 INFO o.a.j.t.JMeterThread: Thread is done: org.apache.jmeter.threads.JMeterThread@100c0119 - T05_ClickOnShowTaskPane_05P - click on show taskpane /addin/null/KMCSRest/main/user/KNOW-US-00000000000000000000000000000000/containers/GMEP-CF-450C092235845819E0630100007FEABC-1,650
2026-08-03 18:55:28,486 INFO o.a.j.t.JMeterThread: Thread is done: org.apache.jmeter.threads.JMeterThread@100c0119 - T05_ClickOnShowTaskPane_05P - click on show taskpane /addin/null/KMCSRest/main/user/KNOW-US-00000000000000000000000000000000/containers/GMEP-CF-450C092235845819E0630100007FEABC-1,645
2026-08-03 18:55:28,486 INFO o.a.j.t.JMeterThread: Thread finished: org.apache.jmeter.threads.JMeterThread@100c0119 - T05_ClickOnShowTaskPane_05P - click on show taskpane /addin/null/KMCSRest/main/user/KNOW-US-00000000000000000000000000000000/containers/GMEP-CF-450C092235845819E0630100007FEABC-1,650
2026-08-03 18:55:28,486 INFO o.a.j.t.JMeterThread: Thread finished: org.apache.jmeter.threads.JMeterThread@100c0119 - T05_ClickOnShowTaskPane_05P - click on show taskpane /addin/null/KMCSRest/main/user/KNOW-US-00000000000000000000000000000000/containers/GMEP-CF-450C092235845819E0630100007FEABC-1,645
2026-08-03 18:55:28,504 INFO o.a.j.t.JMeterThread: Thread is done: org.apache.jmeter.threads.JMeterThread@100c0119 - T05_ClickOnShowTaskPane_05P - click on show taskpane /addin/null/KMCSRest/main/user/KNOW-US-00000000000000000000000000000000/containers/GMEP-CF-450C0922358C5819E0630100007FEABC-1,651
2026-08-03 18:55:28,506 INFO o.a.j.t.JMeterThread: Thread finished: org.apache.jmeter.threads.JMeterThread@100c0119 - T05_ClickOnShowTaskPane_05P - click on show taskpane /addin/null/KMCSRest/main/user/KNOW-US-00000000000000000000000000000000/containers/GMEP-CF-450C0922358C5819E0630100007FEABC-1,651
2026-08-03 18:55:28,544 ERROR o.a.j.v.b.g.TextGraphiteMetricsSender: Error writing to Graphite: Connection refused: no further information
java.net.ConnectException: Connection refused: no further information
	at java.base/sun.nio.ch.Net.pollConnect(Native Method) ~[?:?]
	at java.base/sun.nio.ch.Net.pollConnectNow(Net.java:672) ~[?:?]
	at java.base/sun.nio.ch.NioSocketImpl.timedFinishConnect(NioSocketImpl.java:547) ~[?:?]
	at java.base/sun.nio.ch.NioSocketImpl.connect(NioSocketImpl.java:602) ~[?:?]
	at java.base/java.net.SocksSocketImpl.connect(SocksSocketImpl.java:327) ~[?:?]
	at java.base/java.net.Socket.connect(Socket.java:633) ~[?:?]
	at org.apache.jmeter.visualizers.backend.graphite.SocketOutputStreamPoolFactory.create(SocketOutputStreamPoolFactory.java:76) ~[ApacheJMeter_components.jar:5.6.3]
	at org.apache.jmeter.visualizers.backend.graphite.SocketOutputStreamPoolFactory.makeObject(SocketOutputStreamPoolFactory.java:47) ~[ApacheJMeter_components.jar:5.6.3]
	at org.apache.jmeter.visualizers.backend.graphite.SocketOutputStreamPoolFactory.makeObject(SocketOutputStreamPoolFactory.java:33) ~[ApacheJMeter_components.jar:5.6.3]
	at org.apache.commons.pool2.impl.GenericKeyedObjectPool.create(GenericKeyedObjectPool.java:796) ~[commons-pool2-2.12.0.jar:2.12.0]
	at org.apache.commons.pool2.impl.GenericKeyedObjectPool.borrowObject(GenericKeyedObjectPool.java:444) ~[commons-pool2-2.12.0.jar:2.12.0]
	at org.apache.commons.pool2.impl.GenericKeyedObjectPool.borrowObject(GenericKeyedObjectPool.java:355) ~[commons-pool2-2.12.0.jar:2.12.0]
	at org.apache.jmeter.visualizers.backend.graphite.TextGraphiteMetricsSender.writeMetrics(TextGraphiteMetricsSender.java:110) [ApacheJMeter_components.jar:5.6.3]
	at org.apache.jmeter.visualizers.backend.graphite.TextGraphiteMetricsSender.writeAndSendMetrics(TextGraphiteMetricsSender.java:104) [ApacheJMeter_components.jar:5.6.3]
	at org.apache.jmeter.visualizers.backend.graphite.GraphiteBackendListenerClient.sendMetrics(GraphiteBackendListenerClient.java:186) [ApacheJMeter_components.jar:5.6.3]
	at org.apache.jmeter.visualizers.backend.graphite.GraphiteBackendListenerClient.run(GraphiteBackendListenerClient.java:149) [ApacheJMeter_components.jar:5.6.3]
	at java.base/java.util.concurrent.Executors$RunnableAdapter.call(Executors.java:539) [?:?]
	at java.base/java.util.concurrent.FutureTask.runAndReset(FutureTask.java:305) [?:?]
	at java.base/java.util.concurrent.ScheduledThreadPoolExecutor$ScheduledFutureTask.run(ScheduledThreadPoolExecutor.java:305) [?:?]
	at java.base/java.util.concurrent.ThreadPoolExecutor.runWorker(ThreadPoolExecutor.java:1136) [?:?]
	at java.base/java.util.concurrent.ThreadPoolExecutor$Worker.run(ThreadPoolExecutor.java:635) [?:?]
	at java.base/java.lang.Thread.run(Thread.java:842) [?:?]
2026-08-03 18:55:28,569 INFO o.a.j.t.JMeterThread: Thread started: parallel T06_SignIN_KM_Atatus_01P
2026-08-03 18:55:28,569 INFO o.a.j.t.JMeterThread: Thread started: parallel T06_SignIN_KM_Atatus_01P
2026-08-03 18:55:28,569 INFO o.a.j.t.JMeterThread: Thread started: parallel T06_SignIN_KM_Atatus_01P
2026-08-03 18:55:28,569 INFO o.a.j.t.JMeterThread: Thread started: parallel T06_SignIN_KM_Atatus_01P
2026-08-03 18:55:28,569 INFO o.a.j.t.JMeterThread: Thread started: parallel T06_SignIN_KM_Atatus_01P
2026-08-03 18:55:28,569 INFO o.a.j.t.JMeterThread: Thread started: parallel T06_SignIN_KM_Atatus_01P
2026-08-03 18:55:28,669 WARN o.a.j.p.h.s.HTTPSamplerBase: Existing CookieManager HTTP Cookie Manager superseded by HTTP Cookie Manager
2026-08-03 18:55:29,035 WARN o.a.j.p.h.s.HTTPSamplerBase: Existing CookieManager HTTP Cookie Manager superseded by HTTP Cookie Manager
2026-08-03 18:55:29,077 WARN o.a.j.p.h.s.HTTPSamplerBase: Existing CookieManager HTTP Cookie Manager superseded by HTTP Cookie Manager
2026-08-03 18:55:29,354 INFO o.a.j.t.JMeterThread: Thread is done: org.apache.jmeter.threads.JMeterThread@100c0119 - T06_SignIN_KM_Atatus_01P - SignIN KM /track/browser/perf/ajax?apikey=f6ba2f2442904e1488cf8e621e86ebfb&v=4.7.0-spa-1,666
2026-08-03 18:55:29,354 INFO o.a.j.t.JMeterThread: Thread is done: org.apache.jmeter.threads.JMeterThread@100c0119 - T06_SignIN_KM_Atatus_01P - SignIN KM /track/browser/perf/ajax?apikey=f6ba2f2442904e1488cf8e621e86ebfb&v=4.7.0-spa-1,670
2026-08-03 18:55:29,354 INFO o.a.j.t.JMeterThread: Thread finished: org.apache.jmeter.threads.JMeterThread@100c0119 - T06_SignIN_KM_Atatus_01P - SignIN KM /track/browser/perf/ajax?apikey=f6ba2f2442904e1488cf8e621e86ebfb&v=4.7.0-spa-1,666
2026-08-03 18:55:29,354 INFO o.a.j.t.JMeterThread: Thread finished: org.apache.jmeter.threads.JMeterThread@100c0119 - T06_SignIN_KM_Atatus_01P - SignIN KM /track/browser/perf/ajax?apikey=f6ba2f2442904e1488cf8e621e86ebfb&v=4.7.0-spa-1,670
2026-08-03 18:55:29,370 INFO o.a.j.t.JMeterThread: Thread is done: org.apache.jmeter.threads.JMeterThread@100c0119 - T06_SignIN_KM_Atatus_01P - SignIN KM /track/browser/perf/ajax?apikey=f6ba2f2442904e1488cf8e621e86ebfb&v=4.7.0-spa-1,671
2026-08-03 18:55:29,370 INFO o.a.j.t.JMeterThread: Thread finished: org.apache.jmeter.threads.JMeterThread@100c0119 - T06_SignIN_KM_Atatus_01P - SignIN KM /track/browser/perf/ajax?apikey=f6ba2f2442904e1488cf8e621e86ebfb&v=4.7.0-spa-1,671
2026-08-03 18:55:29,380 INFO o.a.j.t.JMeterThread: Thread is done: org.apache.jmeter.threads.JMeterThread@100c0119 - T06_SignIN_KM_Atatus_01P - SignIN KM /track/browser/perf/ajax?apikey=f6ba2f2442904e1488cf8e621e86ebfb&v=4.7.0-spa-1,669
2026-08-03 18:55:29,380 INFO o.a.j.t.JMeterThread: Thread is done: org.apache.jmeter.threads.JMeterThread@100c0119 - T06_SignIN_KM_Atatus_01P - SignIN KM /track/browser/perf/ajax?apikey=f6ba2f2442904e1488cf8e621e86ebfb&v=4.7.0-spa-1,667
2026-08-03 18:55:29,380 INFO o.a.j.t.JMeterThread: Thread finished: org.apache.jmeter.threads.JMeterThread@100c0119 - T06_SignIN_KM_Atatus_01P - SignIN KM /track/browser/perf/ajax?apikey=f6ba2f2442904e1488cf8e621e86ebfb&v=4.7.0-spa-1,669
2026-08-03 18:55:29,380 INFO o.a.j.t.JMeterThread: Thread is done: org.apache.jmeter.threads.JMeterThread@100c0119 - T06_SignIN_KM_Atatus_01P - SignIN KM /track/browser/perf/ajax?apikey=f6ba2f2442904e1488cf8e621e86ebfb&v=4.7.0-spa-1,668
2026-08-03 18:55:29,380 INFO o.a.j.t.JMeterThread: Thread finished: org.apache.jmeter.threads.JMeterThread@100c0119 - T06_SignIN_KM_Atatus_01P - SignIN KM /track/browser/perf/ajax?apikey=f6ba2f2442904e1488cf8e621e86ebfb&v=4.7.0-spa-1,667
2026-08-03 18:55:29,380 INFO o.a.j.t.JMeterThread: Thread finished: org.apache.jmeter.threads.JMeterThread@100c0119 - T06_SignIN_KM_Atatus_01P - SignIN KM /track/browser/perf/ajax?apikey=f6ba2f2442904e1488cf8e621e86ebfb&v=4.7.0-spa-1,668
2026-08-03 18:55:29,402 WARN o.a.j.p.h.s.HTTPSamplerBase: Existing CookieManager HTTP Cookie Manager superseded by HTTP Cookie Manager
2026-08-03 18:55:29,402 WARN o.a.j.p.h.s.HTTPSamplerBase: Existing CookieManager HTTP Cookie Manager superseded by HTTP Cookie Manager
2026-08-03 18:55:29,534 ERROR o.a.j.v.b.g.TextGraphiteMetricsSender: Error writing to Graphite: Connection refused: no further information
java.net.ConnectException: Connection refused: no further information
	at java.base/sun.nio.ch.Net.pollConnect(Native Method) ~[?:?]
	at java.base/sun.nio.ch.Net.pollConnectNow(Net.java:672) ~[?:?]
	at java.base/sun.nio.ch.NioSocketImpl.timedFinishConnect(NioSocketImpl.java:547) ~[?:?]
	at java.base/sun.nio.ch.NioSocketImpl.connect(NioSocketImpl.java:602) ~[?:?]
	at java.base/java.net.SocksSocketImpl.connect(SocksSocketImpl.java:327) ~[?:?]
	at java.base/java.net.Socket.connect(Socket.java:633) ~[?:?]
	at org.apache.jmeter.visualizers.backend.graphite.SocketOutputStreamPoolFactory.create(SocketOutputStreamPoolFactory.java:76) ~[ApacheJMeter_components.jar:5.6.3]
	at org.apache.jmeter.visualizers.backend.graphite.SocketOutputStreamPoolFactory.makeObject(SocketOutputStreamPoolFactory.java:47) ~[ApacheJMeter_components.jar:5.6.3]
	at org.apache.jmeter.visualizers.backend.graphite.SocketOutputStreamPoolFactory.makeObject(SocketOutputStreamPoolFactory.java:33) ~[ApacheJMeter_components.jar:5.6.3]
	at org.apache.commons.pool2.impl.GenericKeyedObjectPool.create(GenericKeyedObjectPool.java:796) ~[commons-pool2-2.12.0.jar:2.12.0]
	at org.apache.commons.pool2.impl.GenericKeyedObjectPool.borrowObject(GenericKeyedObjectPool.java:444) ~[commons-pool2-2.12.0.jar:2.12.0]
	at org.apache.commons.pool2.impl.GenericKeyedObjectPool.borrowObject(GenericKeyedObjectPool.java:355) ~[commons-pool2-2.12.0.jar:2.12.0]
	at org.apache.jmeter.visualizers.backend.graphite.TextGraphiteMetricsSender.writeMetrics(TextGraphiteMetricsSender.java:110) [ApacheJMeter_components.jar:5.6.3]
	at org.apache.jmeter.visualizers.backend.graphite.TextGraphiteMetricsSender.writeAndSendMetrics(TextGraphiteMetricsSender.java:104) [ApacheJMeter_components.jar:5.6.3]
	at org.apache.jmeter.visualizers.backend.graphite.GraphiteBackendListenerClient.sendMetrics(GraphiteBackendListenerClient.java:186) [ApacheJMeter_components.jar:5.6.3]
	at org.apache.jmeter.visualizers.backend.graphite.GraphiteBackendListenerClient.run(GraphiteBackendListenerClient.java:149) [ApacheJMeter_components.jar:5.6.3]
	at java.base/java.util.concurrent.Executors$RunnableAdapter.call(Executors.java:539) [?:?]
	at java.base/java.util.concurrent.FutureTask.runAndReset(FutureTask.java:305) [?:?]
	at java.base/java.util.concurrent.ScheduledThreadPoolExecutor$ScheduledFutureTask.run(ScheduledThreadPoolExecutor.java:305) [?:?]
	at java.base/java.util.concurrent.ThreadPoolExecutor.runWorker(ThreadPoolExecutor.java:1136) [?:?]
	at java.base/java.util.concurrent.ThreadPoolExecutor$Worker.run(ThreadPoolExecutor.java:635) [?:?]
	at java.base/java.lang.Thread.run(Thread.java:842) [?:?]
2026-08-03 18:55:29,611 WARN o.a.j.p.h.s.HTTPSamplerBase: Existing CookieManager HTTP Cookie Manager superseded by HTTP Cookie Manager
2026-08-03 18:55:30,176 INFO o.a.j.t.JMeterThread: Thread started: parallel T01_LaunchOutlook_02P
2026-08-03 18:55:30,176 INFO o.a.j.t.JMeterThread: Thread started: parallel T01_LaunchOutlook_02P
2026-08-03 18:55:30,351 INFO o.a.j.t.JMeterThread: Thread is done: org.apache.jmeter.threads.JMeterThread@379a352a - T01_LaunchOutlook_02P - LaunchOutllok/shared/1.0/content/images/backgrounds/4_eae2dd7eb3a55636dc2d74f4fa4c386e.svg-58
2026-08-03 18:55:30,351 INFO o.a.j.t.JMeterThread: Thread finished: org.apache.jmeter.threads.JMeterThread@379a352a - T01_LaunchOutlook_02P - LaunchOutllok/shared/1.0/content/images/backgrounds/4_eae2dd7eb3a55636dc2d74f4fa4c386e.svg-58
2026-08-03 18:55:30,359 INFO o.a.j.t.JMeterThread: Thread is done: org.apache.jmeter.threads.JMeterThread@379a352a - T01_LaunchOutlook_02P - LaunchOutllok/shared/1.0/content/images/microsoft_logo_564db913a7fa0ca42727161c6d031bef.svg-59
2026-08-03 18:55:30,359 INFO o.a.j.t.JMeterThread: Thread finished: org.apache.jmeter.threads.JMeterThread@379a352a - T01_LaunchOutlook_02P - LaunchOutllok/shared/1.0/content/images/microsoft_logo_564db913a7fa0ca42727161c6d031bef.svg-59
2026-08-03 18:55:30,536 ERROR o.a.j.v.b.g.TextGraphiteMetricsSender: Error writing to Graphite: Connection refused: no further information
java.net.ConnectException: Connection refused: no further information
	at java.base/sun.nio.ch.Net.pollConnect(Native Method) ~[?:?]
	at java.base/sun.nio.ch.Net.pollConnectNow(Net.java:672) ~[?:?]
	at java.base/sun.nio.ch.NioSocketImpl.timedFinishConnect(NioSocketImpl.java:547) ~[?:?]
	at java.base/sun.nio.ch.NioSocketImpl.connect(NioSocketImpl.java:602) ~[?:?]
	at java.base/java.net.SocksSocketImpl.connect(SocksSocketImpl.java:327) ~[?:?]
	at java.base/java.net.Socket.connect(Socket.java:633) ~[?:?]
	at org.apache.jmeter.visualizers.backend.graphite.SocketOutputStreamPoolFactory.create(SocketOutputStreamPoolFactory.java:76) ~[ApacheJMeter_components.jar:5.6.3]
	at org.apache.jmeter.visualizers.backend.graphite.SocketOutputStreamPoolFactory.makeObject(SocketOutputStreamPoolFactory.java:47) ~[ApacheJMeter_components.jar:5.6.3]
	at org.apache.jmeter.visualizers.backend.graphite.SocketOutputStreamPoolFactory.makeObject(SocketOutputStreamPoolFactory.java:33) ~[ApacheJMeter_components.jar:5.6.3]
	at org.apache.commons.pool2.impl.GenericKeyedObjectPool.create(GenericKeyedObjectPool.java:796) ~[commons-pool2-2.12.0.jar:2.12.0]
	at org.apache.commons.pool2.impl.GenericKeyedObjectPool.borrowObject(GenericKeyedObjectPool.java:444) ~[commons-pool2-2.12.0.jar:2.12.0]
	at org.apache.commons.pool2.impl.GenericKeyedObjectPool.borrowObject(GenericKeyedObjectPool.java:355) ~[commons-pool2-2.12.0.jar:2.12.0]
	at org.apache.jmeter.visualizers.backend.graphite.TextGraphiteMetricsSender.writeMetrics(TextGraphiteMetricsSender.java:110) [ApacheJMeter_components.jar:5.6.3]
	at org.apache.jmeter.visualizers.backend.graphite.TextGraphiteMetricsSender.writeAndSendMetrics(TextGraphiteMetricsSender.java:104) [ApacheJMeter_components.jar:5.6.3]
	at org.apache.jmeter.visualizers.backend.graphite.GraphiteBackendListenerClient.sendMetrics(GraphiteBackendListenerClient.java:186) [ApacheJMeter_components.jar:5.6.3]
	at org.apache.jmeter.visualizers.backend.graphite.GraphiteBackendListenerClient.run(GraphiteBackendListenerClient.java:149) [ApacheJMeter_components.jar:5.6.3]
	at java.base/java.util.concurrent.Executors$RunnableAdapter.call(Executors.java:539) [?:?]
	at java.base/java.util.concurrent.FutureTask.runAndReset(FutureTask.java:305) [?:?]
	at java.base/java.util.concurrent.ScheduledThreadPoolExecutor$ScheduledFutureTask.run(ScheduledThreadPoolExecutor.java:305) [?:?]
	at java.base/java.util.concurrent.ThreadPoolExecutor.runWorker(ThreadPoolExecutor.java:1136) [?:?]
	at java.base/java.util.concurrent.ThreadPoolExecutor$Worker.run(ThreadPoolExecutor.java:635) [?:?]
	at java.base/java.lang.Thread.run(Thread.java:842) [?:?]
2026-08-03 18:55:30,567 WARN o.a.j.p.h.s.HTTPSamplerBase: Existing CookieManager HTTP Cookie Manager superseded by HTTP Cookie Manager
2026-08-03 18:55:31,387 WARN o.a.j.p.h.s.HTTPSamplerBase: Existing CookieManager HTTP Cookie Manager superseded by HTTP Cookie Manager
2026-08-03 18:55:31,526 ERROR o.a.j.v.b.g.TextGraphiteMetricsSender: Error writing to Graphite: Connection refused: no further information
java.net.ConnectException: Connection refused: no further information
	at java.base/sun.nio.ch.Net.pollConnect(Native Method) ~[?:?]
	at java.base/sun.nio.ch.Net.pollConnectNow(Net.java:672) ~[?:?]
	at java.base/sun.nio.ch.NioSocketImpl.timedFinishConnect(NioSocketImpl.java:547) ~[?:?]
	at java.base/sun.nio.ch.NioSocketImpl.connect(NioSocketImpl.java:602) ~[?:?]
	at java.base/java.net.SocksSocketImpl.connect(SocksSocketImpl.java:327) ~[?:?]
	at java.base/java.net.Socket.connect(Socket.java:633) ~[?:?]
	at org.apache.jmeter.visualizers.backend.graphite.SocketOutputStreamPoolFactory.create(SocketOutputStreamPoolFactory.java:76) ~[ApacheJMeter_components.jar:5.6.3]
	at org.apache.jmeter.visualizers.backend.graphite.SocketOutputStreamPoolFactory.makeObject(SocketOutputStreamPoolFactory.java:47) ~[ApacheJMeter_components.jar:5.6.3]
	at org.apache.jmeter.visualizers.backend.graphite.SocketOutputStreamPoolFactory.makeObject(SocketOutputStreamPoolFactory.java:33) ~[ApacheJMeter_components.jar:5.6.3]
	at org.apache.commons.pool2.impl.GenericKeyedObjectPool.create(GenericKeyedObjectPool.java:796) ~[commons-pool2-2.12.0.jar:2.12.0]
	at org.apache.commons.pool2.impl.GenericKeyedObjectPool.borrowObject(GenericKeyedObjectPool.java:444) ~[commons-pool2-2.12.0.jar:2.12.0]
	at org.apache.commons.pool2.impl.GenericKeyedObjectPool.borrowObject(GenericKeyedObjectPool.java:355) ~[commons-pool2-2.12.0.jar:2.12.0]
	at org.apache.jmeter.visualizers.backend.graphite.TextGraphiteMetricsSender.writeMetrics(TextGraphiteMetricsSender.java:110) [ApacheJMeter_components.jar:5.6.3]
	at org.apache.jmeter.visualizers.backend.graphite.TextGraphiteMetricsSender.writeAndSendMetrics(TextGraphiteMetricsSender.java:104) [ApacheJMeter_components.jar:5.6.3]
	at org.apache.jmeter.visualizers.backend.graphite.GraphiteBackendListenerClient.sendMetrics(GraphiteBackendListenerClient.java:186) [ApacheJMeter_components.jar:5.6.3]
	at org.apache.jmeter.visualizers.backend.graphite.GraphiteBackendListenerClient.run(GraphiteBackendListenerClient.java:149) [ApacheJMeter_components.jar:5.6.3]
	at java.base/java.util.concurrent.Executors$RunnableAdapter.call(Executors.java:539) [?:?]
	at java.base/java.util.concurrent.FutureTask.runAndReset(FutureTask.java:305) [?:?]
	at java.base/java.util.concurrent.ScheduledThreadPoolExecutor$ScheduledFutureTask.run(ScheduledThreadPoolExecutor.java:305) [?:?]
	at java.base/java.util.concurrent.ThreadPoolExecutor.runWorker(ThreadPoolExecutor.java:1136) [?:?]
	at java.base/java.util.concurrent.ThreadPoolExecutor$Worker.run(ThreadPoolExecutor.java:635) [?:?]
	at java.base/java.lang.Thread.run(Thread.java:842) [?:?]
2026-08-03 18:55:31,827 WARN o.a.j.p.h.s.HTTPSamplerBase: Existing CookieManager HTTP Cookie Manager superseded by HTTP Cookie Manager
2026-08-03 18:55:32,143 WARN o.a.j.p.h.s.HTTPSamplerBase: Existing CookieManager HTTP Cookie Manager superseded by HTTP Cookie Manager
2026-08-03 18:55:32,180 WARN o.a.j.p.h.s.HTTPSamplerBase: Existing CookieManager HTTP Cookie Manager superseded by HTTP Cookie Manager
2026-08-03 18:55:32,489 WARN o.a.j.p.h.s.HTTPSamplerBase: Existing CookieManager HTTP Cookie Manager superseded by HTTP Cookie Manager
2026-08-03 18:55:32,513 WARN o.a.j.p.h.s.HTTPSamplerBase: Existing CookieManager HTTP Cookie Manager superseded by HTTP Cookie Manager
2026-08-03 18:55:32,543 ERROR o.a.j.v.b.g.TextGraphiteMetricsSender: Error writing to Graphite: Connection refused: no further information
java.net.ConnectException: Connection refused: no further information
	at java.base/sun.nio.ch.Net.pollConnect(Native Method) ~[?:?]
	at java.base/sun.nio.ch.Net.pollConnectNow(Net.java:672) ~[?:?]
	at java.base/sun.nio.ch.NioSocketImpl.timedFinishConnect(NioSocketImpl.java:547) ~[?:?]
	at java.base/sun.nio.ch.NioSocketImpl.connect(NioSocketImpl.java:602) ~[?:?]
	at java.base/java.net.SocksSocketImpl.connect(SocksSocketImpl.java:327) ~[?:?]
	at java.base/java.net.Socket.connect(Socket.java:633) ~[?:?]
	at org.apache.jmeter.visualizers.backend.graphite.SocketOutputStreamPoolFactory.create(SocketOutputStreamPoolFactory.java:76) ~[ApacheJMeter_components.jar:5.6.3]
	at org.apache.jmeter.visualizers.backend.graphite.SocketOutputStreamPoolFactory.makeObject(SocketOutputStreamPoolFactory.java:47) ~[ApacheJMeter_components.jar:5.6.3]
	at org.apache.jmeter.visualizers.backend.graphite.SocketOutputStreamPoolFactory.makeObject(SocketOutputStreamPoolFactory.java:33) ~[ApacheJMeter_components.jar:5.6.3]
	at org.apache.commons.pool2.impl.GenericKeyedObjectPool.create(GenericKeyedObjectPool.java:796) ~[commons-pool2-2.12.0.jar:2.12.0]
	at org.apache.commons.pool2.impl.GenericKeyedObjectPool.borrowObject(GenericKeyedObjectPool.java:444) ~[commons-pool2-2.12.0.jar:2.12.0]
	at org.apache.commons.pool2.impl.GenericKeyedObjectPool.borrowObject(GenericKeyedObjectPool.java:355) ~[commons-pool2-2.12.0.jar:2.12.0]
	at org.apache.jmeter.visualizers.backend.graphite.TextGraphiteMetricsSender.writeMetrics(TextGraphiteMetricsSender.java:110) [ApacheJMeter_components.jar:5.6.3]
	at org.apache.jmeter.visualizers.backend.graphite.TextGraphiteMetricsSender.writeAndSendMetrics(TextGraphiteMetricsSender.java:104) [ApacheJMeter_components.jar:5.6.3]
	at org.apache.jmeter.visualizers.backend.graphite.GraphiteBackendListenerClient.sendMetrics(GraphiteBackendListenerClient.java:186) [ApacheJMeter_components.jar:5.6.3]
	at org.apache.jmeter.visualizers.backend.graphite.GraphiteBackendListenerClient.run(GraphiteBackendListenerClient.java:149) [ApacheJMeter_components.jar:5.6.3]
	at java.base/java.util.concurrent.Executors$RunnableAdapter.call(Executors.java:539) [?:?]
	at java.base/java.util.concurrent.FutureTask.runAndReset(FutureTask.java:305) [?:?]
	at java.base/java.util.concurrent.ScheduledThreadPoolExecutor$ScheduledFutureTask.run(ScheduledThreadPoolExecutor.java:305) [?:?]
	at java.base/java.util.concurrent.ThreadPoolExecutor.runWorker(ThreadPoolExecutor.java:1136) [?:?]
	at java.base/java.util.concurrent.ThreadPoolExecutor$Worker.run(ThreadPoolExecutor.java:635) [?:?]
	at java.base/java.lang.Thread.run(Thread.java:842) [?:?]
2026-08-03 18:55:32,724 WARN o.a.j.p.h.s.HTTPSamplerBase: Existing CookieManager HTTP Cookie Manager superseded by HTTP Cookie Manager
2026-08-03 18:55:33,256 INFO o.a.j.t.JMeterThread: Thread started: parallel T01_LaunchOutlook_02P
2026-08-03 18:55:33,256 INFO o.a.j.t.JMeterThread: Thread started: parallel T01_LaunchOutlook_02P
2026-08-03 18:55:33,424 INFO o.a.j.t.JMeterThread: Thread is done: org.apache.jmeter.threads.JMeterThread@100c0119 - T01_LaunchOutlook_02P - LaunchOutllok/shared/1.0/content/images/microsoft_logo_564db913a7fa0ca42727161c6d031bef.svg-59
2026-08-03 18:55:33,424 INFO o.a.j.t.JMeterThread: Thread finished: org.apache.jmeter.threads.JMeterThread@100c0119 - T01_LaunchOutlook_02P - LaunchOutllok/shared/1.0/content/images/microsoft_logo_564db913a7fa0ca42727161c6d031bef.svg-59
2026-08-03 18:55:33,465 INFO o.a.j.t.JMeterThread: Thread is done: org.apache.jmeter.threads.JMeterThread@100c0119 - T01_LaunchOutlook_02P - LaunchOutllok/shared/1.0/content/images/backgrounds/4_eae2dd7eb3a55636dc2d74f4fa4c386e.svg-58
2026-08-03 18:55:33,465 INFO o.a.j.t.JMeterThread: Thread finished: org.apache.jmeter.threads.JMeterThread@100c0119 - T01_LaunchOutlook_02P - LaunchOutllok/shared/1.0/content/images/backgrounds/4_eae2dd7eb3a55636dc2d74f4fa4c386e.svg-58
2026-08-03 18:55:33,527 ERROR o.a.j.v.b.g.TextGraphiteMetricsSender: Error writing to Graphite: Connection refused: no further information
java.net.ConnectException: Connection refused: no further information
	at java.base/sun.nio.ch.Net.pollConnect(Native Method) ~[?:?]
	at java.base/sun.nio.ch.Net.pollConnectNow(Net.java:672) ~[?:?]
	at java.base/sun.nio.ch.NioSocketImpl.timedFinishConnect(NioSocketImpl.java:547) ~[?:?]
	at java.base/sun.nio.ch.NioSocketImpl.connect(NioSocketImpl.java:602) ~[?:?]
	at java.base/java.net.SocksSocketImpl.connect(SocksSocketImpl.java:327) ~[?:?]
	at java.base/java.net.Socket.connect(Socket.java:633) ~[?:?]
	at org.apache.jmeter.visualizers.backend.graphite.SocketOutputStreamPoolFactory.create(SocketOutputStreamPoolFactory.java:76) ~[ApacheJMeter_components.jar:5.6.3]
	at org.apache.jmeter.visualizers.backend.graphite.SocketOutputStreamPoolFactory.makeObject(SocketOutputStreamPoolFactory.java:47) ~[ApacheJMeter_components.jar:5.6.3]
	at org.apache.jmeter.visualizers.backend.graphite.SocketOutputStreamPoolFactory.makeObject(SocketOutputStreamPoolFactory.java:33) ~[ApacheJMeter_components.jar:5.6.3]
	at org.apache.commons.pool2.impl.GenericKeyedObjectPool.create(GenericKeyedObjectPool.java:796) ~[commons-pool2-2.12.0.jar:2.12.0]
	at org.apache.commons.pool2.impl.GenericKeyedObjectPool.borrowObject(GenericKeyedObjectPool.java:444) ~[commons-pool2-2.12.0.jar:2.12.0]
	at org.apache.commons.pool2.impl.GenericKeyedObjectPool.borrowObject(GenericKeyedObjectPool.java:355) ~[commons-pool2-2.12.0.jar:2.12.0]
	at org.apache.jmeter.visualizers.backend.graphite.TextGraphiteMetricsSender.writeMetrics(TextGraphiteMetricsSender.java:110) [ApacheJMeter_components.jar:5.6.3]
	at org.apache.jmeter.visualizers.backend.graphite.TextGraphiteMetricsSender.writeAndSendMetrics(TextGraphiteMetricsSender.java:104) [ApacheJMeter_components.jar:5.6.3]
	at org.apache.jmeter.visualizers.backend.graphite.GraphiteBackendListenerClient.sendMetrics(GraphiteBackendListenerClient.java:186) [ApacheJMeter_components.jar:5.6.3]
	at org.apache.jmeter.visualizers.backend.graphite.GraphiteBackendListenerClient.run(GraphiteBackendListenerClient.java:149) [ApacheJMeter_components.jar:5.6.3]
	at java.base/java.util.concurrent.Executors$RunnableAdapter.call(Executors.java:539) [?:?]
	at java.base/java.util.concurrent.FutureTask.runAndReset(FutureTask.java:305) [?:?]
	at java.base/java.util.concurrent.ScheduledThreadPoolExecutor$ScheduledFutureTask.run(ScheduledThreadPoolExecutor.java:305) [?:?]
	at java.base/java.util.concurrent.ThreadPoolExecutor.runWorker(ThreadPoolExecutor.java:1136) [?:?]
	at java.base/java.util.concurrent.ThreadPoolExecutor$Worker.run(ThreadPoolExecutor.java:635) [?:?]
	at java.base/java.lang.Thread.run(Thread.java:842) [?:?]
2026-08-03 18:55:33,672 WARN o.a.j.p.h.s.HTTPSamplerBase: Existing CookieManager HTTP Cookie Manager superseded by HTTP Cookie Manager
2026-08-03 18:55:34,098 INFO o.a.j.r.Summariser: summary +     31 in 00:00:06 =    5.3/s Avg:   576 Min:    44 Max:  4393 Err:     2 (6.45%) Active: 3 Started: 1077 Finished: 1074
2026-08-03 18:55:34,100 INFO o.a.j.r.Summariser: summary =    249 in 00:00:52 =    4.8/s Avg:   493 Min:    16 Max:  5121 Err:     3 (1.20%)
2026-08-03 18:55:34,130 INFO o.a.j.t.JMeterThread: Thread started: parallel T03_SigninOutllok_02P
2026-08-03 18:55:34,130 INFO o.a.j.t.JMeterThread: Thread started: parallel T03_SigninOutllok_02P
2026-08-03 18:55:34,130 WARN o.a.j.p.h.s.HTTPSamplerBase: Existing CookieManager HTTP Cookie Manager superseded by HTTP Cookie Manager
2026-08-03 18:55:34,131 WARN o.a.j.p.h.s.HTTPSamplerBase: Existing CookieManager HTTP Cookie Manager superseded by HTTP Cookie Manager
2026-08-03 18:55:34,131 INFO o.a.j.t.JMeterThread: Thread started: parallel T03_SigninOutllok_02P
2026-08-03 18:55:34,133 INFO o.a.j.t.JMeterThread: Thread started: parallel T03_SigninOutllok_02P
2026-08-03 18:55:34,133 WARN o.a.j.p.h.s.HTTPSamplerBase: Existing CookieManager HTTP Cookie Manager superseded by HTTP Cookie Manager
2026-08-03 18:55:34,475 WARN o.a.j.p.h.s.HTTPSamplerBase: Existing CookieManager HTTP Cookie Manager superseded by HTTP Cookie Manager
2026-08-03 18:55:34,480 INFO o.a.j.t.JMeterThread: Thread is done: org.apache.jmeter.threads.JMeterThread@3ef10f5b - T03_SigninOutllok_02P - validate password /owa/published/service.svc?action=GetTimeZoneOffsets&app=Mail&n=3-120
2026-08-03 18:55:34,480 INFO o.a.j.t.JMeterThread: Thread finished: org.apache.jmeter.threads.JMeterThread@3ef10f5b - T03_SigninOutllok_02P - validate password /owa/published/service.svc?action=GetTimeZoneOffsets&app=Mail&n=3-120
2026-08-03 18:55:34,500 INFO o.a.j.t.JMeterThread: Thread is done: org.apache.jmeter.threads.JMeterThread@3ef10f5b - T03_SigninOutllok_02P - validate password /owa/service.svc?action=GetFolderChangeDigest&app=Mail&n=1-121
2026-08-03 18:55:34,500 INFO o.a.j.t.JMeterThread: Thread finished: org.apache.jmeter.threads.JMeterThread@3ef10f5b - T03_SigninOutllok_02P - validate password /owa/service.svc?action=GetFolderChangeDigest&app=Mail&n=1-121
2026-08-03 18:55:34,510 INFO o.a.j.t.JMeterThread: Thread is done: org.apache.jmeter.threads.JMeterThread@3ef10f5b - T03_SigninOutllok_02P - validate password /owa/service.svc?action=GetFolderChangeDigest&app=Mail&n=2-119
2026-08-03 18:55:34,510 INFO o.a.j.t.JMeterThread: Thread finished: org.apache.jmeter.threads.JMeterThread@3ef10f5b - T03_SigninOutllok_02P - validate password /owa/service.svc?action=GetFolderChangeDigest&app=Mail&n=2-119
2026-08-03 18:55:34,510 INFO o.a.j.t.JMeterThread: Thread is done: org.apache.jmeter.threads.JMeterThread@3ef10f5b - T03_SigninOutllok_02P - validate password /owa/service.svc?action=GetTimeZone&app=Mail&n=4-123
2026-08-03 18:55:34,510 INFO o.a.j.t.JMeterThread: Thread finished: org.apache.jmeter.threads.JMeterThread@3ef10f5b - T03_SigninOutllok_02P - validate password /owa/service.svc?action=GetTimeZone&app=Mail&n=4-123
2026-08-03 18:55:34,514 WARN o.a.j.p.h.s.HTTPSamplerBase: Existing CookieManager HTTP Cookie Manager superseded by HTTP Cookie Manager
2026-08-03 18:55:34,532 ERROR o.a.j.v.b.g.TextGraphiteMetricsSender: Error writing to Graphite: Connection refused: no further information
java.net.ConnectException: Connection refused: no further information
	at java.base/sun.nio.ch.Net.pollConnect(Native Method) ~[?:?]
	at java.base/sun.nio.ch.Net.pollConnectNow(Net.java:672) ~[?:?]
	at java.base/sun.nio.ch.NioSocketImpl.timedFinishConnect(NioSocketImpl.java:547) ~[?:?]
	at java.base/sun.nio.ch.NioSocketImpl.connect(NioSocketImpl.java:602) ~[?:?]
	at java.base/java.net.SocksSocketImpl.connect(SocksSocketImpl.java:327) ~[?:?]
	at java.base/java.net.Socket.connect(Socket.java:633) ~[?:?]
	at org.apache.jmeter.visualizers.backend.graphite.SocketOutputStreamPoolFactory.create(SocketOutputStreamPoolFactory.java:76) ~[ApacheJMeter_components.jar:5.6.3]
	at org.apache.jmeter.visualizers.backend.graphite.SocketOutputStreamPoolFactory.makeObject(SocketOutputStreamPoolFactory.java:47) ~[ApacheJMeter_components.jar:5.6.3]
	at org.apache.jmeter.visualizers.backend.graphite.SocketOutputStreamPoolFactory.makeObject(SocketOutputStreamPoolFactory.java:33) ~[ApacheJMeter_components.jar:5.6.3]
	at org.apache.commons.pool2.impl.GenericKeyedObjectPool.create(GenericKeyedObjectPool.java:796) ~[commons-pool2-2.12.0.jar:2.12.0]
	at org.apache.commons.pool2.impl.GenericKeyedObjectPool.borrowObject(GenericKeyedObjectPool.java:444) ~[commons-pool2-2.12.0.jar:2.12.0]
	at org.apache.commons.pool2.impl.GenericKeyedObjectPool.borrowObject(GenericKeyedObjectPool.java:355) ~[commons-pool2-2.12.0.jar:2.12.0]
	at org.apache.jmeter.visualizers.backend.graphite.TextGraphiteMetricsSender.writeMetrics(TextGraphiteMetricsSender.java:110) [ApacheJMeter_components.jar:5.6.3]
	at org.apache.jmeter.visualizers.backend.graphite.TextGraphiteMetricsSender.writeAndSendMetrics(TextGraphiteMetricsSender.java:104) [ApacheJMeter_components.jar:5.6.3]
	at org.apache.jmeter.visualizers.backend.graphite.GraphiteBackendListenerClient.sendMetrics(GraphiteBackendListenerClient.java:186) [ApacheJMeter_components.jar:5.6.3]
	at org.apache.jmeter.visualizers.backend.graphite.GraphiteBackendListenerClient.run(GraphiteBackendListenerClient.java:149) [ApacheJMeter_components.jar:5.6.3]
	at java.base/java.util.concurrent.Executors$RunnableAdapter.call(Executors.java:539) [?:?]
	at java.base/java.util.concurrent.FutureTask.runAndReset(FutureTask.java:305) [?:?]
	at java.base/java.util.concurrent.ScheduledThreadPoolExecutor$ScheduledFutureTask.run(ScheduledThreadPoolExecutor.java:305) [?:?]
	at java.base/java.util.concurrent.ThreadPoolExecutor.runWorker(ThreadPoolExecutor.java:1136) [?:?]
	at java.base/java.util.concurrent.ThreadPoolExecutor$Worker.run(ThreadPoolExecutor.java:635) [?:?]
	at java.base/java.lang.Thread.run(Thread.java:842) [?:?]
2026-08-03 18:55:35,209 INFO o.a.j.t.JMeterThread: Thread started: parallel T03_SigninOutllok_04P
2026-08-03 18:55:35,209 INFO o.a.j.t.JMeterThread: Thread started: parallel T03_SigninOutllok_04P
2026-08-03 18:55:35,209 INFO o.a.j.t.JMeterThread: Thread started: parallel T03_SigninOutllok_04P
2026-08-03 18:55:35,209 INFO o.a.j.t.JMeterThread: Thread started: parallel T03_SigninOutllok_04P
2026-08-03 18:55:35,209 INFO o.a.j.t.JMeterThread: Thread started: parallel T03_SigninOutllok_04P
2026-08-03 18:55:35,209 INFO o.a.j.t.JMeterThread: Thread started: parallel T03_SigninOutllok_04P
2026-08-03 18:55:35,308 WARN o.a.j.p.h.s.HTTPSamplerBase: Existing CookieManager HTTP Cookie Manager superseded by HTTP Cookie Manager
2026-08-03 18:55:35,352 INFO o.a.j.t.JMeterThread: Thread is done: org.apache.jmeter.threads.JMeterThread@3ef10f5b - T03_SigninOutllok_04P - validate password /assets/mail/illustrations/noMailSelected/v2/light.svg-142
2026-08-03 18:55:35,353 INFO o.a.j.t.JMeterThread: Thread finished: org.apache.jmeter.threads.JMeterThread@3ef10f5b - T03_SigninOutllok_04P - validate password /assets/mail/illustrations/noMailSelected/v2/light.svg-142
2026-08-03 18:55:35,354 INFO o.a.j.t.JMeterThread: Thread started: parallel T03_SigninOutllok_04P
2026-08-03 18:55:35,356 INFO o.a.j.t.JMeterThread: Thread is done: org.apache.jmeter.threads.JMeterThread@3ef10f5b - T03_SigninOutllok_04P - validate password /owamail/hashed-v1/resources/fonts/light-icons-hash-21e1c146.m.woff2-139
2026-08-03 18:55:35,356 INFO o.a.j.t.JMeterThread: Thread is done: org.apache.jmeter.threads.JMeterThread@3ef10f5b - T03_SigninOutllok_04P - validate password /owamail/hashed-v1/resources/images/Calendar_22px-hash-4b5e2360.m.svg-146
2026-08-03 18:55:35,356 INFO o.a.j.t.JMeterThread: Thread is done: org.apache.jmeter.threads.JMeterThread@3ef10f5b - T03_SigninOutllok_04P - validate password /owamail/hashed-v1/resources/images/Mail_22px-hash-ef494f7f.m.svg-145
2026-08-03 18:55:35,356 INFO o.a.j.t.JMeterThread: Thread finished: org.apache.jmeter.threads.JMeterThread@3ef10f5b - T03_SigninOutllok_04P - validate password /owamail/hashed-v1/resources/images/Mail_22px-hash-ef494f7f.m.svg-145
2026-08-03 18:55:35,356 INFO o.a.j.t.JMeterThread: Thread finished: org.apache.jmeter.threads.JMeterThread@3ef10f5b - T03_SigninOutllok_04P - validate password /owamail/hashed-v1/resources/fonts/light-icons-hash-21e1c146.m.woff2-139
2026-08-03 18:55:35,356 INFO o.a.j.t.JMeterThread: Thread finished: org.apache.jmeter.threads.JMeterThread@3ef10f5b - T03_SigninOutllok_04P - validate password /owamail/hashed-v1/resources/images/Calendar_22px-hash-4b5e2360.m.svg-146
2026-08-03 18:55:35,356 INFO o.a.j.t.JMeterThread: Thread is done: org.apache.jmeter.threads.JMeterThread@3ef10f5b - T03_SigninOutllok_04P - validate password /owamail/hashed-v1/resources/fonts/FluentSystemIcons-Resizable-hash-f808aee0.m.woff2-141
2026-08-03 18:55:35,356 INFO o.a.j.t.JMeterThread: Thread started: parallel T03_SigninOutllok_04P
2026-08-03 18:55:35,356 INFO o.a.j.t.JMeterThread: Thread finished: org.apache.jmeter.threads.JMeterThread@3ef10f5b - T03_SigninOutllok_04P - validate password /owamail/hashed-v1/resources/fonts/FluentSystemIcons-Resizable-hash-f808aee0.m.woff2-141
2026-08-03 18:55:35,364 INFO o.a.j.t.JMeterThread: Thread is done: org.apache.jmeter.threads.JMeterThread@3ef10f5b - T03_SigninOutllok_04P - validate password /owamail/hashed-v1/resources/fonts/FluentSystemIcons-Regular-hash-fe13cdba.m.woff2-140
2026-08-03 18:55:35,364 INFO o.a.j.t.JMeterThread: Thread finished: org.apache.jmeter.threads.JMeterThread@3ef10f5b - T03_SigninOutllok_04P - validate password /owamail/hashed-v1/resources/fonts/FluentSystemIcons-Regular-hash-fe13cdba.m.woff2-140
2026-08-03 18:55:35,480 INFO o.a.j.t.JMeterThread: Thread is done: org.apache.jmeter.threads.JMeterThread@3ef10f5b - T03_SigninOutllok_04P - validate password /owamail/hashed-v1/resources/images/People_22px-hash-6b8f0c5c.m.svg-150
2026-08-03 18:55:35,480 INFO o.a.j.t.JMeterThread: Thread finished: org.apache.jmeter.threads.JMeterThread@3ef10f5b - T03_SigninOutllok_04P - validate password /owamail/hashed-v1/resources/images/People_22px-hash-6b8f0c5c.m.svg-150
2026-08-03 18:55:35,483 INFO o.a.j.t.JMeterThread: Thread is done: org.apache.jmeter.threads.JMeterThread@3ef10f5b - T03_SigninOutllok_04P - validate password /owamail/hashed-v1/resources/images/Newsletters_22px-hash-9cfbd5b7.m.svg-151
2026-08-03 18:55:35,483 INFO o.a.j.t.JMeterThread: Thread finished: org.apache.jmeter.threads.JMeterThread@3ef10f5b - T03_SigninOutllok_04P - validate password /owamail/hashed-v1/resources/images/Newsletters_22px-hash-9cfbd5b7.m.svg-151
2026-08-03 18:55:35,510 INFO o.a.j.t.JMeterThread: Thread started: parallel T03_SigninOutllok_05P
2026-08-03 18:55:35,510 INFO o.a.j.t.JMeterThread: Thread started: parallel T03_SigninOutllok_05P
2026-08-03 18:55:35,510 INFO o.a.j.t.JMeterThread: Thread started: parallel T03_SigninOutllok_05P
2026-08-03 18:55:35,510 INFO o.a.j.t.JMeterThread: Thread started: parallel T03_SigninOutllok_05P
2026-08-03 18:55:35,510 INFO o.a.j.t.JMeterThread: Thread started: parallel T03_SigninOutllok_05P
2026-08-03 18:55:35,510 INFO o.a.j.t.JMeterThread: Thread started: parallel T03_SigninOutllok_05P
2026-08-03 18:55:35,592 ERROR o.a.j.v.b.g.TextGraphiteMetricsSender: Error writing to Graphite: Connection refused: no further information
java.net.ConnectException: Connection refused: no further information
	at java.base/sun.nio.ch.Net.pollConnect(Native Method) ~[?:?]
	at java.base/sun.nio.ch.Net.pollConnectNow(Net.java:672) ~[?:?]
	at java.base/sun.nio.ch.NioSocketImpl.timedFinishConnect(NioSocketImpl.java:547) ~[?:?]
	at java.base/sun.nio.ch.NioSocketImpl.connect(NioSocketImpl.java:602) ~[?:?]
	at java.base/java.net.SocksSocketImpl.connect(SocksSocketImpl.java:327) ~[?:?]
	at java.base/java.net.Socket.connect(Socket.java:633) ~[?:?]
	at org.apache.jmeter.visualizers.backend.graphite.SocketOutputStreamPoolFactory.create(SocketOutputStreamPoolFactory.java:76) ~[ApacheJMeter_components.jar:5.6.3]
	at org.apache.jmeter.visualizers.backend.graphite.SocketOutputStreamPoolFactory.makeObject(SocketOutputStreamPoolFactory.java:47) ~[ApacheJMeter_components.jar:5.6.3]
	at org.apache.jmeter.visualizers.backend.graphite.SocketOutputStreamPoolFactory.makeObject(SocketOutputStreamPoolFactory.java:33) ~[ApacheJMeter_components.jar:5.6.3]
	at org.apache.commons.pool2.impl.GenericKeyedObjectPool.create(GenericKeyedObjectPool.java:796) ~[commons-pool2-2.12.0.jar:2.12.0]
	at org.apache.commons.pool2.impl.GenericKeyedObjectPool.borrowObject(GenericKeyedObjectPool.java:444) ~[commons-pool2-2.12.0.jar:2.12.0]
	at org.apache.commons.pool2.impl.GenericKeyedObjectPool.borrowObject(GenericKeyedObjectPool.java:355) ~[commons-pool2-2.12.0.jar:2.12.0]
	at org.apache.jmeter.visualizers.backend.graphite.TextGraphiteMetricsSender.writeMetrics(TextGraphiteMetricsSender.java:110) [ApacheJMeter_components.jar:5.6.3]
	at org.apache.jmeter.visualizers.backend.graphite.TextGraphiteMetricsSender.writeAndSendMetrics(TextGraphiteMetricsSender.java:104) [ApacheJMeter_components.jar:5.6.3]
	at org.apache.jmeter.visualizers.backend.graphite.GraphiteBackendListenerClient.sendMetrics(GraphiteBackendListenerClient.java:186) [ApacheJMeter_components.jar:5.6.3]
	at org.apache.jmeter.visualizers.backend.graphite.GraphiteBackendListenerClient.run(GraphiteBackendListenerClient.java:149) [ApacheJMeter_components.jar:5.6.3]
	at java.base/java.util.concurrent.Executors$RunnableAdapter.call(Executors.java:539) [?:?]
	at java.base/java.util.concurrent.FutureTask.runAndReset(FutureTask.java:305) [?:?]
	at java.base/java.util.concurrent.ScheduledThreadPoolExecutor$ScheduledFutureTask.run(ScheduledThreadPoolExecutor.java:305) [?:?]
	at java.base/java.util.concurrent.ThreadPoolExecutor.runWorker(ThreadPoolExecutor.java:1136) [?:?]
	at java.base/java.util.concurrent.ThreadPoolExecutor$Worker.run(ThreadPoolExecutor.java:635) [?:?]
	at java.base/java.lang.Thread.run(Thread.java:842) [?:?]
2026-08-03 18:55:35,654 WARN o.a.j.p.h.s.HTTPSamplerBase: Existing CookieManager HTTP Cookie Manager superseded by HTTP Cookie Manager
2026-08-03 18:55:35,773 INFO o.a.j.t.JMeterThread: Thread is done: org.apache.jmeter.threads.JMeterThread@3ef10f5b - T03_SigninOutllok_05P - validate password /s01-tpswwprod/B01C43E8AC2EE8B7BFD5FEC28279DFF918360F67809E8869DC0F3C7F60DB35FD-157
2026-08-03 18:55:35,773 INFO o.a.j.t.JMeterThread: Thread finished: org.apache.jmeter.threads.JMeterThread@3ef10f5b - T03_SigninOutllok_05P - validate password /s01-tpswwprod/B01C43E8AC2EE8B7BFD5FEC28279DFF918360F67809E8869DC0F3C7F60DB35FD-157
2026-08-03 18:55:35,773 INFO o.a.j.t.JMeterThread: Thread started: parallel T03_SigninOutllok_05P
2026-08-03 18:55:35,782 INFO o.a.j.t.JMeterThread: Thread is done: org.apache.jmeter.threads.JMeterThread@3ef10f5b - T03_SigninOutllok_05P - validate password /conf/v2/o365se/fpconfig.min.json-171
2026-08-03 18:55:35,782 INFO o.a.j.t.JMeterThread: Thread finished: org.apache.jmeter.threads.JMeterThread@3ef10f5b - T03_SigninOutllok_05P - validate password /conf/v2/o365se/fpconfig.min.json-171
2026-08-03 18:55:35,783 INFO o.a.j.t.JMeterThread: Thread started: parallel T03_SigninOutllok_05P
2026-08-03 18:55:35,823 INFO o.a.j.t.JMeterThread: Thread is done: org.apache.jmeter.threads.JMeterThread@3ef10f5b - T03_SigninOutllok_05P - validate password /user/v1.0/web/policies-169
2026-08-03 18:55:35,823 INFO o.a.j.t.JMeterThread: Thread finished: org.apache.jmeter.threads.JMeterThread@3ef10f5b - T03_SigninOutllok_05P - validate password /user/v1.0/web/policies-169
2026-08-03 18:55:35,824 INFO o.a.j.t.JMeterThread: Thread started: parallel T03_SigninOutllok_05P
2026-08-03 18:55:35,824 WARN o.a.j.p.h.s.HTTPSamplerBase: Existing CookieManager HTTP Cookie Manager superseded by HTTP Cookie Manager
2026-08-03 18:55:35,886 INFO o.a.j.t.JMeterThread: Thread is done: org.apache.jmeter.threads.JMeterThread@3ef10f5b - T03_SigninOutllok_05P - validate password /s01-tpswwprod/968AB88037AECA6B2E7A1EB965C99A9A9C614A81FD0296889E7C1EB265F4E9CD-545
2026-08-03 18:55:35,886 INFO o.a.j.t.JMeterThread: Thread finished: org.apache.jmeter.threads.JMeterThread@3ef10f5b - T03_SigninOutllok_05P - validate password /s01-tpswwprod/968AB88037AECA6B2E7A1EB965C99A9A9C614A81FD0296889E7C1EB265F4E9CD-545
2026-08-03 18:55:35,888 INFO o.a.j.t.JMeterThread: Thread is done: org.apache.jmeter.threads.JMeterThread@3ef10f5b - T03_SigninOutllok_05P - validate password /me-176
2026-08-03 18:55:35,888 INFO o.a.j.t.JMeterThread: Thread finished: org.apache.jmeter.threads.JMeterThread@3ef10f5b - T03_SigninOutllok_05P - validate password /me-176
2026-08-03 18:55:35,916 INFO o.a.j.t.JMeterThread: Thread is done: org.apache.jmeter.threads.JMeterThread@3ef10f5b - T03_SigninOutllok_05P - validate password /owamail/hashed-v1/resources/images/onedrive_24x-hash-e0d279de.m.svg-538
2026-08-03 18:55:35,917 INFO o.a.j.t.JMeterThread: Thread finished: org.apache.jmeter.threads.JMeterThread@3ef10f5b - T03_SigninOutllok_05P - validate password /owamail/hashed-v1/resources/images/onedrive_24x-hash-e0d279de.m.svg-538
2026-08-03 18:55:35,918 INFO o.a.j.t.JMeterThread: Thread is done: org.apache.jmeter.threads.JMeterThread@3ef10f5b - T03_SigninOutllok_05P - validate password /ows/api/beta/BootSettings/ReportSubmissionPolicy-161
2026-08-03 18:55:35,918 INFO o.a.j.t.JMeterThread: Thread finished: org.apache.jmeter.threads.JMeterThread@3ef10f5b - T03_SigninOutllok_05P - validate password /ows/api/beta/BootSettings/ReportSubmissionPolicy-161
2026-08-03 18:55:35,942 INFO o.a.j.t.JMeterThread: Thread is done: org.apache.jmeter.threads.JMeterThread@3ef10f5b - T03_SigninOutllok_05P - validate password /config/v1/OneShell/1.0.0.0-153
2026-08-03 18:55:35,942 INFO o.a.j.t.JMeterThread: Thread finished: org.apache.jmeter.threads.JMeterThread@3ef10f5b - T03_SigninOutllok_05P - validate password /config/v1/OneShell/1.0.0.0-153
2026-08-03 18:55:36,202 INFO o.a.j.t.JMeterThread: Thread is done: org.apache.jmeter.threads.JMeterThread@3ef10f5b - T03_SigninOutllok_05P - validate password /owa/service.svc?action=GetAttachmentPreviews&app=Mail&n=7-537
2026-08-03 18:55:36,202 INFO o.a.j.t.JMeterThread: Thread finished: org.apache.jmeter.threads.JMeterThread@3ef10f5b - T03_SigninOutllok_05P - validate password /owa/service.svc?action=GetAttachmentPreviews&app=Mail&n=7-537
2026-08-03 18:55:36,202 WARN o.a.j.p.h.s.HTTPSamplerBase: Existing CookieManager HTTP Cookie Manager superseded by HTTP Cookie Manager
2026-08-03 18:55:36,536 ERROR o.a.j.v.b.g.TextGraphiteMetricsSender: Error writing to Graphite: Connection refused: no further information
java.net.ConnectException: Connection refused: no further information
	at java.base/sun.nio.ch.Net.pollConnect(Native Method) ~[?:?]
	at java.base/sun.nio.ch.Net.pollConnectNow(Net.java:672) ~[?:?]
	at java.base/sun.nio.ch.NioSocketImpl.timedFinishConnect(NioSocketImpl.java:547) ~[?:?]
	at java.base/sun.nio.ch.NioSocketImpl.connect(NioSocketImpl.java:602) ~[?:?]
	at java.base/java.net.SocksSocketImpl.connect(SocksSocketImpl.java:327) ~[?:?]
	at java.base/java.net.Socket.connect(Socket.java:633) ~[?:?]
	at org.apache.jmeter.visualizers.backend.graphite.SocketOutputStreamPoolFactory.create(SocketOutputStreamPoolFactory.java:76) ~[ApacheJMeter_components.jar:5.6.3]
	at org.apache.jmeter.visualizers.backend.graphite.SocketOutputStreamPoolFactory.makeObject(SocketOutputStreamPoolFactory.java:47) ~[ApacheJMeter_components.jar:5.6.3]
	at org.apache.jmeter.visualizers.backend.graphite.SocketOutputStreamPoolFactory.makeObject(SocketOutputStreamPoolFactory.java:33) ~[ApacheJMeter_components.jar:5.6.3]
	at org.apache.commons.pool2.impl.GenericKeyedObjectPool.create(GenericKeyedObjectPool.java:796) ~[commons-pool2-2.12.0.jar:2.12.0]
	at org.apache.commons.pool2.impl.GenericKeyedObjectPool.borrowObject(GenericKeyedObjectPool.java:444) ~[commons-pool2-2.12.0.jar:2.12.0]
	at org.apache.commons.pool2.impl.GenericKeyedObjectPool.borrowObject(GenericKeyedObjectPool.java:355) ~[commons-pool2-2.12.0.jar:2.12.0]
	at org.apache.jmeter.visualizers.backend.graphite.TextGraphiteMetricsSender.writeMetrics(TextGraphiteMetricsSender.java:110) [ApacheJMeter_components.jar:5.6.3]
	at org.apache.jmeter.visualizers.backend.graphite.TextGraphiteMetricsSender.writeAndSendMetrics(TextGraphiteMetricsSender.java:104) [ApacheJMeter_components.jar:5.6.3]
	at org.apache.jmeter.visualizers.backend.graphite.GraphiteBackendListenerClient.sendMetrics(GraphiteBackendListenerClient.java:186) [ApacheJMeter_components.jar:5.6.3]
	at org.apache.jmeter.visualizers.backend.graphite.GraphiteBackendListenerClient.run(GraphiteBackendListenerClient.java:149) [ApacheJMeter_components.jar:5.6.3]
	at java.base/java.util.concurrent.Executors$RunnableAdapter.call(Executors.java:539) [?:?]
	at java.base/java.util.concurrent.FutureTask.runAndReset(FutureTask.java:305) [?:?]
	at java.base/java.util.concurrent.ScheduledThreadPoolExecutor$ScheduledFutureTask.run(ScheduledThreadPoolExecutor.java:305) [?:?]
	at java.base/java.util.concurrent.ThreadPoolExecutor.runWorker(ThreadPoolExecutor.java:1136) [?:?]
	at java.base/java.util.concurrent.ThreadPoolExecutor$Worker.run(ThreadPoolExecutor.java:635) [?:?]
	at java.base/java.lang.Thread.run(Thread.java:842) [?:?]
2026-08-03 18:55:36,722 WARN o.a.j.p.h.s.HTTPSamplerBase: Existing CookieManager HTTP Cookie Manager superseded by HTTP Cookie Manager
2026-08-03 18:55:37,040 WARN o.a.j.p.h.s.HTTPSamplerBase: Existing CookieManager HTTP Cookie Manager superseded by HTTP Cookie Manager
2026-08-03 18:55:37,145 INFO o.a.j.t.JMeterThread: Thread started: parallel T03_SigninOutllok_02P
2026-08-03 18:55:37,145 INFO o.a.j.t.JMeterThread: Thread started: parallel T03_SigninOutllok_02P
2026-08-03 18:55:37,145 WARN o.a.j.p.h.s.HTTPSamplerBase: Existing CookieManager HTTP Cookie Manager superseded by HTTP Cookie Manager
2026-08-03 18:55:37,145 INFO o.a.j.t.JMeterThread: Thread started: parallel T03_SigninOutllok_02P
2026-08-03 18:55:37,145 WARN o.a.j.p.h.s.HTTPSamplerBase: Existing CookieManager HTTP Cookie Manager superseded by HTTP Cookie Manager
2026-08-03 18:55:37,145 INFO o.a.j.t.JMeterThread: Thread started: parallel T03_SigninOutllok_02P
2026-08-03 18:55:37,145 WARN o.a.j.p.h.s.HTTPSamplerBase: Existing CookieManager HTTP Cookie Manager superseded by HTTP Cookie Manager
2026-08-03 18:55:37,451 WARN o.a.j.p.h.s.HTTPSamplerBase: Existing CookieManager HTTP Cookie Manager superseded by HTTP Cookie Manager
2026-08-03 18:55:37,478 INFO o.a.j.t.JMeterThread: Thread is done: org.apache.jmeter.threads.JMeterThread@379a352a - T03_SigninOutllok_02P - validate password /owa/service.svc?action=GetFolderChangeDigest&app=Mail&n=1-121
2026-08-03 18:55:37,478 INFO o.a.j.t.JMeterThread: Thread finished: org.apache.jmeter.threads.JMeterThread@379a352a - T03_SigninOutllok_02P - validate password /owa/service.svc?action=GetFolderChangeDigest&app=Mail&n=1-121
2026-08-03 18:55:37,492 INFO o.a.j.t.JMeterThread: Thread is done: org.apache.jmeter.threads.JMeterThread@379a352a - T03_SigninOutllok_02P - validate password /owa/published/service.svc?action=GetTimeZoneOffsets&app=Mail&n=3-120
2026-08-03 18:55:37,492 INFO o.a.j.t.JMeterThread: Thread finished: org.apache.jmeter.threads.JMeterThread@379a352a - T03_SigninOutllok_02P - validate password /owa/published/service.svc?action=GetTimeZoneOffsets&app=Mail&n=3-120
2026-08-03 18:55:37,495 INFO o.a.j.t.JMeterThread: Thread is done: org.apache.jmeter.threads.JMeterThread@379a352a - T03_SigninOutllok_02P - validate password /owa/service.svc?action=GetTimeZone&app=Mail&n=4-123
2026-08-03 18:55:37,495 INFO o.a.j.t.JMeterThread: Thread finished: org.apache.jmeter.threads.JMeterThread@379a352a - T03_SigninOutllok_02P - validate password /owa/service.svc?action=GetTimeZone&app=Mail&n=4-123
2026-08-03 18:55:37,524 ERROR o.a.j.v.b.g.TextGraphiteMetricsSender: Error writing to Graphite: Connection refused: no further information
java.net.ConnectException: Connection refused: no further information
	at java.base/sun.nio.ch.Net.pollConnect(Native Method) ~[?:?]
	at java.base/sun.nio.ch.Net.pollConnectNow(Net.java:672) ~[?:?]
	at java.base/sun.nio.ch.NioSocketImpl.timedFinishConnect(NioSocketImpl.java:547) ~[?:?]
	at java.base/sun.nio.ch.NioSocketImpl.connect(NioSocketImpl.java:602) ~[?:?]
	at java.base/java.net.SocksSocketImpl.connect(SocksSocketImpl.java:327) ~[?:?]
	at java.base/java.net.Socket.connect(Socket.java:633) ~[?:?]
	at org.apache.jmeter.visualizers.backend.graphite.SocketOutputStreamPoolFactory.create(SocketOutputStreamPoolFactory.java:76) ~[ApacheJMeter_components.jar:5.6.3]
	at org.apache.jmeter.visualizers.backend.graphite.SocketOutputStreamPoolFactory.makeObject(SocketOutputStreamPoolFactory.java:47) ~[ApacheJMeter_components.jar:5.6.3]
	at org.apache.jmeter.visualizers.backend.graphite.SocketOutputStreamPoolFactory.makeObject(SocketOutputStreamPoolFactory.java:33) ~[ApacheJMeter_components.jar:5.6.3]
	at org.apache.commons.pool2.impl.GenericKeyedObjectPool.create(GenericKeyedObjectPool.java:796) ~[commons-pool2-2.12.0.jar:2.12.0]
	at org.apache.commons.pool2.impl.GenericKeyedObjectPool.borrowObject(GenericKeyedObjectPool.java:444) ~[commons-pool2-2.12.0.jar:2.12.0]
	at org.apache.commons.pool2.impl.GenericKeyedObjectPool.borrowObject(GenericKeyedObjectPool.java:355) ~[commons-pool2-2.12.0.jar:2.12.0]
	at org.apache.jmeter.visualizers.backend.graphite.TextGraphiteMetricsSender.writeMetrics(TextGraphiteMetricsSender.java:110) [ApacheJMeter_components.jar:5.6.3]
	at org.apache.jmeter.visualizers.backend.graphite.TextGraphiteMetricsSender.writeAndSendMetrics(TextGraphiteMetricsSender.java:104) [ApacheJMeter_components.jar:5.6.3]
	at org.apache.jmeter.visualizers.backend.graphite.GraphiteBackendListenerClient.sendMetrics(GraphiteBackendListenerClient.java:186) [ApacheJMeter_components.jar:5.6.3]
	at org.apache.jmeter.visualizers.backend.graphite.GraphiteBackendListenerClient.run(GraphiteBackendListenerClient.java:149) [ApacheJMeter_components.jar:5.6.3]
	at java.base/java.util.concurrent.Executors$RunnableAdapter.call(Executors.java:539) [?:?]
	at java.base/java.util.concurrent.FutureTask.runAndReset(FutureTask.java:305) [?:?]
	at java.base/java.util.concurrent.ScheduledThreadPoolExecutor$ScheduledFutureTask.run(ScheduledThreadPoolExecutor.java:305) [?:?]
	at java.base/java.util.concurrent.ThreadPoolExecutor.runWorker(ThreadPoolExecutor.java:1136) [?:?]
	at java.base/java.util.concurrent.ThreadPoolExecutor$Worker.run(ThreadPoolExecutor.java:635) [?:?]
	at java.base/java.lang.Thread.run(Thread.java:842) [?:?]
2026-08-03 18:55:37,528 INFO o.a.j.t.JMeterThread: Thread is done: org.apache.jmeter.threads.JMeterThread@379a352a - T03_SigninOutllok_02P - validate password /owa/service.svc?action=GetFolderChangeDigest&app=Mail&n=2-119
2026-08-03 18:55:37,528 INFO o.a.j.t.JMeterThread: Thread finished: org.apache.jmeter.threads.JMeterThread@379a352a - T03_SigninOutllok_02P - validate password /owa/service.svc?action=GetFolderChangeDigest&app=Mail&n=2-119
2026-08-03 18:55:37,528 WARN o.a.j.p.h.s.HTTPSamplerBase: Existing CookieManager HTTP Cookie Manager superseded by HTTP Cookie Manager
2026-08-03 18:55:37,794 WARN o.a.j.p.h.s.HTTPSamplerBase: Existing CookieManager HTTP Cookie Manager superseded by HTTP Cookie Manager
2026-08-03 18:55:38,177 INFO o.a.j.t.JMeterThread: Thread started: parallel T03_SigninOutllok_04P
2026-08-03 18:55:38,177 INFO o.a.j.t.JMeterThread: Thread started: parallel T03_SigninOutllok_04P
2026-08-03 18:55:38,177 INFO o.a.j.t.JMeterThread: Thread started: parallel T03_SigninOutllok_04P
2026-08-03 18:55:38,177 INFO o.a.j.t.JMeterThread: Thread started: parallel T03_SigninOutllok_04P
2026-08-03 18:55:38,177 INFO o.a.j.t.JMeterThread: Thread started: parallel T03_SigninOutllok_04P
2026-08-03 18:55:38,177 INFO o.a.j.t.JMeterThread: Thread started: parallel T03_SigninOutllok_04P
2026-08-03 18:55:38,327 INFO o.a.j.t.JMeterThread: Thread is done: org.apache.jmeter.threads.JMeterThread@379a352a - T03_SigninOutllok_04P - validate password /owamail/hashed-v1/resources/fonts/FluentSystemIcons-Regular-hash-fe13cdba.m.woff2-140
2026-08-03 18:55:38,327 INFO o.a.j.t.JMeterThread: Thread finished: org.apache.jmeter.threads.JMeterThread@379a352a - T03_SigninOutllok_04P - validate password /owamail/hashed-v1/resources/fonts/FluentSystemIcons-Regular-hash-fe13cdba.m.woff2-140
2026-08-03 18:55:38,327 INFO o.a.j.t.JMeterThread: Thread started: parallel T03_SigninOutllok_04P
2026-08-03 18:55:38,327 INFO o.a.j.t.JMeterThread: Thread is done: org.apache.jmeter.threads.JMeterThread@379a352a - T03_SigninOutllok_04P - validate password /assets/mail/illustrations/noMailSelected/v2/light.svg-142
2026-08-03 18:55:38,327 INFO o.a.j.t.JMeterThread: Thread finished: org.apache.jmeter.threads.JMeterThread@379a352a - T03_SigninOutllok_04P - validate password /assets/mail/illustrations/noMailSelected/v2/light.svg-142
2026-08-03 18:55:38,327 INFO o.a.j.t.JMeterThread: Thread is done: org.apache.jmeter.threads.JMeterThread@379a352a - T03_SigninOutllok_04P - validate password /owamail/hashed-v1/resources/images/Mail_22px-hash-ef494f7f.m.svg-145
2026-08-03 18:55:38,327 INFO o.a.j.t.JMeterThread: Thread finished: org.apache.jmeter.threads.JMeterThread@379a352a - T03_SigninOutllok_04P - validate password /owamail/hashed-v1/resources/images/Mail_22px-hash-ef494f7f.m.svg-145
2026-08-03 18:55:38,327 INFO o.a.j.t.JMeterThread: Thread started: parallel T03_SigninOutllok_04P
2026-08-03 18:55:38,349 INFO o.a.j.t.JMeterThread: Thread is done: org.apache.jmeter.threads.JMeterThread@379a352a - T03_SigninOutllok_04P - validate password /owamail/hashed-v1/resources/images/Calendar_22px-hash-4b5e2360.m.svg-146
2026-08-03 18:55:38,349 INFO o.a.j.t.JMeterThread: Thread is done: org.apache.jmeter.threads.JMeterThread@379a352a - T03_SigninOutllok_04P - validate password /owamail/hashed-v1/resources/fonts/light-icons-hash-21e1c146.m.woff2-139
2026-08-03 18:55:38,349 INFO o.a.j.t.JMeterThread: Thread finished: org.apache.jmeter.threads.JMeterThread@379a352a - T03_SigninOutllok_04P - validate password /owamail/hashed-v1/resources/fonts/light-icons-hash-21e1c146.m.woff2-139
2026-08-03 18:55:38,349 INFO o.a.j.t.JMeterThread: Thread finished: org.apache.jmeter.threads.JMeterThread@379a352a - T03_SigninOutllok_04P - validate password /owamail/hashed-v1/resources/images/Calendar_22px-hash-4b5e2360.m.svg-146
2026-08-03 18:55:38,361 INFO o.a.j.t.JMeterThread: Thread is done: org.apache.jmeter.threads.JMeterThread@379a352a - T03_SigninOutllok_04P - validate password /owamail/hashed-v1/resources/fonts/FluentSystemIcons-Resizable-hash-f808aee0.m.woff2-141
2026-08-03 18:55:38,361 INFO o.a.j.t.JMeterThread: Thread finished: org.apache.jmeter.threads.JMeterThread@379a352a - T03_SigninOutllok_04P - validate password /owamail/hashed-v1/resources/fonts/FluentSystemIcons-Resizable-hash-f808aee0.m.woff2-141
2026-08-03 18:55:38,461 INFO o.a.j.t.JMeterThread: Thread is done: org.apache.jmeter.threads.JMeterThread@379a352a - T03_SigninOutllok_04P - validate password /owamail/hashed-v1/resources/images/People_22px-hash-6b8f0c5c.m.svg-150
2026-08-03 18:55:38,461 INFO o.a.j.t.JMeterThread: Thread finished: org.apache.jmeter.threads.JMeterThread@379a352a - T03_SigninOutllok_04P - validate password /owamail/hashed-v1/resources/images/People_22px-hash-6b8f0c5c.m.svg-150
2026-08-03 18:55:38,461 INFO o.a.j.t.JMeterThread: Thread is done: org.apache.jmeter.threads.JMeterThread@379a352a - T03_SigninOutllok_04P - validate password /owamail/hashed-v1/resources/images/Newsletters_22px-hash-9cfbd5b7.m.svg-151
2026-08-03 18:55:38,461 INFO o.a.j.t.JMeterThread: Thread finished: org.apache.jmeter.threads.JMeterThread@379a352a - T03_SigninOutllok_04P - validate password /owamail/hashed-v1/resources/images/Newsletters_22px-hash-9cfbd5b7.m.svg-151
2026-08-03 18:55:38,470 WARN o.a.j.p.h.s.HTTPSamplerBase: Existing CookieManager HTTP Cookie Manager superseded by HTTP Cookie Manager
2026-08-03 18:55:38,486 INFO o.a.j.t.JMeterThread: Thread started: parallel T03_SigninOutllok_05P
2026-08-03 18:55:38,486 INFO o.a.j.t.JMeterThread: Thread started: parallel T03_SigninOutllok_05P
2026-08-03 18:55:38,486 INFO o.a.j.t.JMeterThread: Thread started: parallel T03_SigninOutllok_05P
2026-08-03 18:55:38,486 INFO o.a.j.t.JMeterThread: Thread started: parallel T03_SigninOutllok_05P
2026-08-03 18:55:38,486 INFO o.a.j.t.JMeterThread: Thread started: parallel T03_SigninOutllok_05P
2026-08-03 18:55:38,486 INFO o.a.j.t.JMeterThread: Thread started: parallel T03_SigninOutllok_05P
2026-08-03 18:55:38,527 ERROR o.a.j.v.b.g.TextGraphiteMetricsSender: Error writing to Graphite: Connection refused: no further information
java.net.ConnectException: Connection refused: no further information
	at java.base/sun.nio.ch.Net.pollConnect(Native Method) ~[?:?]
	at java.base/sun.nio.ch.Net.pollConnectNow(Net.java:672) ~[?:?]
	at java.base/sun.nio.ch.NioSocketImpl.timedFinishConnect(NioSocketImpl.java:547) ~[?:?]
	at java.base/sun.nio.ch.NioSocketImpl.connect(NioSocketImpl.java:602) ~[?:?]
	at java.base/java.net.SocksSocketImpl.connect(SocksSocketImpl.java:327) ~[?:?]
	at java.base/java.net.Socket.connect(Socket.java:633) ~[?:?]
	at org.apache.jmeter.visualizers.backend.graphite.SocketOutputStreamPoolFactory.create(SocketOutputStreamPoolFactory.java:76) ~[ApacheJMeter_components.jar:5.6.3]
	at org.apache.jmeter.visualizers.backend.graphite.SocketOutputStreamPoolFactory.makeObject(SocketOutputStreamPoolFactory.java:47) ~[ApacheJMeter_components.jar:5.6.3]
	at org.apache.jmeter.visualizers.backend.graphite.SocketOutputStreamPoolFactory.makeObject(SocketOutputStreamPoolFactory.java:33) ~[ApacheJMeter_components.jar:5.6.3]
	at org.apache.commons.pool2.impl.GenericKeyedObjectPool.create(GenericKeyedObjectPool.java:796) ~[commons-pool2-2.12.0.jar:2.12.0]
	at org.apache.commons.pool2.impl.GenericKeyedObjectPool.borrowObject(GenericKeyedObjectPool.java:444) ~[commons-pool2-2.12.0.jar:2.12.0]
	at org.apache.commons.pool2.impl.GenericKeyedObjectPool.borrowObject(GenericKeyedObjectPool.java:355) ~[commons-pool2-2.12.0.jar:2.12.0]
	at org.apache.jmeter.visualizers.backend.graphite.TextGraphiteMetricsSender.writeMetrics(TextGraphiteMetricsSender.java:110) [ApacheJMeter_components.jar:5.6.3]
	at org.apache.jmeter.visualizers.backend.graphite.TextGraphiteMetricsSender.writeAndSendMetrics(TextGraphiteMetricsSender.java:104) [ApacheJMeter_components.jar:5.6.3]
	at org.apache.jmeter.visualizers.backend.graphite.GraphiteBackendListenerClient.sendMetrics(GraphiteBackendListenerClient.java:186) [ApacheJMeter_components.jar:5.6.3]
	at org.apache.jmeter.visualizers.backend.graphite.GraphiteBackendListenerClient.run(GraphiteBackendListenerClient.java:149) [ApacheJMeter_components.jar:5.6.3]
	at java.base/java.util.concurrent.Executors$RunnableAdapter.call(Executors.java:539) [?:?]
	at java.base/java.util.concurrent.FutureTask.runAndReset(FutureTask.java:305) [?:?]
	at java.base/java.util.concurrent.ScheduledThreadPoolExecutor$ScheduledFutureTask.run(ScheduledThreadPoolExecutor.java:305) [?:?]
	at java.base/java.util.concurrent.ThreadPoolExecutor.runWorker(ThreadPoolExecutor.java:1136) [?:?]
	at java.base/java.util.concurrent.ThreadPoolExecutor$Worker.run(ThreadPoolExecutor.java:635) [?:?]
	at java.base/java.lang.Thread.run(Thread.java:842) [?:?]
2026-08-03 18:55:38,611 INFO o.a.j.t.JMeterThread: Thread is done: org.apache.jmeter.threads.JMeterThread@379a352a - T03_SigninOutllok_05P - validate password /s01-tpswwprod/B01C43E8AC2EE8B7BFD5FEC28279DFF918360F67809E8869DC0F3C7F60DB35FD-157
2026-08-03 18:55:38,611 INFO o.a.j.t.JMeterThread: Thread finished: org.apache.jmeter.threads.JMeterThread@379a352a - T03_SigninOutllok_05P - validate password /s01-tpswwprod/B01C43E8AC2EE8B7BFD5FEC28279DFF918360F67809E8869DC0F3C7F60DB35FD-157
2026-08-03 18:55:38,611 INFO o.a.j.t.JMeterThread: Thread started: parallel T03_SigninOutllok_05P
2026-08-03 18:55:38,711 INFO o.a.j.t.JMeterThread: Thread is done: org.apache.jmeter.threads.JMeterThread@379a352a - T03_SigninOutllok_05P - validate password /s01-tpswwprod/968AB88037AECA6B2E7A1EB965C99A9A9C614A81FD0296889E7C1EB265F4E9CD-545
2026-08-03 18:55:38,711 INFO o.a.j.t.JMeterThread: Thread finished: org.apache.jmeter.threads.JMeterThread@379a352a - T03_SigninOutllok_05P - validate password /s01-tpswwprod/968AB88037AECA6B2E7A1EB965C99A9A9C614A81FD0296889E7C1EB265F4E9CD-545
2026-08-03 18:55:38,711 INFO o.a.j.t.JMeterThread: Thread started: parallel T03_SigninOutllok_05P
2026-08-03 18:55:38,749 INFO o.a.j.t.JMeterThread: Thread is done: org.apache.jmeter.threads.JMeterThread@379a352a - T03_SigninOutllok_05P - validate password /conf/v2/o365se/fpconfig.min.json-171
2026-08-03 18:55:38,749 INFO o.a.j.t.JMeterThread: Thread finished: org.apache.jmeter.threads.JMeterThread@379a352a - T03_SigninOutllok_05P - validate password /conf/v2/o365se/fpconfig.min.json-171
2026-08-03 18:55:38,750 INFO o.a.j.t.JMeterThread: Thread started: parallel T03_SigninOutllok_05P
2026-08-03 18:55:38,750 WARN o.a.j.p.h.s.HTTPSamplerBase: Existing CookieManager HTTP Cookie Manager superseded by HTTP Cookie Manager
2026-08-03 18:55:38,761 INFO o.a.j.t.JMeterThread: Thread is done: org.apache.jmeter.threads.JMeterThread@379a352a - T03_SigninOutllok_05P - validate password /me-176
2026-08-03 18:55:38,761 INFO o.a.j.t.JMeterThread: Thread finished: org.apache.jmeter.threads.JMeterThread@379a352a - T03_SigninOutllok_05P - validate password /me-176
2026-08-03 18:55:38,861 INFO o.a.j.t.JMeterThread: Thread is done: org.apache.jmeter.threads.JMeterThread@379a352a - T03_SigninOutllok_05P - validate password /owamail/hashed-v1/resources/images/onedrive_24x-hash-e0d279de.m.svg-538
2026-08-03 18:55:38,861 INFO o.a.j.t.JMeterThread: Thread finished: org.apache.jmeter.threads.JMeterThread@379a352a - T03_SigninOutllok_05P - validate password /owamail/hashed-v1/resources/images/onedrive_24x-hash-e0d279de.m.svg-538
2026-08-03 18:55:38,878 INFO o.a.j.t.JMeterThread: Thread is done: org.apache.jmeter.threads.JMeterThread@379a352a - T03_SigninOutllok_05P - validate password /ows/api/beta/BootSettings/ReportSubmissionPolicy-161
2026-08-03 18:55:38,878 INFO o.a.j.t.JMeterThread: Thread finished: org.apache.jmeter.threads.JMeterThread@379a352a - T03_SigninOutllok_05P - validate password /ows/api/beta/BootSettings/ReportSubmissionPolicy-161
2026-08-03 18:55:38,927 INFO o.a.j.t.JMeterThread: Thread is done: org.apache.jmeter.threads.JMeterThread@379a352a - T03_SigninOutllok_05P - validate password /config/v1/OneShell/1.0.0.0-153
2026-08-03 18:55:38,927 INFO o.a.j.t.JMeterThread: Thread finished: org.apache.jmeter.threads.JMeterThread@379a352a - T03_SigninOutllok_05P - validate password /config/v1/OneShell/1.0.0.0-153
2026-08-03 18:55:38,977 INFO o.a.j.t.JMeterThread: Thread is done: org.apache.jmeter.threads.JMeterThread@379a352a - T03_SigninOutllok_05P - validate password /user/v1.0/web/policies-169
2026-08-03 18:55:38,977 INFO o.a.j.t.JMeterThread: Thread finished: org.apache.jmeter.threads.JMeterThread@379a352a - T03_SigninOutllok_05P - validate password /user/v1.0/web/policies-169
2026-08-03 18:55:39,160 INFO o.a.j.t.JMeterThread: Thread is done: org.apache.jmeter.threads.JMeterThread@379a352a - T03_SigninOutllok_05P - validate password /owa/service.svc?action=GetAttachmentPreviews&app=Mail&n=7-537
2026-08-03 18:55:39,160 INFO o.a.j.t.JMeterThread: Thread finished: org.apache.jmeter.threads.JMeterThread@379a352a - T03_SigninOutllok_05P - validate password /owa/service.svc?action=GetAttachmentPreviews&app=Mail&n=7-537
2026-08-03 18:55:39,160 WARN o.a.j.p.h.s.HTTPSamplerBase: Existing CookieManager HTTP Cookie Manager superseded by HTTP Cookie Manager
2026-08-03 18:55:39,240 INFO o.a.j.t.JMeterThread: Thread started: parallel T03_SigninOutllok_07P
2026-08-03 18:55:39,243 WARN o.a.j.p.h.s.HTTPSamplerBase: Existing CookieManager HTTP Cookie Manager superseded by HTTP Cookie Manager
2026-08-03 18:55:39,243 INFO o.a.j.t.JMeterThread: Thread started: parallel T03_SigninOutllok_07P
2026-08-03 18:55:39,243 WARN o.a.j.p.h.s.HTTPSamplerBase: Existing CookieManager HTTP Cookie Manager superseded by HTTP Cookie Manager
2026-08-03 18:55:39,538 ERROR o.a.j.v.b.g.TextGraphiteMetricsSender: Error writing to Graphite: Connection refused: no further information
java.net.ConnectException: Connection refused: no further information
	at java.base/sun.nio.ch.Net.pollConnect(Native Method) ~[?:?]
	at java.base/sun.nio.ch.Net.pollConnectNow(Net.java:672) ~[?:?]
	at java.base/sun.nio.ch.NioSocketImpl.timedFinishConnect(NioSocketImpl.java:547) ~[?:?]
	at java.base/sun.nio.ch.NioSocketImpl.connect(NioSocketImpl.java:602) ~[?:?]
	at java.base/java.net.SocksSocketImpl.connect(SocksSocketImpl.java:327) ~[?:?]
	at java.base/java.net.Socket.connect(Socket.java:633) ~[?:?]
	at org.apache.jmeter.visualizers.backend.graphite.SocketOutputStreamPoolFactory.create(SocketOutputStreamPoolFactory.java:76) ~[ApacheJMeter_components.jar:5.6.3]
	at org.apache.jmeter.visualizers.backend.graphite.SocketOutputStreamPoolFactory.makeObject(SocketOutputStreamPoolFactory.java:47) ~[ApacheJMeter_components.jar:5.6.3]
	at org.apache.jmeter.visualizers.backend.graphite.SocketOutputStreamPoolFactory.makeObject(SocketOutputStreamPoolFactory.java:33) ~[ApacheJMeter_components.jar:5.6.3]
	at org.apache.commons.pool2.impl.GenericKeyedObjectPool.create(GenericKeyedObjectPool.java:796) ~[commons-pool2-2.12.0.jar:2.12.0]
	at org.apache.commons.pool2.impl.GenericKeyedObjectPool.borrowObject(GenericKeyedObjectPool.java:444) ~[commons-pool2-2.12.0.jar:2.12.0]
	at org.apache.commons.pool2.impl.GenericKeyedObjectPool.borrowObject(GenericKeyedObjectPool.java:355) ~[commons-pool2-2.12.0.jar:2.12.0]
	at org.apache.jmeter.visualizers.backend.graphite.TextGraphiteMetricsSender.writeMetrics(TextGraphiteMetricsSender.java:110) [ApacheJMeter_components.jar:5.6.3]
	at org.apache.jmeter.visualizers.backend.graphite.TextGraphiteMetricsSender.writeAndSendMetrics(TextGraphiteMetricsSender.java:104) [ApacheJMeter_components.jar:5.6.3]
	at org.apache.jmeter.visualizers.backend.graphite.GraphiteBackendListenerClient.sendMetrics(GraphiteBackendListenerClient.java:186) [ApacheJMeter_components.jar:5.6.3]
	at org.apache.jmeter.visualizers.backend.graphite.GraphiteBackendListenerClient.run(GraphiteBackendListenerClient.java:149) [ApacheJMeter_components.jar:5.6.3]
	at java.base/java.util.concurrent.Executors$RunnableAdapter.call(Executors.java:539) [?:?]
	at java.base/java.util.concurrent.FutureTask.runAndReset(FutureTask.java:305) [?:?]
	at java.base/java.util.concurrent.ScheduledThreadPoolExecutor$ScheduledFutureTask.run(ScheduledThreadPoolExecutor.java:305) [?:?]
	at java.base/java.util.concurrent.ThreadPoolExecutor.runWorker(ThreadPoolExecutor.java:1136) [?:?]
	at java.base/java.util.concurrent.ThreadPoolExecutor$Worker.run(ThreadPoolExecutor.java:635) [?:?]
	at java.base/java.lang.Thread.run(Thread.java:842) [?:?]
2026-08-03 18:55:39,552 WARN o.a.j.p.h.s.HTTPSamplerBase: Existing CookieManager HTTP Cookie Manager superseded by HTTP Cookie Manager
2026-08-03 18:55:39,703 INFO o.a.j.t.JMeterThread: Thread is done: org.apache.jmeter.threads.JMeterThread@3ef10f5b - T03_SigninOutllok_07P - validate password /organizations/oauth2/v2.0/token?client-request-id=3ea7f779-3747-c6a5-ddaa-a468f5012af8-563
2026-08-03 18:55:39,709 INFO o.a.j.t.JMeterThread: Thread finished: org.apache.jmeter.threads.JMeterThread@3ef10f5b - T03_SigninOutllok_07P - validate password /organizations/oauth2/v2.0/token?client-request-id=3ea7f779-3747-c6a5-ddaa-a468f5012af8-563
2026-08-03 18:55:39,710 INFO o.a.j.t.JMeterThread: Thread is done: org.apache.jmeter.threads.JMeterThread@3ef10f5b - T03_SigninOutllok_07P - validate password /organizations/oauth2/v2.0/token?client-request-id=41615a61-890e-0823-6cd3-8c06fe604d89-561
2026-08-03 18:55:39,710 INFO o.a.j.t.JMeterThread: Thread finished: org.apache.jmeter.threads.JMeterThread@3ef10f5b - T03_SigninOutllok_07P - validate password /organizations/oauth2/v2.0/token?client-request-id=41615a61-890e-0823-6cd3-8c06fe604d89-561
2026-08-03 18:55:39,734 INFO o.a.j.t.JMeterThread: Thread started: parallel T03_SigninOutllok_08P
2026-08-03 18:55:39,742 INFO o.a.j.t.JMeterThread: Thread started: parallel T03_SigninOutllok_08P
2026-08-03 18:55:39,742 INFO o.a.j.t.JMeterThread: Thread started: parallel T03_SigninOutllok_08P
2026-08-03 18:55:39,742 INFO o.a.j.t.JMeterThread: Thread started: parallel T03_SigninOutllok_08P
2026-08-03 18:55:39,742 INFO o.a.j.t.JMeterThread: Thread started: parallel T03_SigninOutllok_08P
2026-08-03 18:55:39,742 INFO o.a.j.t.JMeterThread: Thread started: parallel T03_SigninOutllok_08P
2026-08-03 18:55:39,743 WARN o.a.j.p.h.s.HTTPSamplerBase: Existing CookieManager HTTP Cookie Manager superseded by HTTP Cookie Manager
2026-08-03 18:55:39,743 WARN o.a.j.p.h.s.HTTPSamplerBase: Existing CookieManager HTTP Cookie Manager superseded by HTTP Cookie Manager
2026-08-03 18:55:39,743 WARN o.a.j.p.h.s.HTTPSamplerBase: Existing CookieManager HTTP Cookie Manager superseded by HTTP Cookie Manager
2026-08-03 18:55:39,743 WARN o.a.j.p.h.s.HTTPSamplerBase: Existing CookieManager HTTP Cookie Manager superseded by HTTP Cookie Manager
2026-08-03 18:55:39,859 WARN o.a.j.p.h.s.HTTPSamplerBase: Existing CookieManager HTTP Cookie Manager superseded by HTTP Cookie Manager
2026-08-03 18:55:39,989 INFO o.a.j.t.JMeterThread: Thread is done: org.apache.jmeter.threads.JMeterThread@3ef10f5b - T03_SigninOutllok_08P - validate password /api/v1/livepersonacard/configuration?cultureName=en-GB-577
2026-08-03 18:55:39,989 INFO o.a.j.t.JMeterThread: Thread finished: org.apache.jmeter.threads.JMeterThread@3ef10f5b - T03_SigninOutllok_08P - validate password /api/v1/livepersonacard/configuration?cultureName=en-GB-577
2026-08-03 18:55:39,989 INFO o.a.j.t.JMeterThread: Thread started: parallel T03_SigninOutllok_08P
2026-08-03 18:55:39,992 WARN o.a.j.p.h.s.HTTPSamplerBase: Existing CookieManager HTTP Cookie Manager superseded by HTTP Cookie Manager
2026-08-03 18:55:40,009 INFO o.a.j.t.JMeterThread: Thread is done: org.apache.jmeter.threads.JMeterThread@3ef10f5b - T03_SigninOutllok_08P - validate password /api/myapps/GetAllApps?culture=en-GB-582
2026-08-03 18:55:40,009 INFO o.a.j.t.JMeterThread: Thread finished: org.apache.jmeter.threads.JMeterThread@3ef10f5b - T03_SigninOutllok_08P - validate password /api/myapps/GetAllApps?culture=en-GB-582
2026-08-03 18:55:40,009 INFO o.a.j.t.JMeterThread: Thread is done: org.apache.jmeter.threads.JMeterThread@3ef10f5b - T03_SigninOutllok_08P - validate password /api/storage/SystemMetadata/User/AppsPinnedData-568
2026-08-03 18:55:40,009 INFO o.a.j.t.JMeterThread: Thread finished: org.apache.jmeter.threads.JMeterThread@3ef10f5b - T03_SigninOutllok_08P - validate password /api/storage/SystemMetadata/User/AppsPinnedData-568
2026-08-03 18:55:40,009 INFO o.a.j.t.JMeterThread: Thread started: parallel T03_SigninOutllok_08P
2026-08-03 18:55:40,009 INFO o.a.j.t.JMeterThread: Thread started: parallel T03_SigninOutllok_08P
2026-08-03 18:55:40,009 WARN o.a.j.p.h.s.HTTPSamplerBase: Existing CookieManager HTTP Cookie Manager superseded by HTTP Cookie Manager
2026-08-03 18:55:40,009 WARN o.a.j.p.h.s.HTTPSamplerBase: Existing CookieManager HTTP Cookie Manager superseded by HTTP Cookie Manager
2026-08-03 18:55:40,110 INFO o.a.j.t.JMeterThread: Thread is done: org.apache.jmeter.threads.JMeterThread@3ef10f5b - T03_SigninOutllok_08P - validate password /owa/service.svc?action=GetComplianceConfiguration&app=Mail&n=14-541
2026-08-03 18:55:40,110 INFO o.a.j.t.JMeterThread: Thread finished: org.apache.jmeter.threads.JMeterThread@3ef10f5b - T03_SigninOutllok_08P - validate password /owa/service.svc?action=GetComplianceConfiguration&app=Mail&n=14-541
2026-08-03 18:55:40,110 INFO o.a.j.t.JMeterThread: Thread started: parallel T03_SigninOutllok_08P
2026-08-03 18:55:40,126 INFO o.a.j.t.JMeterThread: Thread is done: org.apache.jmeter.threads.JMeterThread@3ef10f5b - T03_SigninOutllok_08P - validate password /ows/v1.0/OutlookOptions-556
2026-08-03 18:55:40,126 INFO o.a.j.t.JMeterThread: Thread finished: org.apache.jmeter.threads.JMeterThread@3ef10f5b - T03_SigninOutllok_08P - validate password /ows/v1.0/OutlookOptions-556
2026-08-03 18:55:40,126 INFO o.a.j.t.JMeterThread: Thread started: parallel T03_SigninOutllok_08P
2026-08-03 18:55:40,176 INFO o.a.j.r.Summariser: summary +     31 in 00:00:06 =    5.1/s Avg:   462 Min:    41 Max:  4332 Err:     0 (0.00%) Active: 3 Started: 1181 Finished: 1178
2026-08-03 18:55:40,176 INFO o.a.j.r.Summariser: summary =    280 in 00:00:58 =    4.9/s Avg:   490 Min:    16 Max:  5121 Err:     3 (1.07%)
2026-08-03 18:55:40,176 WARN o.a.j.p.h.s.HTTPSamplerBase: Existing CookieManager HTTP Cookie Manager superseded by HTTP Cookie Manager
2026-08-03 18:55:40,193 INFO o.a.j.t.JMeterThread: Thread is done: org.apache.jmeter.threads.JMeterThread@3ef10f5b - T03_SigninOutllok_08P - validate password /api/v1/livepersonacard/configuration-585
2026-08-03 18:55:40,193 INFO o.a.j.t.JMeterThread: Thread finished: org.apache.jmeter.threads.JMeterThread@3ef10f5b - T03_SigninOutllok_08P - validate password /api/v1/livepersonacard/configuration-585
2026-08-03 18:55:40,193 INFO o.a.j.t.JMeterThread: Thread is done: org.apache.jmeter.threads.JMeterThread@3ef10f5b - T03_SigninOutllok_08P - validate password /outlookcopilot/mailIntelligence/v2.0/copilotsettings-559
2026-08-03 18:55:40,193 INFO o.a.j.t.JMeterThread: Thread finished: org.apache.jmeter.threads.JMeterThread@3ef10f5b - T03_SigninOutllok_08P - validate password /outlookcopilot/mailIntelligence/v2.0/copilotsettings-559
2026-08-03 18:55:40,293 INFO o.a.j.t.JMeterThread: Thread is done: org.apache.jmeter.threads.JMeterThread@3ef10f5b - T03_SigninOutllok_08P - validate password /api/v1/livepersonacard/configuration?cultureName=en-GB-607
2026-08-03 18:55:40,293 INFO o.a.j.t.JMeterThread: Thread finished: org.apache.jmeter.threads.JMeterThread@3ef10f5b - T03_SigninOutllok_08P - validate password /api/v1/livepersonacard/configuration?cultureName=en-GB-607
2026-08-03 18:55:40,327 INFO o.a.j.t.JMeterThread: Thread is done: org.apache.jmeter.threads.JMeterThread@3ef10f5b - T03_SigninOutllok_08P - validate password /outlookcopilot/mailIntelligence/v4.0/copilotUserPreferences-583
2026-08-03 18:55:40,327 INFO o.a.j.t.JMeterThread: Thread finished: org.apache.jmeter.threads.JMeterThread@3ef10f5b - T03_SigninOutllok_08P - validate password /outlookcopilot/mailIntelligence/v4.0/copilotUserPreferences-583
2026-08-03 18:55:40,343 INFO o.a.j.t.JMeterThread: Thread is done: org.apache.jmeter.threads.JMeterThread@3ef10f5b - T03_SigninOutllok_08P - validate password /api/v1/livepersonacard/configuration-616
2026-08-03 18:55:40,343 INFO o.a.j.t.JMeterThread: Thread finished: org.apache.jmeter.threads.JMeterThread@3ef10f5b - T03_SigninOutllok_08P - validate password /api/v1/livepersonacard/configuration-616
2026-08-03 18:55:40,377 INFO o.a.j.t.JMeterThread: Thread is done: org.apache.jmeter.threads.JMeterThread@3ef10f5b - T03_SigninOutllok_08P - validate password /ows/v1.0/OutlookOptions/MailLayout?n=17&cri=a91ae634-0dbd-6200-9168-ec0957d0e6ef&cv=vHWyfbsM51acLkffDosbHY.18-586
2026-08-03 18:55:40,377 INFO o.a.j.t.JMeterThread: Thread finished: org.apache.jmeter.threads.JMeterThread@3ef10f5b - T03_SigninOutllok_08P - validate password /ows/v1.0/OutlookOptions/MailLayout?n=17&cri=a91ae634-0dbd-6200-9168-ec0957d0e6ef&cv=vHWyfbsM51acLkffDosbHY.18-586
2026-08-03 18:55:40,395 INFO o.a.j.t.JMeterThread: Thread started: parallel T03_SigninOutllok_09P
2026-08-03 18:55:40,395 INFO o.a.j.t.JMeterThread: Thread started: parallel T03_SigninOutllok_09P
2026-08-03 18:55:40,395 INFO o.a.j.t.JMeterThread: Thread started: parallel T03_SigninOutllok_09P
2026-08-03 18:55:40,395 WARN o.a.j.p.h.s.HTTPSamplerBase: Existing CookieManager HTTP Cookie Manager superseded by HTTP Cookie Manager
2026-08-03 18:55:40,395 INFO o.a.j.t.JMeterThread: Thread started: parallel T03_SigninOutllok_09P
2026-08-03 18:55:40,395 INFO o.a.j.t.JMeterThread: Thread started: parallel T03_SigninOutllok_09P
2026-08-03 18:55:40,395 WARN o.a.j.p.h.s.HTTPSamplerBase: Existing CookieManager HTTP Cookie Manager superseded by HTTP Cookie Manager
2026-08-03 18:55:40,395 INFO o.a.j.t.JMeterThread: Thread started: parallel T03_SigninOutllok_09P
2026-08-03 18:55:40,395 WARN o.a.j.p.h.s.HTTPSamplerBase: Existing CookieManager HTTP Cookie Manager superseded by HTTP Cookie Manager
2026-08-03 18:55:40,520 WARN o.a.j.p.h.s.HTTPSamplerBase: Existing CookieManager HTTP Cookie Manager superseded by HTTP Cookie Manager
2026-08-03 18:55:40,535 ERROR o.a.j.v.b.g.TextGraphiteMetricsSender: Error writing to Graphite: Connection refused: no further information
java.net.ConnectException: Connection refused: no further information
	at java.base/sun.nio.ch.Net.pollConnect(Native Method) ~[?:?]
	at java.base/sun.nio.ch.Net.pollConnectNow(Net.java:672) ~[?:?]
	at java.base/sun.nio.ch.NioSocketImpl.timedFinishConnect(NioSocketImpl.java:547) ~[?:?]
	at java.base/sun.nio.ch.NioSocketImpl.connect(NioSocketImpl.java:602) ~[?:?]
	at java.base/java.net.SocksSocketImpl.connect(SocksSocketImpl.java:327) ~[?:?]
	at java.base/java.net.Socket.connect(Socket.java:633) ~[?:?]
	at org.apache.jmeter.visualizers.backend.graphite.SocketOutputStreamPoolFactory.create(SocketOutputStreamPoolFactory.java:76) ~[ApacheJMeter_components.jar:5.6.3]
	at org.apache.jmeter.visualizers.backend.graphite.SocketOutputStreamPoolFactory.makeObject(SocketOutputStreamPoolFactory.java:47) ~[ApacheJMeter_components.jar:5.6.3]
	at org.apache.jmeter.visualizers.backend.graphite.SocketOutputStreamPoolFactory.makeObject(SocketOutputStreamPoolFactory.java:33) ~[ApacheJMeter_components.jar:5.6.3]
	at org.apache.commons.pool2.impl.GenericKeyedObjectPool.create(GenericKeyedObjectPool.java:796) ~[commons-pool2-2.12.0.jar:2.12.0]
	at org.apache.commons.pool2.impl.GenericKeyedObjectPool.borrowObject(GenericKeyedObjectPool.java:444) ~[commons-pool2-2.12.0.jar:2.12.0]
	at org.apache.commons.pool2.impl.GenericKeyedObjectPool.borrowObject(GenericKeyedObjectPool.java:355) ~[commons-pool2-2.12.0.jar:2.12.0]
	at org.apache.jmeter.visualizers.backend.graphite.TextGraphiteMetricsSender.writeMetrics(TextGraphiteMetricsSender.java:110) [ApacheJMeter_components.jar:5.6.3]
	at org.apache.jmeter.visualizers.backend.graphite.TextGraphiteMetricsSender.writeAndSendMetrics(TextGraphiteMetricsSender.java:104) [ApacheJMeter_components.jar:5.6.3]
	at org.apache.jmeter.visualizers.backend.graphite.GraphiteBackendListenerClient.sendMetrics(GraphiteBackendListenerClient.java:186) [ApacheJMeter_components.jar:5.6.3]
	at org.apache.jmeter.visualizers.backend.graphite.GraphiteBackendListenerClient.run(GraphiteBackendListenerClient.java:149) [ApacheJMeter_components.jar:5.6.3]
	at java.base/java.util.concurrent.Executors$RunnableAdapter.call(Executors.java:539) [?:?]
	at java.base/java.util.concurrent.FutureTask.runAndReset(FutureTask.java:305) [?:?]
	at java.base/java.util.concurrent.ScheduledThreadPoolExecutor$ScheduledFutureTask.run(ScheduledThreadPoolExecutor.java:305) [?:?]
	at java.base/java.util.concurrent.ThreadPoolExecutor.runWorker(ThreadPoolExecutor.java:1136) [?:?]
	at java.base/java.util.concurrent.ThreadPoolExecutor$Worker.run(ThreadPoolExecutor.java:635) [?:?]
	at java.base/java.lang.Thread.run(Thread.java:842) [?:?]
2026-08-03 18:55:40,592 INFO o.a.j.t.JMeterThread: Thread is done: org.apache.jmeter.threads.JMeterThread@3ef10f5b - T03_SigninOutllok_09P - validate password /owamail/hashed-v1/resources/graphql/schema.all.min-hash-4d0b317d.graphql-624
2026-08-03 18:55:40,592 INFO o.a.j.t.JMeterThread: Thread finished: org.apache.jmeter.threads.JMeterThread@3ef10f5b - T03_SigninOutllok_09P - validate password /owamail/hashed-v1/resources/graphql/schema.all.min-hash-4d0b317d.graphql-624
2026-08-03 18:55:40,592 INFO o.a.j.t.JMeterThread: Thread started: parallel T03_SigninOutllok_09P
2026-08-03 18:55:40,592 WARN o.a.j.p.h.s.HTTPSamplerBase: Existing CookieManager HTTP Cookie Manager superseded by HTTP Cookie Manager
2026-08-03 18:55:40,726 INFO o.a.j.t.JMeterThread: Thread started: parallel T03_SigninOutllok_02P
2026-08-03 18:55:40,726 INFO o.a.j.t.JMeterThread: Thread started: parallel T03_SigninOutllok_02P
2026-08-03 18:55:40,726 INFO o.a.j.t.JMeterThread: Thread started: parallel T03_SigninOutllok_02P
2026-08-03 18:55:40,726 WARN o.a.j.p.h.s.HTTPSamplerBase: Existing CookieManager HTTP Cookie Manager superseded by HTTP Cookie Manager
2026-08-03 18:55:40,726 INFO o.a.j.t.JMeterThread: Thread started: parallel T03_SigninOutllok_02P
2026-08-03 18:55:40,726 WARN o.a.j.p.h.s.HTTPSamplerBase: Existing CookieManager HTTP Cookie Manager superseded by HTTP Cookie Manager
2026-08-03 18:55:40,726 WARN o.a.j.p.h.s.HTTPSamplerBase: Existing CookieManager HTTP Cookie Manager superseded by HTTP Cookie Manager
2026-08-03 18:55:40,742 INFO o.a.j.t.JMeterThread: Thread is done: org.apache.jmeter.threads.JMeterThread@3ef10f5b - T03_SigninOutllok_09P - validate password /owa/published/service.svc?action=GetTimeZoneOffsets&app=Mail&n=2-609
2026-08-03 18:55:40,742 INFO o.a.j.t.JMeterThread: Thread finished: org.apache.jmeter.threads.JMeterThread@3ef10f5b - T03_SigninOutllok_09P - validate password /owa/published/service.svc?action=GetTimeZoneOffsets&app=Mail&n=2-609
2026-08-03 18:55:40,742 INFO o.a.j.t.JMeterThread: Thread started: parallel T03_SigninOutllok_09P
2026-08-03 18:55:40,742 WARN o.a.j.p.h.s.HTTPSamplerBase: Existing CookieManager HTTP Cookie Manager superseded by HTTP Cookie Manager
2026-08-03 18:55:40,761 INFO o.a.j.t.JMeterThread: Thread is done: org.apache.jmeter.threads.JMeterThread@3ef10f5b - T03_SigninOutllok_09P - validate password /owa/published/service.svc?action=GetTimeZoneOffsets&app=Mail&n=0-614
2026-08-03 18:55:40,761 INFO o.a.j.t.JMeterThread: Thread finished: org.apache.jmeter.threads.JMeterThread@3ef10f5b - T03_SigninOutllok_09P - validate password /owa/published/service.svc?action=GetTimeZoneOffsets&app=Mail&n=0-614
2026-08-03 18:55:40,772 INFO o.a.j.t.JMeterThread: Thread is done: org.apache.jmeter.threads.JMeterThread@3ef10f5b - T03_SigninOutllok_09P - validate password /owa/service.svc?action=GetTimeZone&app=Mail&n=1-611
2026-08-03 18:55:40,772 INFO o.a.j.t.JMeterThread: Thread finished: org.apache.jmeter.threads.JMeterThread@3ef10f5b - T03_SigninOutllok_09P - validate password /owa/service.svc?action=GetTimeZone&app=Mail&n=1-611
2026-08-03 18:55:40,777 INFO o.a.j.t.JMeterThread: Thread is done: org.apache.jmeter.threads.JMeterThread@3ef10f5b - T03_SigninOutllok_09P - validate password /owa/service.svc?action=GetTimeZone&app=Mail&n=3-613
2026-08-03 18:55:40,777 INFO o.a.j.t.JMeterThread: Thread finished: org.apache.jmeter.threads.JMeterThread@3ef10f5b - T03_SigninOutllok_09P - validate password /owa/service.svc?action=GetTimeZone&app=Mail&n=3-613
2026-08-03 18:55:40,842 INFO o.a.j.t.JMeterThread: Thread is done: org.apache.jmeter.threads.JMeterThread@3ef10f5b - T03_SigninOutllok_09P - validate password /api/myapps/GetAllApps-588
2026-08-03 18:55:40,842 INFO o.a.j.t.JMeterThread: Thread finished: org.apache.jmeter.threads.JMeterThread@3ef10f5b - T03_SigninOutllok_09P - validate password /api/myapps/GetAllApps-588
2026-08-03 18:55:40,998 INFO o.a.j.t.JMeterThread: Thread is done: org.apache.jmeter.threads.JMeterThread@3ef10f5b - T03_SigninOutllok_09P - validate password /owa/service.svc?action=GetOwaNonBootUserConfiguration&app=Mail&n=4-634
2026-08-03 18:55:40,998 INFO o.a.j.t.JMeterThread: Thread finished: org.apache.jmeter.threads.JMeterThread@3ef10f5b - T03_SigninOutllok_09P - validate password /owa/service.svc?action=GetOwaNonBootUserConfiguration&app=Mail&n=4-634
2026-08-03 18:55:41,059 INFO o.a.j.t.JMeterThread: Thread is done: org.apache.jmeter.threads.JMeterThread@100c0119 - T03_SigninOutllok_02P - validate password /owa/published/service.svc?action=GetTimeZoneOffsets&app=Mail&n=3-120
2026-08-03 18:55:41,059 INFO o.a.j.t.JMeterThread: Thread finished: org.apache.jmeter.threads.JMeterThread@100c0119 - T03_SigninOutllok_02P - validate password /owa/published/service.svc?action=GetTimeZoneOffsets&app=Mail&n=3-120
2026-08-03 18:55:41,059 INFO o.a.j.t.JMeterThread: Thread is done: org.apache.jmeter.threads.JMeterThread@100c0119 - T03_SigninOutllok_02P - validate password /owa/service.svc?action=GetFolderChangeDigest&app=Mail&n=2-119
2026-08-03 18:55:41,059 INFO o.a.j.t.JMeterThread: Thread finished: org.apache.jmeter.threads.JMeterThread@100c0119 - T03_SigninOutllok_02P - validate password /owa/service.svc?action=GetFolderChangeDigest&app=Mail&n=2-119
2026-08-03 18:55:41,077 INFO o.a.j.t.JMeterThread: Thread is done: org.apache.jmeter.threads.JMeterThread@100c0119 - T03_SigninOutllok_02P - validate password /owa/service.svc?action=GetTimeZone&app=Mail&n=4-123
2026-08-03 18:55:41,077 INFO o.a.j.t.JMeterThread: Thread finished: org.apache.jmeter.threads.JMeterThread@100c0119 - T03_SigninOutllok_02P - validate password /owa/service.svc?action=GetTimeZone&app=Mail&n=4-123
2026-08-03 18:55:41,092 INFO o.a.j.t.JMeterThread: Thread is done: org.apache.jmeter.threads.JMeterThread@100c0119 - T03_SigninOutllok_02P - validate password /owa/service.svc?action=GetFolderChangeDigest&app=Mail&n=1-121
2026-08-03 18:55:41,092 INFO o.a.j.t.JMeterThread: Thread finished: org.apache.jmeter.threads.JMeterThread@100c0119 - T03_SigninOutllok_02P - validate password /owa/service.svc?action=GetFolderChangeDigest&app=Mail&n=1-121
2026-08-03 18:55:41,094 WARN o.a.j.p.h.s.HTTPSamplerBase: Existing CookieManager HTTP Cookie Manager superseded by HTTP Cookie Manager
2026-08-03 18:55:41,159 WARN o.a.j.p.h.s.HTTPSamplerBase: Existing CookieManager HTTP Cookie Manager superseded by HTTP Cookie Manager
2026-08-03 18:55:41,177 INFO o.a.j.t.JMeterThread: Thread is done: org.apache.jmeter.threads.JMeterThread@3ef10f5b - T03_SigninOutllok_09P - validate password /organizations/oauth2/v2.0/token?client-request-id=2ffeab41-0b01-281d-9763-66361f2097d5-660
2026-08-03 18:55:41,177 INFO o.a.j.t.JMeterThread: Thread finished: org.apache.jmeter.threads.JMeterThread@3ef10f5b - T03_SigninOutllok_09P - validate password /organizations/oauth2/v2.0/token?client-request-id=2ffeab41-0b01-281d-9763-66361f2097d5-660
2026-08-03 18:55:41,210 INFO o.a.j.t.JMeterThread: Thread started: parallel T03_SigninOutllok_10P
2026-08-03 18:55:41,210 INFO o.a.j.t.JMeterThread: Thread started: parallel T03_SigninOutllok_10P
2026-08-03 18:55:41,210 INFO o.a.j.t.JMeterThread: Thread started: parallel T03_SigninOutllok_10P
2026-08-03 18:55:41,210 INFO o.a.j.t.JMeterThread: Thread started: parallel T03_SigninOutllok_10P
2026-08-03 18:55:41,210 WARN o.a.j.p.h.s.HTTPSamplerBase: Existing CookieManager HTTP Cookie Manager superseded by HTTP Cookie Manager
2026-08-03 18:55:41,210 WARN o.a.j.p.h.s.HTTPSamplerBase: Existing CookieManager HTTP Cookie Manager superseded by HTTP Cookie Manager
2026-08-03 18:55:41,211 WARN o.a.j.p.h.s.HTTPSamplerBase: Existing CookieManager HTTP Cookie Manager superseded by HTTP Cookie Manager
2026-08-03 18:55:41,210 INFO o.a.j.t.JMeterThread: Thread started: parallel T03_SigninOutllok_10P
2026-08-03 18:55:41,210 WARN o.a.j.p.h.s.HTTPSamplerBase: Existing CookieManager HTTP Cookie Manager superseded by HTTP Cookie Manager
2026-08-03 18:55:41,211 WARN o.a.j.p.h.s.HTTPSamplerBase: Existing CookieManager HTTP Cookie Manager superseded by HTTP Cookie Manager
2026-08-03 18:55:41,535 ERROR o.a.j.v.b.g.TextGraphiteMetricsSender: Error writing to Graphite: Connection refused: no further information
java.net.ConnectException: Connection refused: no further information
	at java.base/sun.nio.ch.Net.pollConnect(Native Method) ~[?:?]
	at java.base/sun.nio.ch.Net.pollConnectNow(Net.java:672) ~[?:?]
	at java.base/sun.nio.ch.NioSocketImpl.timedFinishConnect(NioSocketImpl.java:547) ~[?:?]
	at java.base/sun.nio.ch.NioSocketImpl.connect(NioSocketImpl.java:602) ~[?:?]
	at java.base/java.net.SocksSocketImpl.connect(SocksSocketImpl.java:327) ~[?:?]
	at java.base/java.net.Socket.connect(Socket.java:633) ~[?:?]
	at org.apache.jmeter.visualizers.backend.graphite.SocketOutputStreamPoolFactory.create(SocketOutputStreamPoolFactory.java:76) ~[ApacheJMeter_components.jar:5.6.3]
	at org.apache.jmeter.visualizers.backend.graphite.SocketOutputStreamPoolFactory.makeObject(SocketOutputStreamPoolFactory.java:47) ~[ApacheJMeter_components.jar:5.6.3]
	at org.apache.jmeter.visualizers.backend.graphite.SocketOutputStreamPoolFactory.makeObject(SocketOutputStreamPoolFactory.java:33) ~[ApacheJMeter_components.jar:5.6.3]
	at org.apache.commons.pool2.impl.GenericKeyedObjectPool.create(GenericKeyedObjectPool.java:796) ~[commons-pool2-2.12.0.jar:2.12.0]
	at org.apache.commons.pool2.impl.GenericKeyedObjectPool.borrowObject(GenericKeyedObjectPool.java:444) ~[commons-pool2-2.12.0.jar:2.12.0]
	at org.apache.commons.pool2.impl.GenericKeyedObjectPool.borrowObject(GenericKeyedObjectPool.java:355) ~[commons-pool2-2.12.0.jar:2.12.0]
	at org.apache.jmeter.visualizers.backend.graphite.TextGraphiteMetricsSender.writeMetrics(TextGraphiteMetricsSender.java:110) [ApacheJMeter_components.jar:5.6.3]
	at org.apache.jmeter.visualizers.backend.graphite.TextGraphiteMetricsSender.writeAndSendMetrics(TextGraphiteMetricsSender.java:104) [ApacheJMeter_components.jar:5.6.3]
	at org.apache.jmeter.visualizers.backend.graphite.GraphiteBackendListenerClient.sendMetrics(GraphiteBackendListenerClient.java:186) [ApacheJMeter_components.jar:5.6.3]
	at org.apache.jmeter.visualizers.backend.graphite.GraphiteBackendListenerClient.run(GraphiteBackendListenerClient.java:149) [ApacheJMeter_components.jar:5.6.3]
	at java.base/java.util.concurrent.Executors$RunnableAdapter.call(Executors.java:539) [?:?]
	at java.base/java.util.concurrent.FutureTask.runAndReset(FutureTask.java:305) [?:?]
	at java.base/java.util.concurrent.ScheduledThreadPoolExecutor$ScheduledFutureTask.run(ScheduledThreadPoolExecutor.java:305) [?:?]
	at java.base/java.util.concurrent.ThreadPoolExecutor.runWorker(ThreadPoolExecutor.java:1136) [?:?]
	at java.base/java.util.concurrent.ThreadPoolExecutor$Worker.run(ThreadPoolExecutor.java:635) [?:?]
	at java.base/java.lang.Thread.run(Thread.java:842) [?:?]
2026-08-03 18:55:41,542 INFO o.a.j.t.JMeterThread: Thread is done: org.apache.jmeter.threads.JMeterThread@3ef10f5b - T03_SigninOutllok_10P - validate password /owa/service.svc?action=FindFolder&app=Mail&n=6-655
2026-08-03 18:55:41,542 INFO o.a.j.t.JMeterThread: Thread finished: org.apache.jmeter.threads.JMeterThread@3ef10f5b - T03_SigninOutllok_10P - validate password /owa/service.svc?action=FindFolder&app=Mail&n=6-655
2026-08-03 18:55:41,542 INFO o.a.j.t.JMeterThread: Thread is done: org.apache.jmeter.threads.JMeterThread@3ef10f5b - T03_SigninOutllok_10P - validate password /owa/service.svc?action=FindConversation&app=Mail&n=5-654
2026-08-03 18:55:41,542 INFO o.a.j.t.JMeterThread: Thread finished: org.apache.jmeter.threads.JMeterThread@3ef10f5b - T03_SigninOutllok_10P - validate password /owa/service.svc?action=FindConversation&app=Mail&n=5-654
2026-08-03 18:55:41,551 INFO o.a.j.t.JMeterThread: Thread is done: org.apache.jmeter.threads.JMeterThread@3ef10f5b - T03_SigninOutllok_10P - validate password /owa/service.svc?action=FindFolder&app=Mail&n=8-656
2026-08-03 18:55:41,551 INFO o.a.j.t.JMeterThread: Thread is done: org.apache.jmeter.threads.JMeterThread@3ef10f5b - T03_SigninOutllok_10P - validate password /ows/beta/RoamingSignatures/GetRoamingSignaturesStatus-668
2026-08-03 18:55:41,551 INFO o.a.j.t.JMeterThread: Thread finished: org.apache.jmeter.threads.JMeterThread@3ef10f5b - T03_SigninOutllok_10P - validate password /owa/service.svc?action=FindFolder&app=Mail&n=8-656
2026-08-03 18:55:41,551 INFO o.a.j.t.JMeterThread: Thread finished: org.apache.jmeter.threads.JMeterThread@3ef10f5b - T03_SigninOutllok_10P - validate password /ows/beta/RoamingSignatures/GetRoamingSignaturesStatus-668
2026-08-03 18:55:41,575 INFO o.a.j.t.JMeterThread: Thread is done: org.apache.jmeter.threads.JMeterThread@3ef10f5b - T03_SigninOutllok_10P - validate password /owa/service.svc?action=GetFolder&app=Mail&n=7-662
2026-08-03 18:55:41,575 INFO o.a.j.t.JMeterThread: Thread finished: org.apache.jmeter.threads.JMeterThread@3ef10f5b - T03_SigninOutllok_10P - validate password /owa/service.svc?action=GetFolder&app=Mail&n=7-662
2026-08-03 18:55:41,592 INFO o.a.j.t.JMeterThread: Thread started: parallel T03_SigninOutllok_11P
2026-08-03 18:55:41,592 INFO o.a.j.t.JMeterThread: Thread started: parallel T03_SigninOutllok_11P
2026-08-03 18:55:41,592 INFO o.a.j.t.JMeterThread: Thread started: parallel T03_SigninOutllok_11P
2026-08-03 18:55:41,592 INFO o.a.j.t.JMeterThread: Thread started: parallel T03_SigninOutllok_11P
2026-08-03 18:55:41,658 INFO o.a.j.t.JMeterThread: Thread started: parallel T03_SigninOutllok_04P
2026-08-03 18:55:41,658 INFO o.a.j.t.JMeterThread: Thread started: parallel T03_SigninOutllok_04P
2026-08-03 18:55:41,658 INFO o.a.j.t.JMeterThread: Thread started: parallel T03_SigninOutllok_04P
2026-08-03 18:55:41,658 INFO o.a.j.t.JMeterThread: Thread started: parallel T03_SigninOutllok_04P
2026-08-03 18:55:41,658 INFO o.a.j.t.JMeterThread: Thread started: parallel T03_SigninOutllok_04P
2026-08-03 18:55:41,658 INFO o.a.j.t.JMeterThread: Thread started: parallel T03_SigninOutllok_04P
2026-08-03 18:55:41,825 INFO o.a.j.t.JMeterThread: Thread is done: org.apache.jmeter.threads.JMeterThread@100c0119 - T03_SigninOutllok_04P - validate password /owamail/hashed-v1/resources/images/Mail_22px-hash-ef494f7f.m.svg-145
2026-08-03 18:55:41,825 INFO o.a.j.t.JMeterThread: Thread finished: org.apache.jmeter.threads.JMeterThread@100c0119 - T03_SigninOutllok_04P - validate password /owamail/hashed-v1/resources/images/Mail_22px-hash-ef494f7f.m.svg-145
2026-08-03 18:55:41,825 INFO o.a.j.t.JMeterThread: Thread is done: org.apache.jmeter.threads.JMeterThread@100c0119 - T03_SigninOutllok_04P - validate password /owamail/hashed-v1/resources/images/Calendar_22px-hash-4b5e2360.m.svg-146
2026-08-03 18:55:41,825 INFO o.a.j.t.JMeterThread: Thread finished: org.apache.jmeter.threads.JMeterThread@100c0119 - T03_SigninOutllok_04P - validate password /owamail/hashed-v1/resources/images/Calendar_22px-hash-4b5e2360.m.svg-146
2026-08-03 18:55:41,825 INFO o.a.j.t.JMeterThread: Thread is done: org.apache.jmeter.threads.JMeterThread@100c0119 - T03_SigninOutllok_04P - validate password /owamail/hashed-v1/resources/fonts/light-icons-hash-21e1c146.m.woff2-139
2026-08-03 18:55:41,825 INFO o.a.j.t.JMeterThread: Thread started: parallel T03_SigninOutllok_04P
2026-08-03 18:55:41,825 INFO o.a.j.t.JMeterThread: Thread finished: org.apache.jmeter.threads.JMeterThread@100c0119 - T03_SigninOutllok_04P - validate password /owamail/hashed-v1/resources/fonts/light-icons-hash-21e1c146.m.woff2-139
2026-08-03 18:55:41,825 INFO o.a.j.t.JMeterThread: Thread started: parallel T03_SigninOutllok_04P
2026-08-03 18:55:41,837 INFO o.a.j.t.JMeterThread: Thread is done: org.apache.jmeter.threads.JMeterThread@100c0119 - T03_SigninOutllok_04P - validate password /owamail/hashed-v1/resources/fonts/FluentSystemIcons-Regular-hash-fe13cdba.m.woff2-140
2026-08-03 18:55:41,837 INFO o.a.j.t.JMeterThread: Thread is done: org.apache.jmeter.threads.JMeterThread@100c0119 - T03_SigninOutllok_04P - validate password /owamail/hashed-v1/resources/fonts/FluentSystemIcons-Resizable-hash-f808aee0.m.woff2-141
2026-08-03 18:55:41,837 INFO o.a.j.t.JMeterThread: Thread finished: org.apache.jmeter.threads.JMeterThread@100c0119 - T03_SigninOutllok_04P - validate password /owamail/hashed-v1/resources/fonts/FluentSystemIcons-Regular-hash-fe13cdba.m.woff2-140
2026-08-03 18:55:41,837 INFO o.a.j.t.JMeterThread: Thread finished: org.apache.jmeter.threads.JMeterThread@100c0119 - T03_SigninOutllok_04P - validate password /owamail/hashed-v1/resources/fonts/FluentSystemIcons-Resizable-hash-f808aee0.m.woff2-141
2026-08-03 18:55:41,842 INFO o.a.j.t.JMeterThread: Thread is done: org.apache.jmeter.threads.JMeterThread@100c0119 - T03_SigninOutllok_04P - validate password /assets/mail/illustrations/noMailSelected/v2/light.svg-142
2026-08-03 18:55:41,842 INFO o.a.j.t.JMeterThread: Thread finished: org.apache.jmeter.threads.JMeterThread@100c0119 - T03_SigninOutllok_04P - validate password /assets/mail/illustrations/noMailSelected/v2/light.svg-142
2026-08-03 18:55:41,879 INFO o.a.j.t.JMeterThread: Thread started: parallel T03_SigninOutllok_07P
2026-08-03 18:55:41,879 INFO o.a.j.t.JMeterThread: Thread started: parallel T03_SigninOutllok_07P
2026-08-03 18:55:41,879 WARN o.a.j.p.h.s.HTTPSamplerBase: Existing CookieManager HTTP Cookie Manager superseded by HTTP Cookie Manager
2026-08-03 18:55:41,879 WARN o.a.j.p.h.s.HTTPSamplerBase: Existing CookieManager HTTP Cookie Manager superseded by HTTP Cookie Manager
2026-08-03 18:55:41,957 INFO o.a.j.t.JMeterThread: Thread is done: org.apache.jmeter.threads.JMeterThread@100c0119 - T03_SigninOutllok_04P - validate password /owamail/hashed-v1/resources/images/People_22px-hash-6b8f0c5c.m.svg-150
2026-08-03 18:55:41,957 INFO o.a.j.t.JMeterThread: Thread finished: org.apache.jmeter.threads.JMeterThread@100c0119 - T03_SigninOutllok_04P - validate password /owamail/hashed-v1/resources/images/People_22px-hash-6b8f0c5c.m.svg-150
2026-08-03 18:55:41,958 INFO o.a.j.t.JMeterThread: Thread is done: org.apache.jmeter.threads.JMeterThread@100c0119 - T03_SigninOutllok_04P - validate password /owamail/hashed-v1/resources/images/Newsletters_22px-hash-9cfbd5b7.m.svg-151
2026-08-03 18:55:41,958 INFO o.a.j.t.JMeterThread: Thread finished: org.apache.jmeter.threads.JMeterThread@100c0119 - T03_SigninOutllok_04P - validate password /owamail/hashed-v1/resources/images/Newsletters_22px-hash-9cfbd5b7.m.svg-151
2026-08-03 18:55:41,979 INFO o.a.j.t.JMeterThread: Thread is done: org.apache.jmeter.threads.JMeterThread@3ef10f5b - T03_SigninOutllok_11P - validate password /ows/v1/OutlookCloudSettings/settings/-669
2026-08-03 18:55:41,979 INFO o.a.j.t.JMeterThread: Thread finished: org.apache.jmeter.threads.JMeterThread@3ef10f5b - T03_SigninOutllok_11P - validate password /ows/v1/OutlookCloudSettings/settings/-669
2026-08-03 18:55:41,989 INFO o.a.j.t.JMeterThread: Thread is done: org.apache.jmeter.threads.JMeterThread@3ef10f5b - T03_SigninOutllok_11P - validate password /ows/v1/OutlookCloudSettings/settings/-674
2026-08-03 18:55:41,989 INFO o.a.j.t.JMeterThread: Thread finished: org.apache.jmeter.threads.JMeterThread@3ef10f5b - T03_SigninOutllok_11P - validate password /ows/v1/OutlookCloudSettings/settings/-674
2026-08-03 18:55:41,989 INFO o.a.j.t.JMeterThread: Thread started: parallel T03_SigninOutllok_05P
2026-08-03 18:55:41,989 INFO o.a.j.t.JMeterThread: Thread started: parallel T03_SigninOutllok_05P
2026-08-03 18:55:41,989 INFO o.a.j.t.JMeterThread: Thread started: parallel T03_SigninOutllok_05P
2026-08-03 18:55:41,989 INFO o.a.j.t.JMeterThread: Thread started: parallel T03_SigninOutllok_05P
2026-08-03 18:55:41,989 INFO o.a.j.t.JMeterThread: Thread started: parallel T03_SigninOutllok_05P
2026-08-03 18:55:41,991 INFO o.a.j.t.JMeterThread: Thread started: parallel T03_SigninOutllok_05P
2026-08-03 18:55:42,041 INFO o.a.j.t.JMeterThread: Thread is done: org.apache.jmeter.threads.JMeterThread@3ef10f5b - T03_SigninOutllok_11P - validate password /ows/v1/OutlookCloudSettings/settings/-670
2026-08-03 18:55:42,041 INFO o.a.j.t.JMeterThread: Thread finished: org.apache.jmeter.threads.JMeterThread@3ef10f5b - T03_SigninOutllok_11P - validate password /ows/v1/OutlookCloudSettings/settings/-670
2026-08-03 18:55:42,141 INFO o.a.j.t.JMeterThread: Thread is done: org.apache.jmeter.threads.JMeterThread@100c0119 - T03_SigninOutllok_05P - validate password /s01-tpswwprod/B01C43E8AC2EE8B7BFD5FEC28279DFF918360F67809E8869DC0F3C7F60DB35FD-157
2026-08-03 18:55:42,141 INFO o.a.j.t.JMeterThread: Thread finished: org.apache.jmeter.threads.JMeterThread@100c0119 - T03_SigninOutllok_05P - validate password /s01-tpswwprod/B01C43E8AC2EE8B7BFD5FEC28279DFF918360F67809E8869DC0F3C7F60DB35FD-157
2026-08-03 18:55:42,141 INFO o.a.j.t.JMeterThread: Thread started: parallel T03_SigninOutllok_05P
2026-08-03 18:55:42,207 INFO o.a.j.t.JMeterThread: Thread is done: org.apache.jmeter.threads.JMeterThread@100c0119 - T03_SigninOutllok_05P - validate password /conf/v2/o365se/fpconfig.min.json-171
2026-08-03 18:55:42,207 INFO o.a.j.t.JMeterThread: Thread finished: org.apache.jmeter.threads.JMeterThread@100c0119 - T03_SigninOutllok_05P - validate password /conf/v2/o365se/fpconfig.min.json-171
2026-08-03 18:55:42,207 INFO o.a.j.t.JMeterThread: Thread is done: org.apache.jmeter.threads.JMeterThread@100c0119 - T03_SigninOutllok_05P - validate password /user/v1.0/web/policies-169
2026-08-03 18:55:42,207 INFO o.a.j.t.JMeterThread: Thread finished: org.apache.jmeter.threads.JMeterThread@100c0119 - T03_SigninOutllok_05P - validate password /user/v1.0/web/policies-169
2026-08-03 18:55:42,207 INFO o.a.j.t.JMeterThread: Thread started: parallel T03_SigninOutllok_05P
2026-08-03 18:55:42,207 INFO o.a.j.t.JMeterThread: Thread started: parallel T03_SigninOutllok_05P
2026-08-03 18:55:42,207 WARN o.a.j.p.h.s.HTTPSamplerBase: Existing CookieManager HTTP Cookie Manager superseded by HTTP Cookie Manager
2026-08-03 18:55:42,241 INFO o.a.j.t.JMeterThread: Thread is done: org.apache.jmeter.threads.JMeterThread@3ef10f5b - T03_SigninOutllok_11P - validate password /ows/v1/OutlookCloudSettings/settings/-673
2026-08-03 18:55:42,241 INFO o.a.j.t.JMeterThread: Thread finished: org.apache.jmeter.threads.JMeterThread@3ef10f5b - T03_SigninOutllok_11P - validate password /ows/v1/OutlookCloudSettings/settings/-673
2026-08-03 18:55:42,241 INFO o.a.j.t.JMeterThread: Thread is done: org.apache.jmeter.threads.JMeterThread@100c0119 - T03_SigninOutllok_05P - validate password /s01-tpswwprod/968AB88037AECA6B2E7A1EB965C99A9A9C614A81FD0296889E7C1EB265F4E9CD-545
2026-08-03 18:55:42,241 INFO o.a.j.t.JMeterThread: Thread finished: org.apache.jmeter.threads.JMeterThread@100c0119 - T03_SigninOutllok_05P - validate password /s01-tpswwprod/968AB88037AECA6B2E7A1EB965C99A9A9C614A81FD0296889E7C1EB265F4E9CD-545
2026-08-03 18:55:42,291 INFO o.a.j.t.JMeterThread: Thread is done: org.apache.jmeter.threads.JMeterThread@379a352a - T03_SigninOutllok_07P - validate password /organizations/oauth2/v2.0/token?client-request-id=3ea7f779-3747-c6a5-ddaa-a468f5012af8-563
2026-08-03 18:55:42,291 INFO o.a.j.t.JMeterThread: Thread finished: org.apache.jmeter.threads.JMeterThread@379a352a - T03_SigninOutllok_07P - validate password /organizations/oauth2/v2.0/token?client-request-id=3ea7f779-3747-c6a5-ddaa-a468f5012af8-563
2026-08-03 18:55:42,291 INFO o.a.j.t.JMeterThread: Thread is done: org.apache.jmeter.threads.JMeterThread@100c0119 - T03_SigninOutllok_05P - validate password /me-176
2026-08-03 18:55:42,291 INFO o.a.j.t.JMeterThread: Thread finished: org.apache.jmeter.threads.JMeterThread@100c0119 - T03_SigninOutllok_05P - validate password /me-176
2026-08-03 18:55:42,307 INFO o.a.j.t.JMeterThread: Thread is done: org.apache.jmeter.threads.JMeterThread@379a352a - T03_SigninOutllok_07P - validate password /organizations/oauth2/v2.0/token?client-request-id=41615a61-890e-0823-6cd3-8c06fe604d89-561
2026-08-03 18:55:42,307 INFO o.a.j.t.JMeterThread: Thread finished: org.apache.jmeter.threads.JMeterThread@379a352a - T03_SigninOutllok_07P - validate password /organizations/oauth2/v2.0/token?client-request-id=41615a61-890e-0823-6cd3-8c06fe604d89-561
2026-08-03 18:55:42,324 INFO o.a.j.t.JMeterThread: Thread started: parallel T03_SigninOutllok_08P
2026-08-03 18:55:42,324 INFO o.a.j.t.JMeterThread: Thread started: parallel T03_SigninOutllok_08P
2026-08-03 18:55:42,324 INFO o.a.j.t.JMeterThread: Thread started: parallel T03_SigninOutllok_08P
2026-08-03 18:55:42,324 WARN o.a.j.p.h.s.HTTPSamplerBase: Existing CookieManager HTTP Cookie Manager superseded by HTTP Cookie Manager
2026-08-03 18:55:42,324 INFO o.a.j.t.JMeterThread: Thread started: parallel T03_SigninOutllok_08P
2026-08-03 18:55:42,324 INFO o.a.j.t.JMeterThread: Thread started: parallel T03_SigninOutllok_08P
2026-08-03 18:55:42,324 WARN o.a.j.p.h.s.HTTPSamplerBase: Existing CookieManager HTTP Cookie Manager superseded by HTTP Cookie Manager
2026-08-03 18:55:42,324 WARN o.a.j.p.h.s.HTTPSamplerBase: Existing CookieManager HTTP Cookie Manager superseded by HTTP Cookie Manager
2026-08-03 18:55:42,324 INFO o.a.j.t.JMeterThread: Thread started: parallel T03_SigninOutllok_08P
2026-08-03 18:55:42,324 WARN o.a.j.p.h.s.HTTPSamplerBase: Existing CookieManager HTTP Cookie Manager superseded by HTTP Cookie Manager
2026-08-03 18:55:42,324 WARN o.a.j.p.h.s.HTTPSamplerBase: Existing CookieManager HTTP Cookie Manager superseded by HTTP Cookie Manager
2026-08-03 18:55:42,340 INFO o.a.j.t.JMeterThread: Thread is done: org.apache.jmeter.threads.JMeterThread@100c0119 - T03_SigninOutllok_05P - validate password /owamail/hashed-v1/resources/images/onedrive_24x-hash-e0d279de.m.svg-538
2026-08-03 18:55:42,340 INFO o.a.j.t.JMeterThread: Thread finished: org.apache.jmeter.threads.JMeterThread@100c0119 - T03_SigninOutllok_05P - validate password /owamail/hashed-v1/resources/images/onedrive_24x-hash-e0d279de.m.svg-538
2026-08-03 18:55:42,391 INFO o.a.j.t.JMeterThread: Thread is done: org.apache.jmeter.threads.JMeterThread@100c0119 - T03_SigninOutllok_05P - validate password /ows/api/beta/BootSettings/ReportSubmissionPolicy-161
2026-08-03 18:55:42,402 INFO o.a.j.t.JMeterThread: Thread finished: org.apache.jmeter.threads.JMeterThread@100c0119 - T03_SigninOutllok_05P - validate password /ows/api/beta/BootSettings/ReportSubmissionPolicy-161
2026-08-03 18:55:42,449 INFO o.a.j.t.JMeterThread: Thread is done: org.apache.jmeter.threads.JMeterThread@100c0119 - T03_SigninOutllok_05P - validate password /config/v1/OneShell/1.0.0.0-153
2026-08-03 18:55:42,449 INFO o.a.j.t.JMeterThread: Thread finished: org.apache.jmeter.threads.JMeterThread@100c0119 - T03_SigninOutllok_05P - validate password /config/v1/OneShell/1.0.0.0-153
2026-08-03 18:55:42,521 ERROR o.a.j.v.b.g.TextGraphiteMetricsSender: Error writing to Graphite: Connection refused: no further information
java.net.ConnectException: Connection refused: no further information
	at java.base/sun.nio.ch.Net.pollConnect(Native Method) ~[?:?]
	at java.base/sun.nio.ch.Net.pollConnectNow(Net.java:672) ~[?:?]
	at java.base/sun.nio.ch.NioSocketImpl.timedFinishConnect(NioSocketImpl.java:547) ~[?:?]
	at java.base/sun.nio.ch.NioSocketImpl.connect(NioSocketImpl.java:602) ~[?:?]
	at java.base/java.net.SocksSocketImpl.connect(SocksSocketImpl.java:327) ~[?:?]
	at java.base/java.net.Socket.connect(Socket.java:633) ~[?:?]
	at org.apache.jmeter.visualizers.backend.graphite.SocketOutputStreamPoolFactory.create(SocketOutputStreamPoolFactory.java:76) ~[ApacheJMeter_components.jar:5.6.3]
	at org.apache.jmeter.visualizers.backend.graphite.SocketOutputStreamPoolFactory.makeObject(SocketOutputStreamPoolFactory.java:47) ~[ApacheJMeter_components.jar:5.6.3]
	at org.apache.jmeter.visualizers.backend.graphite.SocketOutputStreamPoolFactory.makeObject(SocketOutputStreamPoolFactory.java:33) ~[ApacheJMeter_components.jar:5.6.3]
	at org.apache.commons.pool2.impl.GenericKeyedObjectPool.create(GenericKeyedObjectPool.java:796) ~[commons-pool2-2.12.0.jar:2.12.0]
	at org.apache.commons.pool2.impl.GenericKeyedObjectPool.borrowObject(GenericKeyedObjectPool.java:444) ~[commons-pool2-2.12.0.jar:2.12.0]
	at org.apache.commons.pool2.impl.GenericKeyedObjectPool.borrowObject(GenericKeyedObjectPool.java:355) ~[commons-pool2-2.12.0.jar:2.12.0]
	at org.apache.jmeter.visualizers.backend.graphite.TextGraphiteMetricsSender.writeMetrics(TextGraphiteMetricsSender.java:110) [ApacheJMeter_components.jar:5.6.3]
	at org.apache.jmeter.visualizers.backend.graphite.TextGraphiteMetricsSender.writeAndSendMetrics(TextGraphiteMetricsSender.java:104) [ApacheJMeter_components.jar:5.6.3]
	at org.apache.jmeter.visualizers.backend.graphite.GraphiteBackendListenerClient.sendMetrics(GraphiteBackendListenerClient.java:186) [ApacheJMeter_components.jar:5.6.3]
	at org.apache.jmeter.visualizers.backend.graphite.GraphiteBackendListenerClient.run(GraphiteBackendListenerClient.java:149) [ApacheJMeter_components.jar:5.6.3]
	at java.base/java.util.concurrent.Executors$RunnableAdapter.call(Executors.java:539) [?:?]
	at java.base/java.util.concurrent.FutureTask.runAndReset(FutureTask.java:305) [?:?]
	at java.base/java.util.concurrent.ScheduledThreadPoolExecutor$ScheduledFutureTask.run(ScheduledThreadPoolExecutor.java:305) [?:?]
	at java.base/java.util.concurrent.ThreadPoolExecutor.runWorker(ThreadPoolExecutor.java:1136) [?:?]
	at java.base/java.util.concurrent.ThreadPoolExecutor$Worker.run(ThreadPoolExecutor.java:635) [?:?]
	at java.base/java.lang.Thread.run(Thread.java:842) [?:?]
2026-08-03 18:55:42,524 INFO o.a.j.t.JMeterThread: Thread is done: org.apache.jmeter.threads.JMeterThread@379a352a - T03_SigninOutllok_08P - validate password /api/v1/livepersonacard/configuration?cultureName=en-GB-577
2026-08-03 18:55:42,524 INFO o.a.j.t.JMeterThread: Thread finished: org.apache.jmeter.threads.JMeterThread@379a352a - T03_SigninOutllok_08P - validate password /api/v1/livepersonacard/configuration?cultureName=en-GB-577
2026-08-03 18:55:42,524 INFO o.a.j.t.JMeterThread: Thread started: parallel T03_SigninOutllok_08P
2026-08-03 18:55:42,524 WARN o.a.j.p.h.s.HTTPSamplerBase: Existing CookieManager HTTP Cookie Manager superseded by HTTP Cookie Manager
2026-08-03 18:55:42,576 INFO o.a.j.t.JMeterThread: Thread is done: org.apache.jmeter.threads.JMeterThread@100c0119 - T03_SigninOutllok_05P - validate password /owa/service.svc?action=GetAttachmentPreviews&app=Mail&n=7-537
2026-08-03 18:55:42,577 INFO o.a.j.t.JMeterThread: Thread finished: org.apache.jmeter.threads.JMeterThread@100c0119 - T03_SigninOutllok_05P - validate password /owa/service.svc?action=GetAttachmentPreviews&app=Mail&n=7-537
2026-08-03 18:55:42,579 WARN o.a.j.p.h.s.HTTPSamplerBase: Existing CookieManager HTTP Cookie Manager superseded by HTTP Cookie Manager
2026-08-03 18:55:42,584 INFO o.a.j.t.JMeterThread: Thread is done: org.apache.jmeter.threads.JMeterThread@379a352a - T03_SigninOutllok_08P - validate password /api/myapps/GetAllApps?culture=en-GB-582
2026-08-03 18:55:42,584 INFO o.a.j.t.JMeterThread: Thread finished: org.apache.jmeter.threads.JMeterThread@379a352a - T03_SigninOutllok_08P - validate password /api/myapps/GetAllApps?culture=en-GB-582
2026-08-03 18:55:42,586 INFO o.a.j.t.JMeterThread: Thread started: parallel T03_SigninOutllok_08P
2026-08-03 18:55:42,586 WARN o.a.j.p.h.s.HTTPSamplerBase: Existing CookieManager HTTP Cookie Manager superseded by HTTP Cookie Manager
2026-08-03 18:55:42,616 INFO o.a.j.t.JMeterThread: Thread is done: org.apache.jmeter.threads.JMeterThread@379a352a - T03_SigninOutllok_08P - validate password /api/storage/SystemMetadata/User/AppsPinnedData-568
2026-08-03 18:55:42,616 INFO o.a.j.t.JMeterThread: Thread finished: org.apache.jmeter.threads.JMeterThread@379a352a - T03_SigninOutllok_08P - validate password /api/storage/SystemMetadata/User/AppsPinnedData-568
2026-08-03 18:55:42,616 INFO o.a.j.t.JMeterThread: Thread started: parallel T03_SigninOutllok_08P
2026-08-03 18:55:42,616 WARN o.a.j.p.h.s.HTTPSamplerBase: Existing CookieManager HTTP Cookie Manager superseded by HTTP Cookie Manager
2026-08-03 18:55:42,739 INFO o.a.j.t.JMeterThread: Thread is done: org.apache.jmeter.threads.JMeterThread@379a352a - T03_SigninOutllok_08P - validate password /owa/service.svc?action=GetComplianceConfiguration&app=Mail&n=14-541
2026-08-03 18:55:42,739 INFO o.a.j.t.JMeterThread: Thread finished: org.apache.jmeter.threads.JMeterThread@379a352a - T03_SigninOutllok_08P - validate password /owa/service.svc?action=GetComplianceConfiguration&app=Mail&n=14-541
2026-08-03 18:55:42,739 INFO o.a.j.t.JMeterThread: Thread is done: org.apache.jmeter.threads.JMeterThread@379a352a - T03_SigninOutllok_08P - validate password /api/v1/livepersonacard/configuration-585
2026-08-03 18:55:42,739 INFO o.a.j.t.JMeterThread: Thread finished: org.apache.jmeter.threads.JMeterThread@379a352a - T03_SigninOutllok_08P - validate password /api/v1/livepersonacard/configuration-585
2026-08-03 18:55:42,740 INFO o.a.j.t.JMeterThread: Thread started: parallel T03_SigninOutllok_08P
2026-08-03 18:55:42,740 INFO o.a.j.t.JMeterThread: Thread started: parallel T03_SigninOutllok_08P
2026-08-03 18:55:42,767 INFO o.a.j.t.JMeterThread: Thread is done: org.apache.jmeter.threads.JMeterThread@379a352a - T03_SigninOutllok_08P - validate password /ows/v1.0/OutlookOptions-556
2026-08-03 18:55:42,767 INFO o.a.j.t.JMeterThread: Thread finished: org.apache.jmeter.threads.JMeterThread@379a352a - T03_SigninOutllok_08P - validate password /ows/v1.0/OutlookOptions-556
2026-08-03 18:55:42,840 INFO o.a.j.t.JMeterThread: Thread is done: org.apache.jmeter.threads.JMeterThread@379a352a - T03_SigninOutllok_08P - validate password /outlookcopilot/mailIntelligence/v2.0/copilotsettings-559
2026-08-03 18:55:42,840 INFO o.a.j.t.JMeterThread: Thread finished: org.apache.jmeter.threads.JMeterThread@379a352a - T03_SigninOutllok_08P - validate password /outlookcopilot/mailIntelligence/v2.0/copilotsettings-559
2026-08-03 18:55:42,907 INFO o.a.j.t.JMeterThread: Thread is done: org.apache.jmeter.threads.JMeterThread@379a352a - T03_SigninOutllok_08P - validate password /api/v1/livepersonacard/configuration?cultureName=en-GB-607
2026-08-03 18:55:42,907 INFO o.a.j.t.JMeterThread: Thread finished: org.apache.jmeter.threads.JMeterThread@379a352a - T03_SigninOutllok_08P - validate password /api/v1/livepersonacard/configuration?cultureName=en-GB-607
2026-08-03 18:55:42,941 INFO o.a.j.t.JMeterThread: Thread is done: org.apache.jmeter.threads.JMeterThread@379a352a - T03_SigninOutllok_08P - validate password /api/v1/livepersonacard/configuration-616
2026-08-03 18:55:42,941 INFO o.a.j.t.JMeterThread: Thread finished: org.apache.jmeter.threads.JMeterThread@379a352a - T03_SigninOutllok_08P - validate password /api/v1/livepersonacard/configuration-616
2026-08-03 18:55:42,950 INFO o.a.j.t.JMeterThread: Thread is done: org.apache.jmeter.threads.JMeterThread@379a352a - T03_SigninOutllok_08P - validate password /outlookcopilot/mailIntelligence/v4.0/copilotUserPreferences-583
2026-08-03 18:55:42,950 INFO o.a.j.t.JMeterThread: Thread finished: org.apache.jmeter.threads.JMeterThread@379a352a - T03_SigninOutllok_08P - validate password /outlookcopilot/mailIntelligence/v4.0/copilotUserPreferences-583
2026-08-03 18:55:42,982 INFO o.a.j.t.JMeterThread: Thread is done: org.apache.jmeter.threads.JMeterThread@379a352a - T03_SigninOutllok_08P - validate password /ows/v1.0/OutlookOptions/MailLayout?n=17&cri=a91ae634-0dbd-6200-9168-ec0957d0e6ef&cv=vHWyfbsM51acLkffDosbHY.18-586
2026-08-03 18:55:42,982 INFO o.a.j.t.JMeterThread: Thread finished: org.apache.jmeter.threads.JMeterThread@379a352a - T03_SigninOutllok_08P - validate password /ows/v1.0/OutlookOptions/MailLayout?n=17&cri=a91ae634-0dbd-6200-9168-ec0957d0e6ef&cv=vHWyfbsM51acLkffDosbHY.18-586
2026-08-03 18:55:42,982 INFO o.a.j.t.JMeterThread: Stopping because end time detected by thread: Email_filing_In_Suggested_Location 1-2
2026-08-03 18:55:42,982 INFO o.a.j.t.JMeterThread: Thread finished: Email_filing_In_Suggested_Location 1-2
2026-08-03 18:55:42,990 INFO o.a.j.t.JMeterThread: Stopping because end time detected by thread: Email_filing_In_Suggested_Location 1-1
2026-08-03 18:55:42,990 INFO o.a.j.t.JMeterThread: Thread finished: Email_filing_In_Suggested_Location 1-1
2026-08-03 18:55:43,040 INFO o.a.j.t.JMeterThread: Stopping because end time detected by thread: Email_filing_In_Suggested_Location 1-3
2026-08-03 18:55:43,040 INFO o.a.j.t.JMeterThread: Thread finished: Email_filing_In_Suggested_Location 1-3
2026-08-03 18:55:43,056 INFO o.a.j.e.StandardJMeterEngine: Notifying test listeners of end of test
2026-08-03 18:55:43,057 INFO o.a.j.s.FileServer: Close: D:\BlazemeterMCPZIP\PerfPilot\Tests\Gloster_params_4.csv
2026-08-03 18:55:43,057 INFO o.a.j.v.b.BackendListener: Worker ended
2026-08-03 18:55:43,069 ERROR o.a.j.v.b.g.TextGraphiteMetricsSender: Error writing to Graphite: Connection refused: no further information
java.net.ConnectException: Connection refused: no further information
	at java.base/sun.nio.ch.Net.pollConnect(Native Method) ~[?:?]
	at java.base/sun.nio.ch.Net.pollConnectNow(Net.java:672) ~[?:?]
	at java.base/sun.nio.ch.NioSocketImpl.timedFinishConnect(NioSocketImpl.java:547) ~[?:?]
	at java.base/sun.nio.ch.NioSocketImpl.connect(NioSocketImpl.java:602) ~[?:?]
	at java.base/java.net.SocksSocketImpl.connect(SocksSocketImpl.java:327) ~[?:?]
	at java.base/java.net.Socket.connect(Socket.java:633) ~[?:?]
	at org.apache.jmeter.visualizers.backend.graphite.SocketOutputStreamPoolFactory.create(SocketOutputStreamPoolFactory.java:76) ~[ApacheJMeter_components.jar:5.6.3]
	at org.apache.jmeter.visualizers.backend.graphite.SocketOutputStreamPoolFactory.makeObject(SocketOutputStreamPoolFactory.java:47) ~[ApacheJMeter_components.jar:5.6.3]
	at org.apache.jmeter.visualizers.backend.graphite.SocketOutputStreamPoolFactory.makeObject(SocketOutputStreamPoolFactory.java:33) ~[ApacheJMeter_components.jar:5.6.3]
	at org.apache.commons.pool2.impl.GenericKeyedObjectPool.create(GenericKeyedObjectPool.java:796) ~[commons-pool2-2.12.0.jar:2.12.0]
	at org.apache.commons.pool2.impl.GenericKeyedObjectPool.borrowObject(GenericKeyedObjectPool.java:444) ~[commons-pool2-2.12.0.jar:2.12.0]
	at org.apache.commons.pool2.impl.GenericKeyedObjectPool.borrowObject(GenericKeyedObjectPool.java:355) ~[commons-pool2-2.12.0.jar:2.12.0]
	at org.apache.jmeter.visualizers.backend.graphite.TextGraphiteMetricsSender.writeMetrics(TextGraphiteMetricsSender.java:110) [ApacheJMeter_components.jar:5.6.3]
	at org.apache.jmeter.visualizers.backend.graphite.TextGraphiteMetricsSender.writeAndSendMetrics(TextGraphiteMetricsSender.java:104) [ApacheJMeter_components.jar:5.6.3]
	at org.apache.jmeter.visualizers.backend.graphite.GraphiteBackendListenerClient.sendMetrics(GraphiteBackendListenerClient.java:186) [ApacheJMeter_components.jar:5.6.3]
	at org.apache.jmeter.visualizers.backend.graphite.GraphiteBackendListenerClient.teardownTest(GraphiteBackendListenerClient.java:367) [ApacheJMeter_components.jar:5.6.3]
	at org.apache.jmeter.visualizers.backend.BackendListener.testEnded(BackendListener.java:375) [ApacheJMeter_components.jar:5.6.3]
	at org.apache.jmeter.visualizers.backend.BackendListener.testEnded(BackendListener.java:383) [ApacheJMeter_components.jar:5.6.3]
	at org.apache.jmeter.engine.StandardJMeterEngine.notifyTestListenersOfEnd(StandardJMeterEngine.java:266) [ApacheJMeter_core.jar:5.6.3]
	at org.apache.jmeter.engine.StandardJMeterEngine.run(StandardJMeterEngine.java:543) [ApacheJMeter_core.jar:5.6.3]
	at java.base/java.util.concurrent.Executors$RunnableAdapter.call(Executors.java:539) [?:?]
	at java.base/java.util.concurrent.FutureTask.run(FutureTask.java:264) [?:?]
	at java.base/java.util.concurrent.ThreadPoolExecutor.runWorker(ThreadPoolExecutor.java:1136) [?:?]
	at java.base/java.util.concurrent.ThreadPoolExecutor$Worker.run(ThreadPoolExecutor.java:635) [?:?]
	at java.base/java.lang.Thread.run(Thread.java:842) [?:?]
2026-08-03 18:55:43,073 INFO o.a.j.r.Summariser: summary +     22 in 00:00:03 =    7.6/s Avg:   582 Min:    84 Max:  4801 Err:     0 (0.00%) Active: 0 Started: 1289 Finished: 1289
2026-08-03 18:55:43,073 INFO o.a.j.r.Summariser: summary =    302 in 00:01:01 =    5.0/s Avg:   496 Min:    16 Max:  5121 Err:     3 (0.99%)
